date,code,open,high,low,close,preclose,volume,amount,turn,tradestatus,pctChg,peTTM,pbMRQ,psTTM,pcfNcfTTM,isST
2016-08-29,sh.600736,9.8100,9.8500,9.7000,9.8300,9.8600,8231046,80533345.0000,0.722687,1,-0.304300,28.021584,2.287091,2.050146,14.356515,0
2016-08-30,sh.600736,9.8200,9.8700,9.7000,9.7200,9.8300,7720804,75419424.0000,0.677887,1,-1.119000,27.708016,2.261498,2.027204,14.195862,0
2016-08-31,sh.600736,9.7200,9.8300,9.6700,9.7600,9.7200,7568266,73712265.0000,0.664495,1,0.411500,27.822041,2.270804,2.035546,14.254282,0
2016-09-01,sh.600736,9.7700,9.9100,9.7200,9.8300,9.7600,13471132,132165650.0000,1.182767,1,0.717200,28.021584,2.287091,2.050146,14.356515,0
2016-09-02,sh.600736,9.8100,9.9400,9.7700,9.8600,9.8300,13443227,132508044.0000,1.180317,1,0.305200,28.107102,2.294071,2.056402,14.400330,0
2016-09-05,sh.600736,9.8100,10.0600,9.7700,9.9500,9.8600,16432266,163148686.0000,1.442755,1,0.912780,28.363658,2.315010,2.075173,14.531773,0
2016-09-06,sh.600736,9.9700,10.2200,9.8900,10.1700,9.9500,24003531,242828375.0000,2.107512,1,2.211058,28.990794,2.366197,2.121056,14.853078,0
2016-09-07,sh.600736,10.1300,10.2400,10.0000,10.0400,10.1700,17461195,176708549.0000,1.533095,1,-1.278270,28.620214,2.335950,2.093943,14.663216,0
2016-09-08,sh.600736,9.9700,10.3500,9.9700,10.3300,10.0400,21256478,217085445.0000,1.866321,1,2.888446,29.446893,2.403423,2.154426,15.086755,0
2016-09-09,sh.600736,10.1000,10.3100,10.1000,10.1600,10.3300,12562701,128070075.0000,1.103006,1,-1.645693,28.962288,2.363870,2.118970,14.838474,0
2016-09-12,sh.600736,9.9000,10.0000,9.6100,9.6500,10.1600,20115598,197072384.0000,1.766152,1,-5.019688,27.508472,2.245211,2.012605,14.093629,0
2016-09-13,sh.600736,9.7300,9.7600,9.5000,9.6700,9.6500,15197334,146066098.0000,1.334327,1,0.207259,27.565485,2.249864,2.016776,14.122838,0
2016-09-14,sh.600736,9.5500,9.7100,9.5400,9.6800,9.6700,8581644,82715178.0000,0.753469,1,0.103415,27.593991,2.252191,2.018862,14.137443,0
2016-09-19,sh.600736,9.7500,9.9100,9.6800,9.8000,9.6800,7565863,74149386.0000,0.664284,1,1.239668,27.936065,2.280111,2.043889,14.312701,0
2016-09-20,sh.600736,9.8000,9.8200,9.6600,9.7200,9.8000,5066905,49276128.0000,0.444875,1,-0.816326,27.708016,2.261498,2.027204,14.195862,0
2016-09-21,sh.600736,9.7400,9.8500,9.7100,9.8100,9.7200,5921019,57993299.0000,0.519866,1,0.925928,27.964571,2.282437,2.045974,14.327306,0
2016-09-22,sh.600736,9.8700,10.0500,9.8200,9.9500,9.8100,10650864,105930034.0000,0.935147,1,1.427109,28.363658,2.315010,2.075173,14.531773,0
2016-09-23,sh.600736,9.9300,9.9700,9.8000,9.8200,9.9500,5842668,57635443.0000,0.512987,1,-1.306534,27.993078,2.284764,2.048060,14.341910,0
2016-09-26,sh.600736,9.7200,9.7600,9.4800,9.5000,9.8200,12551286,119924794.0000,1.102004,1,-3.258653,27.080880,2.210311,1.981321,13.874557,0
2016-09-27,sh.600736,9.4600,9.5800,9.4300,9.5800,9.5000,6010668,57173340.0000,0.527737,1,0.842105,27.308929,2.228925,1.998006,13.991395,0
2016-09-28,sh.600736,9.5700,9.5800,9.4300,9.4800,9.5800,3803882,36113936.0000,0.333981,1,-1.043845,27.023867,2.205658,1.977150,13.845347,0
2016-09-29,sh.600736,9.4600,9.5600,9.4600,9.4900,9.4800,4259461,40491939.0000,0.373981,1,0.105488,27.052373,2.207985,1.979235,13.859952,0
2016-09-30,sh.600736,9.4600,9.5700,9.4400,9.5100,9.4900,3750965,35677343.0000,0.329335,1,0.210753,27.109386,2.212638,1.983406,13.889162,0
2016-10-10,sh.600736,9.5100,9.5100,8.9000,9.2700,9.5100,15519917,142209119.0000,1.362650,1,-2.523657,26.425237,2.156799,1.933352,13.538647,0
2016-10-11,sh.600736,9.3200,9.4300,9.2600,9.3500,9.2700,10138611,94811600.0000,0.890171,1,0.862998,26.653287,2.175412,1.950037,13.655485,0
2016-10-12,sh.600736,9.3200,9.3900,9.2200,9.3400,9.3500,7170422,66701681.0000,0.629564,1,-0.106954,26.624781,2.173085,1.947951,13.640880,0
2016-10-13,sh.600736,9.3200,9.3500,9.2700,9.3000,9.3400,4735683,44055953.0000,0.415793,1,-0.428265,26.510756,2.163779,1.939609,13.582461,0
2016-10-14,sh.600736,9.3200,9.4100,9.2600,9.3800,9.3000,9430907,88025546.0000,0.828035,1,0.860214,26.738805,2.182392,1.956294,13.699299,0
2016-10-17,sh.600736,9.2700,9.3400,9.0100,9.1000,9.3800,14136364,130575376.0000,1.241174,1,-2.985072,25.940632,2.117246,1.897897,13.290365,0
2016-10-18,sh.600736,9.1000,9.2800,9.0800,9.2500,9.1000,7235258,66614195.0000,0.635256,1,1.648347,26.368225,2.152145,1.929181,13.509437,0
2016-10-19,sh.600736,9.2500,9.3200,9.1900,9.2000,9.2500,5216153,48214391.0000,0.457979,1,-0.540543,26.225694,2.140512,1.918753,13.436413,0
2016-10-20,sh.600736,9.2200,9.2400,9.0800,9.1700,9.2000,11830918,108195484.0000,1.038756,1,-0.326084,26.140175,2.133532,1.912496,13.392599,0
2016-10-21,sh.600736,9.1500,9.2600,9.1000,9.1800,9.1700,8145103,74795538.0000,0.715141,1,0.109054,26.168682,2.135859,1.914582,13.407203,0
2016-10-24,sh.600736,9.1300,9.3100,9.1300,9.2900,9.1800,9913486,91825928.0000,0.870405,1,1.198253,26.482250,2.161452,1.937523,13.567856,0
2016-10-25,sh.600736,9.2800,9.3000,9.1500,9.2500,9.2900,6338530,58489591.0000,0.556524,1,-0.430570,26.368225,2.152145,1.929181,13.509437,0
2016-10-26,sh.600736,9.2600,9.3500,9.2200,9.3400,9.2500,10302166,95924002.0000,0.904531,1,0.972975,26.624781,2.173085,1.947951,13.640880,0
2016-10-27,sh.600736,9.3300,9.3700,9.2900,9.3300,9.3400,6004276,55973957.0000,0.527176,1,-0.107069,26.596274,2.170759,1.945866,13.626275,0
2016-10-28,sh.600736,9.3300,9.4200,9.2400,9.2700,9.3300,8311556,77292976.0000,0.729755,1,-0.643081,26.569348,2.132487,1.729902,-29.858365,0
2016-10-31,sh.600736,9.1000,9.2300,9.1000,9.1900,9.2700,7498952,68531756.0000,0.658409,1,-0.863008,26.340055,2.114084,1.714973,-29.600687,0
2016-11-01,sh.600736,9.1900,9.2000,9.1200,9.1900,9.1900,7498627,68632511.0000,0.658380,1,0.000000,26.340055,2.114084,1.714973,-29.600687,0
2016-11-02,sh.600736,9.1900,9.1900,9.0200,9.0600,9.1900,8349252,75928838.0000,0.733065,1,-1.414572,25.967454,2.084179,1.690714,-29.181962,0
2016-11-03,sh.600736,9.0600,9.1400,9.0000,9.1100,9.0600,6020891,54751914.0000,0.528635,1,0.551868,26.110762,2.095681,1.700044,-29.343010,0
2016-11-04,sh.600736,9.0800,9.1500,9.0700,9.1200,9.1100,5083588,46322253.0000,0.446340,1,0.109772,26.139424,2.097981,1.701910,-29.375220,0
2016-11-07,sh.600736,9.1500,9.1500,9.0000,9.1000,9.1200,3785484,34401880.0000,0.332366,1,-0.219293,26.082100,2.093380,1.698178,-29.310800,0
2016-11-08,sh.600736,9.1400,9.1400,9.0600,9.1200,9.1000,5181858,47088373.0000,0.454968,1,0.219775,26.139424,2.097981,1.701910,-29.375220,0
2016-11-09,sh.600736,9.1300,9.1400,9.0200,9.0500,9.1200,6788187,61575272.0000,0.596004,1,-0.767540,25.938792,2.081878,1.688847,-29.149752,0
2016-11-10,sh.600736,9.0800,9.1200,9.0800,9.1100,9.0500,5826658,53074684.0000,0.511581,1,0.662977,26.110762,2.095681,1.700044,-29.343010,0
2016-11-11,sh.600736,9.1500,9.2600,9.0800,9.2300,9.1100,7794694,71290132.0000,0.684375,1,1.317233,26.454702,2.123286,1.722438,-29.729526,0
2016-11-14,sh.600736,9.1600,9.2100,9.1200,9.1600,9.2300,6829270,62532121.0000,0.599611,1,-0.758393,26.254070,2.107183,1.709375,-29.504058,0
2016-11-15,sh.600736,9.1800,9.1900,9.1300,9.1700,9.1600,4506234,41232114.0000,0.395648,1,0.109173,26.282732,2.109483,1.711241,-29.536268,0
2016-11-16,sh.600736,9.1600,9.2600,9.1600,9.2500,9.1700,7913495,72996267.0000,0.694806,1,0.872409,26.512025,2.127887,1.726170,-29.793945,0
2016-11-17,sh.600736,9.2800,9.3900,9.2300,9.3400,9.2500,14171657,132194211.0000,1.244273,1,0.972975,26.769980,2.148590,1.742965,-30.083832,0
2016-11-18,sh.600736,9.2800,9.3900,9.2500,9.2700,9.3400,7695097,71429452.0000,0.675630,1,-0.749461,26.569348,2.132487,1.729902,-29.858365,0
2016-11-21,sh.600736,9.2600,9.3100,9.1700,9.2000,9.2700,7838154,72527931.0000,0.688191,1,-0.755131,26.368717,2.116384,1.716839,-29.632897,0
2016-11-22,sh.600736,9.1800,9.2200,9.1400,9.1900,9.2000,6690918,61383908.0000,0.587463,1,-0.108698,26.340055,2.114084,1.714973,-29.600687,0
2016-11-23,sh.600736,9.1900,9.2400,9.1200,9.1700,9.1900,8319327,76325693.0000,0.730438,1,-0.217622,26.282732,2.109483,1.711241,-29.536268,0
2016-11-24,sh.600736,9.1500,9.1800,9.0500,9.0900,9.1700,8579448,78035951.0000,0.753276,1,-0.872409,26.053439,2.091080,1.696312,-29.278591,0
2016-11-25,sh.600736,9.0900,9.1600,9.0100,9.1400,9.0900,7260692,65956976.0000,0.637489,1,0.550057,26.196747,2.102582,1.705643,-29.439639,0
2016-11-28,sh.600736,9.1500,9.1900,9.1200,9.1300,9.1400,7553044,69163001.0000,0.663158,1,-0.109412,26.168085,2.100282,1.703776,-29.407429,0
2016-11-29,sh.600736,9.1200,9.1600,9.0500,9.1200,9.1300,9141769,83180495.0000,0.802648,1,-0.109532,26.139424,2.097981,1.701910,-29.375220,0
2016-11-30,sh.600736,9.0800,9.1500,9.0600,9.1200,9.1200,7432594,67664191.0000,0.652583,1,0.000000,26.139424,2.097981,1.701910,-29.375220,0
2016-12-01,sh.600736,9.1200,9.1700,9.0900,9.1500,9.1200,8903760,81380039.0000,0.781751,1,0.328944,26.225409,2.104882,1.707509,-29.471849,0
2016-12-02,sh.600736,9.1500,9.1600,9.0100,9.0400,9.1500,9875394,89654092.0000,0.867061,1,-1.202182,25.910130,2.079578,1.686981,-29.117542,0
2016-12-05,sh.600736,8.9800,9.0600,8.9300,8.9400,9.0400,7575786,68075011.0000,0.665155,1,-1.106199,25.623514,2.056574,1.668320,-28.795446,0
2016-12-06,sh.600736,8.9500,9.0000,8.8800,8.8900,8.9400,5128949,45780444.0000,0.450322,1,-0.559276,25.480206,2.045071,1.658989,-28.634397,0
2016-12-07,sh.600736,8.8800,8.9300,8.8100,8.9200,8.8900,6987450,61848538.0000,0.613499,1,0.337455,25.566191,2.051973,1.664588,-28.731026,0
2016-12-08,sh.600736,8.9100,9.0500,8.8600,8.9700,8.9200,5876354,52743071.0000,0.515944,1,0.560540,25.709499,2.063475,1.673918,-28.892075,0
2016-12-09,sh.600736,8.9900,9.0300,8.9400,8.9800,8.9700,4114263,36970981.0000,0.361233,1,0.111475,25.738161,2.065775,1.675784,-28.924284,0
2016-12-12,sh.600736,9.0000,9.1000,8.7700,8.8200,8.9800,10575766,95268295.0000,0.928553,1,-1.781736,25.279574,2.028969,1.645926,-28.408930,0
2016-12-13,sh.600736,8.8000,8.9000,8.7500,8.8500,8.8200,4681147,41310891.0000,0.411005,1,0.340144,25.365559,2.035870,1.651525,-28.505559,0
2016-12-14,sh.600736,8.8400,8.8800,8.7000,8.7900,8.8500,4980249,43748267.0000,0.437266,1,-0.677971,25.193589,2.022067,1.640328,-28.312301,0
2016-12-15,sh.600736,8.7900,8.8700,8.7300,8.8500,8.7900,5295657,46647370.0000,0.464959,1,0.682599,25.365559,2.035870,1.651525,-28.505559,0
2016-12-16,sh.600736,8.8300,8.8900,8.7900,8.8800,8.8500,5054396,44601203.0000,0.443776,1,0.338980,25.451544,2.042771,1.657123,-28.602188,0
2016-12-19,sh.600736,8.8500,8.8600,8.7700,8.7800,8.8800,3050332,26826075.0000,0.267819,1,-1.126130,25.164928,2.019767,1.638462,-28.280091,0
2016-12-20,sh.600736,8.7700,8.8100,8.6700,8.7100,8.7800,4667835,40755616.0000,0.409836,1,-0.797263,24.964296,2.003664,1.625399,-28.054623,0
2016-12-21,sh.600736,8.7600,8.8200,8.7000,8.8000,8.7100,4265990,37465978.0000,0.374554,1,1.033297,25.222251,2.024368,1.642194,-28.344510,0
2016-12-22,sh.600736,8.8200,8.8400,8.7400,8.7600,8.8000,4836486,42460932.0000,0.424644,1,-0.454545,25.107604,2.015166,1.634730,-28.215672,0
2016-12-23,sh.600736,8.7700,8.8500,8.7500,8.7700,8.7600,3532700,31062834.0000,0.310171,1,0.114158,25.136266,2.017466,1.636596,-28.247881,0
2016-12-26,sh.600736,8.6800,8.8600,8.5600,8.8400,8.7700,6411220,56003652.0000,0.562906,1,0.798172,25.336897,2.033569,1.649659,-28.473349,0
2016-12-27,sh.600736,8.8800,8.8800,8.7600,8.8000,8.8400,4127932,36352522.0000,0.362433,1,-0.452488,25.222251,2.024368,1.642194,-28.344510,0
2016-12-28,sh.600736,8.8100,8.8100,8.6900,8.6900,8.8000,5563743,48494470.0000,0.488497,1,-1.250007,24.906973,1.999063,1.621667,-27.990204,0
2016-12-29,sh.600736,8.6800,9.0100,8.6000,9.0000,8.6900,8439287,74531231.0000,0.740970,1,3.567324,25.795484,2.070376,1.679517,-28.988704,0
2016-12-30,sh.600736,8.9500,9.0800,8.8300,9.0300,9.0000,12011042,107704529.0000,1.054571,1,0.333330,25.881469,2.077277,1.685115,-29.085333,0
2017-01-03,sh.600736,8.9700,8.9800,8.8400,8.9400,9.0300,8011544,71231511.0000,0.703414,1,-0.996679,25.623514,2.056574,1.668320,-28.795446,0
2017-01-04,sh.600736,8.9000,8.9200,8.7700,8.9000,8.9400,6897683,60937877.0000,0.605617,1,-0.447427,25.508867,2.047372,1.660855,-28.666607,0
2017-01-05,sh.600736,8.8700,8.9200,8.8200,8.8400,8.9000,4781057,42338048.0000,0.419777,1,-0.674151,25.336897,2.033569,1.649659,-28.473349,0
2017-01-06,sh.600736,8.8200,8.8400,8.7300,8.7700,8.8400,4289541,37590148.0000,0.376622,1,-0.791852,25.136266,2.017466,1.636596,-28.247881,0
2017-01-09,sh.600736,8.7500,8.8900,8.7400,8.8400,8.7700,6222459,54962965.0000,0.546333,1,0.798172,25.336897,2.033569,1.649659,-28.473349,0
2017-01-10,sh.600736,8.8100,8.9500,8.7000,8.8600,8.8400,7567701,67123924.0000,0.664445,1,0.226239,25.394221,2.038170,1.653391,-28.537768,0
2017-01-11,sh.600736,8.8500,8.8700,8.7900,8.8100,8.8600,4757101,42018116.0000,0.417674,1,-0.564326,25.250913,2.026668,1.644060,-28.376720,0
2017-01-12,sh.600736,8.8200,8.8500,8.7200,8.7400,8.8100,4000072,35233742.0000,0.351207,1,-0.794559,25.050281,2.010565,1.630997,-28.151252,0
2017-01-13,sh.600736,8.7200,8.7700,8.6200,8.6400,8.7400,3226823,28049373.0000,0.283315,1,-1.144158,24.763665,1.987561,1.612336,-27.829156,0
2017-01-16,sh.600736,8.6500,8.6700,8.2100,8.4100,8.6400,5692392,48251604.0000,0.499793,1,-2.662043,24.104447,1.934651,1.569415,-27.088333,0
2017-01-17,sh.600736,8.4600,8.5200,8.3500,8.4900,8.4100,2292528,19354701.0000,0.201284,1,0.951248,24.333740,1.953055,1.584344,-27.346010,0
2017-01-18,sh.600736,8.4200,8.5600,8.4200,8.5000,8.4900,3066134,26079325.0000,0.269207,1,0.117788,24.362401,1.955355,1.586210,-27.378220,0
2017-01-19,sh.600736,8.4800,8.5200,8.4100,8.4700,8.5000,2227271,18851052.0000,0.195555,1,-0.352938,24.276416,1.948454,1.580612,-27.281591,0
2017-01-20,sh.600736,8.4300,8.5600,8.4300,8.5100,8.4700,4123056,35119985.0000,0.362005,1,0.472255,24.391063,1.957656,1.588076,-27.410430,0
2017-01-23,sh.600736,8.5100,8.5100,8.5100,8.5100,8.5100,0,0.0000,,0,0.000000,24.391063,1.957656,1.588076,-27.410430,0
2017-01-24,sh.600736,8.5100,8.5100,8.5100,8.5100,8.5100,0,0.0000,,0,0.000000,24.391063,1.957656,1.588076,-27.410430,0
2017-01-25,sh.600736,8.5100,8.5100,8.5100,8.5100,8.5100,0,0.0000,,0,0.000000,24.391063,1.957656,1.588076,-27.410430,0
2017-01-26,sh.600736,8.5100,8.5100,8.5100,8.5100,8.5100,0,0.0000,,0,0.000000,24.391063,1.957656,1.588076,-27.410430,0
2017-02-03,sh.600736,8.5100,8.5100,8.5100,8.5100,8.5100,0,0.0000,,0,0.000000,24.391063,1.957656,1.588076,-27.410430,0
2017-02-06,sh.600736,8.5100,8.5100,8.5100,8.5100,8.5100,0,0.0000,,0,0.000000,24.391063,1.957656,1.588076,-27.410430,0
2017-02-07,sh.600736,8.5100,8.5100,8.5100,8.5100,8.5100,0,0.0000,,0,0.000000,24.391063,1.957656,1.588076,-27.410430,0
2017-02-08,sh.600736,8.5100,8.5100,8.5100,8.5100,8.5100,0,0.0000,,0,0.000000,24.391063,1.957656,1.588076,-27.410430,0
2017-02-09,sh.600736,8.5100,8.5100,8.5100,8.5100,8.5100,0,0.0000,,0,0.000000,24.391063,1.957656,1.588076,-27.410430,0
2017-02-10,sh.600736,8.5100,8.5100,8.5100,8.5100,8.5100,0,0.0000,,0,0.000000,24.391063,1.957656,1.588076,-27.410430,0
2017-02-13,sh.600736,8.5100,8.5100,8.5100,8.5100,8.5100,0,0.0000,,0,0.000000,24.391063,1.957656,1.588076,-27.410430,0
2017-02-14,sh.600736,8.5100,8.5100,8.5100,8.5100,8.5100,0,0.0000,,0,0.000000,24.391063,1.957656,1.588076,-27.410430,0
2017-02-15,sh.600736,8.5100,8.5100,8.5100,8.5100,8.5100,0,0.0000,,0,0.000000,24.391063,1.957656,1.588076,-27.410430,0
2017-02-16,sh.600736,8.5100,8.5100,8.5100,8.5100,8.5100,0,0.0000,,0,0.000000,24.391063,1.957656,1.588076,-27.410430,0
2017-02-17,sh.600736,8.5100,8.5100,8.5100,8.5100,8.5100,0,0.0000,,0,0.000000,24.391063,1.957656,1.588076,-27.410430,0
2017-02-20,sh.600736,8.5100,8.5100,8.5100,8.5100,8.5100,0,0.0000,,0,0.000000,24.391063,1.957656,1.588076,-27.410430,0
2017-02-21,sh.600736,8.5100,8.5100,8.5100,8.5100,8.5100,0,0.0000,,0,0.000000,24.391063,1.957656,1.588076,-27.410430,0
2017-02-22,sh.600736,8.5100,8.5100,8.5100,8.5100,8.5100,0,0.0000,,0,0.000000,24.391063,1.957656,1.588076,-27.410430,0
2017-02-23,sh.600736,8.5100,8.5100,8.5100,8.5100,8.5100,0,0.0000,,0,0.000000,24.391063,1.957656,1.588076,-27.410430,0
2017-02-24,sh.600736,8.5100,8.5100,8.5100,8.5100,8.5100,0,0.0000,,0,0.000000,24.391063,1.957656,1.588076,-27.410430,0
2017-02-27,sh.600736,8.5100,8.5100,8.5100,8.5100,8.5100,0,0.0000,,0,0.000000,24.391063,1.957656,1.588076,-27.410430,0
2017-02-28,sh.600736,8.5100,8.5100,8.5100,8.5100,8.5100,0,0.0000,,0,0.000000,24.391063,1.957656,1.588076,-27.410430,0
2017-03-01,sh.600736,8.5100,8.5100,8.5100,8.5100,8.5100,0,0.0000,,0,0.000000,24.391063,1.957656,1.588076,-27.410430,0
2017-03-02,sh.600736,8.5100,8.5100,8.5100,8.5100,8.5100,0,0.0000,,0,0.000000,33.093482,1.908539,1.820302,466.590001,0
2017-03-03,sh.600736,8.5100,8.5100,8.5100,8.5100,8.5100,0,0.0000,,0,0.000000,33.093482,1.908539,1.820302,466.590001,0
2017-03-06,sh.600736,8.5100,8.5100,8.5100,8.5100,8.5100,0,0.0000,,0,0.000000,33.093482,1.908539,1.820302,466.590001,0
2017-03-07,sh.600736,8.5100,8.5100,8.5100,8.5100,8.5100,0,0.0000,,0,0.000000,33.093482,1.908539,1.820302,466.590001,0
2017-03-08,sh.600736,8.5100,8.5100,8.5100,8.5100,8.5100,0,0.0000,,0,0.000000,33.093482,1.908539,1.820302,466.590001,0
2017-03-09,sh.600736,8.5100,8.5100,8.5100,8.5100,8.5100,0,0.0000,,0,0.000000,33.093482,1.908539,1.820302,466.590001,0
2017-03-10,sh.600736,8.5100,8.5100,8.5100,8.5100,8.5100,0,0.0000,,0,0.000000,33.093482,1.908539,1.820302,466.590001,0
2017-03-13,sh.600736,8.5100,8.5100,8.5100,8.5100,8.5100,0,0.0000,,0,0.000000,33.093482,1.908539,1.820302,466.590001,0
2017-03-14,sh.600736,8.5100,8.5100,8.5100,8.5100,8.5100,0,0.0000,,0,0.000000,33.093482,1.908539,1.820302,466.590001,0
2017-03-15,sh.600736,8.5100,8.5100,8.5100,8.5100,8.5100,0,0.0000,,0,0.000000,33.093482,1.908539,1.820302,466.590001,0
2017-03-16,sh.600736,8.5100,8.5100,8.5100,8.5100,8.5100,0,0.0000,,0,0.000000,33.093482,1.908539,1.820302,466.590001,0
2017-03-17,sh.600736,8.5100,8.5100,8.5100,8.5100,8.5100,0,0.0000,,0,0.000000,33.093482,1.908539,1.820302,466.590001,0
2017-03-20,sh.600736,8.5100,8.5100,8.5100,8.5100,8.5100,0,0.0000,,0,0.000000,33.093482,1.908539,1.820302,466.590001,0
2017-03-21,sh.600736,8.5100,8.5100,8.5100,8.5100,8.5100,0,0.0000,,0,0.000000,33.093482,1.908539,1.820302,466.590001,0
2017-03-22,sh.600736,8.5100,8.5100,8.5100,8.5100,8.5100,0,0.0000,,0,0.000000,33.093482,1.908539,1.820302,466.590001,0
2017-03-23,sh.600736,8.5100,8.5100,8.5100,8.5100,8.5100,0,0.0000,,0,0.000000,33.093482,1.908539,1.820302,466.590001,0
2017-03-24,sh.600736,8.5100,8.5100,8.5100,8.5100,8.5100,0,0.0000,,0,0.000000,33.093482,1.908539,1.820302,466.590001,0
2017-03-27,sh.600736,8.5100,8.5100,8.5100,8.5100,8.5100,0,0.0000,,0,0.000000,33.093482,1.908539,1.820302,466.590001,0
2017-03-28,sh.600736,8.9900,9.3500,8.7100,8.9100,8.5100,23623898,213783204.0000,2.074181,1,4.700348,34.648992,1.998247,1.905863,488.521376,0
2017-03-29,sh.600736,8.8100,8.9200,8.5900,8.7200,8.9100,13857481,120448859.0000,1.216688,1,-2.132431,33.910124,1.955636,1.865222,478.103973,0
2017-03-30,sh.600736,8.6300,8.7200,8.3200,8.4400,8.7200,10656627,90425739.0000,0.935653,1,-3.211017,32.821267,1.892840,1.805329,462.752010,0
2017-03-31,sh.600736,8.5000,8.5500,8.3900,8.4600,8.4400,4843662,40991253.0000,0.425274,1,0.236972,32.899043,1.897326,1.809607,463.848579,0
2017-04-05,sh.600736,8.4300,8.5300,8.4100,8.4800,8.4600,6538612,55440550.0000,0.574091,1,0.236401,32.976818,1.901811,1.813885,464.945148,0
2017-04-06,sh.600736,8.5000,8.5200,8.4300,8.4700,8.4800,5824154,49339952.0000,0.511361,1,-0.117916,32.937931,1.899568,1.811746,464.396863,0
2017-04-07,sh.600736,8.5000,8.5000,8.3600,8.4500,8.4700,5903712,49812811.0000,0.518347,1,-0.236133,32.860155,1.895083,1.807468,463.300294,0
2017-04-10,sh.600736,8.4700,8.4800,8.2600,8.3000,8.4500,9430573,79104893.0000,0.828005,1,-1.775144,32.276839,1.861442,1.775383,455.076029,0
2017-04-11,sh.600736,8.3100,8.3600,8.1100,8.2900,8.3000,9392254,77292640.0000,0.824641,1,-0.120485,32.237951,1.859200,1.773244,454.527745,0
2017-04-12,sh.600736,8.3000,8.3500,8.2000,8.3200,8.2900,5769164,47824195.0000,0.506533,1,0.361879,32.354614,1.865928,1.779661,456.172598,0
2017-04-13,sh.600736,8.3000,8.8800,8.3000,8.5500,8.3200,11453135,97790344.0000,1.005586,1,2.764429,33.249033,1.917510,1.828858,468.783138,0
2017-04-14,sh.600736,8.5200,8.6300,8.3300,8.3500,8.5500,6832536,57617433.0000,0.599897,1,-2.339179,32.471277,1.872656,1.786078,457.817451,0
2017-04-17,sh.600736,8.4000,8.4000,8.2100,8.3500,8.3500,3908581,32300049.0000,0.343174,1,0.000000,32.471277,1.872656,1.786078,457.817451,0
2017-04-18,sh.600736,8.3900,8.3900,8.0500,8.2500,8.3500,7012286,57597116.0000,0.615679,1,-1.197609,32.082400,1.850229,1.764688,452.334607,0
2017-04-19,sh.600736,8.2000,8.2000,8.0200,8.1100,8.2500,4219147,34157274.0000,0.370442,1,-1.696974,31.537971,1.818831,1.734742,444.658626,0
2017-04-20,sh.600736,8.1300,8.1400,8.0500,8.0900,8.1100,2540069,20557692.0000,0.223018,1,-0.246603,31.460196,1.814346,1.730464,443.562057,0
2017-04-21,sh.600736,8.1000,8.1500,8.0300,8.0600,8.0900,2478832,20015130.0000,0.217642,1,-0.370825,31.343533,1.807617,1.724047,441.917204,0
2017-04-24,sh.600736,8.0600,8.0600,7.8200,7.8300,8.0600,4547100,35945178.0000,0.399236,1,-2.853604,28.231076,1.681595,1.847682,8.407156,0
2017-04-25,sh.600736,7.8500,7.8900,7.7500,7.8300,7.8300,2449819,19185609.0000,0.215094,1,0.000000,28.231076,1.681595,1.847682,8.407156,0
2017-04-26,sh.600736,7.8700,7.9500,7.8300,7.9100,7.8300,4067146,32115705.0000,0.357096,1,1.021710,28.519516,1.698776,1.866560,8.493053,0
2017-04-27,sh.600736,7.9100,7.9100,7.6200,7.8800,7.9100,3276365,25555641.0000,0.287665,1,-0.379263,28.411351,1.692333,1.859481,8.460842,0
2017-04-28,sh.600736,7.9100,7.9100,7.8500,7.8700,7.8800,2514693,19822129.0000,0.220790,1,-0.126907,28.375296,1.690185,1.857121,8.450105,0
2017-05-02,sh.600736,7.8400,7.9300,7.8200,7.8400,7.8700,3342176,26317575.0000,0.293443,1,-0.381191,28.267131,1.683742,1.850042,8.417893,0
2017-05-03,sh.600736,7.8600,7.9100,7.8600,7.9100,7.8400,2790372,22029026.0000,0.244995,1,0.892853,28.519516,1.698776,1.866560,8.493053,0
2017-05-04,sh.600736,7.9800,7.9800,7.8800,7.8800,7.9100,3445881,27259186.0000,0.302549,1,-0.379263,28.411351,1.692333,1.859481,8.460842,0
2017-05-05,sh.600736,7.8000,7.9200,7.8000,7.8600,7.8800,3928781,30922001.0000,0.344947,1,-0.253807,28.339241,1.688038,1.854761,8.439368,0
2017-05-08,sh.600736,7.8400,7.9200,7.8300,7.8600,7.8600,2996417,23566452.0000,0.263086,1,0.000000,28.339241,1.688038,1.854761,8.439368,0
2017-05-09,sh.600736,7.8600,7.8900,7.7000,7.7900,7.8600,2790975,21698215.0000,0.245048,1,-0.890587,28.086856,1.673004,1.838243,8.364208,0
2017-05-10,sh.600736,7.7900,7.8300,7.6200,7.7400,7.7900,3066404,23728115.0000,0.269231,1,-0.641851,27.906581,1.662266,1.826444,8.310522,0
2017-05-11,sh.600736,7.7300,7.7300,7.3900,7.4200,7.7400,5186786,38903803.0000,0.455400,1,-4.134363,26.752821,1.593542,1.750932,7.966935,0
2017-05-12,sh.600736,7.3900,7.4000,7.1800,7.3500,7.3400,4859584,35263678.0000,0.426672,1,0.136236,26.500436,1.578508,1.734414,7.891775,0
2017-05-15,sh.600736,7.3000,7.4700,7.2800,7.4600,7.3500,3678378,27227442.0000,0.322962,1,1.496601,26.897041,1.602132,1.760371,8.009883,0
2017-05-16,sh.600736,7.4600,7.4900,7.1800,7.2500,7.4600,13846676,100393914.0000,1.215740,1,-2.815014,26.139885,1.557032,1.710817,7.784404,0
2017-05-17,sh.600736,7.2400,7.3100,7.2200,7.2800,7.2500,5529233,40196457.0000,0.485467,1,0.413796,26.248050,1.563475,1.717896,7.816615,0
2017-05-18,sh.600736,7.1800,7.2400,7.1000,7.1900,7.2800,6010189,42977451.0000,0.527695,1,-1.236266,25.923555,1.544146,1.696658,7.719981,0
2017-05-19,sh.600736,7.1800,7.6900,7.0800,7.5300,7.1900,12384441,91499704.0000,1.087355,1,4.728792,27.149426,1.617166,1.776889,8.085043,0
2017-05-22,sh.600736,7.3800,7.3800,7.1700,7.1900,7.5300,9538982,68914586.0000,0.837524,1,-4.515274,25.923555,1.544146,1.696658,7.719981,0
2017-05-23,sh.600736,7.1600,7.1600,6.8000,6.9200,7.1900,7914646,55302585.0000,0.694907,1,-3.755215,24.950070,1.486160,1.632945,7.430079,0
2017-05-24,sh.600736,6.8300,6.9200,6.8000,6.8700,6.9200,4289250,29328153.0000,0.376597,1,-0.722546,24.769795,1.475422,1.621146,7.376394,0
2017-05-25,sh.600736,6.8600,7.0800,6.8000,6.9900,6.8700,4673595,32389844.0000,0.410342,1,1.746723,25.202455,1.501194,1.649463,7.505239,0
2017-05-26,sh.600736,6.9900,7.0500,6.9200,6.9400,6.9900,2292517,16007352.0000,0.201283,1,-0.715303,25.022180,1.490456,1.637664,7.451554,0
2017-05-31,sh.600736,7.0400,7.0800,6.8600,6.8800,6.9400,4228128,29554117.0000,0.371230,1,-0.864552,24.805850,1.477570,1.623506,7.387131,0
2017-06-01,sh.600736,6.8800,6.9100,6.6900,6.7200,6.8800,3971492,27016191.0000,0.348697,1,-2.325586,24.228970,1.443208,1.585750,7.215337,0
2017-06-02,sh.600736,6.6700,6.8200,6.6300,6.8000,6.7200,3728919,25084506.0000,0.327399,1,1.190482,24.517410,1.460389,1.604628,7.301234,0
2017-06-05,sh.600736,6.8200,6.8900,6.8100,6.8400,6.8000,2617669,17915704.0000,0.229832,1,0.588235,24.661630,1.468979,1.614067,7.344182,0
2017-06-06,sh.600736,6.8200,6.8700,6.7900,6.8300,6.8400,3513078,23967323.0000,0.308449,1,-0.146202,24.625575,1.466832,1.611707,7.333445,0
2017-06-07,sh.600736,6.8400,6.9700,6.8200,6.9400,6.8300,5970701,41258019.0000,0.524228,1,1.610544,25.022180,1.490456,1.637664,7.451554,0
2017-06-08,sh.600736,6.9500,6.9800,6.8900,6.9300,6.9400,4343613,30100101.0000,0.381370,1,-0.144095,24.986125,1.488308,1.635305,7.440816,0
2017-06-09,sh.600736,6.9100,6.9800,6.8800,6.9600,6.9300,5877787,40760797.0000,0.516070,1,0.432903,25.094290,1.494751,1.642384,7.473028,0
2017-06-12,sh.600736,6.9200,6.9300,6.8300,6.8500,6.9600,3722477,25626536.0000,0.326834,1,-1.580462,24.697685,1.471127,1.616427,7.354920,0
2017-06-13,sh.600736,6.8400,6.9200,6.8200,6.9000,6.8500,2589946,17850248.0000,0.227398,1,0.729930,24.877960,1.481865,1.628225,7.408605,0
2017-06-14,sh.600736,6.9100,6.9100,6.8600,6.9000,6.9000,2603665,17929558.0000,0.228602,1,0.000000,24.877960,1.481865,1.628225,7.408605,0
2017-06-15,sh.600736,6.8900,6.9600,6.8700,6.9400,6.9000,4188798,29042774.0000,0.367777,1,0.579710,25.022180,1.490456,1.637664,7.451554,0
2017-06-16,sh.600736,6.9500,6.9700,6.9200,6.9500,6.9400,3096620,21519862.0000,0.271884,1,0.144089,25.058235,1.492603,1.640024,7.462291,0
2017-06-19,sh.600736,6.9700,7.0100,6.9500,7.0100,6.9500,4559155,31854177.0000,0.400294,1,0.863316,25.274565,1.505489,1.654183,7.526713,0
2017-06-20,sh.600736,7.0100,7.0400,6.9700,7.0100,7.0100,3206126,22474877.0000,0.281498,1,0.000000,25.274565,1.505489,1.654183,7.526713,0
2017-06-21,sh.600736,7.0300,7.0400,6.9600,6.9900,7.0100,3167424,22150438.0000,0.278100,1,-0.285313,25.202455,1.501194,1.649463,7.505239,0
2017-06-22,sh.600736,6.9900,7.0500,6.9300,6.9500,6.9900,5489518,38480397.0000,0.481980,1,-0.572245,25.058235,1.492603,1.640024,7.462291,0
2017-06-23,sh.600736,6.9500,6.9900,6.8600,6.9500,6.9500,3604606,24966083.0000,0.316485,1,0.000000,25.058235,1.492603,1.640024,7.462291,0
2017-06-26,sh.600736,6.9000,7.0600,6.9000,7.0600,6.9500,4170660,29234167.0000,0.366184,1,1.582736,25.454840,1.516227,1.665981,7.580399,0
2017-06-27,sh.600736,7.0600,7.1000,7.0000,7.0200,7.0600,3737599,26351328.0000,0.328162,1,-0.566572,25.310620,1.507637,1.656542,7.537450,0
2017-06-28,sh.600736,7.0100,7.0600,7.0000,7.0400,7.0200,2517870,17724959.0000,0.221069,1,0.284900,25.382730,1.511932,1.661262,7.558925,0
2017-06-29,sh.600736,7.0500,7.0800,7.0000,7.0300,7.0400,3695453,26021005.0000,0.324461,1,-0.142042,25.346675,1.509784,1.658902,7.548187,0
2017-06-30,sh.600736,7.0300,7.0800,7.0000,7.0700,7.0300,2337330,16463253.0000,0.205218,1,0.568990,25.490895,1.518375,1.668341,7.591136,0
2017-07-03,sh.600736,7.0700,7.1300,7.0200,7.1200,7.0700,3497705,24760658.0000,0.307099,1,0.707210,25.671170,1.529113,1.680140,7.644821,0
2017-07-04,sh.600736,7.1100,7.1200,7.0600,7.0700,7.1200,2378269,16856593.0000,0.208812,1,-0.702243,25.490895,1.518375,1.668341,7.591136,0
2017-07-05,sh.600736,7.0700,7.1500,7.0500,7.1300,7.0700,3239021,23010091.0000,0.284386,1,0.848656,25.707225,1.531261,1.682500,7.655559,0
2017-07-06,sh.600736,7.1300,7.1500,7.0400,7.1200,7.1300,3730608,26464916.0000,0.327548,1,-0.140256,25.671170,1.529113,1.680140,7.644821,0
2017-07-07,sh.600736,7.1000,7.1600,7.0700,7.1400,7.1200,4277285,30420066.0000,0.375546,1,0.280899,25.743280,1.533408,1.684859,7.666296,0
2017-07-10,sh.600736,7.1300,7.1400,7.0800,7.1300,7.1400,3349138,23810690.0000,0.294055,1,-0.140053,25.707225,1.531261,1.682500,7.655559,0
2017-07-11,sh.600736,7.1300,7.1300,7.0800,7.0800,7.1300,3312270,23498223.0000,0.290818,1,-0.701265,25.526950,1.520522,1.670701,7.601873,0
2017-07-12,sh.600736,7.0700,7.0800,6.9600,7.0200,7.0800,4390795,30809038.0000,0.385512,1,-0.847457,25.310620,1.507637,1.656542,7.537450,0
2017-07-13,sh.600736,7.0100,7.1400,6.9600,7.1100,7.0200,3177529,22324073.0000,0.278987,1,1.282053,25.635115,1.526965,1.677780,7.634084,0
2017-07-14,sh.600736,7.1000,7.1100,7.0000,7.0100,7.1100,2311708,16263731.0000,0.202968,1,-1.406468,25.274565,1.505489,1.654183,7.526713,0
2017-07-17,sh.600736,7.0100,7.0300,6.6600,6.7000,7.0100,5582187,38080311.0000,0.490117,1,-4.422260,24.156860,1.438912,1.581030,7.193863,0
2017-07-18,sh.600736,6.7200,6.8000,6.6700,6.7600,6.7000,2599651,17508616.0000,0.228250,1,0.895529,24.373190,1.451798,1.595189,7.258286,0
2017-07-19,sh.600736,6.7600,6.8500,6.7000,6.8400,6.7600,4007967,27178833.0000,0.351900,1,1.183431,24.661630,1.468979,1.614067,7.344182,0
2017-07-20,sh.600736,6.8200,6.9700,6.7900,6.9100,6.8400,3095128,21336437.0000,0.271753,1,1.023387,24.914015,1.484013,1.630585,7.419342,0
2017-07-21,sh.600736,6.9000,6.9500,6.8700,6.9100,6.9100,2495135,17234350.0000,0.219073,1,0.000000,24.914015,1.484013,1.630585,7.419342,0
2017-07-24,sh.600736,6.9100,7.0000,6.8700,6.9900,6.9100,3104616,21622268.0000,0.272586,1,1.157741,25.202455,1.501194,1.649463,7.505239,0
2017-07-25,sh.600736,7.0200,7.0800,6.9200,6.9800,6.9900,4049227,28359099.0000,0.355523,1,-0.143058,25.166400,1.499046,1.647103,7.494502,0
2017-07-26,sh.600736,6.9300,7.0200,6.9200,6.9600,6.9800,2351107,16349715.0000,0.206427,1,-0.286533,25.094290,1.494751,1.642384,7.473028,0
2017-07-27,sh.600736,6.9600,7.0500,6.9200,7.0300,6.9600,3150428,22036385.0000,0.276608,1,1.005750,25.346675,1.509784,1.658902,7.548187,0
2017-07-28,sh.600736,7.0300,7.0500,7.0000,7.0100,7.0300,2227362,15642075.0000,0.195563,1,-0.284495,25.274565,1.505489,1.654183,7.526713,0
2017-07-31,sh.600736,7.0200,7.0600,6.9700,7.0400,7.0100,3434831,24096762.0000,0.301579,1,0.427956,25.382730,1.511932,1.661262,7.558925,0
2017-08-01,sh.600736,6.9900,7.0700,6.9900,7.0600,7.0400,4255921,30010331.0000,0.373670,1,0.284091,25.454840,1.516227,1.665981,7.580399,0
2017-08-02,sh.600736,7.0500,7.0700,6.9500,6.9600,7.0600,6410391,44831422.0000,0.562833,1,-1.416429,25.094290,1.494751,1.642384,7.473028,0
2017-08-03,sh.600736,6.9400,7.0000,6.9000,6.9700,6.9600,3489803,24293471.0000,0.306405,1,0.143675,25.130345,1.496899,1.644744,7.483765,0
2017-08-04,sh.600736,6.9800,6.9800,6.8700,6.9000,6.9700,4489718,31086593.0000,0.394198,1,-1.004300,24.877960,1.481865,1.628225,7.408605,0
2017-08-07,sh.600736,6.9900,7.1500,6.9700,7.0800,6.9000,10400023,73475274.0000,0.913123,1,2.608693,25.526950,1.520522,1.670701,7.601873,0
2017-08-08,sh.600736,7.0300,7.1100,6.9600,7.0100,7.0800,8341530,58523334.0000,0.732387,1,-0.988696,25.274565,1.505489,1.654183,7.526713,0
2017-08-09,sh.600736,7.0100,7.0200,6.9400,6.9500,7.0100,3607952,25117186.0000,0.316779,1,-0.855926,25.058235,1.492603,1.640024,7.462291,0
2017-08-10,sh.600736,6.9500,6.9600,6.8600,6.8900,6.9500,3709435,25633925.0000,0.325689,1,-0.863309,24.841905,1.479717,1.625866,7.397868,0
2017-08-11,sh.600736,6.8700,6.9100,6.8000,6.8100,6.8900,4192001,28682981.0000,0.368058,1,-1.161102,24.553465,1.462536,1.606988,7.311971,0
2017-08-14,sh.600736,6.7900,6.9500,6.7900,6.9300,6.8100,3737546,25656872.0000,0.328157,1,1.762113,24.986125,1.488308,1.635305,7.440816,0
2017-08-15,sh.600736,6.9100,7.1000,6.8400,7.0700,6.9300,9948997,69523521.0000,0.873523,1,2.020207,25.490895,1.518375,1.668341,7.591136,0
2017-08-16,sh.600736,7.0400,7.4500,7.0300,7.3100,7.0700,27603997,201633634.0000,2.423634,1,3.394622,26.356216,1.569918,1.724975,7.848827,0
2017-08-17,sh.600736,7.3100,7.4200,7.1700,7.3900,7.3100,14267648,103614083.0000,1.252701,1,1.094390,26.644656,1.587099,1.743853,7.934723,0
2017-08-18,sh.600736,7.3400,7.8500,7.2600,7.3800,7.3900,17288721,129363893.0000,1.517951,1,-0.135315,26.608601,1.584951,1.741493,7.923986,0
2017-08-21,sh.600736,7.3700,7.3700,7.2500,7.3000,7.3800,9173088,66878819.0000,0.805398,1,-1.084010,26.320160,1.567770,1.722615,7.838089,0
2017-08-22,sh.600736,7.2800,7.3100,7.1500,7.1700,7.3000,8455329,60902031.0000,0.742379,1,-1.780823,25.851445,1.539851,1.691939,7.698507,0
2017-08-23,sh.600736,7.1800,7.2300,7.1400,7.2100,7.1700,4462144,32022800.0000,0.391777,1,0.557879,25.995665,1.548442,1.701378,7.741455,0
2017-08-24,sh.600736,7.2400,7.2500,7.1100,7.1200,7.2100,4618912,33082643.0000,0.405541,1,-1.248268,25.671170,1.529113,1.680140,7.644821,0
2017-08-25,sh.600736,7.1300,7.2000,7.1300,7.1700,7.1200,4009336,28730457.0000,0.352020,1,0.702250,25.851445,1.539851,1.691939,7.698507,0
2017-08-28,sh.600736,7.1700,7.2700,7.1500,7.2100,7.1700,5746567,41483088.0000,0.504549,1,0.557879,25.995665,1.548442,1.701378,7.741455,0
2017-08-29,sh.600736,7.2100,7.3300,7.2100,7.2700,7.2100,5418102,39370106.0000,0.475710,1,0.832177,26.211995,1.561327,1.715536,7.805878,0
2017-08-30,sh.600736,7.2900,7.3300,7.2300,7.2300,7.2700,5046287,36599900.0000,0.443065,1,-0.550206,28.595859,1.505342,2.524505,21.254590,0
2017-08-31,sh.600736,7.2100,7.2600,7.2000,7.2100,7.2300,3815238,27552232.0000,0.334978,1,-0.276625,28.516756,1.501178,2.517521,21.195795,0
2017-09-01,sh.600736,7.2100,7.3100,7.2000,7.2800,7.2100,6514636,47317220.0000,0.571986,1,0.970876,28.793617,1.515753,2.541963,21.401579,0
2017-09-04,sh.600736,7.2800,7.3000,7.2200,7.2300,7.2800,4531514,32827370.0000,0.397867,1,-0.686816,28.595859,1.505342,2.524505,21.254590,0
2017-09-05,sh.600736,7.2600,7.2600,7.1400,7.1600,7.2300,7206385,51697952.0000,0.632721,1,-0.968190,28.318997,1.490768,2.500063,21.048806,0
2017-09-06,sh.600736,7.1400,7.1900,7.1200,7.1800,7.1600,3513410,25134373.0000,0.308478,1,0.279329,28.398100,1.494932,2.507046,21.107601,0
2017-09-07,sh.600736,7.1800,7.2400,7.1400,7.2000,7.1800,5632975,40452824.0000,0.494576,1,0.278551,28.477204,1.499096,2.514030,21.166397,0
2017-09-08,sh.600736,7.1800,7.2000,7.1500,7.1700,7.2000,3438493,24660317.0000,0.301900,1,-0.416663,28.358549,1.492850,2.503555,21.078204,0
2017-09-11,sh.600736,7.1800,7.1900,7.1400,7.1900,7.1700,4440084,31817525.0000,0.389840,1,0.278940,28.437652,1.497014,2.510538,21.136999,0
2017-09-12,sh.600736,7.1700,7.2000,7.1500,7.1700,7.1900,4562650,32722203.0000,0.400601,1,-0.278164,28.358549,1.492850,2.503555,21.078204,0
2017-09-13,sh.600736,7.1700,7.1800,7.1300,7.1600,7.1700,2909621,20816068.0000,0.255465,1,-0.139473,28.318997,1.490768,2.500063,21.048806,0
2017-09-14,sh.600736,7.1600,7.2000,7.1200,7.1800,7.1600,5232765,37465854.0000,0.459437,1,0.279329,28.398100,1.494932,2.507046,21.107601,0
2017-09-15,sh.600736,7.1700,7.3000,7.1500,7.2800,7.1800,9888224,71650651.0000,0.868187,1,1.392763,28.793617,1.515753,2.541963,21.401579,0
2017-09-18,sh.600736,7.2800,7.2800,7.2800,7.2800,7.2800,0,0.0000,,0,0.000000,28.793617,1.515753,2.541963,21.401579,0
2017-09-19,sh.600736,7.5000,8.0100,7.4300,8.0100,7.2800,29507007,231110139.0000,2.590718,1,10.027470,31.680889,1.667745,2.796858,23.547617,0
2017-09-20,sh.600736,8.0600,8.0800,7.8500,7.9800,8.0100,44917667,357381996.0000,3.943776,1,-0.374534,31.562234,1.661498,2.786383,23.459423,0
2017-09-21,sh.600736,7.8500,7.8500,7.6700,7.6900,7.9800,24223417,187358033.0000,2.126818,1,-3.634085,30.415236,1.601118,2.685123,22.606888,0
2017-09-22,sh.600736,7.6600,7.9500,7.6200,7.6300,7.6900,20463921,159424236.0000,1.796734,1,-0.780233,30.177926,1.588626,2.664173,22.430501,0
2017-09-25,sh.600736,7.5000,7.5700,7.3300,7.4000,7.6300,14418810,107030007.0000,1.265973,1,-3.014417,29.268237,1.540738,2.583864,21.754352,0
2017-09-26,sh.600736,7.4000,7.4400,7.3200,7.4100,7.4000,6594548,48697953.0000,0.579002,1,0.135132,29.307789,1.542820,2.587356,21.783750,0
2017-09-27,sh.600736,7.4300,7.5400,7.3600,7.4600,7.4100,7696323,57352467.0000,0.675738,1,0.674766,29.505547,1.553230,2.604814,21.930739,0
2017-09-28,sh.600736,7.4100,7.4600,7.3300,7.3400,7.4600,7883271,58166348.0000,0.692152,1,-1.608578,29.030927,1.528245,2.562914,21.577966,0
2017-09-29,sh.600736,7.3400,7.3800,7.3200,7.3500,7.3400,5691708,41796209.0000,0.499733,1,0.136236,29.070479,1.530327,2.566405,21.607364,0
2017-10-09,sh.600736,7.5000,7.5500,7.3900,7.4600,7.3500,8148235,60806311.0000,0.715416,1,1.496601,29.505547,1.553230,2.604814,21.930739,0
2017-10-10,sh.600736,7.4600,7.5200,7.4000,7.5200,7.4600,6594036,49288179.0000,0.578957,1,0.804289,29.742857,1.565723,2.625764,22.107126,0
2017-10-11,sh.600736,7.5200,7.6000,7.4500,7.5900,7.5200,6724233,50655968.0000,0.590388,1,0.930853,30.019719,1.580297,2.650206,22.312910,0
2017-10-12,sh.600736,7.5500,7.6300,7.5000,7.5200,7.5900,5360543,40521079.0000,0.470656,1,-0.922268,29.742857,1.565723,2.625764,22.107126,0
2017-10-13,sh.600736,7.5300,7.5700,7.4600,7.5200,7.5200,3778419,28367350.0000,0.331746,1,0.000000,29.742857,1.565723,2.625764,22.107126,0
2017-10-16,sh.600736,7.5000,7.5200,7.2700,7.2900,7.5200,6248500,46050481.0000,0.548619,1,-3.058511,28.833169,1.517835,2.545455,21.430977,0
2017-10-17,sh.600736,7.2700,7.3800,7.2500,7.2900,7.2900,3058147,22338203.0000,0.268506,1,0.000000,28.833169,1.517835,2.545455,21.430977,0
2017-10-18,sh.600736,7.2900,7.3500,7.2600,7.2900,7.2900,2736204,19993453.0000,0.240239,1,0.000000,28.833169,1.517835,2.545455,21.430977,0
2017-10-19,sh.600736,7.3100,7.3400,7.1900,7.2200,7.2900,3448868,25062451.0000,0.302811,1,-0.960222,28.556307,1.503260,2.521013,21.225192,0
2017-10-20,sh.600736,7.2300,7.2900,7.2300,7.2800,7.2200,3271911,23777415.0000,0.287274,1,0.831031,28.793617,1.515753,2.541963,21.401579,0
2017-10-23,sh.600736,7.2900,7.3600,7.2500,7.3400,7.2800,3258764,23819536.0000,0.286120,1,0.824175,29.030927,1.528245,2.562914,21.577966,0
2017-10-24,sh.600736,7.3500,7.4100,7.2700,7.3500,7.3400,3467861,25473714.0000,0.304479,1,0.136236,29.070479,1.530327,2.566405,21.607364,0
2017-10-25,sh.600736,7.3200,7.3600,7.3000,7.3500,7.3500,2870745,21032107.0000,0.252052,1,0.000000,29.070479,1.530327,2.566405,21.607364,0
2017-10-26,sh.600736,7.3300,7.4000,7.3200,7.3700,7.3500,3120956,22953181.0000,0.274020,1,0.272109,29.149582,1.534492,2.573389,21.666159,0
2017-10-27,sh.600736,7.3600,7.3900,7.2000,7.2200,7.3700,3885308,28308901.0000,0.341130,1,-2.035280,28.556307,1.503260,2.521013,21.225192,0
2017-10-30,sh.600736,7.2300,7.2500,7.0200,7.1000,7.2200,4674881,33128523.0000,0.410455,1,-1.662048,25.912059,1.466967,2.798551,6.695357,0
2017-10-31,sh.600736,7.1000,7.1500,7.0700,7.1100,7.1000,2804421,19935367.0000,0.246228,1,0.140848,25.948555,1.469034,2.802493,6.704787,0
2017-11-01,sh.600736,7.1100,7.1800,7.1000,7.1600,7.1100,2660902,19019059.0000,0.233627,1,0.703231,26.131035,1.479364,2.822201,6.751937,0
2017-11-02,sh.600736,7.1300,7.1600,7.0500,7.1400,7.1600,3230118,22981300.0000,0.283605,1,-0.279329,26.058043,1.475232,2.814318,6.733077,0
2017-11-03,sh.600736,7.1100,7.1500,7.0200,7.0600,7.1400,3342203,23611972.0000,0.293446,1,-1.120447,25.766076,1.458703,2.782785,6.657636,0
2017-11-06,sh.600736,7.0500,7.1300,6.9800,7.0900,7.0600,3358857,23615170.0000,0.294908,1,0.424932,25.875564,1.464901,2.794610,6.685927,0
2017-11-07,sh.600736,7.0800,7.1000,7.0100,7.1000,7.0900,3191882,22481249.0000,0.280248,1,0.141040,25.912059,1.466967,2.798551,6.695357,0
2017-11-08,sh.600736,7.1000,7.1400,7.0500,7.0800,7.1000,2907000,20644859.0000,0.255235,1,-0.281690,25.839068,1.462835,2.790668,6.676496,0
2017-11-09,sh.600736,7.0800,7.1400,7.0500,7.1100,7.0800,2820871,19994455.0000,0.247673,1,0.423732,25.948555,1.469034,2.802493,6.704787,0
2017-11-10,sh.600736,7.0900,7.1300,7.0400,7.1300,7.1100,2816842,19966361.0000,0.247319,1,0.281294,26.021547,1.473166,2.810376,6.723647,0
2017-11-13,sh.600736,7.1000,7.1200,7.0600,7.0700,7.1300,1946834,13792024.0000,0.170932,1,-0.841514,25.802572,1.460769,2.786726,6.667066,0
2017-11-14,sh.600736,7.0700,7.0700,6.9200,6.9500,7.0700,5148217,35966086.0000,0.452014,1,-1.697318,25.364622,1.435975,2.739427,6.553905,0
2017-11-15,sh.600736,6.9200,6.9600,6.8800,6.9100,6.9500,2578804,17831001.0000,0.226419,1,-0.575539,25.218638,1.427711,2.723660,6.516185,0
2017-11-16,sh.600736,6.8700,6.9000,6.8000,6.8300,6.9100,3385526,23249919.0000,0.297250,1,-1.157741,24.926671,1.411181,2.692127,6.440744,0
2017-11-17,sh.600736,6.8500,6.9400,6.6300,6.6700,6.8300,3958997,26878764.0000,0.347600,1,-2.342604,24.342738,1.378123,2.629061,6.289863,0
2017-11-20,sh.600736,6.6800,6.7200,6.5700,6.7100,6.6700,2758311,18332426.0000,0.242180,1,0.599700,24.488721,1.386388,2.644828,6.327584,0
2017-11-21,sh.600736,6.7400,6.7900,6.6200,6.6800,6.7100,3721073,24883208.0000,0.326711,1,-0.447097,24.379233,1.380189,2.633003,6.299293,0
2017-11-22,sh.600736,6.6800,6.7200,6.6000,6.6600,6.6800,4432816,29464334.0000,0.389202,1,-0.299401,24.306242,1.376057,2.625120,6.280433,0
2017-11-23,sh.600736,6.6400,6.6800,6.5700,6.5800,6.6600,2612300,17343479.0000,0.229360,1,-1.201200,24.014275,1.359528,2.593587,6.204992,0
2017-11-24,sh.600736,6.6200,6.6200,6.5200,6.5700,6.5800,2738660,17984904.0000,0.240455,1,-0.151972,23.977779,1.357461,2.589645,6.195562,0
2017-11-27,sh.600736,6.5800,6.5800,6.4500,6.4600,6.5700,2846167,18488531.0000,0.249894,1,-1.674279,23.576325,1.334734,2.546287,6.091832,0
2017-11-28,sh.600736,6.4500,6.5200,6.4300,6.5000,6.4600,3283124,21235534.0000,0.288259,1,0.619194,23.722308,1.342998,2.562054,6.129552,0
2017-11-29,sh.600736,6.5000,6.5500,6.4500,6.5300,6.5000,3145794,20419476.0000,0.276201,1,0.461542,23.831796,1.349197,2.573879,6.157842,0
2017-11-30,sh.600736,6.5100,6.5200,6.4600,6.4900,6.5300,2145401,13919574.0000,0.188366,1,-0.612564,23.685812,1.340932,2.558112,6.120122,0
2017-12-01,sh.600736,6.4900,6.5600,6.4600,6.5500,6.4900,2395881,15646748.0000,0.210359,1,0.924506,23.904787,1.353329,2.581762,6.176702,0
2017-12-04,sh.600736,6.5400,6.5400,6.4000,6.4200,6.5500,2812483,18175130.0000,0.246936,1,-1.984734,23.430341,1.326469,2.530521,6.054111,0
2017-12-05,sh.600736,6.4200,6.4500,6.2500,6.3000,6.4200,3561400,22559776.0000,0.312691,1,-1.869157,22.992391,1.301675,2.483221,5.940950,0
2017-12-06,sh.600736,6.3000,6.3300,6.1900,6.2900,6.3000,3407415,21249342.0000,0.299171,1,-0.158734,22.955895,1.299609,2.479280,5.931520,0
2017-12-07,sh.600736,6.2500,6.5900,6.2300,6.4900,6.2900,6628171,42386854.0000,0.581954,1,3.179647,23.685812,1.340932,2.558112,6.120122,0
2017-12-08,sh.600736,6.3600,6.4300,6.3400,6.3800,6.4900,5527782,35197632.0000,0.485340,1,-1.694910,23.284358,1.318205,2.514754,6.016391,0
2017-12-11,sh.600736,6.3600,6.3900,6.3500,6.3900,6.3800,3668021,23338517.0000,0.322053,1,0.156736,23.320854,1.320271,2.518696,6.025821,0
2017-12-12,sh.600736,6.3700,6.4000,6.2500,6.2600,6.3900,2971942,18738867.0000,0.260937,1,-2.034423,22.846407,1.293411,2.467455,5.903230,0
2017-12-13,sh.600736,6.2500,6.2800,6.2200,6.2700,6.2600,1903695,11906247.0000,0.167145,1,0.159740,22.882903,1.295477,2.471397,5.912660,0
2017-12-14,sh.600736,6.2500,6.2900,6.2200,6.2500,6.2700,2393093,14970166.0000,0.210114,1,-0.318979,22.809912,1.291345,2.463513,5.893800,0
2017-12-15,sh.600736,6.2300,6.2300,6.1400,6.1900,6.2500,2880075,17812656.0000,0.252871,1,-0.959999,22.590936,1.278948,2.439864,5.837219,0
2017-12-18,sh.600736,6.2000,6.2300,6.1300,6.1500,6.1900,2126398,13142204.0000,0.186698,1,-0.646203,22.444953,1.270683,2.424097,5.799499,0
2017-12-19,sh.600736,6.1500,6.2000,6.1500,6.2000,6.1500,1554288,9616466.0000,0.136467,1,0.813003,22.627432,1.281014,2.443805,5.846649,0
2017-12-20,sh.600736,6.1800,6.2100,6.1200,6.1200,6.2000,1819404,11196283.0000,0.159744,1,-1.290321,22.335465,1.264485,2.412272,5.771209,0
2017-12-21,sh.600736,6.1300,6.1600,6.0900,6.1500,6.1200,2329032,14257843.0000,0.204489,1,0.490200,22.444953,1.270683,2.424097,5.799499,0
2017-12-22,sh.600736,6.1200,6.1500,6.0700,6.1200,6.1500,2783104,16977623.0000,0.244357,1,-0.487808,22.335465,1.264485,2.412272,5.771209,0
2017-12-25,sh.600736,6.1200,6.1300,5.9400,5.9900,6.1200,4485940,27062199.0000,0.393866,1,-2.124185,21.861019,1.237625,2.361031,5.648618,0
2017-12-26,sh.600736,5.9400,6.0400,5.9400,6.0300,5.9900,1740000,10433564.0000,0.152772,1,0.667787,22.007003,1.245889,2.376798,5.686338,0
2017-12-27,sh.600736,5.9700,6.0900,5.9700,6.0400,6.0300,1832611,11072883.0000,0.160903,1,0.165833,22.043498,1.247955,2.380739,5.695768,0
2017-12-28,sh.600736,6.0300,6.1500,6.0200,6.0900,6.0400,3903190,23754222.0000,0.342700,1,0.827818,22.225978,1.258286,2.400447,5.742919,0
2017-12-29,sh.600736,6.0900,6.0900,5.8600,5.9100,6.0900,10335000,61682506.0000,0.907414,1,-2.955670,21.569052,1.221095,2.329498,5.573177,0
2018-01-02,sh.600736,5.9200,6.0600,5.9100,6.0600,5.9100,7044489,42193250.0000,0.618507,1,2.538073,22.116490,1.252088,2.388623,5.714628,0
2018-01-03,sh.600736,6.0300,6.1900,6.0200,6.1800,6.0600,7683651,46911009.0000,0.674625,1,1.980196,22.554441,1.276882,2.435922,5.827789,0
2018-01-04,sh.600736,6.1800,6.2000,6.1100,6.1900,6.1800,4938767,30346040.0000,0.433624,1,0.161816,22.590936,1.278948,2.439864,5.837219,0
2018-01-05,sh.600736,6.1900,6.3900,6.1300,6.3100,6.1900,9277805,58397498.0000,0.814592,1,1.938609,23.028887,1.303742,2.487163,5.950380,0
2018-01-08,sh.600736,6.2900,6.4400,6.2500,6.3600,6.3100,8188855,52130406.0000,0.718982,1,0.792396,23.211366,1.314072,2.506871,5.997531,0
2018-01-09,sh.600736,6.3200,6.4300,6.2900,6.3900,6.3600,7062683,45015266.0000,0.620104,1,0.471694,23.320854,1.320271,2.518696,6.025821,0
2018-01-10,sh.600736,6.3700,6.3700,6.2300,6.2900,6.3900,5763235,36258160.0000,0.506013,1,-1.564944,22.955895,1.299609,2.479280,5.931520,0
2018-01-11,sh.600736,6.2700,6.3200,6.1900,6.2800,6.2900,4061145,25327645.0000,0.356569,1,-0.158979,22.919399,1.297543,2.475338,5.922090,0
2018-01-12,sh.600736,6.2800,6.5700,6.2300,6.4100,6.2800,10440201,67436549.0000,0.916651,1,2.070058,23.393845,1.324403,2.526579,6.044681,0
2018-01-15,sh.600736,6.3500,6.4000,6.1700,6.2300,6.4100,6397306,40002611.0000,0.561684,1,-2.808110,22.736920,1.287212,2.455630,5.874940,0
2018-01-16,sh.600736,6.3500,6.6600,6.3500,6.6200,6.2300,17285217,112509039.0000,1.517644,1,6.260030,24.160258,1.367792,2.609353,6.242713,0
2018-01-17,sh.600736,6.6500,6.8500,6.5100,6.5500,6.6200,16386572,109006903.0000,1.438743,1,-1.057397,23.904787,1.353329,2.581762,6.176702,0
2018-01-18,sh.600736,6.5000,6.6300,6.4200,6.5700,6.5500,6717098,43868107.0000,0.589762,1,0.305343,23.977779,1.357461,2.589645,6.195562,0
2018-01-19,sh.600736,6.5500,6.6500,6.4800,6.5700,6.5700,5725256,37588839.0000,0.502678,1,0.000000,23.977779,1.357461,2.589645,6.195562,0
2018-01-22,sh.600736,6.5500,6.5800,6.5000,6.5700,6.5700,4522721,29593307.0000,0.397095,1,0.000000,23.977779,1.357461,2.589645,6.195562,0
2018-01-23,sh.600736,6.5800,6.7100,6.5700,6.6000,6.5700,4691843,31091657.0000,0.411944,1,0.456617,24.087267,1.363660,2.601470,6.223853,0
2018-01-24,sh.600736,6.5700,6.7200,6.5400,6.6200,6.6000,5515967,36479879.0000,0.484302,1,0.303030,24.160258,1.367792,2.609353,6.242713,0
2018-01-25,sh.600736,6.6200,6.6200,6.5600,6.5700,6.6200,4225898,27821731.0000,0.371034,1,-0.755283,23.977779,1.357461,2.589645,6.195562,0
2018-01-26,sh.600736,6.5600,6.6200,6.5400,6.5500,6.5700,3373439,22166585.0000,0.296188,1,-0.304414,23.904787,1.353329,2.581762,6.176702,0
2018-01-29,sh.600736,6.5400,6.5500,6.3900,6.4000,6.5500,5800741,37499497.0000,0.509306,1,-2.290078,23.357349,1.322337,2.522638,6.035251,0
2018-01-30,sh.600736,6.3800,6.4700,6.3600,6.4600,6.4000,3693631,23714136.0000,0.324301,1,0.937499,23.576325,1.334734,2.546287,6.091832,0
2018-01-31,sh.600736,6.4900,6.4900,6.3400,6.3800,6.4600,4130942,26443529.0000,0.362697,1,-1.238389,23.284358,1.318205,2.514754,6.016391,0
2018-02-01,sh.600736,6.3200,6.3900,5.9200,5.9700,6.3800,10176579,62132631.0000,0.893505,1,-6.426337,21.788027,1.233492,2.353148,5.629758,0
2018-02-02,sh.600736,5.9900,5.9900,5.8600,5.9800,5.9700,5893407,34884751.0000,0.517442,1,0.167508,21.824523,1.235559,2.357090,5.639188,0
2018-02-05,sh.600736,5.9200,6.0900,5.8700,6.0500,5.9800,3718914,22215816.0000,0.326521,1,1.170571,22.079994,1.250022,2.384681,5.705198,0
2018-02-06,sh.600736,6.0500,6.0500,5.6300,5.7200,6.0500,8150756,47491265.0000,0.715637,1,-5.454552,20.875631,1.181839,2.254607,5.394006,0
2018-02-07,sh.600736,5.8000,5.8500,5.6000,5.7600,5.7200,4601421,26514508.0000,0.404005,1,0.699308,21.021614,1.190103,2.270374,5.431726,0
2018-02-08,sh.600736,5.8000,5.8300,5.6200,5.8100,5.7600,2993811,17287707.0000,0.262857,1,0.868051,21.204094,1.200434,2.290082,5.478876,0
2018-02-09,sh.600736,5.6900,5.7600,5.5000,5.6500,5.8100,5083500,28567589.0000,0.446332,1,-2.753870,20.620160,1.167376,2.227016,5.327995,0
2018-02-12,sh.600736,5.6600,5.7300,5.6600,5.6900,5.6500,2406424,13712986.0000,0.211284,1,0.707964,20.766143,1.175640,2.242783,5.365715,0
2018-02-13,sh.600736,5.7000,5.8300,5.7000,5.8000,5.6900,3126779,18086158.0000,0.274532,1,1.933218,21.167598,1.198368,2.286140,5.469446,0
2018-02-14,sh.600736,5.7800,5.8200,5.7300,5.8100,5.8000,1459100,8427163.0000,0.128109,1,0.172409,21.204094,1.200434,2.290082,5.478876,0
2018-02-22,sh.600736,5.8100,5.8500,5.8100,5.8400,5.8100,2221398,12951229.0000,0.195039,1,0.516355,21.313581,1.206632,2.301907,5.507167,0
2018-02-23,sh.600736,5.8400,5.8600,5.8100,5.8400,5.8400,2225820,12981521.0000,0.195427,1,0.000000,21.313581,1.206632,2.301907,5.507167,0
2018-02-26,sh.600736,5.8500,5.9100,5.8200,5.8900,5.8400,2529760,14841190.0000,0.222113,1,0.856159,21.496061,1.216963,2.321615,5.554317,0
2018-02-27,sh.600736,5.8900,5.9700,5.8600,5.9400,5.8900,3358254,19914857.0000,0.294855,1,0.848900,21.678540,1.227294,2.341323,5.601467,0
2018-02-28,sh.600736,5.9000,5.9700,5.8500,5.9400,5.9400,2522755,14953348.0000,0.221498,1,0.000000,21.678540,1.227294,2.341323,5.601467,0
2018-03-01,sh.600736,5.9000,6.1100,5.8800,6.1100,5.9400,5498847,33246821.0000,0.482799,1,2.861954,22.298970,1.262419,2.408331,5.761779,0
2018-03-02,sh.600736,6.0600,6.1200,5.9700,6.1200,6.1100,3154958,19161299.0000,0.277006,1,0.163662,22.335465,1.264485,2.412272,5.771209,0
2018-03-05,sh.600736,6.0800,6.3200,6.0800,6.2500,6.1200,5311570,33094421.0000,0.466356,1,2.124185,22.809912,1.291345,2.463513,5.893800,0
2018-03-06,sh.600736,6.2300,6.2700,6.1500,6.2600,6.2500,4074434,25302330.0000,0.357736,1,0.160004,22.846407,1.293411,2.467455,5.903230,0
2018-03-07,sh.600736,6.2100,6.2600,6.1800,6.1900,6.2600,2826855,17531798.0000,0.248198,1,-1.118214,22.590936,1.278948,2.439864,5.837219,0
2018-03-08,sh.600736,6.2000,6.2700,6.1800,6.2200,6.1900,2734705,17005848.0000,0.240107,1,0.484648,22.700424,1.285146,2.451689,5.865510,0
2018-03-09,sh.600736,6.2000,6.3100,6.1900,6.2900,6.2200,3983416,24992039.0000,0.349744,1,1.125405,22.955895,1.299609,2.479280,5.931520,0
2018-03-12,sh.600736,6.2900,6.3800,6.2900,6.3700,6.2900,4589865,29091076.0000,0.402991,1,1.271859,23.247862,1.316138,2.510813,6.006961,0
2018-03-13,sh.600736,6.3500,6.3700,6.2400,6.2500,6.3700,3274435,20581875.0000,0.287496,1,-1.883829,22.809912,1.291345,2.463513,5.893800,0
2018-03-14,sh.600736,6.2500,6.3000,6.2000,6.2600,6.2500,3566235,22271310.0000,0.313116,1,0.160004,22.846407,1.293411,2.467455,5.903230,0
2018-03-15,sh.600736,6.2600,6.3200,6.1800,6.2300,6.2600,4096172,25636413.0000,0.359644,1,-0.479237,22.736920,1.287212,2.455630,5.874940,0
2018-03-16,sh.600736,6.2000,6.5000,6.2000,6.4600,6.2300,10889272,69549011.0000,0.956079,1,3.691814,23.576325,1.334734,2.546287,6.091832,0
2018-03-19,sh.600736,6.5600,6.7700,6.4900,6.5000,6.4600,14228055,94123828.0000,1.249225,1,0.619194,23.722308,1.342998,2.562054,6.129552,0
2018-03-20,sh.600736,6.4400,6.4400,6.2700,6.3700,6.5000,7043399,44737734.0000,0.618411,1,-2.000002,23.247862,1.316138,2.510813,6.006961,0
2018-03-21,sh.600736,6.3400,6.7400,6.3300,6.6100,6.3700,11819441,77529107.0000,1.037748,1,3.767665,24.123762,1.365726,2.605412,6.233283,0
2018-03-22,sh.600736,6.9500,7.1900,6.6600,6.6700,6.6100,22714857,155988796.0000,1.994367,1,0.907715,13.139452,1.325741,1.276083,15.654696,0
2018-03-23,sh.600736,6.4000,6.5400,6.2200,6.4000,6.6700,14230859,91242411.0000,1.249471,1,-4.047976,12.607570,1.272075,1.224428,15.020998,0
2018-03-26,sh.600736,6.2800,6.5500,6.2500,6.5400,6.4000,8282090,53505502.0000,0.727168,1,2.187498,12.883360,1.299902,1.251212,15.349582,0
2018-03-27,sh.600736,6.5500,6.6700,6.5400,6.6200,6.5400,6210579,41079006.0000,0.545289,1,1.223240,13.040955,1.315803,1.266518,15.537344,0
2018-03-28,sh.600736,6.4800,6.7300,6.4700,6.6100,6.6200,5368790,35321696.0000,0.471380,1,-0.151054,13.021256,1.313815,1.264604,15.513874,0
2018-03-29,sh.600736,6.6100,6.7100,6.5700,6.6400,6.6100,4822660,32004719.0000,0.423430,1,0.453854,13.080354,1.319778,1.270344,15.584285,0
2018-03-30,sh.600736,6.6200,6.7000,6.6200,6.6700,6.6400,5357698,35722756.0000,0.470406,1,0.451810,13.139452,1.325741,1.276083,15.654696,0
2018-04-02,sh.600736,6.7000,6.9200,6.6900,6.9000,6.6700,10480481,71858490.0000,0.920187,1,3.448276,13.592536,1.371456,1.320086,16.194513,0
2018-04-03,sh.600736,6.8300,7.0800,6.8000,6.9000,6.9000,8410863,58277302.0000,0.738475,1,0.000000,13.592536,1.371456,1.320086,16.194513,0
2018-04-04,sh.600736,6.9000,6.9500,6.7500,6.8100,6.9000,7326707,50246230.0000,0.643286,1,-1.304350,13.415242,1.353568,1.302868,15.983280,0
2018-04-09,sh.600736,6.7900,6.8300,6.7100,6.7600,6.8100,4947602,33385504.0000,0.434400,1,-0.734210,13.316746,1.343630,1.293302,15.865929,0
2018-04-10,sh.600736,6.7400,6.9000,6.7300,6.8900,6.7600,4836250,33033866.0000,0.424623,1,1.923071,13.572837,1.369469,1.318173,16.171043,0
2018-04-11,sh.600736,6.9100,6.9700,6.8000,6.8400,6.8900,4717632,32409938.0000,0.414209,1,-0.725685,13.474340,1.359531,1.308607,16.053691,0
2018-04-12,sh.600736,6.7700,6.8800,6.7700,6.8200,6.8400,3957405,27022167.0000,0.347461,1,-0.292397,13.434942,1.355555,1.304781,16.006750,0
2018-04-13,sh.600736,6.7100,6.8800,6.7100,6.7500,6.8200,4092560,27801829.0000,0.359327,1,-1.026395,13.297046,1.341642,1.291389,15.842458,0
2018-04-16,sh.600736,6.7300,6.8000,6.6700,6.7400,6.7500,5825723,39147373.0000,0.511499,1,-0.148151,13.277347,1.339654,1.289476,15.818988,0
2018-04-17,sh.600736,6.7500,6.8100,6.7000,6.7000,6.7400,4311224,29142495.0000,0.378526,1,-0.593471,13.198550,1.331704,1.281823,15.725107,0
2018-04-18,sh.600736,6.7700,6.7700,6.5400,6.6300,6.7000,5023626,33199372.0000,0.441075,1,-1.044772,13.060654,1.317791,1.268431,15.560815,0
2018-04-19,sh.600736,6.6000,6.6900,6.5600,6.6300,6.6300,2437523,16187662.0000,0.214015,1,0.000000,13.060654,1.317791,1.268431,15.560815,0
2018-04-20,sh.600736,6.6300,6.6800,6.4000,6.4100,6.6300,3813100,24817172.0000,0.334791,1,-3.318254,12.627269,1.274063,1.226341,15.044468,0
2018-04-23,sh.600736,6.4000,6.5100,6.3800,6.4300,6.4100,2723647,17558311.0000,0.239136,1,0.312012,12.666668,1.278038,1.230167,15.091408,0
2018-04-24,sh.600736,6.4200,6.5800,6.4200,6.5400,6.4300,4038979,26353514.0000,0.354623,1,1.710733,12.883360,1.299902,1.251212,15.349582,0
2018-04-25,sh.600736,6.5100,6.7300,6.5100,6.6800,6.5400,4711543,31208742.0000,0.413674,1,2.140671,13.159151,1.327729,1.277997,15.678166,0
2018-04-26,sh.600736,6.7100,6.7400,6.4800,6.5900,6.6800,4298463,28516088.0000,0.377405,1,-1.347301,12.981857,1.309840,1.260778,15.466933,0
2018-04-27,sh.600736,6.5300,6.6400,6.4600,6.6300,6.5900,3557664,23353826.0000,0.312363,1,0.606980,13.060654,1.317791,1.268431,15.560815,0
2018-05-02,sh.600736,6.6000,6.6800,6.5200,6.6500,6.6300,4745232,31450891.0000,0.416632,1,0.301659,12.376461,1.292173,1.243899,-5.574368,0
2018-05-03,sh.600736,6.6500,6.6600,6.5300,6.6300,6.6500,4135698,27320690.0000,0.363115,1,-0.300752,12.339239,1.288287,1.240158,-5.557603,0
2018-05-04,sh.600736,6.6300,6.6300,6.5800,6.6100,6.6300,2194141,14481303.0000,0.192646,1,-0.301659,12.302016,1.284400,1.236417,-5.540838,0
2018-05-07,sh.600736,6.6000,6.6800,6.5800,6.6700,6.6100,3678098,24422150.0000,0.322937,1,0.907715,12.413684,1.296059,1.247640,-5.591133,0
2018-05-08,sh.600736,6.6800,6.7900,6.6600,6.7900,6.6700,4391684,29587419.0000,0.385590,1,1.799099,12.637018,1.319377,1.270087,-5.691723,0
2018-05-09,sh.600736,6.7800,6.8100,6.7200,6.8000,6.7900,2952897,19990067.0000,0.259265,1,0.147279,12.655630,1.321320,1.271957,-5.700105,0
2018-05-10,sh.600736,6.8000,6.8700,6.7500,6.8500,6.8000,3666800,25038741.0000,0.321945,1,0.735290,12.748686,1.331035,1.281310,-5.742018,0
2018-05-11,sh.600736,6.7200,6.7500,6.6000,6.6100,6.7100,2484841,16548308.0000,0.218169,1,-1.490312,12.302016,1.284400,1.236417,-5.540838,0
2018-05-14,sh.600736,6.6000,6.6000,6.5000,6.5100,6.6100,2486414,16263207.0000,0.218307,1,-1.512858,12.115904,1.264969,1.217712,-5.457013,0
2018-05-15,sh.600736,6.5200,6.5300,6.4500,6.4800,6.5100,2403900,15576711.0000,0.211063,1,-0.460833,12.060070,1.259140,1.212100,-5.431865,0
2018-05-16,sh.600736,6.4800,6.5100,6.4400,6.4800,6.4800,1364808,8854868.0000,0.119830,1,0.000000,12.060070,1.259140,1.212100,-5.431865,0
2018-05-17,sh.600736,6.4800,6.5200,6.3900,6.4000,6.4800,2758100,17738488.0000,0.242161,1,-1.234567,11.911181,1.243595,1.197136,-5.364805,0
2018-05-18,sh.600736,6.4000,6.4800,6.3600,6.4400,6.4000,2654550,17027226.0000,0.233070,1,0.624999,11.985626,1.251368,1.204618,-5.398335,0
2018-05-21,sh.600736,6.4500,6.5300,6.4500,6.5000,6.4400,2307273,14980981.0000,0.202579,1,0.931676,12.097293,1.263026,1.215841,-5.448630,0
2018-05-22,sh.600736,6.5200,6.5300,6.4200,6.4900,6.5000,2411774,15616473.0000,0.211754,1,-0.153850,12.078682,1.261083,1.213971,-5.440248,0
2018-05-23,sh.600736,6.4300,6.4700,6.4100,6.4300,6.4900,1704691,10980640.0000,0.149672,1,-0.924498,11.967014,1.249424,1.202748,-5.389953,0
2018-05-24,sh.600736,6.4500,6.4500,6.3400,6.3700,6.4300,2616590,16742613.0000,0.229737,1,-0.933125,11.855347,1.237766,1.191525,-5.339657,0
2018-05-25,sh.600736,6.3900,6.4200,6.3000,6.3200,6.3700,3022400,19172386.0000,0.265367,1,-0.784925,11.762291,1.228050,1.182172,-5.297745,0
2018-05-28,sh.600736,6.2900,6.3100,6.1200,6.1500,6.3200,4527563,28120985.0000,0.379100,1,-2.689875,11.445900,1.195017,1.150373,-5.155242,0
2018-05-29,sh.600736,6.2400,6.3900,6.2200,6.3500,6.1500,3343525,21162011.0000,0.279959,1,3.252029,11.818125,1.233879,1.187783,-5.322892,0
2018-05-30,sh.600736,6.2900,6.3400,6.1200,6.1300,6.3500,4487500,28071976.0000,0.375745,1,-3.464564,11.408678,1.191131,1.146632,-5.138477,0
2018-05-31,sh.600736,6.2500,6.4300,6.2300,6.3700,6.1300,4803589,30514246.0000,0.402212,1,3.915168,11.855347,1.237766,1.191525,-5.339657,0
2018-06-01,sh.600736,6.3100,6.4000,6.2800,6.3400,6.3700,2886881,18280750.0000,0.241723,1,-0.470953,11.799513,1.231936,1.185913,-5.314510,0
2018-06-04,sh.600736,6.4400,6.6900,6.3600,6.6100,6.3400,12047002,79210440.0000,1.008714,1,4.258675,12.302016,1.284400,1.236417,-5.540838,0
2018-06-05,sh.600736,6.6200,6.7000,6.5600,6.6300,6.6100,5603358,37059701.0000,0.469178,1,0.302572,12.339239,1.288287,1.240158,-5.557603,0
2018-06-06,sh.600736,6.6100,6.6500,6.5300,6.5900,6.6300,4430032,29123270.0000,0.370933,1,-0.603318,12.264794,1.280514,1.232676,-5.524073,0
2018-06-07,sh.600736,6.5800,6.6500,6.5700,6.5900,6.5900,3963678,26234874.0000,0.331885,1,0.000000,12.264794,1.280514,1.232676,-5.524073,0
2018-06-08,sh.600736,6.6900,6.8300,6.6100,6.6100,6.5900,8818580,59432781.0000,0.738393,1,0.303490,12.302016,1.284400,1.236417,-5.540838,0
2018-06-11,sh.600736,6.6000,6.6500,6.4700,6.5100,6.6100,4858100,31713971.0000,0.406776,1,-1.512858,12.115904,1.264969,1.217712,-5.457013,0
2018-06-12,sh.600736,6.5500,6.6700,6.4900,6.6400,6.5100,4188728,27627997.0000,0.350729,1,1.996922,12.357850,1.290230,1.242029,-5.565985,0
2018-06-13,sh.600736,6.6500,6.6800,6.4900,6.5200,6.6400,3937788,25948110.0000,0.329717,1,-1.807227,12.134515,1.266912,1.219582,-5.465395,0
2018-06-14,sh.600736,6.5000,6.5900,6.4700,6.4900,6.5200,2825165,18416505.0000,0.236555,1,-0.460126,12.078682,1.261083,1.213971,-5.440248,0
2018-06-15,sh.600736,6.4900,6.5500,6.3300,6.3700,6.4900,3408467,21902599.0000,0.285396,1,-1.848997,11.855347,1.237766,1.191525,-5.339657,0
2018-06-19,sh.600736,6.3300,6.3500,5.7300,5.8700,6.3700,7141208,43110178.0000,0.597944,1,-7.849294,10.924786,1.140610,1.097998,-4.920532,0
2018-06-20,sh.600736,5.8500,5.9600,5.7300,5.9200,5.8700,4261171,24964942.0000,0.356794,1,0.851792,11.017842,1.150325,1.107351,-4.962445,0
2018-06-21,sh.600736,5.8800,6.0900,5.8500,5.9100,5.9200,4398105,26182976.0000,0.368260,1,-0.168923,10.999231,1.148382,1.105480,-4.954062,0
2018-06-22,sh.600736,5.9200,6.1200,5.8000,6.0800,5.9100,5719309,34461242.0000,0.478887,1,2.876482,11.315622,1.181415,1.137279,-5.096565,0
2018-06-25,sh.600736,6.1700,6.2100,6.0500,6.0900,6.0800,2989529,18259806.0000,0.250318,1,0.164477,11.334233,1.183358,1.139150,-5.104947,0
2018-06-26,sh.600736,6.0700,6.1000,5.9700,6.0900,6.0900,1549191,9370543.0000,0.129716,1,0.000000,11.334233,1.183358,1.139150,-5.104947,0
2018-06-27,sh.600736,6.1000,6.1300,5.9300,6.0100,6.0900,2638167,15864609.0000,0.220898,1,-1.313628,11.185343,1.167813,1.124186,-5.037887,0
2018-06-28,sh.600736,5.9300,6.0300,5.9200,5.9300,6.0100,2144924,12815166.0000,0.179598,1,-1.331121,11.036453,1.152269,1.109221,-4.970827,0
2018-06-29,sh.600736,5.9200,6.0600,5.9100,6.0500,5.9300,1518270,9114702.0000,0.127127,1,2.023615,11.259788,1.175586,1.131668,-5.071417,0
2018-07-02,sh.600736,6.0500,6.0800,5.8300,5.8800,6.0500,2717840,16104954.0000,0.227569,1,-2.809918,10.943397,1.142553,1.099869,-4.928915,0
2018-07-03,sh.600736,5.8700,6.0600,5.8500,6.0200,5.8800,3005391,17989415.0000,0.251646,1,2.380950,11.203954,1.169757,1.126056,-5.046270,0
2018-07-04,sh.600736,6.0700,6.0700,5.9100,5.9900,6.0200,1184551,7093582.0000,0.099184,1,-0.498342,11.148121,1.163927,1.120445,-5.021122,0
2018-07-05,sh.600736,5.9700,6.0300,5.9300,5.9600,5.9900,1539048,9220273.0000,0.128867,1,-0.500830,11.092287,1.158098,1.114833,-4.995975,0
2018-07-06,sh.600736,5.9500,6.5500,5.8000,6.2300,5.9600,11270441,71023381.0000,0.943692,1,4.530201,11.594790,1.210562,1.165337,-5.222302,0
2018-07-09,sh.600736,6.2100,6.3100,6.2100,6.2800,6.2300,2797319,17510102.0000,0.234224,1,0.802571,11.687846,1.220278,1.174690,-5.264215,0
2018-07-10,sh.600736,6.2900,6.3000,6.2000,6.2600,6.2800,2490767,15559789.0000,0.208556,1,-0.318471,11.650624,1.216391,1.170949,-5.247450,0
2018-07-11,sh.600736,6.2300,6.2300,5.9900,6.0000,6.2600,4559124,27674452.0000,0.381743,1,-4.153358,11.166732,1.165870,1.122315,-5.029505,0
2018-07-12,sh.600736,6.0500,6.1700,6.0100,6.1400,6.0000,2365042,14485803.0000,0.198029,1,2.333331,11.427289,1.193074,1.148502,-5.146860,0
2018-07-13,sh.600736,6.1500,6.1600,6.1000,6.1400,6.1400,1893077,11614150.0000,0.158510,1,0.000000,11.427289,1.193074,1.148502,-5.146860,0
2018-07-16,sh.600736,6.1600,6.1900,6.1100,6.1500,6.1400,1647300,10148630.0000,0.137931,1,0.162870,11.445900,1.195017,1.150373,-5.155242,0
2018-07-17,sh.600736,6.1300,6.1500,6.0600,6.1100,6.1500,1399733,8543193.0000,0.117202,1,-0.650406,11.371455,1.187245,1.142891,-5.121712,0
2018-07-18,sh.600736,6.1000,6.1600,6.0700,6.0700,6.1100,1123075,6860063.0000,0.094037,1,-0.654664,11.297010,1.179472,1.135409,-5.088182,0
2018-07-19,sh.600736,6.1000,6.1200,5.9700,6.0100,6.0700,1843136,11117921.0000,0.154329,1,-0.988467,11.185343,1.167813,1.124186,-5.037887,0
2018-07-20,sh.600736,6.0000,6.1000,5.9900,6.0800,6.0100,1261134,7622707.0000,0.105597,1,1.164720,11.315622,1.181415,1.137279,-5.096565,0
2018-07-23,sh.600736,6.0300,6.1100,6.0000,6.0900,6.0800,1526211,9238953.0000,0.127792,1,0.164477,11.334233,1.183358,1.139150,-5.104947,0
2018-07-24,sh.600736,6.1000,6.1900,6.0800,6.1700,6.0900,2450728,15094502.0000,0.205203,1,1.313628,11.483123,1.198903,1.154114,-5.172007,0
2018-07-25,sh.600736,6.1700,6.2000,6.1300,6.1500,6.1700,1503720,9262635.0000,0.125909,1,-0.324149,11.445900,1.195017,1.150373,-5.155242,0
2018-07-26,sh.600736,6.1300,6.1900,6.1200,6.1500,6.1500,1493020,9183011.0000,0.125013,1,0.000000,11.445900,1.195017,1.150373,-5.155242,0
2018-07-27,sh.600736,6.1300,6.1500,6.0300,6.0400,6.1500,3313740,20166303.0000,0.277465,1,-1.788620,11.241177,1.173643,1.129797,-5.063035,0
2018-07-30,sh.600736,6.0300,6.0900,6.0100,6.0200,6.0400,2157666,13012437.0000,0.180665,1,-0.331126,11.203954,1.169757,1.126056,-5.046270,0
2018-07-31,sh.600736,6.0100,6.0600,6.0000,6.0300,6.0200,941697,5677322.0000,0.078850,1,0.166117,11.222566,1.171700,1.127927,-5.054652,0
2018-08-01,sh.600736,6.0300,6.0700,5.9500,5.9600,6.0300,1765696,10600074.0000,0.147844,1,-1.160865,11.092287,1.158098,1.114833,-4.995975,0
2018-08-02,sh.600736,5.9400,5.9900,5.7600,5.8400,5.9600,2586758,15070759.0000,0.216593,1,-2.013421,10.868952,1.134780,1.092387,-4.895385,0
2018-08-03,sh.600736,5.8200,5.8700,5.8100,5.8200,5.8400,985704,5753119.0000,0.082535,1,-0.342465,10.831730,1.130894,1.088646,-4.878620,0
2018-08-06,sh.600736,5.8200,5.8500,5.7200,5.7700,5.8200,1281948,7421412.0000,0.107339,1,-0.859110,10.738674,1.121179,1.079293,-4.836707,0
2018-08-07,sh.600736,5.7800,5.8600,5.7300,5.8600,5.7700,1587220,9244080.0000,0.132900,1,1.559795,10.906175,1.138667,1.096128,-4.912150,0
2018-08-08,sh.600736,5.8600,5.8700,5.7900,5.8100,5.8600,1011300,5882902.0000,0.084678,1,-0.853245,10.813119,1.128951,1.086775,-4.870237,0
2018-08-09,sh.600736,5.8800,5.9100,5.8100,5.8800,5.8100,1852271,10887227.0000,0.155094,1,1.204822,10.943397,1.142553,1.099869,-4.928915,0
2018-08-10,sh.600736,5.8700,5.9600,5.8400,5.8900,5.8800,1804301,10643056.0000,0.151077,1,0.170064,10.962009,1.144496,1.101739,-4.937297,0
2018-08-13,sh.600736,5.8900,5.8900,5.7500,5.8200,5.8900,2097402,12153982.0000,0.175619,1,-1.188450,10.831730,1.130894,1.088646,-4.878620,0
2018-08-14,sh.600736,5.8000,5.8700,5.7700,5.8500,5.8200,1026660,5979327.0000,0.085964,1,0.515459,10.887564,1.136724,1.094257,-4.903767,0
2018-08-15,sh.600736,5.8600,5.8600,5.7500,5.7800,5.8500,1069253,6181896.0000,0.089530,1,-1.196576,10.757285,1.123122,1.081164,-4.845090,0
2018-08-16,sh.600736,5.7600,5.7700,5.6800,5.7200,5.7800,1368800,7827589.0000,0.114612,1,-1.038069,10.645618,1.111463,1.069940,-4.794794,0
2018-08-17,sh.600736,5.7200,5.7700,5.6400,5.6500,5.7200,1258388,7171805.0000,0.105367,1,-1.223771,10.515339,1.097861,1.056847,-4.736117,0
2018-08-20,sh.600736,5.6300,5.6700,5.5100,5.6500,5.6500,2324786,12983081.0000,0.194658,1,0.000000,10.515339,1.097861,1.056847,-4.736117,0
2018-08-21,sh.600736,5.6300,5.9100,5.6100,5.8300,5.6500,4476833,26127909.0000,0.374852,1,3.185838,10.850341,1.132837,1.090516,-4.887002,0
2018-08-22,sh.600736,5.8000,5.8900,5.7900,5.8200,5.8300,1827157,10669626.0000,0.152991,1,-0.171522,10.337362,1.146433,1.055647,-47.304407,0
2018-08-23,sh.600736,5.7700,5.8400,5.7700,5.7900,5.8200,918467,5332942.0000,0.076905,1,-0.515467,10.284077,1.140524,1.050206,-47.060570,0
2018-08-24,sh.600736,5.8100,5.8100,5.7500,5.7900,5.7900,755813,4377262.0000,0.063285,1,0.000000,10.284077,1.140524,1.050206,-47.060570,0
2018-08-27,sh.600736,5.7900,5.8400,5.7800,5.8300,5.7900,1450491,8436768.0000,0.121452,1,0.690846,10.355124,1.148403,1.057461,-47.385686,0
2018-08-28,sh.600736,5.8400,5.8700,5.7800,5.7900,5.8300,927200,5392590.0000,0.077636,1,-0.686106,10.284077,1.140524,1.050206,-47.060570,0
2018-08-29,sh.600736,5.8100,5.8400,5.7700,5.8000,5.7900,847100,4910348.0000,0.070929,1,0.172715,10.301839,1.142493,1.052020,-47.141849,0
2018-08-30,sh.600736,5.8200,5.8500,5.7400,5.7700,5.8000,1578100,9162378.0000,0.132137,1,-0.517245,10.248553,1.136584,1.046578,-46.898012,0
2018-08-31,sh.600736,5.7600,5.8200,5.7500,5.7500,5.7700,1093300,6327013.0000,0.091544,1,-0.346620,10.213030,1.132644,1.042951,-46.735454,0
2018-09-03,sh.600736,5.7900,5.8100,5.6800,5.7600,5.7500,1672300,9612221.0000,0.140024,1,0.173917,10.230792,1.134614,1.044764,-46.816733,0
2018-09-04,sh.600736,5.7500,5.9200,5.7400,5.8700,5.7600,3873028,22641051.0000,0.324295,1,1.909716,10.426171,1.156282,1.064716,-47.710802,0
2018-09-05,sh.600736,5.8700,5.9100,5.8300,5.8300,5.8700,2051600,12046183.0000,0.171784,1,-0.681430,10.355124,1.148403,1.057461,-47.385686,0
2018-09-06,sh.600736,5.8200,5.9000,5.7900,5.8600,5.8300,1667379,9784699.0000,0.139612,1,0.514583,10.408410,1.154312,1.062903,-47.629523,0
2018-09-07,sh.600736,5.8700,5.9000,5.8300,5.8700,5.8600,1126179,6611057.0000,0.094297,1,0.170644,10.426171,1.156282,1.064716,-47.710802,0
2018-09-10,sh.600736,5.8700,5.8900,5.7700,5.7700,5.8700,1702679,9895743.0000,0.142568,1,-1.703576,10.248553,1.136584,1.046578,-46.898012,0
2018-09-11,sh.600736,5.7900,5.8800,5.7300,5.8300,5.7700,1803202,10473562.0000,0.150985,1,1.039860,10.355124,1.148403,1.057461,-47.385686,0
2018-09-12,sh.600736,5.8200,6.2000,5.8000,5.9300,5.8300,8690985,52040118.0000,0.727710,1,1.715264,10.532742,1.168101,1.075599,-48.198477,0
2018-09-13,sh.600736,5.9200,5.9700,5.8400,5.8800,5.9300,3531090,20776148.0000,0.295664,1,-0.843166,10.443933,1.158252,1.066530,-47.792081,0
2018-09-14,sh.600736,5.8800,5.9100,5.8000,5.8500,5.8800,4013782,23514939.0000,0.336080,1,-0.510208,10.390648,1.152343,1.061089,-47.548244,0
2018-09-17,sh.600736,5.8500,5.8500,5.7400,5.7600,5.8500,1466400,8471683.0000,0.122784,1,-1.538456,10.230792,1.134614,1.044764,-46.816733,0
2018-09-18,sh.600736,5.7900,5.8400,5.7200,5.8300,5.7600,3850805,22346490.0000,0.322434,1,1.215272,10.355124,1.148403,1.057461,-47.385686,0
2018-09-19,sh.600736,5.8100,5.9300,5.7700,5.8800,5.8300,4887769,28795077.0000,0.409260,1,0.857636,10.443933,1.158252,1.066530,-47.792081,0
2018-09-20,sh.600736,5.8700,5.9200,5.7500,5.8800,5.8800,5816432,33989369.0000,0.487019,1,0.000000,10.443933,1.158252,1.066530,-47.792081,0
2018-09-21,sh.600736,5.8200,5.9500,5.8200,5.9100,5.8800,6465163,38133174.0000,0.541338,1,0.510200,10.497219,1.164161,1.071972,-48.035918,0
2018-09-25,sh.600736,5.8600,5.9100,5.8300,5.8900,5.9100,2445800,14393533.0000,0.204791,1,-0.338409,10.461695,1.160222,1.068344,-47.873360,0
2018-09-26,sh.600736,5.8800,5.9200,5.8000,5.8800,5.8900,5942652,34848396.0000,0.497587,1,-0.169775,10.443933,1.158252,1.066530,-47.792081,0
2018-09-27,sh.600736,5.8500,5.8800,5.7200,5.7400,5.8800,3789644,22046919.0000,0.317313,1,-2.380958,10.195268,1.130675,1.041137,-46.654175,0
2018-09-28,sh.600736,5.7500,5.8500,5.7300,5.7500,5.7400,3430197,19809109.0000,0.287216,1,0.174220,10.213030,1.132644,1.042951,-46.735454,0
2018-10-08,sh.600736,5.7100,5.7200,5.6000,5.6400,5.7500,2745801,15566736.0000,0.229910,1,-1.913046,10.017650,1.110976,1.022998,-45.841384,0
2018-10-09,sh.600736,5.6900,5.6900,5.5500,5.5700,5.6400,2132351,11940829.0000,0.178545,1,-1.241129,9.893318,1.097188,1.010302,-45.272431,0
2018-10-10,sh.600736,5.5800,5.6000,5.4800,5.5000,5.5700,3454381,19135588.0000,0.289241,1,-1.256736,9.768985,1.083399,0.997605,-44.703477,0
2018-10-11,sh.600736,5.3800,5.4000,4.9500,4.9700,5.5000,5369800,27470207.0000,0.449622,1,-9.636367,8.827610,0.978999,0.901472,-40.395688,0
2018-10-12,sh.600736,4.9100,4.9800,4.7100,4.8900,4.9700,3598885,17507815.0000,0.301340,1,-1.609656,8.685516,0.963240,0.886961,-39.745455,0
2018-10-15,sh.600736,4.8200,4.9300,4.6500,4.6500,4.8900,2741348,13208394.0000,0.238110,1,-4.907971,7.961863,0.882986,0.813062,-36.433974,0
2018-10-16,sh.600736,4.7000,4.7300,4.5300,4.5600,4.6500,2585493,11964214.0000,0.224573,1,-1.935487,7.807762,0.865896,0.797326,-35.728800,0
2018-10-17,sh.600736,4.5900,4.6300,4.4500,4.5700,4.5600,2479881,11283753.0000,0.215400,1,0.219303,7.824884,0.867794,0.799074,-35.807152,0
2018-10-18,sh.600736,4.5200,4.5800,4.4500,4.4900,4.5700,1649606,7449998.0000,0.143283,1,-1.750556,7.687906,0.852603,0.785086,-35.180331,0
2018-10-19,sh.600736,4.4200,4.6400,4.4000,4.5800,4.4900,3113820,14104987.0000,0.270463,1,2.004458,7.842007,0.869693,0.800823,-35.885505,0
2018-10-22,sh.600736,4.6000,5.0400,4.5900,4.8700,4.5800,8900747,43496390.0000,0.773109,1,6.331877,8.338553,0.924761,0.851530,-38.157731,0
2018-10-23,sh.600736,4.8700,4.9000,4.6900,4.7200,4.8700,3420016,16377454.0000,0.297059,1,-3.080084,8.081719,0.896278,0.825302,-36.982442,0
2018-10-24,sh.600736,4.6600,4.8400,4.6600,4.7700,4.7200,1890540,9018772.0000,0.164210,1,1.059326,8.167330,0.905772,0.834044,-37.374205,0
2018-10-25,sh.600736,4.7000,4.7800,4.6100,4.7800,4.7700,1783966,8387025.0000,0.154953,1,0.209648,8.184452,0.907671,0.835793,-37.452558,0
2018-10-26,sh.600736,4.7800,4.9800,4.7700,4.8300,4.7800,3740268,18256986.0000,0.324875,1,1.046019,8.270064,0.917166,0.844536,-37.844321,0
2018-10-29,sh.600736,4.8300,4.9000,4.7700,4.7800,4.8300,2229649,10757335.0000,0.193665,1,-1.035191,8.184452,0.907671,0.835793,-37.452558,0
2018-10-30,sh.600736,4.8300,4.8500,4.7400,4.8300,4.7800,1689060,8113646.0000,0.146710,1,1.046019,7.717019,0.945227,0.729693,122.007921,0
2018-10-31,sh.600736,4.8000,4.9100,4.8000,4.8600,4.8300,2590153,12628501.0000,0.224978,1,0.621122,7.764950,0.951098,0.734225,122.765734,0
2018-11-01,sh.600736,4.8900,4.9800,4.8600,4.9000,4.8600,3999091,19727463.0000,0.347357,1,0.823044,7.828860,0.958926,0.740268,123.776152,0
2018-11-02,sh.600736,4.9100,5.0200,4.9000,5.0100,4.9000,3972951,19748403.0000,0.345086,1,2.244901,8.004609,0.980453,0.756886,126.554800,0
2018-11-05,sh.600736,5.0000,5.5100,4.9500,5.5100,5.0100,25018165,135006424.0000,2.173050,1,9.980040,8.803473,1.078302,0.832424,139.185020,0
2018-11-06,sh.600736,5.7100,6.0600,5.7100,5.9900,5.5100,43398705,257603413.0000,3.769562,1,8.711425,9.570381,1.172238,0.904940,151.310031,0
2018-11-07,sh.600736,5.7500,5.8000,5.5200,5.6000,5.9900,30301011,171229447.0000,2.631912,1,-6.510849,8.947268,1.095915,0.846021,141.458459,0
2018-11-08,sh.600736,5.5500,5.7000,5.4700,5.5400,5.6000,17972931,100153017.0000,1.561108,1,-1.071428,8.851404,1.084173,0.836956,139.942833,0
2018-11-09,sh.600736,5.5000,6.0900,5.4600,5.8400,5.5400,43903352,258409390.0000,3.813396,1,5.415166,9.330722,1.142883,0.882279,147.520965,0
2018-11-12,sh.600736,5.7700,5.9900,5.6600,5.8700,5.8400,28169572,164268321.0000,2.446777,1,0.513694,9.378654,1.148754,0.886811,148.278778,0
2018-11-13,sh.600736,5.7800,6.1500,5.7100,5.8600,5.8700,31102097,185202696.0000,2.701493,1,-0.170353,9.362677,1.146797,0.885300,148.026174,0
2018-11-14,sh.600736,5.8100,6.1700,5.7700,5.9800,5.8600,31545284,189204134.0000,2.739988,1,2.047780,9.554404,1.170281,0.903429,151.057426,0
2018-11-15,sh.600736,6.0100,6.5800,6.0000,6.5800,5.9800,61825293,397247292.0000,5.370075,1,10.033440,10.513040,1.287700,0.994074,166.213690,0
2018-11-16,sh.600736,6.5800,7.2200,6.4200,6.9000,6.5800,70199175,477844006.0000,6.097421,1,4.863225,11.024312,1.350324,1.042418,174.297030,0
2018-11-19,sh.600736,6.8000,6.9700,6.4400,6.5400,6.9000,44670306,297672494.0000,3.880012,1,-5.217393,10.449131,1.279872,0.988031,165.203272,0
2018-11-20,sh.600736,6.3500,6.4000,6.1800,6.2200,6.5400,27231639,171372666.0000,2.365309,1,-4.892969,9.937858,1.217249,0.939687,157.119932,0
2018-11-21,sh.600736,6.1400,6.4400,6.1000,6.2700,6.2200,26717262,167974461.0000,2.320631,1,0.803862,10.017745,1.227034,0.947241,158.382954,0
2018-11-22,sh.600736,6.2900,6.4300,6.1300,6.3100,6.2700,24399522,153012366.0000,2.119315,1,0.637958,10.081654,1.234862,0.953284,159.393371,0
2018-11-23,sh.600736,6.1300,6.1500,5.7900,5.8100,6.3100,25978492,154627338.0000,2.256462,1,-7.923930,9.282791,1.137012,0.877746,146.763152,0
2018-11-26,sh.600736,5.8100,5.9800,5.7700,5.9700,5.8100,18965955,111707738.0000,1.647361,1,2.753870,9.538427,1.168324,0.901919,150.804822,0
2018-11-27,sh.600736,6.5000,6.5700,6.1900,6.3000,5.9700,57948991,373477916.0000,5.033384,1,5.527645,10.065677,1.232905,0.951773,159.140767,0
2018-11-28,sh.600736,6.2700,6.2700,5.8000,5.9900,6.3000,48305496,288810584.0000,4.195761,1,-4.920641,9.570381,1.172238,0.904940,151.310031,0
2018-11-29,sh.600736,5.9700,6.0800,5.8400,5.8400,5.9900,26758800,159591149.0000,2.324239,1,-2.504167,9.330722,1.142883,0.882279,147.520965,0
2018-11-30,sh.600736,5.8700,5.8800,5.6200,5.7500,5.8400,18070800,103558599.0000,1.569609,1,-1.541098,9.186927,1.125270,0.868682,145.247525,0
2018-12-03,sh.600736,5.8900,5.9700,5.8000,5.8800,5.7500,24391049,143801922.0000,2.118579,1,2.260872,9.394631,1.150711,0.888322,148.531382,0
2018-12-04,sh.600736,5.8800,6.0700,5.8200,6.0000,5.8800,26031841,155337249.0000,2.261096,1,2.040814,9.586359,1.174195,0.906451,151.562635,0
2018-12-05,sh.600736,5.7400,5.8000,5.6600,5.7600,6.0000,20302381,116368054.0000,1.763442,1,-3.999996,9.202904,1.127227,0.870193,145.500130,0
2018-12-06,sh.600736,5.7100,5.7600,5.6000,5.6300,5.7600,10712605,60676561.0000,0.930485,1,-2.256946,8.995200,1.101786,0.850553,142.216273,0
2018-12-07,sh.600736,5.6600,5.6800,5.6000,5.6300,5.6300,5725713,32274203.0000,0.497329,1,0.000000,8.995200,1.101786,0.850553,142.216273,0
2018-12-10,sh.600736,5.5800,5.6000,5.4100,5.4900,5.6300,10870945,59858631.0000,0.944238,1,-2.486685,8.771518,1.074388,0.829402,138.679811,0
2018-12-11,sh.600736,5.5300,5.5700,5.4400,5.5100,5.4900,7294600,40064611.0000,0.633601,1,0.364307,8.803473,1.078302,0.832424,139.185020,0
2018-12-12,sh.600736,5.5100,5.6200,5.5100,5.5800,5.5100,9020640,50141888.0000,0.783523,1,1.270412,8.915313,1.092001,0.842999,140.953251,0
2018-12-13,sh.600736,5.6300,5.6400,5.5500,5.5900,5.5800,8339740,46720071.0000,0.724380,1,0.179216,8.931291,1.093958,0.844510,141.205855,0
2018-12-14,sh.600736,5.5700,5.5900,5.3500,5.3700,5.5900,9364780,51196467.0000,0.813414,1,-3.935604,8.579791,1.050904,0.811273,135.648558,0
2018-12-17,sh.600736,5.3900,5.5300,5.3600,5.4800,5.3700,11935260,64917738.0000,1.036683,1,2.048420,8.755541,1.072431,0.827892,138.427207,0
2018-12-18,sh.600736,5.4700,5.5100,5.3800,5.4700,5.4800,6876317,37487045.0000,0.597269,1,-0.182486,8.739564,1.070474,0.826381,138.174602,0
2018-12-19,sh.600736,5.4900,5.5200,5.4000,5.4400,5.4700,6470972,35302545.0000,0.562061,1,-0.548441,8.691632,1.064603,0.821849,137.416789,0
2018-12-20,sh.600736,5.4200,5.6600,5.4100,5.6100,5.4400,15663554,87259314.0000,1.360519,1,3.125001,8.963245,1.097872,0.847531,141.711064,0
2018-12-21,sh.600736,5.5500,5.5500,5.3700,5.4300,5.6100,11488941,62623992.0000,0.997916,1,-3.208562,8.675655,1.062646,0.820338,137.164185,0
2018-12-24,sh.600736,5.4000,5.4300,5.3300,5.3900,5.4300,6088541,32720409.0000,0.528844,1,-0.736648,8.611745,1.054818,0.814295,136.153767,0
2018-12-25,sh.600736,5.3200,5.4200,5.1700,5.3600,5.3900,12105431,63925147.0000,1.051464,1,-0.556581,8.563814,1.048947,0.809763,135.395954,0
2018-12-26,sh.600736,5.3200,5.6000,5.2600,5.5000,5.3600,15707344,84972627.0000,1.364322,1,2.611938,8.787495,1.076345,0.830913,138.932416,0
2018-12-27,sh.600736,5.5200,5.5200,5.2700,5.2700,5.5000,11351800,61356560.0000,0.986005,1,-4.181818,8.420018,1.031335,0.796166,133.122515,0
2018-12-28,sh.600736,5.2600,5.3400,5.2300,5.2600,5.2700,6466335,34202333.0000,0.561659,1,-0.189749,8.404041,1.029378,0.794655,132.869910,0
2019-01-02,sh.600736,5.2800,5.3500,5.2100,5.2900,5.2600,8122400,42959990.0000,0.705502,1,0.570337,8.451973,1.035249,0.799187,133.627723,0
2019-01-03,sh.600736,5.2600,5.3600,5.0800,5.1100,5.2900,11539546,60008496.0000,1.002312,1,-3.402643,8.164382,1.000023,0.771994,129.080844,0
2019-01-04,sh.600736,5.0800,5.2500,5.0300,5.2500,5.1100,11450683,59355155.0000,0.994593,1,2.739723,8.388064,1.027421,0.793144,132.617306,0
2019-01-07,sh.600736,5.2900,5.3400,5.2400,5.3100,5.2500,9902481,52497582.0000,0.860118,1,1.142856,8.483927,1.039163,0.802209,134.132932,0
2019-01-08,sh.600736,5.3100,5.3900,5.2900,5.3100,5.3100,7660356,40876091.0000,0.665370,1,0.000000,8.483927,1.039163,0.802209,134.132932,0
2019-01-09,sh.600736,5.3300,5.4700,5.2500,5.3700,5.3100,12715053,68246625.0000,1.104415,1,1.129943,8.579791,1.050904,0.811273,135.648558,0
2019-01-10,sh.600736,5.3600,5.4000,5.3100,5.3200,5.3700,7337300,39276813.0000,0.637310,1,-0.931093,8.499905,1.041120,0.803720,134.385536,0
2019-01-11,sh.600736,5.3300,5.6700,5.2500,5.6700,5.3200,21756887,118585034.0000,1.889779,1,6.578945,9.059109,1.109614,0.856596,143.226690,0
2019-01-14,sh.600736,5.5500,5.7500,5.5400,5.5600,5.6700,24416661,137884854.0000,2.120804,1,-1.940038,8.883359,1.088087,0.839978,140.448042,0
2019-01-15,sh.600736,5.5500,5.6200,5.4300,5.6000,5.5600,12581950,69582293.0000,1.092854,1,0.719424,8.947268,1.095915,0.846021,141.458459,0
2019-01-16,sh.600736,5.6600,5.8300,5.5900,5.7600,5.6000,23624393,135361365.0000,2.051988,1,2.857149,9.202904,1.127227,0.870193,145.500130,0
2019-01-17,sh.600736,5.7000,5.8900,5.6800,5.8100,5.7600,25125712,145600480.0000,2.182391,1,0.868051,9.282791,1.137012,0.877746,146.763152,0
2019-01-18,sh.600736,5.7700,5.7700,5.6000,5.6700,5.8100,16768129,94862846.0000,1.456461,1,-2.409636,9.059109,1.109614,0.856596,143.226690,0
2019-01-21,sh.600736,5.6200,5.6900,5.5800,5.6400,5.6700,8199784,46207271.0000,0.712224,1,-0.529104,9.011177,1.103743,0.852064,142.468877,0
2019-01-22,sh.600736,5.6500,5.6900,5.5200,5.5500,5.6400,9212700,51677017.0000,0.800205,1,-1.595739,8.867382,1.086130,0.838467,140.195438,0
2019-01-23,sh.600736,5.5500,5.6600,5.4900,5.6200,5.5500,9987327,55667143.0000,0.867488,1,1.261256,8.979223,1.099829,0.849042,141.963668,0
2019-01-24,sh.600736,5.7200,5.7900,5.6000,5.6100,5.6200,14806400,84420446.0000,1.286067,1,-0.177931,8.963245,1.097872,0.847531,141.711064,0
2019-01-25,sh.600736,5.5500,5.6600,5.5000,5.5000,5.6100,10198520,56784169.0000,0.885832,1,-1.960787,8.787495,1.076345,0.830913,138.932416,0
2019-01-28,sh.600736,5.5500,5.6000,5.4900,5.5100,5.5000,7209943,39871441.0000,0.626247,1,0.181822,8.803473,1.078302,0.832424,139.185020,0
2019-01-29,sh.600736,5.5100,5.5100,5.2200,5.3000,5.5100,9428203,50123640.0000,0.818923,1,-3.811253,8.467950,1.037206,0.800698,133.880328,0
2019-01-30,sh.600736,5.2800,5.3400,5.2100,5.2300,5.3000,5143295,27123405.0000,0.446741,1,-1.320758,8.356109,1.023507,0.790123,132.112097,0
2019-01-31,sh.600736,5.2700,5.3100,5.0600,5.1400,5.2300,6651100,34572717.0000,0.577707,1,-1.720844,8.212314,1.005894,0.776526,129.838657,0
2019-02-01,sh.600736,5.1700,5.2800,5.1400,5.2800,5.1400,4939724,25767597.0000,0.429059,1,2.723742,8.435996,1.033292,0.797677,133.375119,0
2019-02-11,sh.600736,5.2900,5.4200,5.2600,5.4000,5.2800,6961698,37257228.0000,0.604685,1,2.272725,8.627723,1.056775,0.815806,136.406372,0
2019-02-12,sh.600736,5.4100,5.4800,5.3600,5.4200,5.4000,8882376,48126726.0000,0.771513,1,0.370370,8.659677,1.060689,0.818827,136.911580,0
2019-02-13,sh.600736,5.4600,5.6200,5.4400,5.5900,5.4200,12844850,71201071.0000,1.115689,1,3.136533,8.931291,1.093958,0.844510,141.205855,0
2019-02-14,sh.600736,5.6200,5.8400,5.5900,5.7000,5.5900,23471598,134429336.0000,2.038716,1,1.967793,9.107041,1.115485,0.861128,143.984503,0
2019-02-15,sh.600736,5.6800,5.9000,5.6200,5.6800,5.7000,15658100,89644612.0000,1.360045,1,-0.350877,9.075086,1.111571,0.858107,143.479295,0
2019-02-18,sh.600736,5.7000,5.8200,5.6900,5.8000,5.6800,16581090,95527271.0000,1.440215,1,2.112683,9.266813,1.135055,0.876236,146.510547,0
2019-02-19,sh.600736,5.8000,5.9300,5.7400,5.8300,5.8000,20249382,118043718.0000,1.758838,1,0.517237,9.314745,1.140926,0.880768,147.268360,0
2019-02-20,sh.600736,5.7900,5.8100,5.6700,5.7700,5.8300,12641022,72689427.0000,1.097985,1,-1.029159,9.218882,1.129184,0.871703,145.752734,0
2019-02-21,sh.600736,5.7500,5.9600,5.7300,5.7700,5.7700,19862584,115938969.0000,1.725242,1,0.000000,9.218882,1.129184,0.871703,145.752734,0
2019-02-22,sh.600736,5.7500,6.0600,5.7200,6.0600,5.7700,27025729,160723803.0000,2.347424,1,5.025996,9.682222,1.185937,0.915515,153.078261,0
2019-02-25,sh.600736,6.2700,6.4700,6.1400,6.4200,6.0600,42403885,268099288.0000,3.683154,1,5.940597,10.257404,1.256389,0.969902,162.172020,0
2019-02-26,sh.600736,6.3900,6.3900,6.1600,6.1900,6.4200,41438698,260320460.0000,3.599318,1,-3.582555,9.889927,1.211378,0.935155,156.362119,0
2019-02-27,sh.600736,6.2100,6.5900,6.1900,6.5500,6.1900,44503331,284467053.0000,3.865509,1,5.815834,10.465108,1.281829,0.989542,165.455877,0
2019-02-28,sh.600736,6.5200,6.5200,6.1900,6.2500,6.5500,31170327,197747996.0000,2.707419,1,-4.580155,9.985790,1.223120,0.944220,157.877745,0
2019-03-01,sh.600736,6.2400,6.2900,6.1400,6.2600,6.2500,19329689,120164619.0000,1.678955,1,0.160004,10.001767,1.225077,0.945730,158.130349,0
2019-03-04,sh.600736,6.3800,6.5300,6.2900,6.3500,6.2600,33181780,212064422.0000,2.882132,1,1.437694,10.145563,1.242690,0.959327,160.403789,0
2019-03-05,sh.600736,6.3100,6.7700,6.2900,6.6800,6.3500,46430790,303372547.0000,4.032926,1,5.196849,10.672813,1.307270,1.009182,168.739734,0
2019-03-06,sh.600736,6.7300,6.8500,6.5100,6.6600,6.6800,39596568,262802988.0000,3.439313,1,-0.299401,10.640858,1.303356,1.006160,168.234525,0
2019-03-07,sh.600736,6.6700,7.3300,6.5900,7.3300,6.6600,83898576,598674565.0000,7.287335,1,10.060060,11.711335,1.434475,1.107381,185.159019,0
2019-03-08,sh.600736,7.2100,8.0500,7.0100,7.4600,7.3300,89848714,680158626.0000,7.804158,1,1.773535,11.919039,1.459916,1.127020,188.442876,0
2019-03-11,sh.600736,7.4200,7.9000,7.3600,7.7600,7.4600,54535417,418835550.0000,4.736885,1,4.021450,12.398357,1.518625,1.172343,196.021008,0
2019-03-12,sh.600736,7.7600,8.4800,7.6000,8.3200,7.7600,81996767,663084289.0000,7.122146,1,7.216488,13.293084,1.628217,1.256945,210.166854,0
2019-03-13,sh.600736,8.3000,8.7500,7.8800,8.0600,8.3200,92719191,780341743.0000,8.053484,1,-3.124991,12.877675,1.577335,1.217666,203.599140,0
2019-03-14,sh.600736,7.8300,8.1200,7.3300,7.5200,8.0600,56422084,430308306.0000,4.900758,1,-6.699757,12.014903,1.471658,1.136085,189.958503,0
2019-03-15,sh.600736,7.5000,7.9500,7.4600,7.8100,7.5200,74480511,576973072.0000,6.469293,1,3.856383,12.478243,1.528410,1.179897,197.284030,0
2019-03-18,sh.600736,8.1200,8.1300,7.6100,7.8400,7.8100,47135852,369100639.0000,4.094167,1,0.384126,12.526175,1.534281,1.184429,198.041843,0
2019-03-19,sh.600736,7.7800,8.3600,7.6700,8.2700,7.8400,63756155,508340816.0000,5.537788,1,5.484698,13.213198,1.618432,1.249391,208.903832,0
2019-03-20,sh.600736,8.1200,8.5700,8.0500,8.2400,8.2700,62136802,515197635.0000,5.397132,1,-0.362765,13.165266,1.612561,1.244859,208.146019,0
2019-03-21,sh.600736,8.1800,8.5400,8.0600,8.3300,8.2400,70591380,589941540.0000,6.131487,1,1.092235,13.309061,1.630174,1.258456,210.419458,0
2019-03-22,sh.600736,8.2700,8.4700,8.0400,8.4700,8.3300,56684722,468952149.0000,4.923571,1,1.680676,13.532743,1.657572,1.279606,213.955920,0
2019-03-25,sh.600736,8.2600,8.5300,8.1000,8.1500,8.4700,52019489,431945556.0000,4.518354,1,-3.778048,13.021470,1.594948,1.231262,205.872579,0
2019-03-26,sh.600736,8.1900,8.2400,7.5000,7.6200,8.1500,49901654,388436867.0000,4.334401,1,-6.503064,12.174675,1.491228,1.151192,192.484547,0
2019-03-27,sh.600736,7.7000,7.7100,7.4300,7.5200,7.6200,24858586,187726242.0000,2.159189,1,-1.312335,12.014903,1.471658,1.136085,189.958503,0
2019-03-28,sh.600736,7.5200,7.5600,7.2100,7.2700,7.5200,27124538,200575032.0000,2.356007,1,-3.324468,11.615471,1.422733,1.098316,183.643393,0
2019-03-29,sh.600736,7.3000,7.5200,7.1600,7.5000,7.2700,27829584,205765247.0000,2.417246,1,3.163687,11.982948,1.467744,1.133063,189.453294,0
2019-04-01,sh.600736,7.5200,7.7300,7.5200,7.6600,7.5000,31935580,244375926.0000,2.773888,1,2.133331,12.238584,1.499056,1.157235,193.494964,0
2019-04-02,sh.600736,7.7100,7.9400,7.6000,7.7600,7.6600,39803752,309298432.0000,3.457309,1,1.305488,12.398357,1.518625,1.172343,196.021008,0
2019-04-03,sh.600736,7.6700,7.9200,7.6400,7.8900,7.7600,30062103,235211573.0000,2.611160,1,1.675253,12.606062,1.544066,1.191983,199.304865,0
2019-04-04,sh.600736,7.9700,8.2700,7.7500,8.1600,7.8900,53000231,424666444.0000,4.603540,1,3.422053,13.037448,1.596905,1.232773,206.125184,0
2019-04-08,sh.600736,8.2500,8.2500,7.8100,7.8900,8.1600,34520149,276807474.0000,2.998381,1,-3.308823,12.606062,1.544066,1.191983,199.304865,0
2019-04-09,sh.600736,7.8400,8.0300,7.8200,7.9700,7.8900,21553277,171112307.0000,1.872093,1,1.013941,12.733880,1.559722,1.204069,201.325700,0
2019-04-10,sh.600736,7.9700,8.7700,7.9000,8.7700,7.9700,81091088,693764337.0000,7.043480,1,10.037650,14.012061,1.716282,1.324929,221.534052,0
2019-04-11,sh.600736,9.6500,9.6500,9.2100,9.6500,8.7700,162486349,1559093043.0000,14.113381,1,10.034200,15.418060,1.888497,1.457875,243.763238,0
2019-04-12,sh.600736,8.9900,9.6300,8.7900,9.2000,9.6500,123386514,1136933333.0000,10.717213,1,-4.663211,14.699083,1.800432,1.389891,232.396041,0
2019-04-15,sh.600736,9.0100,9.7600,9.0000,9.3100,9.2000,106081696,996180362.0000,9.214136,1,1.195659,14.874833,1.821959,1.406509,235.174689,0
2019-04-16,sh.600736,9.0300,9.1700,8.6700,9.0900,9.3100,73134983,654705206.0000,6.352422,1,-2.363053,14.523333,1.778905,1.373273,229.617392,0
2019-04-17,sh.600736,9.0300,9.7200,8.8700,9.2400,9.0900,84957021,791680883.0000,7.379271,1,1.650161,14.762992,1.808260,1.395934,233.406458,0
2019-04-18,sh.600736,9.0200,9.2000,8.8000,8.8600,9.2400,59668453,534998683.0000,5.182734,1,-4.112556,14.155856,1.733895,1.338526,223.807491,0
2019-04-19,sh.600736,8.7400,8.8600,8.4600,8.6900,8.8600,45722434,394828157.0000,3.971399,1,-1.918737,13.884243,1.700626,1.312843,219.513217,0
2019-04-22,sh.600736,8.7200,8.9400,8.4400,8.6100,8.6900,41943980,365895814.0000,3.643207,1,-0.920598,13.756425,1.684970,1.300757,217.492381,0
2019-04-23,sh.600736,8.5800,9.1600,8.5100,8.9300,8.6100,65543087,585025796.0000,5.692998,1,3.716616,14.267697,1.747593,1.349101,225.575722,0
2019-04-24,sh.600736,8.8800,8.8900,8.4800,8.7100,8.9300,35546925,308553472.0000,3.087566,1,-2.463609,13.916197,1.704540,1.315864,220.018425,0
2019-04-25,sh.600736,8.5600,8.9500,8.5100,8.6100,8.7100,46681610,406564445.0000,4.054712,1,-1.148110,16.214822,1.637685,1.361344,39.970003,0
2019-04-26,sh.600736,8.5400,8.8700,8.5300,8.8200,8.6100,44540411,390151894.0000,3.868730,1,2.439025,16.610305,1.677628,1.394548,40.944881,0
2019-04-29,sh.600736,8.8900,8.9500,7.9400,7.9400,8.8200,57666877,474748359.0000,5.008880,1,-9.977321,14.953041,1.510246,1.255409,36.859677,0
2019-04-30,sh.600736,7.6600,8.1500,7.6600,8.0800,7.9400,27581603,220448696.0000,2.395707,1,1.763223,15.208004,1.510271,0.983681,7.691781,0
2019-05-06,sh.600736,7.5200,7.7300,7.2700,7.2700,8.0800,31474288,234554962.0000,2.733821,1,-10.024750,13.683439,1.358870,0.885070,6.920699,0
2019-05-07,sh.600736,7.3500,7.4000,6.8200,7.0700,7.2700,33987184,240857402.0000,2.952088,1,-2.751029,13.307003,1.321487,0.860721,6.730308,0
2019-05-08,sh.600736,6.8300,7.3500,6.7700,7.1100,7.0700,29581858,209487768.0000,2.569447,1,0.565770,13.382290,1.328964,0.865591,6.768386,0
2019-05-09,sh.600736,7.0000,7.2400,6.9400,7.0100,7.1100,21484284,151999682.0000,1.866101,1,-1.406468,13.194072,1.310272,0.853416,6.673191,0
2019-05-10,sh.600736,7.1300,7.4200,6.9800,7.3900,7.0100,38363143,278318900.0000,3.332179,1,5.420822,13.909300,1.381300,0.899679,7.034933,0
2019-05-13,sh.600736,7.3000,8.0500,7.2300,7.7600,7.3900,43973299,341650036.0000,3.819471,1,5.006771,14.605707,1.450458,0.944723,7.387156,0
2019-05-14,sh.600736,7.6600,8.0500,7.5800,7.6900,7.7600,38933616,304234451.0000,3.381730,1,-0.902064,14.473954,1.437374,0.936202,7.320519,0
2019-05-15,sh.600736,7.7900,8.0400,7.7300,7.8900,7.6900,39653259,313570764.0000,3.444237,1,2.600778,14.850390,1.474757,0.960550,7.510910,0
2019-05-16,sh.600736,7.8100,7.8800,7.6500,7.7800,7.8900,30672973,237794343.0000,2.664220,1,-1.394166,14.643350,1.454197,0.947158,7.406195,0
2019-05-17,sh.600736,7.7800,7.8700,7.3500,7.4700,7.7800,29883241,228547575.0000,2.595625,1,-3.984581,14.059875,1.396253,0.909418,7.111090,0
2019-05-20,sh.600736,7.4300,7.7200,6.9800,7.5900,7.4700,31194837,229213986.0000,2.709548,1,1.606431,14.285736,1.418683,0.924027,7.225324,0
2019-05-21,sh.600736,7.5300,7.7800,7.5300,7.6500,7.5900,26177618,200956611.0000,2.273758,1,0.790513,14.398667,1.429898,0.931332,7.282441,0
2019-05-22,sh.600736,7.6600,7.7800,7.5100,7.6200,7.6500,26957223,206180568.0000,2.341474,1,-0.392160,14.342201,1.424290,0.927680,7.253882,0
2019-05-23,sh.600736,7.4600,8.2400,7.3500,7.7300,7.6200,46959333,365449788.0000,4.078835,1,1.443571,14.549241,1.444851,0.941071,7.358597,0
2019-05-24,sh.600736,7.6000,7.6300,7.3100,7.3600,7.7300,27499007,205497838.0000,2.388533,1,-4.786544,13.852835,1.375692,0.896026,7.006375,0
2019-05-27,sh.600736,7.3400,7.6100,7.2800,7.5500,7.3600,19203541,143294124.0000,1.667998,1,2.581522,14.210449,1.411206,0.919158,7.187246,0
2019-05-28,sh.600736,7.8900,8.3100,7.8200,8.3100,7.5500,38788838,316501785.0000,3.369155,1,10.066230,15.640905,1.553261,1.011682,7.910730,0
2019-05-29,sh.600736,9.1400,9.1400,8.2800,8.3200,8.3100,109327703,954463590.0000,9.496081,1,0.120328,15.659727,1.555131,1.012899,7.920250,0
2019-05-30,sh.600736,8.0900,8.8200,7.9600,8.5100,8.3200,88025588,734465914.0000,7.645803,1,2.283660,16.017341,1.590644,1.036031,8.101121,0
2019-05-31,sh.600736,8.3600,8.6900,8.1600,8.6000,8.5100,71258128,601427805.0000,6.189400,1,1.057581,16.186737,1.607467,1.046987,8.186796,0
2019-06-03,sh.600736,8.4300,8.9500,8.2700,8.3500,8.6000,61370859,529094086.0000,5.330603,1,-2.906977,15.716192,1.560738,1.016552,7.948808,0
2019-06-04,sh.600736,8.2200,9.1900,8.0800,9.1900,8.3500,134618766,1198484478.0000,11.692834,1,10.059870,17.297222,1.717746,1.118816,8.748449,0
2019-06-05,sh.600736,9.1900,9.2300,8.7600,8.8300,9.1900,98539503,881687822.0000,8.559030,1,-3.917298,16.619638,1.650457,1.074988,8.405746,0
2019-06-06,sh.600736,8.6900,8.7300,8.1300,8.4000,8.8300,62113074,523619317.0000,5.395071,1,-4.869766,15.810301,1.570084,1.022639,7.996406,0
2019-06-10,sh.600736,8.4000,8.6600,8.2800,8.4200,8.4000,38492631,325544738.0000,3.343426,1,0.238101,15.847944,1.573822,1.025074,8.015445,0
2019-06-11,sh.600736,8.4500,9.0600,8.3300,8.9500,8.4200,73487042,643714532.0000,6.383001,1,6.294534,16.845499,1.672887,1.089597,8.519980,0
2019-06-12,sh.600736,8.8100,8.9400,8.5700,8.6100,8.9500,57672647,505103912.0000,5.009381,1,-3.798885,16.205558,1.609336,1.048205,8.196316,0
2019-06-13,sh.600736,8.5400,9.1400,8.4600,8.9100,8.6100,72949376,644753649.0000,6.336300,1,3.484323,16.770212,1.665410,1.084728,8.481902,0
2019-06-14,sh.600736,8.8000,8.9000,8.4000,8.4100,8.9100,55949824,482387685.0000,4.859738,1,-5.611672,15.829123,1.571953,1.023856,8.005925,0
2019-06-17,sh.600736,8.3700,8.5000,8.1000,8.1200,8.4100,34615560,285326754.0000,3.006668,1,-3.448276,15.283291,1.517748,0.988551,7.729859,0
2019-06-18,sh.600736,8.1100,8.2200,7.9000,7.9400,8.1200,27830839,223650089.0000,2.417355,1,-2.216747,14.944499,1.484103,0.966637,7.558507,0
2019-06-19,sh.600736,8.3600,8.4000,8.1200,8.1300,7.9400,32792722,269679670.0000,2.848339,1,2.392948,15.302113,1.519617,0.989768,7.739379,0
2019-06-20,sh.600736,8.1500,8.4300,8.1100,8.3600,8.1300,35420140,294030866.0000,3.076553,1,2.829023,15.735014,1.562607,1.017769,7.958328,0
2019-06-21,sh.600736,8.3900,8.5700,8.2800,8.3800,8.3600,35837088,302405679.0000,3.112769,1,0.239240,15.772657,1.566345,1.020204,7.977367,0
2019-06-24,sh.600736,8.3400,8.3600,8.1800,8.2200,8.3800,26487206,218362765.0000,2.300649,1,-1.909306,15.471509,1.536439,1.000725,7.825054,0
2019-06-25,sh.600736,8.4400,8.6700,8.3300,8.4800,8.2200,45601095,386094357.0000,3.960860,1,3.163008,15.960875,1.585037,1.032378,8.072562,0
2019-06-26,sh.600736,8.3000,8.3700,8.2300,8.3000,8.4800,20017090,166240352.0000,1.738662,1,-2.122634,15.622083,1.551392,1.010465,7.901211,0
2019-06-27,sh.600736,8.2700,8.5200,8.2600,8.3200,8.3000,24358736,204053855.0000,2.115772,1,0.240958,15.659727,1.555131,1.012899,7.920250,0
2019-06-28,sh.600736,8.3200,8.3300,7.9900,8.2000,8.3200,27972389,227835672.0000,2.429650,1,-1.442306,15.433865,1.532701,0.998290,7.806015,0
2019-07-01,sh.600736,8.3700,8.4200,8.2500,8.3800,8.2000,29860891,248815235.0000,2.593683,1,2.195126,15.772657,1.566345,1.020204,7.977367,0
2019-07-02,sh.600736,8.4100,8.4100,8.1800,8.2400,8.3800,24226160,200220351.0000,2.104257,1,-1.670649,15.509152,1.540177,1.003160,7.844093,0
2019-07-03,sh.600736,8.1300,8.2500,8.1100,8.1300,8.2400,14502991,118351616.0000,1.259713,1,-1.334947,15.302113,1.519617,0.989768,7.739379,0
2019-07-04,sh.600736,8.1500,8.1900,7.9800,8.0300,8.1300,16724922,135264049.0000,1.452708,1,-1.230017,15.113895,1.500925,0.977594,7.644183,0
2019-07-05,sh.600736,8.0200,8.1400,8.0000,8.0700,8.0300,9644791,77738949.0000,0.837736,1,0.498132,15.189182,1.508402,0.982464,7.682261,0
2019-07-08,sh.600736,8.1000,8.2400,7.9200,7.9400,8.0700,25074206,202823863.0000,2.177917,1,-1.610900,14.944499,1.484103,0.966637,7.558507,0
2019-07-09,sh.600736,7.9000,7.9600,7.4500,7.7700,7.9400,29956134,229913664.0000,2.601956,1,-2.141059,14.624528,1.452327,0.945941,7.396675,0
2019-07-10,sh.600736,7.7700,7.7700,7.5100,7.5500,7.7700,16655085,126448528.0000,1.446642,1,-2.831400,14.210449,1.411206,0.919158,7.187246,0
2019-07-11,sh.600736,7.6000,7.8800,7.5200,7.6300,7.5500,20063385,153720438.0000,1.742683,1,1.059602,14.361023,1.426159,0.928897,7.263402,0
2019-07-12,sh.600736,7.5900,7.6700,7.5600,7.6100,7.6300,9548370,72682023.0000,0.829361,1,-0.262123,14.323380,1.422421,0.926462,7.244363,0
2019-07-15,sh.600736,7.6000,7.6800,7.4200,7.6400,7.6100,12437562,94103996.0000,1.080313,1,0.394215,14.379845,1.428029,0.930114,7.272922,0
2019-07-16,sh.600736,7.6200,7.7400,7.6100,7.6600,7.6400,10769576,82752775.0000,0.935433,1,0.261780,14.417489,1.431767,0.932549,7.291961,0
2019-07-17,sh.600736,7.6200,7.8800,7.5900,7.8300,7.6600,22639911,175987696.0000,1.966477,1,2.219322,14.737459,1.463542,0.953245,7.453793,0
2019-07-18,sh.600736,7.8000,7.8200,7.7000,7.7300,7.8300,12485620,96870938.0000,1.084487,1,-1.277138,14.549241,1.444851,0.941071,7.358597,0
2019-07-19,sh.600736,7.7500,7.9700,7.7400,7.9500,7.7300,21510633,169388089.0000,1.868389,1,2.846051,14.963320,1.485972,0.967855,7.568027,0
2019-07-22,sh.600736,7.9800,7.9800,7.1600,7.3100,7.9500,31521654,236094642.0000,2.737935,1,-8.050313,13.758726,1.366347,0.889939,6.958777,0
2019-07-23,sh.600736,7.2600,7.3600,7.1900,7.3200,7.3100,10268400,74917933.0000,0.891902,1,0.136802,13.777548,1.368216,0.891157,6.968297,0
2019-07-24,sh.600736,7.3900,7.4600,7.3400,7.4000,7.3200,10976726,81274847.0000,0.953426,1,1.092895,13.928122,1.383169,0.900896,7.044453,0
2019-07-25,sh.600736,7.4000,7.4000,7.2000,7.2900,7.4000,16283457,118364979.0000,1.414363,1,-1.486488,13.721083,1.362608,0.887504,6.939738,0
2019-07-26,sh.600736,7.2400,7.2900,7.0500,7.2300,7.2900,17091810,122614262.0000,1.484600,1,-0.823000,13.608152,1.351393,0.880200,6.882621,0
2019-07-29,sh.600736,7.2000,7.2300,7.0900,7.1100,7.2300,9077947,64738510.0000,0.788500,1,-1.659750,13.382290,1.328964,0.865591,6.768386,0
2019-07-30,sh.600736,7.1500,7.2400,7.1300,7.1300,7.1100,10506519,75438796.0000,0.912600,1,0.281300,13.419934,1.332702,0.868026,6.787425,0
2019-07-31,sh.600736,7.1100,7.1100,6.9700,6.9800,7.1300,13651900,95906260.0000,1.185800,1,-2.103800,13.137607,1.304665,0.849764,6.644632,0
2019-08-01,sh.600736,6.9800,7.0400,6.8900,6.8900,6.9800,10227604,70979048.0000,0.888400,1,-1.289400,12.968211,1.287842,0.838807,6.558957,0
2019-08-02,sh.600736,6.6500,6.7400,6.5600,6.6400,6.8900,17044745,113346791.0000,1.480500,1,-3.628400,12.497666,1.241114,0.808372,6.320968,0
2019-08-05,sh.600736,6.6000,6.6500,6.5100,6.5200,6.6400,10130290,66617473.0000,0.879900,1,-1.807200,12.271805,1.218684,0.793763,6.206734,0
2019-08-06,sh.600736,6.3800,6.3800,5.9100,6.1900,6.5200,21461585,132305257.0000,1.864100,1,-5.061300,11.650686,1.157002,0.753587,5.892590,0
2019-08-07,sh.600736,6.2600,6.3700,6.2000,6.2000,6.1900,13403667,84225146.0000,1.164200,1,0.161500,11.669508,1.158871,0.754805,5.902109,0
2019-08-08,sh.600736,6.2700,6.3600,6.2100,6.2400,6.2000,9984663,62692538.0000,0.867300,1,0.645200,11.744795,1.166348,0.759675,5.940187,0
2019-08-09,sh.600736,6.2900,6.3300,6.0800,6.0900,6.2400,13413516,82833526.0000,1.165100,1,-2.403800,11.462468,1.138311,0.741413,5.797394,0
2019-08-12,sh.600736,6.1600,6.2300,6.1000,6.2300,6.0900,10316048,63859205.0000,0.896000,1,2.298800,11.725973,1.164479,0.758457,5.930668,0
2019-08-13,sh.600736,6.1800,6.2900,6.1200,6.1500,6.2300,9488583,58662305.0000,0.824200,1,-1.284100,11.575399,1.149526,0.748718,5.854511,0
2019-08-14,sh.600736,6.2500,6.2900,6.1200,6.1400,6.1500,9235152,57268886.0000,0.802200,1,-0.162600,11.556577,1.147656,0.747500,5.844992,0
2019-08-15,sh.600736,6.0400,6.2000,5.9400,6.1700,6.1400,11768272,71535347.0000,1.022200,1,0.488600,11.613042,1.153264,0.751153,5.873550,0
2019-08-16,sh.600736,6.2000,6.2400,6.1100,6.1300,6.1700,10900469,67382386.0000,0.946800,1,-0.648300,11.537755,1.145787,0.746283,5.835472,0
2019-08-19,sh.600736,6.1800,6.3500,6.1800,6.3400,6.1300,17253207,108423150.0000,1.498600,1,3.425800,11.933013,1.185039,0.771849,6.035383,0
2019-08-20,sh.600736,6.3600,6.5100,6.3100,6.3900,6.3400,18740102,120150060.0000,1.627700,1,0.788600,12.027122,1.194385,0.777936,6.082980,0
2019-08-21,sh.600736,6.3700,6.6400,6.3500,6.5600,6.3900,29142942,190808001.0000,2.531300,1,2.660400,12.347092,1.226161,0.798632,6.244812,0
2019-08-22,sh.600736,6.6200,6.6200,6.4300,6.5200,6.5600,15490577,100661515.0000,1.345500,1,-0.609800,12.271805,1.218684,0.793763,6.206734,0
2019-08-23,sh.600736,6.5400,6.7800,6.5000,6.6900,6.5200,24611760,164271955.0000,2.137700,1,2.607400,12.591775,1.250460,0.814459,6.368566,0
2019-08-26,sh.600736,6.4900,6.7000,6.4400,6.5400,6.6900,26377358,172237888.0000,2.291100,1,-2.242200,14.867248,1.202001,0.708038,3.744694,0
2019-08-27,sh.600736,6.5900,6.6700,6.5200,6.5500,6.5400,25810687,169870511.0000,2.241900,1,0.152900,14.889980,1.203839,0.709120,3.750420,0
2019-08-28,sh.600736,6.4900,6.5100,6.3100,6.3300,6.5500,18839158,120303450.0000,1.636300,1,-3.358800,14.389859,1.163405,0.685303,3.624452,0
2019-08-29,sh.600736,6.3500,6.3700,6.2300,6.2400,6.3300,12266885,77126493.0000,1.065500,1,-1.421800,14.185264,1.146864,0.675559,3.572919,0
2019-08-30,sh.600736,6.2600,6.3500,6.2100,6.2800,6.2400,15956727,100029601.0000,1.386000,1,0.641000,14.276195,1.154215,0.679889,3.595823,0
2019-09-02,sh.600736,6.2400,6.3400,6.1900,6.3000,6.2800,15228942,95514629.0000,1.322800,1,0.318500,14.321660,1.157891,0.682055,3.607274,0
2019-09-03,sh.600736,6.3000,6.3000,6.2000,6.2400,6.3000,12746220,79537554.0000,1.107100,1,-0.952400,14.185264,1.146864,0.675559,3.572919,0
2019-09-04,sh.600736,6.2100,6.3200,6.1800,6.3200,6.2400,16483668,103074605.0000,1.431800,1,1.282100,14.367126,1.161567,0.684220,3.618726,0
2019-09-05,sh.600736,6.3900,6.5200,6.3500,6.4300,6.3200,29262629,188357043.0000,2.541700,1,1.740500,14.617187,1.181784,0.696129,3.681710,0
2019-09-06,sh.600736,6.4300,6.4600,6.3400,6.3900,6.4300,13566339,86745226.0000,1.178400,1,-0.622100,14.526256,1.174432,0.691798,3.658807,0
2019-09-09,sh.600736,6.4600,6.5200,6.4400,6.5200,6.3900,21855956,141778488.0000,1.898400,1,2.034400,14.821782,1.198325,0.705872,3.733243,0
2019-09-10,sh.600736,6.5100,6.6000,6.4700,6.5300,6.5200,14643009,95544975.0000,1.271900,1,0.153400,14.844515,1.200163,0.706955,3.738968,0
2019-09-11,sh.600736,6.5300,6.5900,6.4700,6.4800,6.5300,16425316,107090583.0000,1.426700,1,-0.765700,14.730851,1.190974,0.701542,3.710339,0
2019-09-12,sh.600736,6.5500,6.7700,6.5300,6.6600,6.4800,33666166,225072637.0000,2.924200,1,2.777800,15.140041,1.224056,0.721029,3.813404,0
2019-09-16,sh.600736,6.6500,6.6500,6.5300,6.5800,6.6600,19085767,125806466.0000,1.657800,1,-1.201200,14.958179,1.209353,0.712368,3.767598,0
2019-09-17,sh.600736,6.5700,6.5700,6.3100,6.3300,6.5800,18738308,119975808.0000,1.627600,1,-3.799400,14.389859,1.163405,0.685303,3.624452,0
2019-09-18,sh.600736,6.4000,6.4400,6.3500,6.3700,6.3300,9151900,58523114.0000,0.794900,1,0.631900,14.480790,1.170757,0.689633,3.647355,0
2019-09-19,sh.600736,6.3500,6.3900,6.2700,6.3700,6.3700,11898832,75348481.0000,1.033500,1,0.000000,14.480790,1.170757,0.689633,3.647355,0
2019-09-20,sh.600736,6.3600,6.3900,6.3300,6.3400,6.3700,9153760,58180241.0000,0.795100,1,-0.471000,14.412592,1.165243,0.686385,3.630178,0
2019-09-23,sh.600736,6.3000,6.3200,6.1500,6.2000,6.3400,11693628,72611617.0000,1.015700,1,-2.208200,14.094333,1.139512,0.671228,3.550016,0
2019-09-24,sh.600736,6.2000,6.2400,6.1800,6.1900,6.2000,7452800,46256063.0000,0.647300,1,-0.161300,14.071600,1.137674,0.670146,3.544290,0
2019-09-25,sh.600736,6.1800,6.1800,6.0600,6.0800,6.1900,10369330,63192307.0000,0.900700,1,-1.777100,13.821539,1.117457,0.658237,3.481306,0
2019-09-26,sh.600736,6.1100,6.1100,5.9900,5.9900,6.0800,9893154,59621414.0000,0.859300,1,-1.480300,13.616944,1.100916,0.648493,3.429773,0
2019-09-27,sh.600736,6.0000,6.0600,6.0000,6.0500,5.9900,4513882,27241809.0000,0.392100,1,1.001700,13.753341,1.111943,0.654989,3.464128,0
2019-09-30,sh.600736,6.0500,6.0800,5.9900,6.0000,6.0500,3977930,23966238.0000,0.345500,1,-0.826400,13.639677,1.102753,0.649576,3.435499,0
2019-10-08,sh.600736,5.9800,6.0300,5.9800,6.0000,6.0000,3820712,22933081.0000,0.331900,1,0.000000,13.639677,1.102753,0.649576,3.435499,0
2019-10-09,sh.600736,5.9600,6.0700,5.9600,6.0700,6.0000,5505346,33213937.0000,0.478200,1,1.166700,13.798806,1.115619,0.657154,3.475580,0
2019-10-10,sh.600736,6.0600,6.0600,5.9900,6.0400,6.0700,12233387,73701497.0000,1.062600,1,-0.494200,13.730608,1.110105,0.653906,3.458403,0
2019-10-11,sh.600736,6.0500,6.0600,5.9800,6.0100,6.0400,7331018,44076591.0000,0.636800,1,-0.496700,13.662409,1.104591,0.650658,3.441225,0
2019-10-14,sh.600736,6.0500,6.1200,6.0200,6.1100,6.0100,11983674,72884908.0000,1.040900,1,1.663900,13.889737,1.122971,0.661485,3.498483,0
2019-10-15,sh.600736,6.1000,6.1000,6.0300,6.0400,6.1100,6067547,36713679.0000,0.527000,1,-1.145700,13.730608,1.110105,0.653906,3.458403,0
2019-10-16,sh.600736,6.0400,6.0700,5.9800,5.9900,6.0400,6601800,39781334.0000,0.573400,1,-0.827800,13.616944,1.100916,0.648493,3.429773,0
2019-10-17,sh.600736,5.9800,6.0200,5.9400,5.9600,5.9900,5858226,35005991.0000,0.508800,1,-0.500800,13.548745,1.095402,0.645245,3.412596,0
2019-10-18,sh.600736,5.9600,5.9900,5.8000,5.8200,5.9600,8060580,47567340.0000,0.700100,1,-2.349000,13.230486,1.069671,0.630089,3.332434,0
2019-10-21,sh.600736,5.8200,5.8400,5.6500,5.7300,5.8200,7081501,40513121.0000,0.615100,1,-1.546400,13.025891,1.053130,0.620345,3.280902,0
2019-10-22,sh.600736,5.7400,5.7800,5.7000,5.7500,5.7300,4021816,23109377.0000,0.349300,1,0.349000,13.071357,1.056805,0.622510,3.292354,0
2019-10-23,sh.600736,5.7700,5.7800,5.7100,5.7300,5.7500,3756300,21550766.0000,0.326300,1,-0.347800,13.025891,1.053130,0.620345,3.280902,0
2019-10-24,sh.600736,5.7500,5.9900,5.7500,5.9000,5.7300,11204533,66131610.0000,0.973200,1,2.966800,13.412349,1.084374,0.638750,3.378241,0
2019-10-25,sh.600736,5.8800,6.1000,5.8200,6.0600,5.9000,15101678,90400320.0000,1.311700,1,2.711900,13.776073,1.113781,0.656072,3.469854,0
2019-10-28,sh.600736,6.0000,6.0900,5.9300,6.0600,6.0600,12469212,75155360.0000,1.083100,1,0.000000,13.776073,1.113781,0.656072,3.469854,0
2019-10-29,sh.600736,5.9800,6.0300,5.9300,5.9400,6.0600,9492611,56720655.0000,0.824500,1,-1.980200,14.518319,1.101608,0.672765,-39.083838,0
2019-10-30,sh.600736,5.9500,5.9600,5.7800,5.8400,5.9400,7896400,46168086.0000,0.685900,1,-1.683500,14.273903,1.083063,0.661439,-38.425861,0
2019-10-31,sh.600736,5.8400,5.8500,5.7100,5.7100,5.8400,6456901,37180852.0000,0.560800,1,-2.226000,13.956162,1.058953,0.646716,-37.570491,0
2019-11-01,sh.600736,5.7100,5.7800,5.6600,5.7500,5.7100,4738478,27135676.0000,0.411600,1,0.700500,14.053928,1.066372,0.651246,-37.833682,0
2019-11-04,sh.600736,5.7600,5.8400,5.7400,5.7600,5.7500,4399561,25459215.0000,0.382100,1,0.173900,14.078370,1.068226,0.652379,-37.899479,0
2019-11-05,sh.600736,5.8100,5.8600,5.7600,5.7900,5.7600,6485207,37652581.0000,0.563300,1,0.520800,14.151695,1.073790,0.655776,-38.096872,0
2019-11-06,sh.600736,5.7900,5.7900,5.6600,5.6900,5.7900,6176159,35269825.0000,0.536500,1,-1.727100,13.907279,1.055244,0.644450,-37.438895,0
2019-11-07,sh.600736,5.6700,5.7300,5.6500,5.6800,5.6900,5080469,28860387.0000,0.441300,1,-0.175800,13.882837,1.053390,0.643318,-37.373098,0
2019-11-08,sh.600736,5.7000,5.7300,5.6500,5.7300,5.6800,7071062,40237123.0000,0.614200,1,0.880300,14.005045,1.062663,0.648981,-37.702086,0
2019-11-11,sh.600736,5.7200,5.7200,5.4900,5.5000,5.7300,9646334,53615865.0000,0.837900,1,-4.014000,13.442888,1.020008,0.622931,-36.188739,0
2019-11-12,sh.600736,5.5000,5.5300,5.4000,5.4500,5.5000,4384706,23916099.0000,0.380900,1,-0.909100,13.320680,1.010735,0.617268,-35.859750,0
2019-11-13,sh.600736,5.4700,5.4700,5.3800,5.4000,5.4500,4372171,23671367.0000,0.379800,1,-0.917400,13.198472,1.001462,0.611605,-35.530762,0
2019-11-14,sh.600736,5.4000,5.4200,5.3800,5.3900,5.4000,3640822,19653576.0000,0.316200,1,-0.185200,13.174030,0.999608,0.610472,-35.464964,0
2019-11-15,sh.600736,5.4000,5.4000,5.2600,5.2800,5.3900,5922997,31453696.0000,0.514500,1,-2.040800,12.905172,0.979207,0.598014,-34.741189,0
2019-11-18,sh.600736,5.2800,5.3000,5.2400,5.2800,5.2800,4833884,25482369.0000,0.419900,1,0.000000,12.905172,0.979207,0.598014,-34.741189,0
2019-11-19,sh.600736,5.2800,5.3700,5.2600,5.3600,5.2800,4560601,24286654.0000,0.396100,1,1.515200,13.100705,0.994044,0.607075,-35.267571,0
2019-11-20,sh.600736,5.3500,5.3500,5.3100,5.3100,5.3600,3253662,17325956.0000,0.282600,1,-0.932800,12.978497,0.984771,0.601412,-34.938582,0
2019-11-21,sh.600736,5.2800,5.3100,5.2500,5.2600,5.3100,3397696,17912749.0000,0.295100,1,-0.941600,12.856289,0.975498,0.595749,-34.609594,0
2019-11-22,sh.600736,5.2700,5.3200,5.2000,5.2100,5.2600,4168000,21880079.0000,0.362000,1,-0.950600,12.734081,0.966225,0.590086,-34.280605,0
2019-11-25,sh.600736,5.2800,5.5400,5.2700,5.4000,5.2100,12054352,65283110.0000,1.047000,1,3.646800,13.198472,1.001462,0.611605,-35.530762,0
2019-11-26,sh.600736,5.3600,5.3900,5.3200,5.3700,5.4000,4632968,24820924.0000,0.402400,1,-0.555600,13.125147,0.995898,0.608207,-35.333369,0
2019-11-27,sh.600736,5.3400,5.3500,5.2800,5.3000,5.3700,4013720,21335987.0000,0.348600,1,-1.303500,12.954056,0.982917,0.600279,-34.872785,0
2019-11-28,sh.600736,5.2900,5.3300,5.2600,5.2700,5.3000,2328149,12313415.0000,0.202200,1,-0.566000,12.880731,0.977353,0.596881,-34.675392,0
2019-11-29,sh.600736,5.2500,5.2700,5.2100,5.2400,5.2700,4652094,24346469.0000,0.404100,1,-0.569300,12.807406,0.971789,0.593483,-34.477998,0
2019-12-02,sh.600736,5.4100,5.5000,5.3300,5.3300,5.2400,9615396,51944091.0000,0.835200,1,1.717600,13.027380,0.988480,0.603677,-35.070178,0
2019-12-03,sh.600736,5.2700,5.3800,5.2500,5.3600,5.3300,5060035,26820156.0000,0.439500,1,0.562900,13.100705,0.994044,0.607075,-35.267571,0
2019-12-04,sh.600736,5.3400,5.3800,5.3100,5.3700,5.3600,3761476,20140889.0000,0.326700,1,0.186600,13.125147,0.995898,0.608207,-35.333369,0
2019-12-05,sh.600736,5.3800,5.4200,5.3600,5.4100,5.3700,4855327,26205670.0000,0.421700,1,0.744900,13.222913,1.003317,0.612738,-35.596559,0
2019-12-06,sh.600736,5.4100,5.4500,5.3900,5.4400,5.4100,4981307,27053511.0000,0.432700,1,0.554500,13.296238,1.008880,0.616135,-35.793953,0
2019-12-09,sh.600736,5.4500,5.4800,5.4200,5.4200,5.4400,4997300,27228103.0000,0.434100,1,-0.367600,13.247355,1.005171,0.613870,-35.662357,0
2019-12-10,sh.600736,5.4300,5.4400,5.3800,5.4200,5.4200,4834621,26154091.0000,0.419900,1,0.000000,13.247355,1.005171,0.613870,-35.662357,0
2019-12-11,sh.600736,5.4300,5.6100,5.4200,5.5000,5.4200,9996965,55230383.0000,0.868300,1,1.476000,13.442888,1.020008,0.622931,-36.188739,0
2019-12-12,sh.600736,5.4900,5.5000,5.4200,5.4300,5.5000,5025200,27397659.0000,0.436500,1,-1.272700,13.271797,1.007026,0.615003,-35.728155,0
2019-12-13,sh.600736,5.4400,5.5000,5.4400,5.4900,5.4300,6402978,35086261.0000,0.556200,1,1.105000,13.418446,1.018153,0.621798,-36.122941,0
2019-12-16,sh.600736,5.5200,5.5700,5.4700,5.5700,5.4900,7894126,43601799.0000,0.685700,1,1.457200,13.613979,1.032990,0.630859,-36.649323,0
2019-12-17,sh.600736,5.5900,5.6900,5.5700,5.6600,5.5700,12297155,69434220.0000,1.068100,1,1.615800,13.833954,1.049681,0.641053,-37.241502,0
2019-12-18,sh.600736,5.6600,5.7100,5.6200,5.6400,5.6600,8325455,47187243.0000,0.723100,1,-0.353400,13.785071,1.045972,0.638787,-37.109907,0
2019-12-19,sh.600736,5.6700,5.7400,5.6400,5.7200,5.6400,8785240,50064242.0000,0.763100,1,1.418400,13.980603,1.060808,0.647848,-37.636288,0
2019-12-20,sh.600736,5.7100,5.7500,5.6500,5.6500,5.7200,8064800,45951690.0000,0.700500,1,-1.223800,13.809512,1.047826,0.639920,-37.175704,0
2019-12-23,sh.600736,5.6600,5.6800,5.4600,5.4700,5.6500,8129840,45357066.0000,0.706100,1,-3.185800,13.369563,1.014444,0.619533,-35.991346,0
2019-12-24,sh.600736,5.4900,5.5400,5.4600,5.5300,5.4700,6170004,33900267.0000,0.535900,1,1.096900,13.516213,1.025571,0.626329,-36.386132,0
2019-12-25,sh.600736,5.5200,5.5300,5.4700,5.5000,5.5300,6279600,34502253.0000,0.545400,1,-0.542500,13.442888,1.020008,0.622931,-36.188739,0
2019-12-26,sh.600736,5.5200,5.5800,5.4900,5.5700,5.5000,7058690,39119481.0000,0.613100,1,1.272700,13.613979,1.032990,0.630859,-36.649323,0
2019-12-27,sh.600736,5.5600,5.6400,5.5500,5.6100,5.5700,9116812,51041587.0000,0.791900,1,0.718100,13.711746,1.040408,0.635390,-36.912514,0
2019-12-30,sh.600736,5.6300,5.7900,5.6100,5.7600,5.6100,16914462,96764698.0000,1.469200,1,2.673800,14.078370,1.068226,0.652379,-37.899479,0
2019-12-31,sh.600736,5.7400,5.8700,5.6900,5.8300,5.7600,17064253,98546408.0000,1.482200,1,1.215300,14.249461,1.081208,0.660307,-38.360063,0
2020-01-02,sh.600736,5.8500,5.9800,5.8300,5.8400,5.8300,15840450,93254202.0000,1.375900,1,0.171500,14.273903,1.083063,0.661439,-38.425861,0
2020-01-03,sh.600736,5.8300,5.8600,5.7700,5.8000,5.8400,11874413,68940373.0000,1.031400,1,-0.684900,14.176136,1.075644,0.656909,-38.162670,0
2020-01-06,sh.600736,5.7400,5.8300,5.7000,5.7700,5.8000,10679548,61584227.0000,0.927600,1,-0.517200,14.102811,1.070081,0.653511,-37.965277,0
2020-01-07,sh.600736,5.7700,5.8300,5.7600,5.8300,5.7700,11143768,64703260.0000,0.967900,1,1.039900,14.249461,1.081208,0.660307,-38.360063,0
2020-01-08,sh.600736,5.7900,5.8100,5.6600,5.6600,5.8300,12624454,72271071.0000,1.096500,1,-2.916000,13.833954,1.049681,0.641053,-37.241502,0
2020-01-09,sh.600736,5.7100,5.7400,5.6900,5.7300,5.6600,6518455,37260629.0000,0.566200,1,1.236800,14.005045,1.062663,0.648981,-37.702086,0
2020-01-10,sh.600736,5.7500,5.8500,5.7100,5.8500,5.7300,16159055,93610514.0000,1.403600,1,2.094200,14.298344,1.084917,0.662572,-38.491659,0
2020-01-13,sh.600736,5.8100,5.8400,5.7000,5.8100,5.8500,14815729,85482953.0000,1.286900,1,-0.683800,14.200578,1.077499,0.658042,-38.228468,0
2020-01-14,sh.600736,5.8000,5.9000,5.7800,5.8700,5.8100,18699579,109419552.0000,1.624200,1,1.032700,14.347228,1.088626,0.664837,-38.623254,0
2020-01-15,sh.600736,5.8300,5.9700,5.7500,5.9500,5.8700,22395813,131165504.0000,1.945300,1,1.362900,14.542761,1.103463,0.673898,-39.149636,0
2020-01-16,sh.600736,5.9000,5.9500,5.8100,5.8100,5.9500,12569099,73883852.0000,1.091700,1,-2.352900,14.200578,1.077499,0.658042,-38.228468,0
2020-01-17,sh.600736,5.8200,5.8500,5.7500,5.7600,5.8100,9074696,52571616.0000,0.788200,1,-0.860600,14.078370,1.068226,0.652379,-37.899479,0
2020-01-20,sh.600736,5.7500,5.7800,5.7200,5.7800,5.7600,6900418,39727760.0000,0.599400,1,0.347200,14.127253,1.071935,0.654644,-38.031075,0
2020-01-21,sh.600736,5.7500,5.7600,5.6400,5.6400,5.7800,10166800,57782508.0000,0.883100,1,-2.422200,13.785071,1.045972,0.638787,-37.109907,0
2020-01-22,sh.600736,5.6300,5.6300,5.4800,5.6000,5.6400,8870511,49369148.0000,0.770500,1,-0.709200,13.687304,1.038553,0.634257,-36.846716,0
2020-01-23,sh.600736,5.5700,5.5700,5.3300,5.3800,5.6000,11297998,61621844.0000,0.981300,1,-3.928600,13.149589,0.997753,0.609340,-35.399166,0
2020-02-03,sh.600736,4.8400,4.8400,4.8400,4.8400,5.3800,4160500,20136820.0000,0.361400,1,-10.037200,11.829741,0.897607,0.548179,-31.846090,0
2020-02-04,sh.600736,4.5100,4.7900,4.5100,4.6900,4.8400,15841428,74350112.0000,1.376000,1,-3.099200,11.463117,0.869788,0.531190,-30.859125,0
2020-02-05,sh.600736,4.7100,4.8300,4.7000,4.7400,4.6900,11770578,56148897.0000,1.022400,1,1.066100,11.585325,0.879061,0.536853,-31.188113,0
2020-02-06,sh.600736,4.7400,4.9300,4.7000,4.8500,4.7400,14976224,71998394.0000,1.300800,1,2.320700,11.854183,0.899461,0.549312,-31.911888,0
2020-02-07,sh.600736,4.8500,5.3400,4.8200,5.3400,4.8500,32817307,169269714.0000,2.850500,1,10.103100,13.051822,0.990335,0.604809,-35.135976,0
2020-02-10,sh.600736,5.5500,5.8100,5.4500,5.4800,5.3400,51802214,290254677.0000,4.499500,1,2.621700,13.394005,1.016299,0.620666,-36.057143,0
2020-02-11,sh.600736,5.3900,5.4600,5.2200,5.2500,5.4800,26653995,141193142.0000,2.315100,1,-4.197100,12.831848,0.973644,0.594616,-34.543796,0
2020-02-12,sh.600736,5.1900,5.2900,5.1700,5.2700,5.2500,14970680,78153243.0000,1.300300,1,0.381000,12.880731,0.977353,0.596881,-34.675392,0
2020-02-13,sh.600736,5.2700,5.3000,5.1300,5.1600,5.2700,14580201,75802463.0000,1.266400,1,-2.087300,12.611873,0.956953,0.584422,-33.951617,0
2020-02-14,sh.600736,5.1400,5.2600,5.1100,5.2400,5.1600,20294444,105621783.0000,1.762800,1,1.550400,12.807406,0.971789,0.593483,-34.477998,0
2020-02-17,sh.600736,5.2300,5.4400,5.2200,5.4200,5.2400,20752923,110882692.0000,1.802600,1,3.435100,13.247355,1.005171,0.613870,-35.662357,0
2020-02-18,sh.600736,5.3300,5.6200,5.3300,5.5700,5.4200,26921664,148223185.0000,2.338400,1,2.767500,13.613979,1.032990,0.630859,-36.649323,0
2020-02-19,sh.600736,5.5100,5.5600,5.4100,5.4400,5.5700,25151632,138023938.0000,2.184600,1,-2.333900,13.613979,1.032990,0.630859,-36.649323,0
2020-02-20,sh.600736,5.4100,5.4800,5.3300,5.4800,5.4400,17401374,94309531.0000,1.511500,1,0.735300,13.394005,1.016299,0.620666,-36.057143,0
2020-02-21,sh.600736,5.4400,5.5800,5.4200,5.5400,5.4800,21254683,117205879.0000,1.846200,1,1.094900,13.540654,1.027426,0.627461,-36.451930,0
2020-02-24,sh.600736,5.5900,5.7800,5.5100,5.6800,5.5400,28135871,158656301.0000,2.443800,1,2.527100,13.882837,1.053390,0.643318,-37.373098,0
2020-02-25,sh.600736,5.5100,5.6500,5.3800,5.6000,5.6800,24073263,133334781.0000,2.091000,1,-1.408400,13.687304,1.038553,0.634257,-36.846716,0
2020-02-26,sh.600736,5.5200,5.7500,5.4700,5.5900,5.6000,24746660,139768011.0000,2.149500,1,-0.178600,13.662862,1.036699,0.633124,-36.780918,0
2020-02-27,sh.600736,5.5900,5.6400,5.5300,5.5400,5.5900,13568379,75602586.0000,1.178500,1,-0.894500,13.540654,1.027426,0.627461,-36.451930,0
2020-02-28,sh.600736,5.3900,5.4300,5.1200,5.1300,5.5400,20417365,108019912.0000,1.773400,1,-7.400700,12.538548,0.951389,0.581025,-33.754224,0
2020-03-02,sh.600736,5.2000,5.4700,5.2000,5.4300,5.1300,19737214,106333389.0000,1.714400,1,5.847900,13.271797,1.007026,0.615003,-35.728155,0
2020-03-03,sh.600736,5.5000,5.6900,5.4200,5.5900,5.4300,29489911,164162638.0000,2.561500,1,2.946600,13.662862,1.036699,0.633124,-36.780918,0
2020-03-04,sh.600736,5.7000,5.8500,5.6100,5.7400,5.5900,38783210,221219734.0000,3.368700,1,2.683400,14.029487,1.064517,0.650113,-37.767884,0
2020-03-05,sh.600736,5.7500,5.8900,5.6800,5.8200,5.7400,41985944,244070317.0000,3.646900,1,1.393700,14.225020,1.079354,0.659174,-38.294265,0
2020-03-06,sh.600736,5.7700,5.7800,5.6500,5.6600,5.8200,22234976,126848028.0000,1.931300,1,-2.749100,13.833954,1.049681,0.641053,-37.241502,0
2020-03-09,sh.600736,5.8300,6.2300,5.6600,6.0600,5.6600,100728480,608733643.0000,8.749200,1,7.067100,14.811618,1.123863,0.686357,-39.873410,0
2020-03-10,sh.600736,5.8000,5.9000,5.4500,5.8800,6.0600,79632643,454539583.0000,6.916800,1,-2.970300,14.371669,1.090481,0.665970,-38.689052,0
2020-03-11,sh.600736,5.7800,6.4400,5.7700,6.1600,5.8800,85029088,519463057.0000,7.385500,1,4.761900,15.056034,1.142409,0.697683,-40.531388,0
2020-03-12,sh.600736,6.0100,6.1800,5.8000,5.8700,6.1600,52305972,311298136.0000,4.543200,1,-4.707800,14.347228,1.088626,0.664837,-38.623254,0
2020-03-13,sh.600736,5.4800,5.8300,5.4600,5.7300,5.8700,34248402,193941185.0000,2.974800,1,-2.385000,14.005045,1.062663,0.648981,-37.702086,0
2020-03-16,sh.600736,5.8300,6.1400,5.6700,5.7900,5.7300,49684062,293997308.0000,4.315500,1,1.047100,14.151695,1.073790,0.655776,-38.096872,0
2020-03-17,sh.600736,5.7600,6.0900,5.4800,6.0000,5.7900,50513925,294244758.0000,4.387600,1,3.626900,14.664969,1.112736,0.679561,-39.478624,0
2020-03-18,sh.600736,5.9500,6.1400,5.6600,5.6600,6.0000,47203757,280605839.0000,4.100100,1,-5.666700,13.833954,1.049681,0.641053,-37.241502,0
2020-03-19,sh.600736,5.6000,5.7500,5.4000,5.5600,5.6600,31058382,172725823.0000,2.697700,1,-1.766800,13.589538,1.031135,0.629727,-36.583525,0
2020-03-20,sh.600736,5.6200,5.6600,5.4400,5.5500,5.5600,18371184,101906575.0000,1.595700,1,-0.179900,13.565096,1.029280,0.628594,-36.517727,0
2020-03-23,sh.600736,5.3600,5.4000,5.0700,5.1200,5.5500,24677736,129157444.0000,2.143500,1,-7.747800,12.514107,0.949534,0.579892,-33.688426,0
2020-03-24,sh.600736,5.2500,5.2700,5.0300,5.1700,5.1200,12338190,63630365.0000,1.071700,1,0.976600,12.636315,0.958807,0.585555,-34.017415,0
2020-03-25,sh.600736,5.2800,5.4500,5.2300,5.3300,5.1700,17112820,90936378.0000,1.486400,1,3.094800,13.027380,0.988480,0.603677,-35.070178,0
2020-03-26,sh.600736,5.3000,5.4400,5.2000,5.3700,5.3300,18630101,98993438.0000,1.618200,1,0.750500,13.125147,0.995898,0.608207,-35.333369,0
2020-03-27,sh.600736,5.3500,5.4400,5.2700,5.2800,5.3700,15106500,81003634.0000,1.312100,1,-1.676000,12.905172,0.979207,0.598014,-34.741189,0
2020-03-30,sh.600736,5.1700,5.2100,5.0800,5.1200,5.2800,10387743,53342639.0000,0.902300,1,-3.030300,12.514107,0.949534,0.579892,-33.688426,0
2020-03-31,sh.600736,5.1800,5.2700,5.1100,5.1500,5.1200,9391069,48738890.0000,0.815700,1,0.585900,12.587431,0.955098,0.583290,-33.885819,0
2020-04-01,sh.600736,5.1200,5.2000,5.0900,5.1100,5.1500,7081660,36445585.0000,0.615100,1,-0.776700,12.489665,0.947680,0.578759,-33.622628,0
2020-04-02,sh.600736,5.0800,5.2400,5.0600,5.2100,5.1100,9492620,48969762.0000,0.824500,1,1.956900,12.734081,0.966225,0.590086,-34.280605,0
2020-04-03,sh.600736,5.2200,5.3300,5.1400,5.2800,5.2100,11544100,60176162.0000,1.002700,1,1.343600,12.905172,0.979207,0.598014,-34.741189,0
2020-04-07,sh.600736,5.3600,5.4500,5.2800,5.3800,5.2800,17054514,91378627.0000,1.481300,1,1.893900,13.149589,0.997753,0.609340,-35.399166,0
2020-04-08,sh.600736,5.3300,5.3700,5.2800,5.3100,5.3800,11622388,61788778.0000,1.009500,1,-1.301100,12.978497,0.984771,0.601412,-34.938582,0
2020-04-09,sh.600736,5.3300,5.3700,5.3000,5.3500,5.3100,10717138,57216627.0000,0.930900,1,0.753300,13.076264,0.992189,0.605942,-35.201773,0
2020-04-10,sh.600736,5.5000,5.5000,5.2900,5.3200,5.3500,14169045,76229171.0000,1.230700,1,-0.560700,13.002939,0.986626,0.602544,-35.004380,0
2020-04-13,sh.600736,5.2600,5.3100,5.1900,5.2100,5.3200,7816701,40805646.0000,0.678900,1,-2.067700,12.734081,0.966225,0.590086,-34.280605,0
2020-04-14,sh.600736,5.2400,5.2800,5.1700,5.2600,5.2100,9677721,50724868.0000,0.840600,1,0.959700,12.856289,0.975498,0.595749,-34.609594,0
2020-04-15,sh.600736,5.2500,5.2600,5.2000,5.2000,5.2600,6917220,36148626.0000,0.600800,1,-1.140700,12.709639,0.964371,0.588953,-34.214808,0
2020-04-16,sh.600736,5.1800,5.4100,5.1600,5.3900,5.2000,16147977,85572907.0000,1.402600,1,3.653800,13.174030,0.999608,0.610472,-35.464964,0
2020-04-17,sh.600736,5.3800,5.4100,5.2500,5.2800,5.3900,13666594,72631543.0000,1.187100,1,-2.040800,12.905172,0.979207,0.598014,-34.741189,0
2020-04-20,sh.600736,5.3100,5.3300,5.2500,5.2900,5.2800,6545782,34558513.0000,0.568600,1,0.189400,12.929614,0.981062,0.599146,-34.806987,0
2020-04-21,sh.600736,5.2600,5.2800,5.1300,5.1900,5.2900,9775604,50800364.0000,0.849100,1,-1.890400,12.685198,0.962516,0.587820,-34.149010,0
2020-04-22,sh.600736,5.1700,5.2600,5.1300,5.2300,5.1900,6739765,35047729.0000,0.585400,1,0.770700,12.782964,0.969935,0.592351,-34.412201,0
2020-04-23,sh.600736,5.2300,5.3600,5.2000,5.2500,5.2300,10481489,55430547.0000,0.910400,1,0.382400,12.831848,0.973644,0.594616,-34.543796,0
2020-04-24,sh.600736,5.2500,5.3600,5.1600,5.2100,5.2500,10211748,53583409.0000,0.887000,1,-0.761900,12.734081,0.966225,0.590086,-34.280605,0
2020-04-27,sh.600736,5.1600,5.7300,5.1400,5.4700,5.2100,49982210,274810104.0000,4.341400,1,4.990400,17.823219,0.919311,0.689182,8.614360,0
2020-04-28,sh.600736,5.6500,5.7100,5.3800,5.4500,5.4700,50034102,277894718.0000,4.345900,1,-0.365600,17.758052,0.915949,0.686662,8.582863,0
2020-04-29,sh.600736,5.2600,5.3000,5.1900,5.2200,5.4500,27396518,143267902.0000,2.379600,1,-4.220200,17.008630,0.877295,0.657683,8.220651,0
2020-04-30,sh.600736,5.1300,5.3000,5.1200,5.2500,5.2200,18946951,98981947.0000,1.645700,1,0.574700,27.521512,0.907642,0.876592,31.898979,0
2020-05-06,sh.600736,5.2700,5.4000,5.2600,5.3300,5.2500,16159372,86065399.0000,1.403600,1,1.523800,27.940887,0.921473,0.889949,32.385059,0
2020-05-07,sh.600736,5.2800,5.3700,5.2400,5.2600,5.3300,13110203,69179408.0000,1.138700,1,-1.313300,27.573934,0.909371,0.878262,31.959739,0
2020-05-08,sh.600736,5.2800,5.3100,5.2400,5.2800,5.2600,10964312,57794556.0000,0.952300,1,0.380200,27.678777,0.912829,0.881601,32.081259,0
2020-05-11,sh.600736,5.2800,5.3000,5.2100,5.2300,5.2800,8939600,46939754.0000,0.776500,1,-0.947000,27.416668,0.904184,0.873252,31.777459,0
2020-05-12,sh.600736,5.2100,5.2200,5.1400,5.1900,5.2300,7241284,37514089.0000,0.629000,1,-0.764800,27.206980,0.897269,0.866574,31.534419,0
2020-05-13,sh.600736,5.1600,5.2100,5.1500,5.1900,5.1900,5562203,28822136.0000,0.483100,1,0.000000,27.206980,0.897269,0.866574,31.534419,0
2020-05-14,sh.600736,5.1900,5.2000,5.1600,5.1800,5.1900,4108879,21292288.0000,0.356900,1,-0.192700,27.154558,0.895540,0.864904,31.473660,0
2020-05-15,sh.600736,5.1900,5.2100,5.1600,5.1800,5.1800,5709500,29587520.0000,0.495900,1,0.000000,27.154558,0.895540,0.864904,31.473660,0
2020-05-18,sh.600736,5.1600,5.1900,5.1400,5.1500,5.1800,6365257,32839465.0000,0.552900,1,-0.579100,26.997292,0.890354,0.859895,31.291380,0
2020-05-19,sh.600736,5.1800,5.1800,5.1500,5.1700,5.1500,5676324,29300263.0000,0.493000,1,0.388300,27.102136,0.893811,0.863234,31.412900,0
2020-05-20,sh.600736,5.1500,5.1600,5.0600,5.0700,5.1700,9744485,49637699.0000,0.846400,1,-1.934200,26.577917,0.876523,0.846537,30.805300,0
2020-05-21,sh.600736,5.1000,5.1800,5.0800,5.1000,5.0700,7787240,39960674.0000,0.676400,1,0.591700,26.735183,0.881709,0.851546,30.987580,0
2020-05-22,sh.600736,5.1000,5.1400,5.0000,5.0100,5.1000,10191313,51440470.0000,0.885200,1,-1.764700,26.263385,0.866150,0.836519,30.440740,0
2020-05-25,sh.600736,5.0000,5.0200,4.9600,4.9800,5.0100,4720401,23528801.0000,0.410000,1,-0.598800,26.106120,0.860963,0.831510,30.258460,0
2020-05-26,sh.600736,4.9900,5.0200,4.9800,5.0200,4.9800,4533621,22672045.0000,0.393800,1,0.803200,26.315807,0.867879,0.838189,30.501500,0
2020-05-27,sh.600736,5.0300,5.1300,4.9800,5.0500,5.0200,8014500,40466664.0000,0.696100,1,0.597600,26.473073,0.873065,0.843198,30.683780,0
2020-05-28,sh.600736,5.0500,5.1100,4.9900,5.0400,5.0500,6440808,32603674.0000,0.559400,1,-0.198000,26.420651,0.871336,0.841528,30.623020,0
2020-05-29,sh.600736,5.0400,5.0800,5.0000,5.0200,5.0400,5461220,27513079.0000,0.474400,1,-0.396800,26.315807,0.867879,0.838189,30.501500,0
2020-06-01,sh.600736,5.0400,5.1500,5.0400,5.1300,5.0200,9945952,50787149.0000,0.863900,1,2.191200,26.892448,0.886896,0.856555,31.169860,0
2020-06-02,sh.600736,5.1300,5.1900,5.1100,5.1800,5.1300,11335800,58378036.0000,0.984600,1,0.974700,27.154558,0.895540,0.864904,31.473660,0
2020-06-03,sh.600736,5.2000,5.2000,5.1000,5.1300,5.1800,7422345,38213672.0000,0.644700,1,-0.965200,26.892448,0.886896,0.856555,31.169860,0
2020-06-04,sh.600736,5.1400,5.1600,5.1100,5.1100,5.1300,5145089,26386696.0000,0.446900,1,-0.389900,26.787605,0.883438,0.853216,31.048340,0
2020-06-05,sh.600736,5.1100,5.1600,5.0900,5.1400,5.1100,6471834,33172308.0000,0.562100,1,0.587100,26.944870,0.888625,0.858225,31.230620,0
2020-06-08,sh.600736,5.1500,5.1800,5.1100,5.1400,5.1400,8684244,44697664.0000,0.754300,1,0.000000,26.944870,0.888625,0.858225,31.230620,0
2020-06-09,sh.600736,5.1400,5.1400,5.0900,5.1200,5.1400,6206627,31717130.0000,0.539100,1,-0.389100,26.840027,0.885167,0.854886,31.109100,0
2020-06-10,sh.600736,5.1200,5.1300,5.0700,5.0700,5.1200,4036158,20518254.0000,0.350600,1,-0.976600,26.577917,0.876523,0.846537,30.805300,0
2020-06-11,sh.600736,5.0600,5.1300,5.0600,5.0700,5.0700,5259896,26762385.0000,0.456900,1,0.000000,26.577917,0.876523,0.846537,30.805300,0
2020-06-12,sh.600736,5.0100,5.1000,4.9800,5.0600,5.0700,5428879,27390797.0000,0.471500,1,-0.197200,26.525495,0.874794,0.844868,30.744540,0
2020-06-15,sh.600736,5.0600,5.2000,5.0400,5.1200,5.0600,12091257,62038232.0000,1.050200,1,1.185800,26.840027,0.885167,0.854886,31.109100,0
2020-06-16,sh.600736,5.1400,5.1700,5.0900,5.1400,5.1200,7484143,38326397.0000,0.650100,1,0.390600,26.944870,0.888625,0.858225,31.230620,0
2020-06-17,sh.600736,5.1300,5.2900,5.1100,5.2300,5.1400,19816903,103268152.0000,1.721300,1,1.751000,27.416668,0.904184,0.873252,31.777459,0
2020-06-18,sh.600736,5.2100,5.2100,5.1400,5.1600,5.2300,11631099,60081848.0000,1.010300,1,-1.338400,27.049714,0.892083,0.861565,31.352140,0
2020-06-19,sh.600736,5.1800,5.1900,5.1400,5.1700,5.1600,7013220,36193211.0000,0.609200,1,0.193800,27.102136,0.893811,0.863234,31.412900,0
2020-06-22,sh.600736,5.1800,5.2500,5.1600,5.1800,5.1700,9427742,49062566.0000,0.818900,1,0.193400,27.154558,0.895540,0.864904,31.473660,0
2020-06-23,sh.600736,5.1800,5.2000,5.1300,5.1400,5.1800,6819102,35158864.0000,0.592300,1,-0.772200,26.944870,0.888625,0.858225,31.230620,0
2020-06-24,sh.600736,5.1600,5.2100,5.1300,5.1700,5.1400,7871172,40779962.0000,0.683700,1,0.583700,27.102136,0.893811,0.863234,31.412900,0
2020-06-29,sh.600736,5.1300,5.1600,5.0600,5.0700,5.1700,7666756,38969572.0000,0.665900,1,-1.934200,26.577917,0.876523,0.846537,30.805300,0
2020-06-30,sh.600736,5.0800,5.1700,5.0700,5.1600,5.0700,8312954,42442683.0000,0.722100,1,1.775100,27.049714,0.892083,0.861565,31.352140,0
2020-07-01,sh.600736,5.1500,5.2400,5.1000,5.2000,5.1600,14280802,73972120.0000,1.240400,1,0.775200,27.259402,0.898998,0.868243,31.595179,0
2020-07-02,sh.600736,5.2900,5.4200,5.2900,5.3500,5.2000,28320024,151414599.0000,2.459800,1,2.884600,28.045731,0.924931,0.893289,32.506579,0
2020-07-03,sh.600736,5.3100,5.4400,5.3100,5.4000,5.3500,21941072,118192269.0000,1.905800,1,0.934600,28.307841,0.933575,0.901637,32.810379,0
2020-07-06,sh.600736,5.4900,5.7300,5.4800,5.7300,5.4000,37532197,210682748.0000,3.260000,1,6.111100,30.037764,0.990627,0.956737,34.815457,0
2020-07-07,sh.600736,5.8500,5.8700,5.5900,5.6100,5.7300,32693910,185850804.0000,2.839800,1,-2.094200,29.408701,0.969880,0.936701,34.086338,0
2020-07-08,sh.600736,5.6000,5.8200,5.5400,5.7400,5.6100,26202725,148543885.0000,2.275900,1,2.317300,30.090186,0.992355,0.958407,34.876217,0
2020-07-09,sh.600736,5.6800,5.7300,5.6000,5.7100,5.6900,25258467,143556203.0000,2.193900,1,0.351500,29.932920,0.987169,0.953398,34.693937,0
2020-07-10,sh.600736,5.6800,5.8900,5.6300,5.7500,5.7100,37244711,214964579.0000,3.235000,1,0.700500,30.142608,0.994084,0.960077,34.936977,0
2020-07-13,sh.600736,5.7400,5.8900,5.7000,5.8400,5.7500,27462956,159174579.0000,2.385400,1,1.565200,30.614405,1.009644,0.975104,35.483817,0
2020-07-14,sh.600736,5.8200,5.8700,5.6700,5.8100,5.8400,29898860,172158814.0000,2.597000,1,-0.513700,30.457140,1.004457,0.970095,35.301537,0
2020-07-15,sh.600736,5.8100,5.8500,5.6000,5.6300,5.8100,24321762,138813301.0000,2.112600,1,-3.098100,29.513545,0.973338,0.940040,34.207858,0
2020-07-16,sh.600736,5.6300,5.7300,5.4400,5.4800,5.6300,21272659,119165912.0000,1.847700,1,-2.664300,28.727216,0.947405,0.914995,33.296458,0
2020-07-17,sh.600736,5.4900,5.5100,5.3100,5.3700,5.4800,16080674,86852480.0000,1.396700,1,-2.007300,28.150575,0.928388,0.896628,32.628099,0
2020-07-20,sh.600736,5.4800,5.6900,5.4300,5.6400,5.3700,20946117,117309448.0000,1.819400,1,5.027900,29.565967,0.975067,0.941710,34.268618,0
2020-07-21,sh.600736,5.6800,5.8600,5.6800,5.7900,5.6400,25786889,149162391.1100,2.239800,1,2.659600,30.352296,1.001000,0.966756,35.180017,0
2020-07-22,sh.600736,5.8200,5.8300,5.7200,5.7300,5.7900,17699502,102267613.5200,1.537400,1,-1.036300,30.037764,0.990627,0.956737,34.815457,0
2020-07-23,sh.600736,5.7500,5.7500,5.5200,5.6500,5.7300,15231465,85645092.3300,1.323000,1,-1.396200,29.618389,0.976796,0.943380,34.329378,0
2020-07-24,sh.600736,5.6300,5.6900,5.3500,5.3800,5.6500,19528315,107330875.6600,1.696200,1,-4.778800,28.202997,0.930117,0.898298,32.688859,0
2020-07-27,sh.600736,5.3900,5.4200,5.2600,5.3300,5.3800,13785009,73372134.8800,1.197400,1,-0.929400,27.940887,0.921473,0.889949,32.385059,0
2020-07-28,sh.600736,5.4000,5.5400,5.3200,5.3600,5.3300,11615300,62913905.1800,1.008900,1,0.562900,28.098153,0.926659,0.894958,32.567339,0
2020-07-29,sh.600736,5.3100,5.4700,5.2900,5.4500,5.3600,11950046,64430789.0200,1.038000,1,1.679100,28.569950,0.942219,0.909986,33.114178,0
2020-07-30,sh.600736,5.4700,5.5800,5.4300,5.4700,5.4500,12111451,66503260.4300,1.052000,1,0.367000,28.674794,0.945677,0.913325,33.235698,0
2020-07-31,sh.600736,5.4700,5.5500,5.4100,5.5200,5.4700,13802202,75763401.9400,1.198800,1,0.914100,28.936904,0.954321,0.921674,33.539498,0
2020-08-03,sh.600736,5.5200,5.6600,5.5100,5.6500,5.5200,18904076,105900606.2300,1.642000,1,2.355100,29.618389,0.976796,0.943380,34.329378,0
2020-08-04,sh.600736,5.6500,5.7700,5.5900,5.7200,5.6500,25290646,143618871.7600,2.196700,1,1.238900,29.985342,0.988898,0.955068,34.754697,0
2020-08-05,sh.600736,5.7600,5.7700,5.6000,5.6600,5.7200,18185613,102857355.1000,1.579600,1,-1.049000,29.670811,0.978525,0.945049,34.390138,0
2020-08-06,sh.600736,5.6800,5.7000,5.5600,5.6400,5.6600,13621534,76691289.0200,1.183200,1,-0.353400,29.565967,0.975067,0.941710,34.268618,0
2020-08-07,sh.600736,5.6200,5.6400,5.4600,5.5200,5.6400,13957016,77444940.7600,1.212300,1,-2.127700,28.936904,0.954321,0.921674,33.539498,0
2020-08-10,sh.600736,5.5200,5.7300,5.4700,5.6700,5.5200,17099865,96466428.1600,1.485300,1,2.717400,29.723233,0.980253,0.946719,34.450898,0
2020-08-11,sh.600736,5.6700,5.7100,5.5000,5.5100,5.6700,13204101,74148736.7000,1.146900,1,-2.821900,28.884482,0.952592,0.920004,33.478738,0
2020-08-12,sh.600736,5.5000,5.5900,5.4400,5.5100,5.5100,11496268,63151396.6200,0.998600,1,0.000000,28.884482,0.952592,0.920004,33.478738,0
2020-08-13,sh.600736,5.5300,5.5800,5.5100,5.5200,5.5100,9303843,51586882.8300,0.808100,1,0.181500,28.936904,0.954321,0.921674,33.539498,0
2020-08-14,sh.600736,5.5400,5.5400,5.4300,5.5300,5.5200,9734952,53438250.0300,0.845600,1,0.181200,28.989326,0.956050,0.923343,33.600258,0
2020-08-17,sh.600736,5.5300,5.6800,5.5200,5.6500,5.5300,13972842,78427277.6700,1.213700,1,2.170000,29.618389,0.976796,0.943380,34.329378,0
2020-08-18,sh.600736,5.7100,5.8300,5.6500,5.7500,5.6500,21901006,125917140.1600,1.902300,1,1.769900,30.142608,0.994084,0.960077,34.936977,0
2020-08-19,sh.600736,5.7000,5.7500,5.6500,5.6600,5.7500,12662401,72106078.0800,1.099800,1,-1.565200,29.670811,0.978525,0.945049,34.390138,0
2020-08-20,sh.600736,5.6600,5.7100,5.5900,5.6100,5.6600,11499636,64929945.6000,0.998800,1,-0.883400,29.408701,0.969880,0.936701,34.086338,0
2020-08-21,sh.600736,5.6300,5.7000,5.5500,5.6100,5.6100,9700325,54548995.8500,0.842600,1,0.000000,29.408701,0.969880,0.936701,34.086338,0
2020-08-24,sh.600736,5.5900,5.6400,5.5600,5.6000,5.6100,11089448,62080744.3200,0.963200,1,-0.178300,29.356279,0.968152,0.935031,34.025578,0
2020-08-25,sh.600736,5.6000,5.6500,5.5500,5.5800,5.6000,11149596,62427775.6700,0.968400,1,-0.357100,29.251435,0.964694,0.931692,33.904058,0
2020-08-26,sh.600736,5.5600,5.5800,5.4300,5.4500,5.5800,11229203,61745168.3500,0.975400,1,-2.329700,28.569950,0.942219,0.909986,33.114178,0
2020-08-27,sh.600736,5.4700,5.4900,5.4200,5.4800,5.4500,6771032,36927412.0400,0.588100,1,0.550500,28.727216,0.947405,0.914995,33.296458,0
2020-08-28,sh.600736,5.4800,5.5500,5.4400,5.5300,5.4800,7382903,40602935.5000,0.641300,1,0.912400,28.989326,0.956050,0.923343,33.600258,0
2020-08-31,sh.600736,5.5100,5.5700,5.4500,5.4600,5.5300,11916968,65857096.0200,1.035100,1,-1.265800,34.652575,0.902586,1.179549,-2.849174,0
2020-09-01,sh.600736,5.4600,5.4800,5.3700,5.4000,5.4600,9885838,53484955.2700,0.858700,1,-1.098900,34.271777,0.892668,1.166587,-2.817864,0
2020-09-02,sh.600736,5.4100,5.4400,5.3600,5.4100,5.4000,9659268,52062105.5000,0.839000,1,0.185200,34.335244,0.894321,1.168747,-2.823082,0
2020-09-03,sh.600736,5.4200,5.4300,5.3500,5.3800,5.4100,8095200,43653627.8300,0.703100,1,-0.554500,34.144845,0.889361,1.162266,-2.807428,0
2020-09-04,sh.600736,5.3100,5.3300,5.2900,5.3200,5.3800,7941997,42185359.6800,0.689800,1,-1.115200,33.764047,0.879443,1.149304,-2.776118,0
2020-09-07,sh.600736,5.3200,5.3600,5.2400,5.2400,5.3200,9170210,48614565.3000,0.796500,1,-1.503800,33.256317,0.866218,1.132021,-2.734372,0
2020-09-08,sh.600736,5.2400,5.3100,5.2300,5.2800,5.2400,7530920,39666180.2000,0.654100,1,0.763400,33.510182,0.872831,1.140662,-2.755245,0
2020-09-09,sh.600736,5.2600,5.3000,5.2100,5.2100,5.2800,9311156,48853382.4400,0.808800,1,-1.325800,33.065918,0.861259,1.125540,-2.718717,0
2020-09-10,sh.600736,5.2400,5.2700,5.0300,5.0500,5.2100,15062471,77520331.7500,1.308300,1,-3.071000,32.050458,0.834810,1.090974,-2.635225,0
2020-09-11,sh.600736,5.0600,5.0900,5.0200,5.0600,5.0500,8196080,41464828.9100,0.711900,1,0.198000,32.113925,0.836463,1.093135,-2.640443,0
2020-09-14,sh.600736,5.0800,5.1200,5.0600,5.0800,5.0600,6718920,34224777.4000,0.583600,1,0.395300,32.240857,0.839769,1.097455,-2.650880,0
2020-09-15,sh.600736,5.0900,5.1000,5.0500,5.0800,5.0800,5128700,26022618.0000,0.445500,1,0.000000,32.240857,0.839769,1.097455,-2.650880,0
2020-09-16,sh.600736,5.0800,5.1200,5.0300,5.0500,5.0800,6778993,34388691.5100,0.588800,1,-0.590600,32.050458,0.834810,1.090974,-2.635225,0
2020-09-17,sh.600736,5.0400,5.1000,5.0300,5.0600,5.0500,5391481,27267599.3200,0.468300,1,0.198000,32.113925,0.836463,1.093135,-2.640443,0
2020-09-18,sh.600736,5.0600,5.1400,5.0500,5.1300,5.0600,7181594,36632548.0900,0.623800,1,1.383400,32.558188,0.848034,1.108257,-2.676971,0
2020-09-21,sh.600736,5.1300,5.1400,5.0700,5.0800,5.1300,6225700,31757382.0000,0.540800,1,-0.974700,32.240857,0.839769,1.097455,-2.650880,0
2020-09-22,sh.600736,5.0500,5.0700,5.0200,5.0300,5.0800,7444370,37556015.1000,0.646600,1,-0.984300,31.923526,0.831503,1.086654,-2.624788,0
2020-09-23,sh.600736,5.0300,5.1000,5.0200,5.0800,5.0300,7243315,36662912.2000,0.629100,1,0.994000,32.240857,0.839769,1.097455,-2.650880,0
2020-09-24,sh.600736,5.0500,5.0600,5.0000,5.0000,5.0800,7276767,36535320.2000,0.632100,1,-1.574800,31.733127,0.826544,1.080173,-2.609133,0
2020-09-25,sh.600736,5.0200,5.0400,4.9600,4.9700,5.0000,5461908,27247524.7800,0.474400,1,-0.600000,31.542728,0.821585,1.073692,-2.593479,0
2020-09-28,sh.600736,5.0000,5.0000,4.9200,4.9300,4.9700,4780078,23691322.1000,0.415200,1,-0.804800,31.288863,0.814973,1.065050,-2.572606,0
2020-09-29,sh.600736,4.9600,4.9800,4.9300,4.9300,4.9300,3546081,17547031.4200,0.308000,1,0.000000,31.288863,0.814973,1.065050,-2.572606,0
2020-09-30,sh.600736,4.9500,4.9700,4.9100,4.9200,4.9300,2713625,13397591.1800,0.235700,1,-0.202800,31.225397,0.813319,1.062890,-2.567387,0
2020-10-09,sh.600736,4.9800,5.0300,4.9600,5.0100,4.9200,4715356,23601802.6700,0.409600,1,1.829300,31.796593,0.828197,1.082333,-2.614352,0
2020-10-12,sh.600736,5.0300,5.0900,5.0200,5.0800,5.0100,8323333,42183482.2900,0.723000,1,1.397200,32.240857,0.839769,1.097455,-2.650880,0
2020-10-13,sh.600736,5.0700,5.0800,5.0300,5.0600,5.0800,3939466,19898378.1600,0.342200,1,-0.393700,32.113925,0.836463,1.093135,-2.640443,0
2020-10-14,sh.600736,5.0600,5.0700,4.9800,4.9900,5.0600,5066784,25389402.3200,0.440100,1,-1.383400,31.669661,0.824891,1.078012,-2.603915,0
2020-10-15,sh.600736,5.0200,5.0200,4.9800,5.0100,4.9900,3700760,18516785.6000,0.321400,1,0.400800,31.796593,0.828197,1.082333,-2.614352,0
2020-10-16,sh.600736,4.9900,5.0200,4.9900,5.0100,5.0100,2629010,13153317.0800,0.228400,1,0.000000,31.796593,0.828197,1.082333,-2.614352,0
2020-10-19,sh.600736,5.0200,5.0700,5.0000,5.0600,5.0100,4597197,23122604.1400,0.399300,1,0.998000,32.113925,0.836463,1.093135,-2.640443,0
2020-10-20,sh.600736,5.0200,5.0600,5.0000,5.0400,5.0600,3024061,15206103.9100,0.262700,1,-0.395300,31.986992,0.833156,1.088814,-2.630006,0
2020-10-21,sh.600736,5.0400,5.0600,5.0000,5.0400,5.0400,3499600,17578302.3900,0.304000,1,0.000000,31.986992,0.833156,1.088814,-2.630006,0
2020-10-22,sh.600736,5.0300,5.0300,5.0000,5.0100,5.0400,2838649,14225881.8200,0.246600,1,-0.595200,31.796593,0.828197,1.082333,-2.614352,0
2020-10-23,sh.600736,5.0100,5.0200,4.9800,4.9900,5.0100,2944100,14717849.0000,0.255700,1,-0.399200,31.669661,0.824891,1.078012,-2.603915,0
2020-10-26,sh.600736,5.0000,5.0000,4.9500,4.9600,4.9900,2854100,14184385.7600,0.247900,1,-0.601200,31.479262,0.819932,1.071531,-2.588260,0
2020-10-27,sh.600736,4.9600,4.9700,4.9100,4.9500,4.9600,3290716,16242622.3300,0.285800,1,-0.201600,31.415796,0.818279,1.069371,-2.583042,0
2020-10-28,sh.600736,4.9500,4.9500,4.9000,4.9200,4.9500,2844900,14004040.0000,0.247100,1,-0.606100,31.225397,0.813319,1.062890,-2.567387,0
2020-10-29,sh.600736,4.8900,4.9000,4.8500,4.8900,4.9200,4293053,20957610.4900,0.372900,1,-0.609800,31.034998,0.808360,1.056409,-2.551732,0
2020-10-30,sh.600736,4.8800,4.9300,4.7700,4.8000,4.8900,5795120,28051919.8000,0.503400,1,-1.840500,30.463802,0.793482,1.036966,-2.504768,0
2020-11-02,sh.600736,4.8400,4.8600,4.7800,4.7900,4.8000,3982879,19204036.6200,0.345900,1,-0.208300,24.987528,0.803592,1.068697,-24.400306,0
2020-11-03,sh.600736,4.8100,4.8800,4.7900,4.8800,4.7900,3531978,17114617.3200,0.306800,1,1.878900,25.457022,0.818691,1.088777,-24.858767,0
2020-11-04,sh.600736,4.8900,4.9000,4.8300,4.8600,4.8800,2883233,14002884.0400,0.250400,1,-0.409800,25.352690,0.815335,1.084315,-24.756887,0
2020-11-05,sh.600736,4.8700,4.9300,4.8600,4.9200,4.8600,4385606,21465319.3000,0.380900,1,1.234600,25.665686,0.825401,1.097702,-25.062527,0
2020-11-06,sh.600736,4.9100,4.9200,4.8600,4.8800,4.9200,3415052,16686712.8000,0.296600,1,-0.813000,25.457022,0.818691,1.088777,-24.858767,0
2020-11-09,sh.600736,4.9200,5.0200,4.9000,5.0000,4.8800,7576910,37651501.2600,0.658100,1,2.459000,26.083014,0.838822,1.115551,-25.470048,0
2020-11-10,sh.600736,5.0300,5.0400,4.9300,4.9500,5.0000,4919709,24540977.0000,0.427300,1,-1.000000,25.822184,0.830434,1.104395,-25.215347,0
2020-11-11,sh.600736,4.9200,5.0100,4.9200,4.9500,4.9500,4449985,22081864.0700,0.386500,1,0.000000,25.822184,0.830434,1.104395,-25.215347,0
2020-11-12,sh.600736,4.9500,4.9700,4.9000,4.9200,4.9500,3235875,15932619.7800,0.281100,1,-0.606100,25.665686,0.825401,1.097702,-25.062527,0
2020-11-13,sh.600736,4.8900,4.9200,4.8700,4.9100,4.9200,2642983,12938028.0500,0.229600,1,-0.203300,25.613520,0.823723,1.095471,-25.011587,0
2020-11-16,sh.600736,4.9100,4.9700,4.9000,4.9600,4.9100,3768410,18632105.1600,0.327300,1,1.018300,25.874350,0.832112,1.106626,-25.266288,0
2020-11-17,sh.600736,4.9700,5.0100,4.9500,5.0000,4.9600,6526873,32493743.1000,0.566900,1,0.806500,26.083014,0.838822,1.115551,-25.470048,0
2020-11-18,sh.600736,5.0000,5.0100,4.9600,5.0000,5.0000,5725726,28581257.7400,0.497300,1,0.000000,26.083014,0.838822,1.115551,-25.470048,0
2020-11-19,sh.600736,5.0000,5.0000,4.9600,4.9700,5.0000,3719700,18512560.0000,0.323100,1,-0.600000,25.926516,0.833789,1.108857,-25.317228,0
2020-11-20,sh.600736,4.9800,4.9900,4.9400,4.9700,4.9700,3572852,17733963.1200,0.310300,1,0.000000,25.926516,0.833789,1.108857,-25.317228,0
2020-11-23,sh.600736,4.9700,5.0400,4.9600,4.9900,4.9700,6791775,33942929.9400,0.589900,1,0.402400,26.030848,0.837145,1.113319,-25.419108,0
2020-11-24,sh.600736,5.0100,5.0200,4.9700,4.9800,4.9900,5006000,24987500.0000,0.434800,1,-0.200400,25.978682,0.835467,1.111088,-25.368168,0
2020-11-25,sh.600736,4.9800,5.0300,4.9400,4.9400,4.9800,5832075,29064110.1500,0.506600,1,-0.803200,25.770018,0.828756,1.102164,-25.164407,0
2020-11-26,sh.600736,4.9400,4.9500,4.8900,4.9200,4.9400,4275300,21012537.0000,0.371300,1,-0.404900,25.665686,0.825401,1.097702,-25.062527,0
2020-11-27,sh.600736,4.9100,4.9800,4.9000,4.9800,4.9200,4884163,24168795.0500,0.424200,1,1.219500,25.978682,0.835467,1.111088,-25.368168,0
2020-11-30,sh.600736,4.9700,5.0400,4.9600,4.9900,4.9800,7228819,36206896.4200,0.627900,1,0.200800,26.030848,0.837145,1.113319,-25.419108,0
2020-12-01,sh.600736,4.9700,5.0400,4.9500,5.0300,4.9900,8093607,40508891.8900,0.703000,1,0.801600,26.239512,0.843855,1.122244,-25.622868,0
2020-12-02,sh.600736,5.0300,5.0600,5.0100,5.0200,5.0300,7369957,37089842.1700,0.640100,1,-0.198800,26.187346,0.842178,1.120013,-25.571928,0
2020-12-03,sh.600736,5.0300,5.0600,4.9900,5.0300,5.0200,8003535,40200562.6200,0.695200,1,0.199200,26.239512,0.843855,1.122244,-25.622868,0
2020-12-04,sh.600736,5.0300,5.0400,4.9900,5.0100,5.0300,6259631,31392500.0000,0.543700,1,-0.397600,26.135180,0.840500,1.117782,-25.520988,0
2020-12-07,sh.600736,5.0300,5.1600,5.0000,5.0900,5.0100,15468578,78705545.1700,1.343600,1,1.596800,26.552509,0.853921,1.135630,-25.928509,0
2020-12-08,sh.600736,5.0600,5.1100,5.0200,5.0400,5.0900,6219530,31429054.3800,0.540200,1,-0.982300,26.291678,0.845533,1.124475,-25.673808,0
2020-12-09,sh.600736,5.0200,5.0900,4.9800,4.9800,5.0400,7530500,37927283.0500,0.654100,1,-1.190500,25.978682,0.835467,1.111088,-25.368168,0
2020-12-10,sh.600736,4.9900,4.9900,4.9200,4.9400,4.9800,5820861,28820593.7300,0.505600,1,-0.803200,25.770018,0.828756,1.102164,-25.164407,0
2020-12-11,sh.600736,4.9500,4.9500,4.8100,4.8300,4.9400,8524127,41526212.2500,0.740400,1,-2.226700,25.196192,0.810302,1.077622,-24.604066,0
2020-12-14,sh.600736,4.8600,4.8700,4.8100,4.8400,4.8300,2726920,13201956.6000,0.236900,1,0.207000,25.248358,0.811980,1.079853,-24.655006,0
2020-12-15,sh.600736,4.8600,4.8600,4.8100,4.8500,4.8400,2549400,12313920.9000,0.221400,1,0.206600,25.300524,0.813658,1.082084,-24.705946,0
2020-12-16,sh.600736,4.8500,4.8600,4.7900,4.7900,4.8500,3816544,18373035.0600,0.331500,1,-1.237100,24.987528,0.803592,1.068697,-24.400306,0
2020-12-17,sh.600736,4.8100,4.8400,4.7600,4.8400,4.7900,3888612,18679896.1200,0.337800,1,1.043800,25.248358,0.811980,1.079853,-24.655006,0
2020-12-18,sh.600736,4.8400,4.8600,4.8100,4.8200,4.8400,3289344,15882707.0800,0.285700,1,-0.413200,25.144026,0.808625,1.075391,-24.553126,0
2020-12-21,sh.600736,4.8000,4.8300,4.7800,4.8200,4.8200,3617695,17396787.4500,0.314200,1,0.000000,25.144026,0.808625,1.075391,-24.553126,0
2020-12-22,sh.600736,4.7900,4.8400,4.7800,4.8000,4.8200,3831500,18430106.6000,0.332800,1,-0.414900,25.039694,0.805269,1.070929,-24.451246,0
2020-12-23,sh.600736,4.8200,4.8200,4.7700,4.8100,4.8000,3469221,16610440.9900,0.301300,1,0.208300,25.091860,0.806947,1.073160,-24.502186,0
2020-12-24,sh.600736,4.8200,4.8200,4.7100,4.7200,4.8100,5723905,27209625.7000,0.497200,1,-1.871100,24.622365,0.791848,1.053080,-24.043725,0
2020-12-25,sh.600736,4.7000,4.7600,4.6900,4.7300,4.7200,2885938,13636612.7500,0.250700,1,0.211900,24.674531,0.793526,1.055311,-24.094665,0
2020-12-28,sh.600736,4.7400,4.7400,4.6300,4.6900,4.7300,5198462,24269028.2800,0.451500,1,-0.845700,24.465867,0.786815,1.046386,-23.890905,0
2020-12-29,sh.600736,4.6800,4.7400,4.6700,4.6900,4.6900,3072549,14459032.7700,0.266900,1,0.000000,24.465867,0.786815,1.046386,-23.890905,0
2020-12-30,sh.600736,4.7100,4.7100,4.6600,4.6700,4.6900,3399812,15930223.0400,0.295300,1,-0.426400,24.361535,0.783460,1.041924,-23.789025,0
2020-12-31,sh.600736,4.6800,4.7100,4.6700,4.7000,4.6700,5322649,24948988.8300,0.462300,1,0.642400,24.518033,0.788493,1.048618,-23.941845,0
2021-01-04,sh.600736,4.6900,4.6900,4.6300,4.6700,4.7000,5445960,25392750.0000,0.473000,1,-0.638300,24.361535,0.783460,1.041924,-23.789025,0
2021-01-05,sh.600736,4.6600,4.6800,4.6200,4.6700,4.6700,5704791,26502677.4100,0.495500,1,0.000000,24.361535,0.783460,1.041924,-23.789025,0
2021-01-06,sh.600736,4.6500,4.6700,4.6300,4.6500,4.6700,4062559,18859650.5500,0.352900,1,-0.428300,24.257203,0.780105,1.037462,-23.687145,0
2021-01-07,sh.600736,4.6600,4.6600,4.5000,4.5100,4.6500,7521351,34377892.5000,0.653300,1,-3.010800,23.526879,0.756618,1.006227,-22.973983,0
2021-01-08,sh.600736,4.4800,4.5700,4.4800,4.5300,4.5100,4649895,21034113.7300,0.403900,1,0.443500,23.631211,0.759973,1.010689,-23.075863,0
2021-01-11,sh.600736,4.5300,4.5400,4.3900,4.4100,4.5300,7157275,31913958.3100,0.621700,1,-2.649000,23.005219,0.739841,0.983916,-22.464582,0
2021-01-12,sh.600736,4.4300,4.4600,4.4100,4.4400,4.4100,3579276,15875257.0400,0.310900,1,0.680300,23.161717,0.744874,0.990609,-22.617403,0
2021-01-13,sh.600736,4.4500,4.4700,4.3600,4.3900,4.4400,4816077,21205042.5700,0.418300,1,-1.126100,22.900887,0.736486,0.979453,-22.362702,0
2021-01-14,sh.600736,4.3900,4.4800,4.3700,4.4500,4.3900,4215699,18724624.8100,0.366200,1,1.366700,23.213883,0.746552,0.992840,-22.668343,0
2021-01-15,sh.600736,4.4600,4.5300,4.4400,4.5000,4.4500,4174889,18754162.7400,0.362600,1,1.123600,23.474713,0.754940,1.003996,-22.923043,0
2021-01-18,sh.600736,4.5200,4.5500,4.5000,4.5200,4.5000,3496553,15805056.6500,0.303700,1,0.444400,23.579045,0.758295,1.008458,-23.024923,0
2021-01-19,sh.600736,4.5300,4.6700,4.5100,4.6300,4.5200,8390295,38689313.2400,0.728800,1,2.433600,24.152871,0.776749,1.033000,-23.585264,0
2021-01-20,sh.600736,4.6700,4.6700,4.5800,4.6100,4.6300,3711441,17131156.4000,0.322400,1,-0.432000,24.048539,0.773394,1.028538,-23.483384,0
2021-01-21,sh.600736,4.6000,4.6500,4.5800,4.6100,4.6100,5349056,24672851.5600,0.464600,1,0.000000,24.048539,0.773394,1.028538,-23.483384,0
2021-01-22,sh.600736,4.6300,4.6300,4.5200,4.5300,4.6100,4524500,20631151.8000,0.393000,1,-1.735400,23.631211,0.759973,1.010689,-23.075863,0
2021-01-25,sh.600736,4.5300,4.5300,4.4100,4.4200,4.5300,4738000,21047301.5600,0.411500,1,-2.428300,23.057385,0.741519,0.986147,-22.515522,0
2021-01-26,sh.600736,4.4400,4.5100,4.4100,4.4200,4.4200,2992342,13314526.3800,0.259900,1,0.000000,23.057385,0.741519,0.986147,-22.515522,0
2021-01-27,sh.600736,4.4500,4.4500,4.4100,4.4500,4.4200,1924416,8534045.8400,0.167200,1,0.678700,23.213883,0.746552,0.992840,-22.668343,0
2021-01-28,sh.600736,4.4300,4.4600,4.4000,4.4200,4.4500,3061025,13545494.7900,0.265900,1,-0.674200,23.057385,0.741519,0.986147,-22.515522,0
2021-01-29,sh.600736,4.4200,4.4500,4.3500,4.4500,4.4200,5123155,22500431.5000,0.445000,1,0.678700,23.213883,0.746552,0.992840,-22.668343,0
2021-02-01,sh.600736,4.3900,4.4000,4.3200,4.3400,4.4500,4557828,19824556.8400,0.395900,1,-2.471900,22.640056,0.728098,0.968298,-22.108002,0
2021-02-02,sh.600736,4.3600,4.3700,4.3100,4.3200,4.3400,3411900,14780018.0000,0.296400,1,-0.460800,22.535724,0.724742,0.963836,-22.006121,0
2021-02-03,sh.600736,4.3000,4.3200,4.2200,4.2200,4.3200,4087800,17384787.0100,0.355100,1,-2.314800,22.014064,0.707966,0.941525,-21.496720,0
2021-02-04,sh.600736,4.1800,4.2200,4.0700,4.0900,4.2200,4667780,19278759.4000,0.405400,1,-3.080600,21.335906,0.686157,0.912520,-20.834499,0
2021-02-05,sh.600736,4.1000,4.1400,4.0800,4.0800,4.0900,3999830,16402363.3800,0.347400,1,-0.244500,21.283740,0.684479,0.910289,-20.783559,0
2021-02-08,sh.600736,4.0800,4.1500,4.0600,4.1000,4.0800,2842483,11675131.4900,0.246900,1,0.490200,21.388072,0.687834,0.914751,-20.885439,0
2021-02-09,sh.600736,4.0900,4.1800,4.0900,4.1700,4.1000,2696460,11179739.6100,0.234200,1,1.707300,21.753234,0.699578,0.930369,-21.242020,0
2021-02-10,sh.600736,4.1600,4.2000,4.1100,4.1400,4.1700,3179982,13186768.6600,0.276200,1,-0.719400,21.596736,0.694545,0.923676,-21.089200,0
2021-02-18,sh.600736,4.1800,4.2600,4.1800,4.2600,4.1400,3963519,16757231.5900,0.344300,1,2.898600,22.222728,0.714677,0.950449,-21.700481,0
2021-02-19,sh.600736,4.2500,4.3700,4.2400,4.3700,4.2600,3878583,16741696.0900,0.336900,1,2.582200,22.796554,0.733131,0.974991,-22.260822,0
2021-02-22,sh.600736,4.4000,4.4800,4.3800,4.4100,4.3700,7297980,32348505.7800,0.633900,1,0.915300,23.005219,0.739841,0.983916,-22.464582,0
2021-02-23,sh.600736,4.3900,4.4400,4.3700,4.3900,4.4100,3489222,15329752.7200,0.303100,1,-0.453500,22.900887,0.736486,0.979453,-22.362702,0
2021-02-24,sh.600736,4.4100,4.4100,4.3400,4.3800,4.3900,3495571,15304045.0800,0.303600,1,-0.227800,22.848720,0.734808,0.977222,-22.311762,0
2021-02-25,sh.600736,4.3900,4.5400,4.3700,4.4600,4.3800,9161380,40984498.1800,0.795700,1,1.826500,23.266049,0.748229,0.995071,-22.719283,0
2021-02-26,sh.600736,4.4100,4.4400,4.3500,4.3500,4.4600,5578021,24452498.1800,0.484500,1,-2.466400,22.692222,0.729775,0.970529,-22.158942,0
2021-03-01,sh.600736,4.3800,4.4100,4.3700,4.4000,4.3500,2987501,13110376.3700,0.259500,1,1.149400,22.953053,0.738164,0.981684,-22.413642,0
2021-03-02,sh.600736,4.4100,4.4400,4.3600,4.3900,4.4000,3264010,14340697.5600,0.283500,1,-0.227300,22.900887,0.736486,0.979453,-22.362702,0
2021-03-03,sh.600736,4.4100,4.4200,4.3600,4.4100,4.3900,2967065,13045537.3500,0.257700,1,0.455600,23.005219,0.739841,0.983916,-22.464582,0
2021-03-04,sh.600736,4.3900,4.5200,4.3700,4.4600,4.4100,7389571,33031114.5800,0.641800,1,1.133800,23.266049,0.748229,0.995071,-22.719283,0
2021-03-05,sh.600736,4.4600,4.4900,4.4100,4.4600,4.4600,5270375,23493630.6400,0.457800,1,0.000000,23.266049,0.748229,0.995071,-22.719283,0
2021-03-08,sh.600736,4.4600,4.7500,4.4500,4.5600,4.4600,14075005,64580070.3400,1.222500,1,2.242200,23.787709,0.765006,1.017382,-23.228684,0
2021-03-09,sh.600736,4.5500,4.5600,4.3800,4.4400,4.5600,10102886,45103476.3000,0.877500,1,-2.631600,23.161717,0.744874,0.990609,-22.617403,0
2021-03-10,sh.600736,4.4200,4.4600,4.3600,4.3600,4.4400,4074332,17907892.8000,0.353900,1,-1.801800,22.744388,0.731453,0.972760,-22.209882,0
2021-03-11,sh.600736,4.3600,4.4300,4.3200,4.4200,4.3600,3605008,15828152.2800,0.313100,1,1.376100,23.057385,0.741519,0.986147,-22.515522,0
2021-03-12,sh.600736,4.4300,4.7400,4.3900,4.5600,4.4200,9483110,43164715.5000,0.823700,1,3.167400,23.787709,0.765006,1.017382,-23.228684,0
2021-03-15,sh.600736,4.4900,4.5700,4.4100,4.5500,4.5600,7828355,35384407.2000,0.680000,1,-0.219300,23.735543,0.763328,1.015151,-23.177744,0
2021-03-16,sh.600736,4.5400,4.6000,4.5300,4.6000,4.5500,4302933,19682594.1400,0.373700,1,1.098900,23.996373,0.771717,1.026307,-23.432444,0
2021-03-17,sh.600736,4.5800,4.6300,4.5400,4.5500,4.6000,4217738,19280043.3000,0.366300,1,-1.087000,23.735543,0.763328,1.015151,-23.177744,0
2021-03-18,sh.600736,4.5600,4.5600,4.5000,4.5200,4.5500,3262747,14771195.9000,0.283400,1,-0.659300,23.579045,0.758295,1.008458,-23.024923,0
2021-03-19,sh.600736,4.4900,4.5200,4.4600,4.4900,4.5200,3659579,16406240.5400,0.317900,1,-0.663700,23.422547,0.753262,1.001764,-22.872103,0
2021-03-22,sh.600736,4.4600,4.5800,4.4600,4.5700,4.4900,4602101,20816020.5100,0.399700,1,1.781700,23.839875,0.766684,1.019613,-23.279624,0
2021-03-23,sh.600736,4.5700,4.5700,4.4700,4.5000,4.5700,4618312,20772566.4800,0.401100,1,-1.531700,23.474713,0.754940,1.003996,-22.923043,0
2021-03-24,sh.600736,4.4800,4.8500,4.4600,4.7100,4.5000,29148765,137139856.9400,2.531800,1,4.666700,24.570199,0.790171,1.050849,-23.992785,0
2021-03-25,sh.600736,4.6400,4.7400,4.5300,4.5600,4.7100,16591360,76156836.4500,1.441100,1,-3.184700,23.787709,0.765006,1.017382,-23.228684,0
2021-03-26,sh.600736,4.5500,4.6000,4.5200,4.5700,4.5600,6557499,29919270.4500,0.569600,1,0.219300,23.839875,0.766684,1.019613,-23.279624,0
2021-03-29,sh.600736,4.5800,4.5800,4.5100,4.5200,4.5700,5429100,24605866.3400,0.471600,1,-1.094100,23.579045,0.758295,1.008458,-23.024923,0
2021-03-30,sh.600736,4.5000,4.5200,4.4500,4.4700,4.5200,4130062,18473768.9000,0.358700,1,-1.106200,23.318215,0.749907,0.997302,-22.770223,0
2021-03-31,sh.600736,4.4800,4.5200,4.4300,4.5000,4.4700,4364347,19526049.6800,0.379100,1,0.671100,23.474713,0.754940,1.003996,-22.923043,0
2021-04-01,sh.600736,4.5000,4.5100,4.4500,4.4700,4.5000,3095340,13829411.2000,0.268900,1,-0.666700,23.318215,0.749907,0.997302,-22.770223,0
2021-04-02,sh.600736,4.4800,4.5300,4.4600,4.5000,4.4700,3501200,15727913.5300,0.304100,1,0.671100,23.474713,0.754940,1.003996,-22.923043,0
2021-04-06,sh.600736,4.5200,4.5700,4.4900,4.5200,4.5000,3397633,15338556.8600,0.295100,1,0.444400,23.579045,0.758295,1.008458,-23.024923,0
2021-04-07,sh.600736,4.5200,4.5500,4.4900,4.5400,4.5200,3381727,15307899.5000,0.293700,1,0.442500,23.683377,0.761651,1.012920,-23.126804,0
2021-04-08,sh.600736,4.5300,4.5300,4.4700,4.4900,4.5400,3665685,16496905.5500,0.318400,1,-1.101300,23.422547,0.753262,1.001764,-22.872103,0
2021-04-09,sh.600736,4.4900,4.5000,4.4600,4.4900,4.4900,2775400,12416494.0000,0.241100,1,0.000000,23.422547,0.753262,1.001764,-22.872103,0
2021-04-12,sh.600736,4.4800,4.5000,4.4600,4.4800,4.4900,2412249,10799924.0300,0.209500,1,-0.222700,23.370381,0.751585,0.999533,-22.821163,0
2021-04-13,sh.600736,4.4600,4.4800,4.4100,4.4100,4.4800,3055600,13567699.0000,0.265400,1,-1.562500,23.005219,0.739841,0.983916,-22.464582,0
2021-04-14,sh.600736,4.4200,4.4500,4.4200,4.4400,4.4100,2210790,9794775.7000,0.192000,1,0.680300,23.161717,0.744874,0.990609,-22.617403,0
2021-04-15,sh.600736,4.4300,4.4500,4.4200,4.4400,4.4400,1863495,8259795.9000,0.161900,1,0.000000,23.161717,0.744874,0.990609,-22.617403,0
2021-04-16,sh.600736,4.4400,4.5400,4.4300,4.5300,4.4400,4860130,21868560.5400,0.422100,1,2.027000,23.631211,0.759973,1.010689,-23.075863,0
2021-04-19,sh.600736,4.5200,4.5700,4.5100,4.5500,4.5300,3968801,18049383.5500,0.344700,1,0.441500,23.735543,0.763328,1.015151,-23.177744,0
2021-04-20,sh.600736,4.5500,4.5500,4.5200,4.5200,4.5500,3167800,14362933.6700,0.275200,1,-0.659300,23.579045,0.758295,1.008458,-23.024923,0
2021-04-21,sh.600736,4.5100,4.5400,4.4800,4.5000,4.5200,1878255,8469070.5000,0.163100,1,-0.442500,23.474713,0.754940,1.003996,-22.923043,0
2021-04-22,sh.600736,4.5000,4.5500,4.4800,4.5000,4.5000,2447973,11039831.5500,0.212600,1,0.000000,23.474713,0.754940,1.003996,-22.923043,0
2021-04-23,sh.600736,4.5100,4.5200,4.4000,4.4300,4.5000,4374282,19426678.4400,0.379900,1,-1.555600,23.109551,0.743197,0.988378,-22.566462,0
2021-04-26,sh.600736,4.4400,4.5400,4.4300,4.4800,4.4300,4706519,21087062.7500,0.408800,1,1.128700,23.370381,0.751585,0.999533,-22.821163,0
2021-04-27,sh.600736,4.4600,4.4700,4.4000,4.4100,4.4800,3641671,16097797.4000,0.316300,1,-1.562500,23.005219,0.739841,0.983916,-22.464582,0
2021-04-28,sh.600736,4.4300,4.4600,4.4100,4.4400,4.4100,2535440,11251003.2000,0.220200,1,0.680300,23.161717,0.744874,0.990609,-22.617403,0
2021-04-29,sh.600736,4.4500,4.5400,4.4300,4.5300,4.4400,5709215,25704136.8700,0.495900,1,2.027000,23.631211,0.759973,1.010689,-23.075863,0
2021-04-30,sh.600736,4.5000,4.5000,4.3700,4.4100,4.5300,8546300,37833468.7000,0.742300,1,-2.649000,13.882885,0.725943,0.506155,62.813423,0
2021-05-06,sh.600736,4.4200,4.4500,4.3700,4.4100,4.4100,3261695,14406857.9500,0.283300,1,0.000000,13.882885,0.725943,0.506155,62.813423,0
2021-05-07,sh.600736,4.4200,4.4300,4.3900,4.4100,4.4100,2954359,13022787.1400,0.256600,1,0.000000,13.882885,0.725943,0.506155,62.813423,0
2021-05-10,sh.600736,4.4100,4.4300,4.3700,4.3800,4.4100,3379468,14828351.8900,0.293500,1,-0.680300,13.788444,0.721005,0.502711,62.386121,0
2021-05-11,sh.600736,4.3800,4.4100,4.3500,4.4100,4.3800,3906853,17141657.2100,0.339300,1,0.684900,13.882885,0.725943,0.506155,62.813423,0
2021-05-12,sh.600736,4.4000,4.4300,4.3800,4.4200,4.4100,3765852,16603412.7600,0.327100,1,0.226800,13.914365,0.727589,0.507302,62.955857,0
2021-05-13,sh.600736,4.4100,4.4700,4.4000,4.4400,4.4200,4803565,21280456.0400,0.417200,1,0.452500,13.977326,0.730881,0.509598,63.240725,0
2021-05-14,sh.600736,4.4400,4.4800,4.4300,4.4500,4.4400,5079396,22657415.4000,0.441200,1,0.225200,14.008807,0.732528,0.510746,63.383159,0
2021-05-17,sh.600736,4.4700,4.4700,4.4300,4.4300,4.4500,3977400,17681284.0000,0.345500,1,-0.449400,13.945846,0.729235,0.508450,63.098291,0
2021-05-18,sh.600736,4.4300,4.4700,4.4200,4.4600,4.4300,2643480,11747006.2000,0.229600,1,0.677200,14.040287,0.734174,0.511893,63.525593,0
2021-05-19,sh.600736,4.4700,4.4700,4.4300,4.4500,4.4600,2605900,11593483.0000,0.226300,1,-0.224200,14.008807,0.732528,0.510746,63.383159,0
2021-05-20,sh.600736,4.4400,4.4700,4.4200,4.4600,4.4500,2536301,11264644.4300,0.220300,1,0.224700,14.040287,0.734174,0.511893,63.525593,0
2021-05-21,sh.600736,4.4600,4.4700,4.4400,4.4500,4.4600,2022700,8999882.0000,0.175700,1,-0.224200,14.008807,0.732528,0.510746,63.383159,0
2021-05-24,sh.600736,4.4500,4.4900,4.4500,4.4700,4.4500,3357007,15023756.9800,0.291600,1,0.449400,14.071768,0.735820,0.513041,63.668027,0
2021-05-25,sh.600736,4.4800,4.5200,4.4700,4.5100,4.4700,4506285,20273093.5500,0.391400,1,0.894900,14.197690,0.742404,0.517632,64.237764,0
2021-05-26,sh.600736,4.5300,4.5500,4.5100,4.5500,4.5100,5672280,25714389.9800,0.492700,1,0.886900,14.323611,0.748989,0.522223,64.807500,0
2021-05-27,sh.600736,4.5400,4.5800,4.5300,4.5500,4.5500,4792145,21835134.5500,0.416200,1,0.000000,14.323611,0.748989,0.522223,64.807500,0
2021-05-28,sh.600736,4.5600,4.5900,4.5400,4.5400,4.5500,4978900,22710918.4900,0.432500,1,-0.219800,14.292131,0.747343,0.521075,64.665066,0
2021-05-31,sh.600736,4.5400,4.5700,4.5200,4.5500,4.5400,4221365,19167949.0400,0.366700,1,0.220300,14.323611,0.748989,0.522223,64.807500,0
2021-06-01,sh.600736,4.5300,4.6000,4.5300,4.6000,4.5500,4258500,19484942.2100,0.369900,1,1.098900,14.481014,0.757220,0.527962,65.519670,0
2021-06-02,sh.600736,4.6300,4.7600,4.6000,4.6400,4.6000,11191029,52168204.7700,0.972000,1,0.869600,14.606936,0.763804,0.532553,66.089407,0
2021-06-03,sh.600736,4.6100,4.7300,4.5900,4.6900,4.6400,8732823,40811646.3000,0.758500,1,1.077600,14.764338,0.772035,0.538291,66.801577,0
2021-06-04,sh.600736,4.6600,4.8700,4.6200,4.7900,4.6900,20394476,97235122.7800,1.771400,1,2.132200,15.079143,0.788496,0.549769,68.225918,0
2021-06-07,sh.600736,4.7200,4.7700,4.6700,4.7300,4.7900,12917131,60956773.5800,1.122000,1,-1.252600,14.890260,0.778619,0.542882,67.371313,0
2021-06-08,sh.600736,4.7100,4.8100,4.6700,4.7800,4.7300,11041551,52521292.6600,0.959100,1,1.057100,15.047662,0.786850,0.548621,68.083483,0
2021-06-09,sh.600736,4.7600,4.8200,4.7300,4.8000,4.7800,8422710,40215339.4800,0.731600,1,0.418400,15.110623,0.790142,0.550917,68.368352,0
2021-06-10,sh.600736,4.7800,4.8000,4.7400,4.7400,4.8000,6608289,31459945.9100,0.574000,1,-1.250000,14.921740,0.780265,0.544030,67.513747,0
2021-06-11,sh.600736,4.7400,4.7800,4.7300,4.7500,4.7400,5975240,28416515.4000,0.519000,1,0.211000,14.953221,0.781912,0.545178,67.656181,0
2021-06-15,sh.600736,4.7400,4.7500,4.6500,4.7100,4.7500,7349779,34522763.2600,0.638400,1,-0.842100,14.827299,0.775327,0.540587,67.086445,0
2021-06-16,sh.600736,4.6800,4.7500,4.6800,4.7000,4.7100,4248580,19998075.4000,0.369000,1,-0.212300,14.795818,0.773681,0.539439,66.944011,0
2021-06-17,sh.600736,4.6900,4.7900,4.6800,4.7600,4.7000,5290464,25086796.7600,0.459500,1,1.276600,14.984701,0.783558,0.546326,67.798615,0
2021-06-18,sh.600736,4.7600,4.8000,4.7300,4.7700,4.7600,4154476,19816114.7600,0.360900,1,0.210100,15.016182,0.785204,0.547473,67.941049,0
2021-06-21,sh.600736,4.7600,4.8500,4.7300,4.8400,4.7700,8281803,39752620.6400,0.719300,1,1.467500,15.236545,0.796727,0.555508,68.938088,0
2021-06-22,sh.600736,4.8100,4.9400,4.8000,4.8800,4.8400,7360542,35899524.9000,0.639300,1,0.826400,15.362467,0.803311,0.560099,69.507824,0
2021-06-23,sh.600736,4.8600,4.9300,4.8500,4.8600,4.8800,6165300,30082955.0000,0.535500,1,-0.409800,15.299506,0.800019,0.557803,69.222956,0
2021-06-24,sh.600736,4.8600,4.9000,4.8400,4.8700,4.8600,5008029,24429894.4100,0.435000,1,0.205800,15.330986,0.801665,0.558951,69.365390,0
2021-06-25,sh.600736,4.8700,4.8900,4.8000,4.8800,4.8700,4939760,23981831.2000,0.429100,1,0.205300,15.362467,0.803311,0.560099,69.507824,0
2021-06-28,sh.600736,4.8600,4.8800,4.8400,4.8500,4.8800,3835669,18625617.3400,0.333200,1,-0.614800,15.268025,0.798373,0.556655,69.080522,0
2021-06-29,sh.600736,4.8500,4.8500,4.7500,4.7600,4.8500,4481728,21459092.7600,0.389300,1,-1.855700,14.984701,0.783558,0.546326,67.798615,0
2021-06-30,sh.600736,4.7600,4.7800,4.7000,4.7000,4.7600,5329909,25178711.8800,0.462900,1,-1.260500,14.795818,0.773681,0.539439,66.944011,0
2021-07-01,sh.600736,4.7400,4.7800,4.7000,4.7200,4.7000,5055336,23957183.6600,0.439100,1,0.425500,14.858779,0.776973,0.541735,67.228879,0
2021-07-02,sh.600736,4.7000,4.7400,4.6800,4.7200,4.7200,3383737,15921381.5300,0.293900,1,0.000000,14.858779,0.776973,0.541735,67.228879,0
2021-07-05,sh.600736,4.7000,4.7500,4.7000,4.7300,4.7200,3185240,15046283.0000,0.276700,1,0.211900,14.890260,0.778619,0.542882,67.371313,0
2021-07-06,sh.600736,4.7200,4.7500,4.6800,4.7000,4.7300,2811816,13239666.0800,0.244200,1,-0.634200,14.795818,0.773681,0.539439,66.944011,0
2021-07-07,sh.600736,4.7000,4.7100,4.6300,4.6500,4.7000,3087249,14366803.3600,0.268200,1,-1.063800,14.638416,0.765450,0.533700,66.231841,0
2021-07-08,sh.600736,4.6400,4.6500,4.5800,4.5800,4.6500,3244721,14973902.8100,0.281800,1,-1.505400,14.418053,0.753927,0.525666,65.234802,0
2021-07-09,sh.600736,4.5700,4.5900,4.5300,4.5400,4.5400,2778400,12659332.0000,0.241300,1,0.000000,14.292131,0.747343,0.521075,64.665066,0
2021-07-12,sh.600736,4.5600,4.5900,4.5500,4.5600,4.5400,3112507,14220535.7500,0.270300,1,0.440500,14.355092,0.750635,0.523371,64.949934,0
2021-07-13,sh.600736,4.5600,4.6000,4.5200,4.5700,4.5600,3485210,15913611.2000,0.302700,1,0.219300,14.386572,0.752281,0.524518,65.092368,0
2021-07-14,sh.600736,4.5800,4.6100,4.5500,4.5600,4.5700,3236917,14838370.0300,0.281200,1,-0.218800,14.355092,0.750635,0.523371,64.949934,0
2021-07-15,sh.600736,4.5800,4.5900,4.5300,4.5500,4.5600,3303302,15048890.0900,0.286900,1,-0.219300,14.323611,0.748989,0.522223,64.807500,0
2021-07-16,sh.600736,4.5600,4.5800,4.4700,4.4700,4.5500,5404900,24322270.0000,0.469500,1,-1.758200,14.071768,0.735820,0.513041,63.668027,0
2021-07-19,sh.600736,4.4800,4.4800,4.3800,4.4000,4.4700,4800530,21192735.4300,0.417000,1,-1.566000,13.851404,0.724297,0.505007,62.670989,0
2021-07-20,sh.600736,4.3700,4.4300,4.3700,4.4200,4.4000,2555100,11257613.2400,0.221900,1,0.454500,13.914365,0.727589,0.507302,62.955857,0
2021-07-21,sh.600736,4.4100,4.5000,4.4100,4.4600,4.4200,3782596,16842885.2800,0.328600,1,0.905000,14.040287,0.734174,0.511893,63.525593,0
2021-07-22,sh.600736,4.4600,4.5100,4.3700,4.4900,4.4600,4394678,19575066.8400,0.381700,1,0.672600,14.134729,0.739112,0.515337,63.952896,0
2021-07-23,sh.600736,4.4900,4.4900,4.4000,4.4100,4.4900,4211089,18630217.1700,0.365800,1,-1.781700,13.882885,0.725943,0.506155,62.813423,0
2021-07-26,sh.600736,4.3900,4.4300,4.2900,4.3100,4.4100,5481521,23801908.9000,0.476100,1,-2.267600,13.568080,0.709482,0.494677,61.389082,0
2021-07-27,sh.600736,4.3200,4.3300,4.2700,4.2700,4.3100,2784920,11983034.0000,0.241900,1,-0.928100,13.442158,0.702897,0.490086,60.819346,0
2021-07-28,sh.600736,4.2700,4.2700,4.1500,4.1800,4.2700,4156900,17432050.0000,0.361100,1,-2.107700,13.158834,0.688082,0.479757,59.537440,0
2021-07-29,sh.600736,4.2000,4.2500,4.1600,4.2300,4.1800,4113765,17337369.2400,0.357300,1,1.196200,13.316237,0.696313,0.485495,60.249610,0
2021-07-30,sh.600736,4.2500,4.2500,4.1700,4.2100,4.2300,2624000,11020122.0000,0.227900,1,-0.472800,13.253276,0.693021,0.483200,59.964742,0
2021-08-02,sh.600736,4.2100,4.2400,4.1700,4.2300,4.2100,3359864,14157812.6000,0.291800,1,0.475100,13.316237,0.696313,0.485495,60.249610,0
2021-08-03,sh.600736,4.2300,4.2500,4.2000,4.2100,4.2300,3269721,13830195.4000,0.284000,1,-0.472800,13.253276,0.693021,0.483200,59.964742,0
2021-08-04,sh.600736,4.2100,4.2300,4.1800,4.2200,4.2100,2768412,11635805.2900,0.240500,1,0.237500,13.284756,0.694667,0.484347,60.107176,0
2021-08-05,sh.600736,4.2000,4.2900,4.1900,4.2400,4.2200,3808066,16175625.0100,0.330800,1,0.473900,13.347717,0.697959,0.486643,60.392044,0
2021-08-06,sh.600736,4.2400,4.2500,4.2000,4.2100,4.2400,3368781,14200672.4200,0.292600,1,-0.707500,13.253276,0.693021,0.483200,59.964742,0
2021-08-09,sh.600736,4.2100,4.3000,4.2000,4.2700,4.2100,5108398,21792109.3800,0.443700,1,1.425200,13.442158,0.702897,0.490086,60.819346,0
2021-08-10,sh.600736,4.2500,4.3000,4.2300,4.2800,4.2700,3961148,16899483.4800,0.344100,1,0.234200,13.473639,0.704543,0.491234,60.961780,0
2021-08-11,sh.600736,4.2800,4.3500,4.2600,4.3000,4.2800,5376748,23172934.9200,0.467000,1,0.467300,13.536600,0.707836,0.493529,61.246648,0
2021-08-12,sh.600736,4.3000,4.3200,4.2700,4.2800,4.3000,3461961,14817842.4700,0.300700,1,-0.465100,13.473639,0.704543,0.491234,60.961780,0
2021-08-13,sh.600736,4.2800,4.2800,4.2300,4.2300,4.2800,4342610,18450012.5000,0.377200,1,-1.168200,13.316237,0.696313,0.485495,60.249610,0
2021-08-16,sh.600736,4.2200,4.2600,4.2200,4.2400,4.2300,4820190,20447978.8000,0.418700,1,0.236400,13.347717,0.697959,0.486643,60.392044,0
2021-08-17,sh.600736,4.2400,4.2800,4.1800,4.1800,4.2400,5886200,24891344.0000,0.511300,1,-1.415100,13.158834,0.688082,0.479757,59.537440,0
2021-08-18,sh.600736,4.1900,4.2100,4.1800,4.2000,4.1800,2865360,12021179.2100,0.248900,1,0.478500,13.221795,0.691374,0.482052,59.822308,0
2021-08-19,sh.600736,4.2100,4.2100,4.1700,4.1800,4.2000,3053416,12790194.8800,0.265200,1,-0.476200,13.158834,0.688082,0.479757,59.537440,0
2021-08-20,sh.600736,4.1800,4.1800,4.1000,4.1400,4.1800,5482403,22674531.2000,0.476200,1,-0.956900,13.032912,0.681498,0.475166,58.967703,0
2021-08-23,sh.600736,4.1400,4.1900,4.1400,4.1700,4.1400,3967341,16513642.1500,0.344600,1,0.724600,13.127354,0.686436,0.478609,59.395005,0
2021-08-24,sh.600736,4.1600,4.1900,4.1500,4.1800,4.1700,3432317,14309418.6500,0.298100,1,0.239800,13.158834,0.688082,0.479757,59.537440,0
2021-08-25,sh.600736,4.1900,4.2000,4.1500,4.2000,4.1800,4620103,19326265.4000,0.401300,1,0.478500,13.221795,0.691374,0.482052,59.822308,0
2021-08-26,sh.600736,4.2000,4.2600,4.1800,4.2600,4.2000,8312846,35184040.0100,0.722000,1,1.428600,13.410678,0.701251,0.488938,60.676912,0
2021-08-27,sh.600736,4.2500,4.2900,4.2100,4.2600,4.2600,7030322,29892599.8100,0.610600,1,0.000000,13.410678,0.701251,0.488938,60.676912,0
2021-08-30,sh.600736,4.2500,4.2900,4.2400,4.2900,4.2600,5891542,25125842.9900,0.511700,1,0.704200,13.505119,0.706190,0.492382,61.104214,0
2021-08-31,sh.600736,4.3100,4.3900,4.2900,4.3600,4.2900,10222231,44472964.3000,0.887900,1,1.631700,12.357740,0.703951,0.482373,2.430592,0
2021-09-01,sh.600736,4.3600,4.4000,4.3100,4.3600,4.3600,7096909,30932600.9700,0.616400,1,0.000000,12.357740,0.703951,0.482373,2.430592,0
2021-09-02,sh.600736,4.3700,4.4000,4.3300,4.3800,4.3600,5573417,24325636.5800,0.484100,1,0.458700,12.414427,0.707180,0.484586,2.441742,0
2021-09-03,sh.600736,4.7100,4.7100,4.4700,4.4900,4.3800,26388203,121079954.2000,2.292000,1,2.511400,12.726205,0.724941,0.496756,2.503064,0
2021-09-06,sh.600736,4.4600,4.5300,4.4300,4.5000,4.4900,10756397,48259023.5600,0.934300,1,0.222700,12.754549,0.726555,0.497862,2.508639,0
2021-09-07,sh.600736,4.4900,4.5000,4.4400,4.4800,4.5000,8046667,35980374.7300,0.698900,1,-0.444400,12.697862,0.723326,0.495649,2.497489,0
2021-09-08,sh.600736,4.4900,4.5500,4.4600,4.5200,4.4800,7321898,33016516.4100,0.636000,1,0.892900,12.811235,0.729784,0.500075,2.519788,0
2021-09-09,sh.600736,4.5300,4.5600,4.5100,4.5400,4.5200,11008335,49915587.6500,0.956200,1,0.442500,12.867922,0.733013,0.502287,2.530938,0
2021-09-10,sh.600736,4.5700,4.5700,4.4700,4.4700,4.5400,11627100,52440798.6100,1.009900,1,-1.541900,12.669518,0.721711,0.494543,2.491914,0
2021-09-13,sh.600736,4.4600,4.5300,4.4500,4.5100,4.4700,6785937,30547360.6200,0.589400,1,0.894900,12.782892,0.728170,0.498968,2.514213,0
2021-09-14,sh.600736,4.5200,4.5400,4.4000,4.4100,4.5100,7356606,32844061.7000,0.639000,1,-2.217300,12.499458,0.712024,0.487905,2.458466,0
2021-09-15,sh.600736,4.4100,4.4500,4.4000,4.4300,4.4100,4668400,20686774.0000,0.405500,1,0.453500,12.556144,0.715253,0.490118,2.469615,0
2021-09-16,sh.600736,4.4300,4.4700,4.3700,4.3700,4.4300,6498778,28743713.8800,0.564500,1,-1.354400,12.386084,0.705566,0.483479,2.436167,0
2021-09-17,sh.600736,4.3900,4.4000,4.3100,4.3600,4.3700,7204700,31301709.1300,0.625800,1,-0.228800,12.357740,0.703951,0.482373,2.430592,0
2021-09-22,sh.600736,4.3000,4.3800,4.2700,4.3700,4.3600,5118045,22221326.4400,0.444500,1,0.229400,12.386084,0.705566,0.483479,2.436167,0
2021-09-23,sh.600736,4.3700,4.4600,4.3700,4.4100,4.3700,6531110,28889830.4000,0.567300,1,0.915300,12.499458,0.712024,0.487905,2.458466,0
2021-09-24,sh.600736,4.4300,4.4500,4.3400,4.3600,4.4100,5248017,23015749.1200,0.455800,1,-1.133800,12.357740,0.703951,0.482373,2.430592,0
2021-09-27,sh.600736,4.3700,4.3800,4.2200,4.2400,4.3600,6040323,25848345.5500,0.524700,1,-2.752300,12.017619,0.684576,0.469097,2.363695,0
2021-09-28,sh.600736,4.2600,4.3000,4.2400,4.2800,4.2400,3699843,15797173.6100,0.321400,1,0.943400,12.130993,0.691035,0.473522,2.385994,0
2021-09-29,sh.600736,4.2700,4.2700,4.2000,4.2100,4.2800,3987180,16857906.4000,0.346300,1,-1.635500,11.932589,0.679733,0.465778,2.346971,0
2021-09-30,sh.600736,4.2400,4.2600,4.2100,4.2400,4.2100,3423359,14488320.5700,0.297300,1,0.712600,12.017619,0.684576,0.469097,2.363695,0
2021-10-08,sh.600736,4.2600,4.3100,4.2500,4.2900,4.2400,4226649,18126377.3900,0.367100,1,1.179200,12.159336,0.692649,0.474628,2.391569,0
2021-10-11,sh.600736,4.3200,4.3400,4.2900,4.3000,4.2900,2931154,12622263.5600,0.254600,1,0.233100,12.187680,0.694264,0.475735,2.397143,0
2021-10-12,sh.600736,4.3000,4.3000,4.2300,4.2500,4.3000,3439000,14640348.0000,0.298700,1,-1.162800,12.045963,0.686191,0.470203,2.369270,0
2021-10-13,sh.600736,4.2500,4.2600,4.2100,4.2300,4.2500,2930420,12395720.2000,0.254500,1,-0.470600,11.989276,0.682962,0.467990,2.358120,0
2021-10-14,sh.600736,4.2400,4.2400,4.2100,4.2400,4.2300,3474760,14675008.2500,0.301800,1,0.236400,12.017619,0.684576,0.469097,2.363695,0
2021-10-15,sh.600736,4.2400,4.2400,4.1900,4.1900,4.2400,2935400,12360294.0000,0.255000,1,-1.179200,11.875902,0.676504,0.463565,2.335821,0
2021-10-18,sh.600736,4.1800,4.2600,4.1600,4.2500,4.1900,5153118,21718535.0800,0.447600,1,1.432000,12.045963,0.686191,0.470203,2.369270,0
2021-10-19,sh.600736,4.2500,4.2500,4.2300,4.2400,4.2500,2751200,11662604.0000,0.239000,1,-0.235300,12.017619,0.684576,0.469097,2.363695,0
2021-10-20,sh.600736,4.2400,4.2500,4.2100,4.2200,4.2400,2204381,9319060.0300,0.191500,1,-0.471700,11.960932,0.681347,0.466884,2.352545,0
2021-10-21,sh.600736,4.2700,4.3600,4.2600,4.2600,4.2200,5905240,25386593.1300,0.512900,1,0.947900,12.074306,0.687806,0.471309,2.374844,0
2021-10-22,sh.600736,4.2500,4.2900,4.2500,4.2700,4.2600,4105109,17552899.1300,0.356600,1,0.234700,12.102649,0.689420,0.472416,2.380419,0
2021-10-25,sh.600736,4.2300,4.2500,4.2100,4.2400,4.2700,3175419,13430174.5800,0.275800,1,-0.702600,12.017619,0.684576,0.469097,2.363695,0
2021-10-26,sh.600736,4.2600,4.2600,4.2100,4.2300,4.2400,2507194,10603685.0800,0.217800,1,-0.235800,11.989276,0.682962,0.467990,2.358120,0
2021-10-27,sh.600736,4.2400,4.2400,4.1600,4.1800,4.2300,3196916,13381212.6800,0.277700,1,-1.182000,11.847558,0.674889,0.462459,2.330246,0
2021-10-28,sh.600736,4.1800,4.1900,4.1400,4.1400,4.1800,2958076,12290228.6000,0.256900,1,-0.956900,11.734185,0.668431,0.458033,2.307947,0
2021-10-29,sh.600736,4.1700,4.1800,4.1300,4.1800,4.1400,1971100,8192415.0000,0.171200,1,0.966200,11.847558,0.674889,0.462459,2.330246,0
2021-11-01,sh.600736,4.2200,4.3300,4.2100,4.3200,4.1800,7498003,32116559.0700,0.651300,1,3.349300,11.061491,0.703782,0.391498,4.148641,0
2021-11-02,sh.600736,4.3200,4.3400,4.2200,4.2800,4.3200,5462501,23403027.9700,0.474500,1,-0.925900,10.959070,0.697266,0.387873,4.110228,0
2021-11-03,sh.600736,4.2800,4.3100,4.2600,4.2900,4.2800,3812916,16346553.6400,0.331200,1,0.233600,10.984675,0.698895,0.388779,4.119831,0
2021-11-04,sh.600736,4.2700,4.3300,4.2600,4.3000,4.2900,2934446,12572511.9000,0.254900,1,0.233100,11.010281,0.700524,0.389685,4.129435,0
2021-11-05,sh.600736,4.3000,4.3000,4.2200,4.2400,4.3000,4142908,17641699.0800,0.359800,1,-1.395300,10.856649,0.690749,0.384248,4.071814,0
2021-11-08,sh.600736,4.2500,4.2800,4.2400,4.2700,4.2400,3361498,14319831.6300,0.292000,1,0.707500,10.933465,0.695636,0.386966,4.100624,0
2021-11-09,sh.600736,4.2700,4.3000,4.2500,4.2900,4.2700,3267160,13991677.9500,0.283800,1,0.468400,10.984675,0.698895,0.388779,4.119831,0
2021-11-10,sh.600736,4.2800,4.3400,4.2400,4.3300,4.2900,4041081,17342791.5600,0.351000,1,0.932400,11.087096,0.705411,0.392404,4.158245,0
2021-11-11,sh.600736,4.3600,4.4100,4.3300,4.3900,4.3300,10129135,44309573.5600,0.879800,1,1.385700,11.240728,0.715186,0.397841,4.215865,0
2021-11-12,sh.600736,4.4200,4.4200,4.3500,4.3800,4.3900,5165876,22617412.0200,0.448700,1,-0.227800,11.215123,0.713557,0.396935,4.206261,0
2021-11-15,sh.600736,4.3900,4.4200,4.3500,4.3900,4.3800,4813065,21089405.9600,0.418100,1,0.228300,11.240728,0.715186,0.397841,4.215865,0
2021-11-16,sh.600736,4.3900,4.4300,4.3800,4.3800,4.3900,5894793,25951093.3200,0.512000,1,-0.227800,11.215123,0.713557,0.396935,4.206261,0
2021-11-17,sh.600736,4.3700,4.3800,4.3300,4.3800,4.3800,4105417,17912132.9700,0.356600,1,0.000000,11.215123,0.713557,0.396935,4.206261,0
2021-11-18,sh.600736,4.3800,4.3900,4.3200,4.3300,4.3800,4511400,19609613.9900,0.391900,1,-1.141600,11.087096,0.705411,0.392404,4.158245,0
2021-11-19,sh.600736,4.3200,4.4000,4.3000,4.3900,4.3300,5722617,24869902.2000,0.497100,1,1.385700,11.240728,0.715186,0.397841,4.215865,0
2021-11-22,sh.600736,4.4300,4.4600,4.3800,4.4000,4.3900,6482200,28568556.4100,0.563000,1,0.227800,11.266334,0.716815,0.398748,4.225468,0
2021-11-23,sh.600736,4.4200,4.4400,4.3800,4.4100,4.4000,6258298,27594657.3800,0.543600,1,0.227300,11.291939,0.718444,0.399654,4.235071,0
2021-11-24,sh.600736,4.4000,4.4200,4.3700,4.4000,4.4100,4291381,18833909.5900,0.372700,1,-0.226800,11.266334,0.716815,0.398748,4.225468,0
2021-11-25,sh.600736,4.4000,4.4200,4.3700,4.4000,4.4000,5317043,23370796.4000,0.461800,1,0.000000,11.266334,0.716815,0.398748,4.225468,0
2021-11-26,sh.600736,4.3900,4.4000,4.3300,4.3600,4.4000,5158999,22505876.6600,0.448100,1,-0.909100,11.163912,0.710299,0.395123,4.187055,0
2021-11-29,sh.600736,4.3500,4.3600,4.2900,4.3000,4.3600,4651900,20104216.0000,0.404100,1,-1.376100,11.010281,0.700524,0.389685,4.129435,0
2021-11-30,sh.600736,4.3200,4.3700,4.3100,4.3400,4.3000,4636247,20099147.0400,0.402700,1,0.930200,11.112702,0.707040,0.393310,4.167848,0
2021-12-01,sh.600736,4.3700,4.3900,4.3300,4.3900,4.3400,4704047,20533983.9200,0.408600,1,1.152100,11.240728,0.715186,0.397841,4.215865,0
2021-12-02,sh.600736,4.4000,4.4100,4.3600,4.3800,4.3900,4126800,18099207.0000,0.358400,1,-0.227800,11.215123,0.713557,0.396935,4.206261,0
2021-12-03,sh.600736,4.4100,4.4200,4.3800,4.4000,4.3800,4959277,21822829.1700,0.430800,1,0.456600,11.266334,0.716815,0.398748,4.225468,0
2021-12-06,sh.600736,4.4100,4.4300,4.3400,4.3600,4.4000,7048201,30989828.4200,0.612200,1,-0.909100,11.163912,0.710299,0.395123,4.187055,0
2021-12-07,sh.600736,4.3800,4.4500,4.3600,4.3800,4.3600,7925825,34857722.7000,0.688400,1,0.458700,11.215123,0.713557,0.396935,4.206261,0
2021-12-08,sh.600736,4.3900,4.4100,4.3500,4.4000,4.3800,5936022,26017802.5200,0.515600,1,0.456600,11.266334,0.716815,0.398748,4.225468,0
2021-12-09,sh.600736,4.3900,4.4600,4.3900,4.4400,4.4000,9100815,40366487.4400,0.790500,1,0.909100,11.368755,0.723332,0.402373,4.263881,0
2021-12-10,sh.600736,4.4500,4.4500,4.3900,4.4400,4.4400,5963508,26405194.3600,0.518000,1,0.000000,11.368755,0.723332,0.402373,4.263881,0
2021-12-13,sh.600736,4.4500,4.4600,4.4100,4.4300,4.4400,4961602,21980368.9200,0.431000,1,-0.225200,11.343149,0.721703,0.401466,4.254278,0
2021-12-14,sh.600736,4.4400,4.4400,4.3800,4.4000,4.4300,5222505,23043180.0400,0.453600,1,-0.677200,11.266334,0.716815,0.398748,4.225468,0
2021-12-15,sh.600736,4.4000,4.4700,4.3800,4.4500,4.4000,7823994,34789433.4200,0.679600,1,1.136400,11.394360,0.724961,0.403279,4.273485,0
2021-12-16,sh.600736,4.4700,4.4800,4.4300,4.4600,4.4500,5615501,24990219.4400,0.487800,1,0.224700,11.419965,0.726590,0.404185,4.283088,0
2021-12-17,sh.600736,4.4600,4.5400,4.4500,4.4800,4.4600,7490464,33610403.3400,0.650600,1,0.448400,11.471176,0.729848,0.405998,4.302295,0
2021-12-20,sh.600736,4.4800,4.5500,4.4600,4.5200,4.4800,7418985,33531099.7900,0.644400,1,0.892900,11.573597,0.736365,0.409623,4.340708,0
2021-12-21,sh.600736,4.5200,4.7500,4.5100,4.7400,4.5200,28401473,132539254.4200,2.466900,1,4.867300,12.136914,0.772205,0.429560,4.551981,0
2021-12-22,sh.600736,4.6900,4.7400,4.5900,4.6000,4.7400,19393032,90060662.9600,1.684500,1,-2.953600,11.778440,0.749398,0.416872,4.417535,0
2021-12-23,sh.600736,4.5900,4.6300,4.5300,4.5500,4.6000,9324847,42585787.1800,0.809900,1,-1.087000,11.650413,0.741252,0.412341,4.369518,0
2021-12-24,sh.600736,4.5500,4.5800,4.5000,4.5000,4.5500,7805310,35406228.0600,0.678000,1,-1.098900,11.522387,0.733106,0.407810,4.321501,0
2021-12-27,sh.600736,4.5200,4.5800,4.4900,4.5600,4.5000,6784488,30840516.5200,0.589300,1,1.333300,11.676018,0.742881,0.413248,4.379121,0
2021-12-28,sh.600736,4.5600,4.5800,4.4900,4.5600,4.5600,5466373,24781908.9600,0.474800,1,0.000000,11.676018,0.742881,0.413248,4.379121,0
2021-12-29,sh.600736,4.5600,4.5900,4.5100,4.5300,4.5600,6555985,29764607.6100,0.569400,1,-0.657900,11.599203,0.737994,0.410529,4.350311,0
2021-12-30,sh.600736,4.5300,4.5500,4.5200,4.5400,4.5300,5073365,23012862.8600,0.440700,1,0.220800,11.624808,0.739623,0.411435,4.359915,0
2021-12-31,sh.600736,4.5600,4.6200,4.5400,4.5900,4.5400,7100134,32569591.1200,0.616700,1,1.101300,11.752834,0.747768,0.415966,4.407931,0
2022-01-04,sh.600736,4.6000,4.6700,4.5800,4.6600,4.5900,9204200,42807468.1600,0.799500,1,1.525100,11.932071,0.759172,0.422310,4.475155,0
2022-01-05,sh.600736,4.6800,4.6900,4.6200,4.6700,4.6600,9630315,44838735.2500,0.836500,1,0.214600,11.957677,0.760802,0.423216,4.484758,0
2022-01-06,sh.600736,4.6800,4.7400,4.6400,4.7000,4.6700,10312353,48496364.9500,0.895700,1,0.642400,12.034493,0.765689,0.425935,4.513568,0
2022-01-07,sh.600736,4.7700,4.9000,4.7100,4.7600,4.7000,27387231,131722230.7600,2.378800,1,1.276600,12.188125,0.775464,0.431372,4.571188,0
2022-01-10,sh.600736,4.7200,4.8500,4.6800,4.7900,4.7600,15649600,74492981.4400,1.359300,1,0.630300,12.264940,0.780351,0.434091,4.599998,0
2022-01-11,sh.600736,4.7800,4.8300,4.7000,4.7400,4.7900,13389714,63846037.0400,1.163000,1,-1.043800,12.136914,0.772205,0.429560,4.551981,0
2022-01-12,sh.600736,4.7600,4.7800,4.6800,4.7400,4.7400,11332079,53537052.1200,0.984300,1,0.000000,12.136914,0.772205,0.429560,4.551981,0
2022-01-13,sh.600736,4.7700,4.8300,4.7400,4.7700,4.7400,11136708,53314501.1300,0.967300,1,0.632900,12.213730,0.777093,0.432279,4.580791,0
2022-01-14,sh.600736,4.8300,4.8300,4.6800,4.6900,4.7700,11949316,56751893.4800,1.037900,1,-1.677100,12.008887,0.764060,0.425029,4.503965,0
2022-01-17,sh.600736,4.6700,4.7700,4.6500,4.7200,4.6900,8211467,38705773.5300,0.713200,1,0.639700,12.085703,0.768947,0.427747,4.532775,0
2022-01-18,sh.600736,4.6900,4.7600,4.6500,4.6600,4.7200,7527404,35316927.4500,0.653800,1,-1.271200,11.932071,0.759172,0.422310,4.475155,0
2022-01-19,sh.600736,4.6500,4.7200,4.6500,4.6900,4.6600,6370317,29882090.2200,0.553300,1,0.643800,12.008887,0.764060,0.425029,4.503965,0
2022-01-20,sh.600736,4.6900,4.7600,4.6200,4.6200,4.6900,10013255,46829735.1400,0.869700,1,-1.492500,11.829650,0.752656,0.418685,4.436741,0
2022-01-21,sh.600736,4.6200,4.6700,4.5800,4.6400,4.6200,7160432,33089989.8800,0.621900,1,0.432900,11.880861,0.755914,0.420497,4.455948,0
2022-01-24,sh.600736,4.6500,4.6500,4.5200,4.6100,4.6400,8116782,37284302.1000,0.705000,1,-0.646600,11.804045,0.751027,0.417779,4.427138,0
2022-01-25,sh.600736,4.6100,4.6300,4.4700,4.4700,4.6100,7942896,36117908.1200,0.689900,1,-3.036900,11.445571,0.728219,0.405091,4.292691,0
2022-01-26,sh.600736,4.4700,4.5100,4.4400,4.4900,4.4700,5142114,23020488.7600,0.446600,1,0.447400,11.496781,0.731477,0.406904,4.311898,0
2022-01-27,sh.600736,4.4800,4.4800,4.4100,4.4300,4.4900,7313134,32490239.2800,0.635200,1,-1.336300,11.343149,0.721703,0.401466,4.254278,0
2022-01-28,sh.600736,4.4300,4.4600,4.4100,4.4300,4.4300,4813520,21343006.8000,0.418100,1,0.000000,11.343149,0.721703,0.401466,4.254278,0
2022-02-07,sh.600736,4.4700,4.5900,4.4300,4.5700,4.4300,8618462,39015502.7400,0.748600,1,3.160300,11.701624,0.744510,0.414154,4.388725,0
2022-02-08,sh.600736,4.5500,4.6700,4.5500,4.6700,4.5700,8581927,39826284.7900,0.745400,1,2.188200,11.957677,0.760802,0.423216,4.484758,0
2022-02-09,sh.600736,4.6700,4.7400,4.6500,4.7000,4.6700,7437300,35012334.0000,0.646000,1,0.642400,12.034493,0.765689,0.425935,4.513568,0
2022-02-10,sh.600736,4.7000,4.7200,4.6600,4.7100,4.7000,5259283,24674053.3600,0.456800,1,0.212800,12.060098,0.767318,0.426841,4.523171,0
2022-02-11,sh.600736,4.7500,4.7800,4.6700,4.6800,4.7100,8703200,41097522.0000,0.756000,1,-0.636900,11.983282,0.762431,0.424122,4.494361,0
2022-02-14,sh.600736,4.6900,4.7300,4.6300,4.6800,4.6800,6464351,30203837.9100,0.561500,1,0.000000,11.983282,0.762431,0.424122,4.494361,0
2022-02-15,sh.600736,4.6800,4.6800,4.5900,4.6100,4.6800,6099888,28197878.6800,0.529800,1,-1.495700,11.804045,0.751027,0.417779,4.427138,0
2022-02-16,sh.600736,4.6400,4.6700,4.6200,4.6600,4.6100,4497100,20887214.0000,0.390600,1,1.084600,11.932071,0.759172,0.422310,4.475155,0
2022-02-17,sh.600736,4.6600,4.7200,4.6200,4.6200,4.6600,5632700,26247346.0000,0.489200,1,-0.858400,11.829650,0.752656,0.418685,4.436741,0
2022-02-18,sh.600736,4.6400,4.7900,4.6100,4.7700,4.6200,12359969,58403840.4000,1.073600,1,3.246800,12.213730,0.777093,0.432279,4.580791,0
2022-02-21,sh.600736,4.7600,4.8100,4.7100,4.8100,4.7700,10145703,48304013.3100,0.881200,1,0.838600,12.316151,0.783609,0.435904,4.619205,0
2022-02-22,sh.600736,4.8000,4.8400,4.7200,4.7700,4.8100,8691440,41552873.8000,0.754900,1,-0.831600,12.213730,0.777093,0.432279,4.580791,0
2022-02-23,sh.600736,4.7900,4.8300,4.7200,4.7300,4.7700,6833502,32372011.4400,0.593600,1,-0.838600,12.111309,0.770576,0.428654,4.542378,0
2022-02-24,sh.600736,4.7700,4.7700,4.5300,4.6000,4.7300,13291982,61549330.2300,1.154500,1,-2.748400,11.778440,0.749398,0.416872,4.417535,0
2022-02-25,sh.600736,4.6000,4.6900,4.6000,4.6300,4.6000,10178221,47397085.6500,0.884100,1,0.652200,11.855256,0.754285,0.419591,4.446345,0
2022-02-28,sh.600736,4.6800,4.7300,4.6000,4.6500,4.6300,8391988,39142462.0000,0.728900,1,0.432000,11.906466,0.757543,0.421404,0.000000,0
2022-03-01,sh.600736,4.6700,4.7000,4.6200,4.6600,4.6500,4682267,21766646.0000,0.406700,1,0.215100,11.932071,0.759172,0.422310,4.475155,0
2022-03-02,sh.600736,4.6500,4.7300,4.6300,4.7200,4.6600,6515441,30625701.0000,0.565900,1,1.287600,12.085703,0.768947,0.427747,4.532775,0
2022-03-03,sh.600736,4.7100,4.7900,4.7100,4.7600,4.7200,8405580,40021082.0000,0.730100,1,0.847500,12.188125,0.775464,0.431372,4.571188,0
2022-03-04,sh.600736,4.7500,4.8000,4.7100,4.7800,4.7600,7615880,36219124.0000,0.661500,1,0.420200,12.239335,0.778722,0.433185,4.590395,0
2022-03-07,sh.600736,4.8500,4.9400,4.7800,4.8100,4.7800,20029049,97457906.0000,1.739700,1,0.627600,12.316151,0.783609,0.435904,4.619205,0
2022-03-08,sh.600736,4.8400,4.9000,4.7300,4.8000,4.8100,17566949,84875017.0000,1.525800,1,-0.207900,12.290546,0.781980,0.434997,4.609601,0
2022-03-09,sh.600736,4.8300,4.8700,4.5600,4.7700,4.8000,18853701,89599549.0000,1.637600,1,-0.625000,12.213730,0.777093,0.432279,4.580791,0
2022-03-10,sh.600736,4.8400,5.2500,4.7400,5.2500,4.7700,48550052,250125232.0000,4.217000,1,10.062900,13.442784,0.855291,0.475778,5.041751,0
2022-03-11,sh.600736,5.4100,5.7800,5.3100,5.7800,5.2500,56343748,317894336.0000,4.894000,1,10.095200,14.799865,0.941634,0.523809,5.550728,0
2022-03-14,sh.600736,6.3000,6.3100,5.3600,5.3800,5.7800,156951314,915370960.0000,13.632600,1,-6.920400,13.775653,0.876469,0.487560,5.166595,0
2022-03-15,sh.600736,4.9500,5.2500,4.9200,4.9300,5.3800,96872579,490872672.0000,8.414200,1,-8.364300,12.623415,0.803159,0.446779,4.734445,0
2022-03-16,sh.600736,4.9500,5.4200,4.9100,5.4200,4.9300,93365254,485745008.0000,8.109600,1,9.939100,13.878075,0.882986,0.491185,5.205008,0
2022-03-17,sh.600736,5.5100,5.9600,5.4600,5.9600,5.4200,175782958,1025753392.0000,15.268300,1,9.963100,15.260761,0.970959,0.540122,5.723588,0
2022-03-18,sh.600736,5.9300,6.5600,5.7100,6.5600,5.9600,131342562,831371107.1400,11.408300,1,10.067100,16.797079,1.068706,0.594496,6.299788,0
2022-03-21,sh.600736,7.2200,7.2200,7.2200,7.2200,6.5600,6768210,48866476.2000,0.587900,1,10.061000,18.487029,1.176228,0.654309,6.933609,0
2022-03-22,sh.600736,7.9400,7.9400,7.3300,7.9400,7.2200,178698343,1402412532.3500,15.521500,1,9.972300,20.330611,1.293525,0.719558,7.625049,0
2022-03-23,sh.600736,8.1000,8.4000,7.1500,7.2500,7.9400,275090144,2102341907.6700,23.894000,1,-8.690200,18.563845,1.181116,0.657027,6.962419,0
2022-03-24,sh.600736,6.7200,7.0700,6.5400,6.6500,7.2500,180332369,1218787900.6100,15.663500,1,-8.275900,17.027527,1.083368,0.602653,6.386218,0
2022-03-25,sh.600736,6.6200,7.1800,6.3400,6.7500,6.6500,184822363,1233534372.2300,16.053500,1,1.503800,17.283580,1.099660,0.611715,6.482252,0
2022-03-28,sh.600736,6.5000,6.9400,6.1800,6.5000,6.7500,136458749,894029830.6200,11.852700,1,-3.703700,16.643447,1.058931,0.589059,6.242168,0
2022-03-29,sh.600736,6.3800,6.4900,6.0400,6.0700,6.5000,126492234,788649088.8600,10.987000,1,-6.615400,15.542419,0.988879,0.550090,5.829225,0
2022-03-30,sh.600736,6.0600,6.4000,6.0600,6.2500,6.0700,118452052,739975461.1700,10.288600,1,2.965400,16.003315,1.018203,0.566403,6.002085,0
2022-03-31,sh.600736,6.3200,6.8800,6.2200,6.8800,6.2500,192786777,1285320993.9400,16.745200,1,10.080000,17.616449,1.120838,0.623496,6.607095,0
2022-04-01,sh.600736,6.8800,7.0000,6.3500,6.5700,6.8800,170655688,1134380822.2800,14.823000,1,-4.505800,16.822684,1.070335,0.595403,6.309392,0
2022-04-06,sh.600736,6.5600,7.0600,6.3500,6.7700,6.5700,146696166,972749320.6600,12.741900,1,3.044100,17.334791,1.102918,0.613528,6.501459,0
2022-04-07,sh.600736,6.7700,6.7700,6.1600,6.1800,6.7700,109200307,696403802.6900,9.485000,1,-8.714900,15.824078,1.006799,0.560059,5.934862,0
2022-04-08,sh.600736,6.0300,6.4800,5.9600,6.2600,6.1800,91823442,570243356.8600,7.975700,1,1.294500,16.028920,1.019832,0.567309,6.011688,0
2022-04-11,sh.600736,6.1100,6.6000,5.9000,6.2500,6.2600,99148391,622486860.9200,8.611900,1,-0.159700,16.003315,1.018203,0.566403,6.002085,0
2022-04-12,sh.600736,6.0500,6.1800,5.8500,6.0200,6.2500,82281495,496459639.2300,7.146900,1,-3.680000,15.414393,0.980733,0.545559,5.781208,0
2022-04-13,sh.600736,5.8500,5.8900,5.6000,5.6600,6.0200,79153460,453243595.0300,6.875200,1,-5.980100,14.492602,0.922085,0.512934,5.435488,0
2022-04-14,sh.600736,5.6600,5.9800,5.6600,5.8600,5.6600,64659046,378262064.0500,5.616200,1,3.533600,15.004708,0.954667,0.531059,5.627555,0
2022-04-15,sh.600736,5.8600,6.0900,5.7000,5.7400,5.8600,54232996,319402567.9900,4.710600,1,-2.047800,14.697444,0.935118,0.520184,5.512315,0
2022-04-18,sh.600736,5.5600,5.9000,5.5000,5.6700,5.7400,44844561,257717911.6400,3.895100,1,-1.219500,14.518207,0.923714,0.513841,5.445092,0
2022-04-19,sh.600736,5.6500,5.8500,5.5700,5.8000,5.6700,43178121,248264042.8800,3.750400,1,2.292800,14.851076,0.944893,0.525622,5.569935,0
2022-04-20,sh.600736,5.8000,5.9200,5.5800,5.6100,5.8000,36176835,206133530.1800,3.142300,1,-3.275900,14.364575,0.913939,0.508403,5.387472,0
2022-04-21,sh.600736,5.6100,5.6500,5.2800,5.3200,5.6100,42035112,227594421.5700,3.651100,1,-5.169300,13.622022,0.866695,0.482122,5.108975,0
2022-04-22,sh.600736,5.2700,5.3900,5.2100,5.2500,5.3200,27108535,143319707.1800,2.354600,1,-1.315800,13.442784,0.855291,0.475778,5.041751,0
2022-04-25,sh.600736,5.1600,5.2500,4.8300,4.8600,5.2500,41575899,208516880.4600,3.611200,1,-7.428600,12.444178,0.791755,0.440435,4.667221,0
2022-04-26,sh.600736,4.8500,5.0500,4.8300,4.8900,4.8600,37223652,183253909.8600,3.233200,1,0.617300,13.884992,0.772759,0.473288,2.189640,0
2022-04-27,sh.600736,4.8900,4.9700,4.6700,4.9600,4.8900,42951175,208085044.2800,3.730700,1,1.431500,14.083755,0.783821,0.480063,2.220985,0
2022-04-28,sh.600736,4.9000,5.1600,4.8400,5.1600,4.9600,59652598,300035974.4000,5.181400,1,4.032300,14.651648,0.815426,0.499420,2.310540,0
2022-04-29,sh.600736,5.1600,5.3200,5.0100,5.2100,5.1600,72696682,374225883.5200,6.314400,1,0.969000,14.793622,0.823328,0.504259,2.332929,0
2022-05-05,sh.600736,5.2800,5.3500,5.1900,5.2400,5.2100,55459951,291774266.5600,4.817200,1,0.575800,15.671959,0.824827,0.503538,6.394238,0
2022-05-06,sh.600736,5.0200,5.1400,4.9400,5.0000,5.2400,47197111,237438590.2700,4.099500,1,-4.580200,14.954159,0.787049,0.480476,6.101372,0
2022-05-09,sh.600736,5.1000,5.5000,5.0600,5.5000,5.0000,35887923,191770689.9500,3.117200,1,10.000000,16.449575,0.865754,0.528523,6.711510,0
2022-05-10,sh.600736,5.9900,6.0500,5.6800,6.0500,5.5000,138587265,824615238.9100,12.037500,1,10.000000,18.094533,0.952329,0.581375,7.382661,0
2022-05-11,sh.600736,6.1700,6.5800,5.9000,5.9200,6.0500,189163025,1176702664.8200,16.430500,1,-2.148800,17.705725,0.931866,0.568883,7.224025,0
2022-05-12,sh.600736,5.8000,6.2500,5.8000,6.1500,5.9200,124427418,756585008.8800,10.807600,1,3.885100,18.393616,0.968070,0.590985,7.504688,0
2022-05-13,sh.600736,6.0100,6.1400,5.8100,6.0400,6.1500,93819205,560293954.2100,8.149000,1,-1.788600,18.064624,0.950755,0.580414,7.370458,0
2022-05-16,sh.600736,6.2500,6.2800,5.9300,5.9500,6.0400,79155434,479255295.4900,6.875400,1,-1.490100,17.795450,0.936588,0.571766,7.260633,0
2022-05-17,sh.600736,5.8800,6.0900,5.7100,6.0000,5.9500,69720238,410060008.8900,6.055800,1,0.840300,17.944991,0.944459,0.576571,7.321647,0
2022-05-18,sh.600736,5.8600,6.0300,5.8200,5.8700,6.0000,50598520,298937134.6000,4.394900,1,-2.166700,17.556183,0.923996,0.564078,7.163011,0
2022-05-19,sh.600736,5.7700,5.9900,5.7400,5.8400,5.8700,60463775,355592331.7100,5.251800,1,-0.511100,17.466458,0.919273,0.561195,7.126403,0
2022-05-20,sh.600736,5.8500,5.9100,5.6800,5.7400,5.8400,53021113,305349261.5700,4.605400,1,-1.712300,17.167375,0.903532,0.551586,7.004376,0
2022-05-23,sh.600736,5.7300,5.7900,5.5700,5.6100,5.7400,49091122,276749740.5100,4.264000,1,-2.264800,16.778567,0.883069,0.539094,6.845740,0
2022-05-24,sh.600736,5.6500,5.6700,5.2500,5.2700,5.6100,53344790,289599700.2800,4.633500,1,-6.060600,15.761684,0.829550,0.506421,6.430847,0
2022-05-25,sh.600736,5.2300,5.3700,5.2300,5.3500,5.2700,29179305,155216825.9200,2.534500,1,1.518000,16.000950,0.842143,0.514109,6.528469,0
2022-05-26,sh.600736,5.3500,5.6500,5.3500,5.4500,5.3500,51034192,279692623.6300,4.432800,1,1.869200,16.300034,0.857884,0.523718,6.650496,0
2022-05-27,sh.600736,5.4000,5.5500,5.3800,5.4500,5.4500,38377330,209540964.4800,3.333400,1,0.000000,16.300034,0.857884,0.523718,6.650496,0
2022-05-30,sh.600736,5.4700,5.5000,5.3400,5.3900,5.4500,26391315,142713692.1800,2.292300,1,-1.100900,16.120584,0.848439,0.517953,6.577279,0
2022-05-31,sh.600736,5.3400,5.4600,5.2700,5.4200,5.3900,31794620,171034504.8000,2.761600,1,0.556600,16.210309,0.853161,0.520836,6.613888,0
2022-06-01,sh.600736,5.3900,5.4300,5.2700,5.3300,5.4200,24628538,131824706.7400,2.139200,1,-1.660500,15.941134,0.838994,0.512187,6.504063,0
2022-06-02,sh.600736,5.3100,5.3200,5.2300,5.2500,5.3300,21589045,113565822.0500,1.875200,1,-1.500900,15.701867,0.826402,0.504499,6.406441,0
2022-06-06,sh.600736,5.2500,5.2800,5.1500,5.2700,5.2500,24498555,127715424.7000,2.127900,1,0.381000,15.761684,0.829550,0.506421,6.430847,0
2022-06-07,sh.600736,5.2700,5.3600,5.2300,5.3400,5.2700,31016268,164375592.3200,2.694000,1,1.328300,15.971042,0.840568,0.513148,6.516266,0
2022-06-08,sh.600736,5.3400,5.3500,5.1500,5.2800,5.3400,27858418,146378119.2800,2.419800,1,-1.123600,15.791592,0.831124,0.507382,6.443049,0
2022-06-09,sh.600736,5.2600,5.3900,5.2400,5.2800,5.2800,25842713,136960132.8800,2.244700,1,0.000000,15.791592,0.831124,0.507382,6.443049,0
2022-06-10,sh.600736,5.2200,5.2800,5.1800,5.2500,5.2800,20653619,108237210.2700,1.793900,1,-0.568200,15.701867,0.826402,0.504499,6.406441,0
2022-06-13,sh.600736,5.1900,5.2200,5.0900,5.1800,5.2500,25168825,130160236.0200,2.186100,1,-1.333300,15.492509,0.815383,0.497773,6.321022,0
2022-06-14,sh.600736,5.1100,5.2100,5.0300,5.1900,5.1800,22298725,114593548.8600,1.936800,1,0.193100,15.522417,0.816957,0.498734,6.333225,0
2022-06-15,sh.600736,5.2200,5.3200,5.1600,5.2200,5.1900,33533449,176288252.4800,2.912700,1,0.578000,15.612142,0.821679,0.501616,6.369833,0
2022-06-16,sh.600736,5.2200,5.2900,5.1800,5.2000,5.2200,18660985,97358432.9100,1.620900,1,-0.383100,15.552326,0.818531,0.499695,6.345427,0
2022-06-17,sh.600736,5.1600,5.2100,5.0800,5.1400,5.2000,21741723,111490343.8200,1.888500,1,-1.153800,15.372876,0.809086,0.493929,6.272211,0
2022-06-20,sh.600736,5.1400,5.2800,5.1200,5.2200,5.1400,20852526,108829736.5000,1.811200,1,1.556400,15.612142,0.821679,0.501616,6.369833,0
2022-06-21,sh.600736,5.2700,5.4500,5.2400,5.3600,5.2200,45633618,244367229.6000,3.963700,1,2.682000,16.030859,0.843717,0.515070,6.540671,0
2022-06-22,sh.600736,5.3600,5.3700,5.2400,5.2600,5.3600,25119262,132923348.8500,2.181800,1,-1.865700,15.731776,0.827976,0.505460,6.418644,0
2022-06-23,sh.600736,5.2400,5.2900,5.1800,5.2900,5.2600,22098333,115829077.3500,1.919400,1,0.570300,15.821501,0.832698,0.508343,6.455252,0
2022-06-24,sh.600736,5.3400,5.3700,5.2400,5.2900,5.2900,19867789,105178017.9400,1.725700,1,0.000000,15.821501,0.832698,0.508343,6.455252,0
2022-06-27,sh.600736,5.2800,5.3200,5.2500,5.2600,5.2900,19322182,102022916.3100,1.678300,1,-0.567100,15.731776,0.827976,0.505460,6.418644,0
2022-06-28,sh.600736,5.2500,5.2700,5.2000,5.2300,5.2600,19266125,100653815.2500,1.673400,1,-0.570300,15.642051,0.823253,0.502577,6.382036,0
2022-06-29,sh.600736,5.2500,5.3400,5.2300,5.2600,5.2300,32896555,174249047.2800,2.857400,1,0.573600,15.731776,0.827976,0.505460,6.418644,0
2022-06-30,sh.600736,5.3100,5.3100,5.1700,5.2300,5.2600,26237852,137530854.5600,2.279000,1,-0.570300,15.642051,0.823253,0.502577,6.382036,0
2022-07-01,sh.600736,5.2400,5.2800,5.1800,5.1900,5.2300,20546696,107277072.2000,1.784700,1,-0.764800,15.522417,0.816957,0.498734,6.333225,0
2022-07-04,sh.600736,5.1800,5.2100,5.1000,5.1500,5.1900,17795442,91405132.1600,1.545700,1,-0.770700,15.402784,0.810661,0.494890,6.284414,0
2022-07-05,sh.600736,5.1300,5.1700,5.0700,5.1100,5.1500,15905321,81394021.8600,1.381500,1,-0.776700,15.283151,0.804364,0.491046,6.235603,0
2022-07-06,sh.600736,5.0900,5.1300,4.9500,4.9700,5.1100,20119124,100863080.5600,1.747500,1,-2.739700,14.864434,0.782327,0.477593,6.064764,0
2022-07-07,sh.600736,5.0400,5.1400,4.9900,5.0500,4.9700,15020617,76109182.3000,1.304700,1,1.609700,15.103701,0.794920,0.485280,6.162386,0
2022-07-08,sh.600736,5.0300,5.0400,4.9700,4.9700,4.9800,9921000,49589869.0000,0.861700,1,-0.200800,14.864434,0.782327,0.477593,6.064764,0
2022-07-11,sh.600736,4.9300,5.0000,4.9100,4.9400,4.9700,11851346,58751864.8000,1.029400,1,-0.603600,14.774709,0.777605,0.474710,6.028156,0
2022-07-12,sh.600736,4.9400,5.0600,4.9400,5.0300,4.9400,18336079,91954287.3400,1.592700,1,1.821900,15.043884,0.791771,0.483358,6.137981,0
2022-07-13,sh.600736,5.0600,5.5300,5.0400,5.5300,5.0300,59191840,319043890.6600,5.141300,1,9.940400,16.539300,0.870476,0.531406,6.748118,0
2022-07-14,sh.600736,5.5000,5.5400,5.2500,5.3900,5.5300,73524650,395889890.5500,6.386300,1,-2.531600,16.120584,0.848439,0.517953,6.577279,0
2022-07-15,sh.600736,5.3700,5.3800,5.0900,5.1300,5.3900,43317800,223954845.5200,3.762500,1,-4.823700,15.342967,0.807512,0.492968,6.260008,0
2022-07-18,sh.600736,5.1000,5.3500,5.0700,5.3000,5.1300,36410960,192035480.3200,3.162600,1,3.313800,15.851409,0.834272,0.509304,6.467455,0
2022-07-19,sh.600736,5.2800,5.4300,5.2500,5.2600,5.3000,29425254,156021583.5200,2.555800,1,-0.754700,15.731776,0.827976,0.505460,6.418644,0
2022-07-20,sh.600736,5.2600,5.3700,5.2500,5.2800,5.2600,22209063,117629639.3900,1.929100,1,0.380200,15.791592,0.831124,0.507382,6.443049,0
2022-07-21,sh.600736,5.3800,5.5900,5.2700,5.4800,5.2800,55158427,300192791.7900,4.791000,1,3.787900,16.389759,0.862606,0.526601,6.687104,0
2022-07-22,sh.600736,5.4700,5.4900,5.3500,5.4000,5.4800,29275850,158402373.9000,2.542900,1,-1.459900,16.150492,0.850013,0.518914,6.589482,0
2022-07-25,sh.600736,5.3800,5.4800,5.3200,5.3500,5.4000,21256299,114569506.3100,1.846300,1,-0.925900,16.000950,0.842143,0.514109,6.528469,0
2022-07-26,sh.600736,5.3500,5.5800,5.3200,5.5400,5.3500,49433301,271645632.0700,4.293700,1,3.551400,16.569208,0.872050,0.532367,6.760321,0
2022-07-27,sh.600736,5.4900,5.5100,5.3800,5.4100,5.5400,32499587,176114699.7000,2.822900,1,-2.346600,16.180400,0.851587,0.519875,6.601685,0
2022-07-28,sh.600736,5.4300,5.4900,5.3700,5.4000,5.4100,26009815,140790654.3400,2.259200,1,-0.184800,16.150492,0.850013,0.518914,6.589482,0
2022-07-29,sh.600736,5.4300,5.4400,5.2900,5.3100,5.4000,23215016,123863848.8500,2.016400,1,-1.666700,15.881317,0.835846,0.510265,6.479658,0
2022-08-01,sh.600736,5.2800,5.3200,5.2000,5.2600,5.3100,18967793,99436706.7800,1.647500,1,-0.941600,15.731776,0.827976,0.505460,6.418644,0
2022-08-02,sh.600736,5.2300,5.2300,4.9300,4.9700,5.2600,25651087,128677061.7600,2.228000,1,-5.513300,14.864434,0.782327,0.477593,6.064764,0
2022-08-03,sh.600736,4.9700,5.0400,4.8900,4.8900,4.9700,16917900,83953547.0000,1.469500,1,-1.609700,14.625168,0.769734,0.469905,5.967142,0
2022-08-04,sh.600736,4.9200,4.9900,4.8700,4.9500,4.8900,12068365,59600468.0000,1.048200,1,1.227000,14.804618,0.779179,0.475671,6.040359,0
2022-08-05,sh.600736,4.9500,5.1100,4.9000,5.0800,4.9500,17335725,87299993.0000,1.505800,1,2.626300,15.193426,0.799642,0.488163,6.198994,0
2022-08-08,sh.600736,5.1100,5.2700,5.0800,5.1800,5.0800,21116764,109457580.0000,1.834200,1,1.968500,15.492509,0.815383,0.497773,6.321022,0
2022-08-09,sh.600736,5.1800,5.1900,5.0700,5.0900,5.1800,14791188,75468286.0000,1.284700,1,-1.737500,15.223334,0.801216,0.489124,6.211197,0
2022-08-10,sh.600736,5.0800,5.1100,5.0100,5.1000,5.0900,13483092,68146040.0000,1.171100,1,0.196500,15.253242,0.802790,0.490085,6.223400,0
2022-08-11,sh.600736,5.2000,5.3000,5.1900,5.2000,5.1000,22998500,120435867.0000,1.997600,1,1.960800,15.552326,0.818531,0.499695,6.345427,0
2022-08-12,sh.600736,5.1800,5.2900,5.1500,5.2500,5.2000,22643332,118708994.0000,1.966800,1,0.961500,15.701867,0.826402,0.504499,6.406441,0
2022-08-15,sh.600736,5.2400,5.2800,5.1600,5.1600,5.2500,14941800,77693626.0000,1.297800,1,-1.714300,15.432692,0.812235,0.495851,6.296616,0
2022-08-16,sh.600736,5.1800,5.2800,5.1800,5.2500,5.1600,16290296,85252870.3200,1.415000,1,1.744200,15.701867,0.826402,0.504499,6.406441,0
2022-08-17,sh.600736,5.2500,5.3400,5.2500,5.2800,5.2500,18863079,99758447.9600,1.638400,1,0.571400,15.791592,0.831124,0.507382,6.443049,0
2022-08-18,sh.600736,5.2900,5.7500,5.1600,5.5600,5.2800,62401080,341568681.0200,5.420100,1,5.303000,16.629025,0.875199,0.534289,6.784726,0
2022-08-19,sh.600736,5.5000,5.7000,5.4900,5.5200,5.5600,41240760,229630853.4900,3.582100,1,-0.719400,16.509392,0.868902,0.530445,6.735915,0
2022-08-22,sh.600736,5.5100,5.5300,5.4200,5.4200,5.5200,20142080,109943274.4400,1.749500,1,-1.811600,16.210309,0.853161,0.520836,6.613888,0
2022-08-23,sh.600736,5.4400,5.5000,5.3900,5.4600,5.4200,16267074,88571264.6800,1.412900,1,0.738000,16.329942,0.859458,0.524679,6.662699,0
2022-08-24,sh.600736,5.4600,5.4900,5.2800,5.2900,5.4600,19975631,106874654.3000,1.735100,1,-3.113600,15.821501,0.832698,0.508343,6.455252,0
2022-08-25,sh.600736,5.3400,5.3500,5.2100,5.3100,5.2900,13322742,70279494.5400,1.157200,1,0.378100,15.881317,0.835846,0.510265,6.479658,0
2022-08-26,sh.600736,5.3100,5.3300,5.2100,5.2100,5.3100,14981886,78754905.2600,1.301300,1,-1.883200,15.582234,0.820105,0.500656,6.357630,0
2022-08-29,sh.600736,5.1600,5.4100,5.0800,5.3500,5.2100,18944660,99643411.2400,1.645500,1,2.687100,16.000950,0.842143,0.514109,6.528469,0
2022-08-30,sh.600736,5.4100,5.4900,5.3600,5.3900,5.3500,22824499,123909239.0800,1.982500,1,0.747700,15.173483,0.838560,0.404546,6.328937,0
2022-08-31,sh.600736,5.3900,5.4300,5.2000,5.2100,5.3900,17960355,95179951.1500,1.560000,1,-3.339500,14.666762,0.810556,0.391037,6.117581,0
2022-09-01,sh.600736,5.2300,5.4500,5.2200,5.3300,5.2100,25331646,135895880.5400,2.200300,1,2.303300,15.004576,0.829225,0.400043,6.258485,0
2022-09-02,sh.600736,5.3500,5.4100,5.3200,5.3800,5.3300,16224312,87117990.9500,1.409200,1,0.938100,15.145332,0.837004,0.403796,6.317195,0
2022-09-05,sh.600736,5.3700,5.4500,5.3500,5.4500,5.3800,17235969,93583201.9200,1.497100,1,1.301100,15.342390,0.847894,0.409050,6.399389,0
2022-09-06,sh.600736,5.4600,5.6300,5.4400,5.5700,5.4500,28248417,157011532.8600,2.453600,1,2.201800,15.680204,0.866563,0.418056,6.540293,0
2022-09-07,sh.600736,5.5200,5.6000,5.4800,5.5600,5.5700,18334241,101588681.1500,1.592500,1,-0.179500,15.652053,0.865008,0.417306,6.528551,0
2022-09-08,sh.600736,5.5600,5.6300,5.4700,5.5300,5.5600,14946147,82417960.4600,1.298200,1,-0.539600,15.567599,0.860340,0.415054,6.493325,0
2022-09-09,sh.600736,5.5500,5.6800,5.5200,5.6500,5.5300,26903974,151502530.9900,2.336800,1,2.170000,15.905414,0.879010,0.424061,6.634229,0
2022-09-13,sh.600736,5.6500,5.6700,5.4600,5.4900,5.6500,23303309,129038623.5400,2.024100,1,-2.831900,15.454995,0.854117,0.412052,6.446357,0
2022-09-14,sh.600736,5.4400,5.5800,5.3800,5.4200,5.4900,21542460,117801311.9700,1.871200,1,-1.275000,15.257937,0.843227,0.406798,6.364163,0
2022-09-15,sh.600736,5.7100,5.9600,5.5200,5.7700,5.4200,95374949,546418583.0800,8.284200,1,6.457600,16.243228,0.897679,0.433067,6.775133,0
2022-09-16,sh.600736,5.6100,5.7200,5.2100,5.2700,5.7700,76583345,419462191.8400,6.651900,1,-8.665500,14.835669,0.819890,0.395540,6.188033,0
2022-09-19,sh.600736,5.0900,5.2700,5.0800,5.1500,5.2700,36088102,186257565.8200,3.134600,1,-2.277000,14.497855,0.801221,0.386533,6.047129,0
2022-09-20,sh.600736,5.1700,5.4000,5.1500,5.2200,5.1500,31480144,166508610.9600,2.734300,1,1.359200,14.694913,0.812112,0.391787,6.129323,0
2022-09-21,sh.600736,5.2200,5.3800,5.0500,5.3300,5.2200,37056141,193194114.2500,3.218700,1,2.107300,15.004576,0.829225,0.400043,6.258485,0
2022-09-22,sh.600736,5.2900,5.4000,5.1400,5.1600,5.3300,27867624,145958540.5100,2.420600,1,-3.189500,14.526006,0.802777,0.387284,6.058871,0
2022-09-23,sh.600736,5.1600,5.3400,5.0800,5.0900,5.1600,26588568,138105376.6600,2.309500,1,-1.356600,14.328948,0.791887,0.382030,5.976677,0
2022-09-26,sh.600736,5.0900,5.1700,4.9200,4.9400,5.0900,23259841,116486234.9200,2.020300,1,-2.947000,13.906680,0.768550,0.370772,5.800547,0
2022-09-27,sh.600736,4.9200,5.0000,4.8100,4.9800,4.9400,20189211,98853602.8800,1.753600,1,0.809700,14.019285,0.774773,0.373774,5.847515,0
2022-09-28,sh.600736,4.9600,4.9600,4.7900,4.7900,4.9800,16860516,81773661.5000,1.464500,1,-3.815300,13.484413,0.745213,0.359513,5.624417,0
2022-09-29,sh.600736,4.8400,4.8600,4.5800,4.6400,4.7900,20351799,95578153.6500,1.767700,1,-3.131500,13.062145,0.721877,0.348255,5.448287,0
2022-09-30,sh.600736,4.7000,4.7700,4.6300,4.7000,4.6400,15999089,75214700.2800,1.389700,1,1.293100,13.231052,0.731212,0.352758,5.518739,0
2022-10-10,sh.600736,4.7300,4.8500,4.6300,4.6400,4.7000,18120270,86098884.2800,1.573900,1,-1.276600,13.062145,0.721877,0.348255,5.448287,0
2022-10-11,sh.600736,4.6300,4.6800,4.5300,4.6000,4.6400,16096805,73901478.3200,1.398200,1,-0.862100,12.949540,0.715654,0.345253,5.401319,0
2022-10-12,sh.600736,4.6200,4.7000,4.5400,4.7000,4.6000,14763882,68205281.6100,1.282400,1,2.173900,13.231052,0.731212,0.352758,5.518739,0
2022-10-13,sh.600736,4.7700,4.8600,4.7000,4.8100,4.7000,22656211,108478848.5300,1.967900,1,2.340400,13.540715,0.748325,0.361015,5.647901,0
2022-10-14,sh.600736,4.7600,4.8700,4.7600,4.8300,4.8100,20157237,97277945.9600,1.750800,1,0.415800,13.597017,0.751437,0.362516,5.671385,0
2022-10-17,sh.600736,4.8000,4.8700,4.7300,4.8500,4.8300,17199652,82701659.5500,1.493900,1,0.414100,13.653320,0.754548,0.364017,5.694869,0
2022-10-18,sh.600736,4.8500,4.8900,4.8200,4.8500,4.8500,14361360,69707573.6000,1.247400,1,0.000000,13.653320,0.754548,0.364017,5.694869,0
2022-10-19,sh.600736,4.8600,4.9000,4.8000,4.8100,4.8500,13618390,65938848.1800,1.182900,1,-0.824700,13.540715,0.748325,0.361015,5.647901,0
2022-10-20,sh.600736,4.7700,4.8200,4.7300,4.7500,4.8100,10420160,49715228.4700,0.905100,1,-1.247400,13.371808,0.738990,0.356511,5.577449,0
2022-10-21,sh.600736,4.8000,4.8700,4.7400,4.7600,4.7500,11533272,55531133.1200,1.001800,1,0.210500,13.399959,0.740546,0.357262,5.589191,0
2022-10-24,sh.600736,4.7700,4.8000,4.5800,4.5900,4.7600,13729071,64174393.1200,1.192500,1,-3.571400,12.921389,0.714098,0.344502,5.389577,0
2022-10-25,sh.600736,4.6000,4.6200,4.4600,4.5700,4.5900,11378104,51647677.0300,0.988300,1,-0.435700,12.865087,0.710987,0.343001,5.366093,0
2022-10-26,sh.600736,4.5800,4.6500,4.5700,4.6000,4.5700,8685177,39978730.6600,0.754400,1,0.656500,12.949540,0.715654,0.345253,5.401319,0
2022-10-27,sh.600736,4.5800,4.6900,4.5800,4.6500,4.6000,9932057,46005269.6200,0.862700,1,1.087000,13.090296,0.723433,0.349006,5.460029,0
2022-10-28,sh.600736,4.6100,4.6500,4.4400,4.4400,4.6500,12654518,57063417.7600,1.099200,1,-4.516100,12.499121,0.690762,0.333244,5.213447,0
2022-10-31,sh.600736,4.4300,4.4300,4.3200,4.3400,4.4400,14845977,64920682.7800,1.289500,1,-2.252300,16.660366,0.692840,0.384597,5.042511,0
2022-11-01,sh.600736,4.3500,4.4000,4.3100,4.3900,4.3400,11397378,49657497.5600,0.990000,1,1.152100,16.852305,0.700822,0.389028,5.100604,0
2022-11-02,sh.600736,4.3800,4.4900,4.3600,4.4700,4.3900,12768051,56702809.2600,1.109000,1,1.822300,17.159409,0.713593,0.396118,5.193554,0
2022-11-03,sh.600736,4.4400,4.4600,4.4000,4.4400,4.4700,9410743,41670020.4500,0.817400,1,-0.671100,17.044245,0.708804,0.393459,5.158698,0
2022-11-04,sh.600736,4.4300,4.5300,4.4200,4.5000,4.4400,10805523,48440593.8900,0.938600,1,1.351400,17.274573,0.718382,0.398776,5.228410,0
2022-11-07,sh.600736,4.5000,4.5800,4.4800,4.5600,4.5000,14805529,67140756.4200,1.286000,1,1.333300,17.504900,0.727961,0.404093,5.298122,0
2022-11-08,sh.600736,4.6000,4.6000,4.5300,4.5500,4.5600,7836476,35695110.2700,0.680700,1,-0.219300,17.466512,0.726364,0.403207,5.286504,0
2022-11-09,sh.600736,4.5500,4.6800,4.5400,4.5900,4.5500,14872540,68688407.0600,1.291800,1,0.879100,17.620064,0.732750,0.406752,5.332978,0
2022-11-10,sh.600736,4.6300,4.6600,4.5500,4.6300,4.5900,13213768,61061570.1200,1.147700,1,0.871500,17.773616,0.739136,0.410296,5.379453,0
2022-11-11,sh.600736,4.7000,4.8900,4.6700,4.8300,4.6300,41028262,196658427.3300,3.563700,1,4.319700,18.541375,0.771064,0.428020,5.611827,0
2022-11-14,sh.600736,4.9500,4.9900,4.8200,4.8500,4.8300,38891997,190210260.7700,3.378100,1,0.414100,18.618151,0.774257,0.429792,5.635064,0
2022-11-15,sh.600736,4.8200,4.9800,4.8100,4.9100,4.8500,29628265,145748229.4900,2.573500,1,1.237100,18.848478,0.783835,0.435109,5.704776,0
2022-11-16,sh.600736,4.9100,4.9700,4.8400,4.8400,4.9100,18610399,90998227.3800,1.616500,1,-1.425700,18.579763,0.772660,0.428906,5.623445,0
2022-11-17,sh.600736,4.8300,4.9100,4.8000,4.8300,4.8400,13686900,66295863.0000,1.188800,1,-0.206600,18.541375,0.771064,0.428020,5.611827,0
2022-11-18,sh.600736,4.8400,4.8700,4.7600,4.8100,4.8300,18616300,89766180.0000,1.617000,1,-0.414100,18.464599,0.767871,0.426247,5.588589,0
2022-11-21,sh.600736,4.7600,4.7700,4.6500,4.7300,4.8100,14891318,69926589.2100,1.293400,1,-1.663200,18.157495,0.755100,0.419158,5.495640,0
2022-11-22,sh.600736,4.8200,4.8600,4.7000,4.7200,4.7300,14090841,67104826.1200,1.223900,1,-0.211400,18.119107,0.753503,0.418272,5.484021,0
2022-11-23,sh.600736,4.6800,4.7300,4.6600,4.7100,4.7200,12057729,56627577.2200,1.047300,1,-0.211900,18.080719,0.751907,0.417386,5.472403,0
2022-11-24,sh.600736,4.8100,4.8900,4.7300,4.7600,4.7100,18324032,87780126.6600,1.591600,1,1.061600,18.272659,0.759889,0.421817,5.530496,0
2022-11-25,sh.600736,4.7600,4.9100,4.7500,4.8800,4.7600,30861017,149911575.9300,2.680600,1,2.521000,18.733314,0.779046,0.432451,5.669920,0
2022-11-28,sh.600736,4.8100,4.8700,4.6900,4.8600,4.8800,19391041,93529228.8500,1.684300,1,-0.409800,18.656539,0.775853,0.430678,5.646683,0
2022-11-29,sh.600736,5.1500,5.2900,4.9600,5.2000,4.8600,70012347,358226735.2800,6.081200,1,6.995900,19.961728,0.830131,0.460808,6.041718,0
2022-11-30,sh.600736,5.1300,5.3500,5.1000,5.1200,5.2000,62784099,326735360.7100,5.453400,1,-1.538500,19.654625,0.817360,0.453719,5.948769,0
2022-12-01,sh.600736,5.1200,5.1800,5.0200,5.0500,5.1200,34723315,176656465.9300,3.016000,1,-1.367200,19.385909,0.806185,0.447515,5.867438,0
2022-12-02,sh.600736,5.0200,5.0400,4.9100,5.0000,5.0500,23160989,115018438.0500,2.011700,1,-0.990100,19.193970,0.798203,0.443085,5.809345,0
2022-12-05,sh.600736,5.0400,5.1000,5.0100,5.0700,5.0000,23640001,119668595.0300,2.053300,1,1.400000,19.462685,0.809377,0.449288,5.890675,0
2022-12-06,sh.600736,5.0300,5.0900,4.9600,4.9900,5.0700,19310328,96771569.5300,1.677300,1,-1.577900,19.155582,0.796606,0.442198,5.797726,0
2022-12-07,sh.600736,4.9600,5.0000,4.9000,4.9900,4.9900,14873638,73635595.2400,1.291900,1,0.000000,19.155582,0.796606,0.442198,5.797726,0
2022-12-08,sh.600736,4.9800,5.1100,4.9500,5.0700,4.9900,26191201,132125528.7000,2.274900,1,1.603200,19.462685,0.809377,0.449288,5.890675,0
2022-12-09,sh.600736,5.1100,5.1500,4.9900,5.0000,5.0700,21808642,110135825.4000,1.894300,1,-1.380700,19.193970,0.798203,0.443085,5.809345,0
2022-12-12,sh.600736,4.9500,4.9900,4.8600,4.8700,5.0000,18640349,91603163.5700,1.619100,1,-2.600000,18.694926,0.777449,0.431564,5.658302,0
2022-12-13,sh.600736,4.8400,4.9500,4.8400,4.9100,4.8700,11860329,58180510.1000,1.030200,1,0.821400,18.848478,0.783835,0.435109,5.704776,0
2022-12-14,sh.600736,4.9100,4.9100,4.8300,4.8700,4.9100,12068252,58743928.5200,1.048200,1,-0.814700,18.694926,0.777449,0.431564,5.658302,0
2022-12-15,sh.600736,4.8600,4.9200,4.8100,4.9200,4.8700,10598097,51582505.3600,0.920500,1,1.026700,18.886866,0.785431,0.435995,5.716395,0
2022-12-16,sh.600736,4.9300,5.4100,4.9000,5.4100,4.9200,102742706,547229022.9800,8.924100,1,9.959300,20.767875,0.863655,0.479418,6.285711,0
2022-12-19,sh.600736,5.3100,5.6300,5.1500,5.2200,5.4100,102909517,551443994.8100,8.938600,1,-3.512000,20.038504,0.833324,0.462580,6.064956,0
2022-12-20,sh.600736,5.2000,5.2400,4.9400,5.0600,5.2200,46284830,234469136.7900,4.020200,1,-3.065100,19.424297,0.807781,0.448402,5.879057,0
2022-12-21,sh.600736,5.1100,5.1500,4.9700,4.9900,5.0600,38257400,192093020.2800,3.323000,1,-1.383400,19.155582,0.796606,0.442198,5.797726,0
2022-12-22,sh.600736,5.1100,5.2000,4.9500,4.9500,4.9900,56345608,283489802.0900,4.894100,1,-0.801600,19.002030,0.790221,0.438654,5.751251,0
2022-12-23,sh.600736,4.8400,4.8600,4.6400,4.7900,4.9500,41281879,196837579.8900,3.585700,1,-3.232300,18.387823,0.764678,0.424475,5.565352,0
2022-12-26,sh.600736,4.7700,4.7700,4.6700,4.7300,4.7900,22633570,106712441.2100,1.965900,1,-1.252600,18.157495,0.755100,0.419158,5.495640,0
2022-12-27,sh.600736,4.7300,4.8700,4.7100,4.8600,4.7300,26157907,125593840.3000,2.272000,1,2.748400,18.656539,0.775853,0.430678,5.646683,0
2022-12-28,sh.600736,4.8300,4.8900,4.7300,4.8000,4.8600,17741934,85676719.1800,1.541000,1,-1.234600,18.426211,0.766275,0.425361,5.576971,0
2022-12-29,sh.600736,4.7600,4.8100,4.6600,4.6600,4.8000,22137900,103979336.0000,1.922900,1,-2.916700,17.888780,0.743925,0.412955,5.414309,0
2022-12-30,sh.600736,4.6400,4.7000,4.6300,4.6800,4.6600,13050471,60882394.4600,1.133500,1,0.429200,17.965556,0.747118,0.414727,5.437546,0
2023-01-03,sh.600736,4.6700,4.7600,4.6500,4.7400,4.6800,13911155,65567512.6300,1.208300,1,1.282100,18.195883,0.756696,0.420044,5.507259,0
2023-01-04,sh.600736,4.7100,4.8800,4.7000,4.8200,4.7400,22362977,107895055.6600,1.942400,1,1.687800,18.502987,0.769467,0.427134,5.600208,0
2023-01-05,sh.600736,4.8200,4.8600,4.7700,4.7900,4.8200,13675900,65601652.2400,1.187900,1,-0.622400,18.387823,0.764678,0.424475,5.565352,0
2023-01-06,sh.600736,4.8200,4.8900,4.7500,4.7600,4.7900,15404034,74064211.0800,1.338000,1,-0.626300,18.272659,0.759889,0.421817,5.530496,0
2023-01-09,sh.600736,4.7600,4.8100,4.7400,4.7500,4.7600,9870234,47081680.5000,0.857300,1,-0.210100,18.234271,0.758293,0.420930,5.518877,0
2023-01-10,sh.600736,4.7400,4.7600,4.6800,4.7000,4.7500,10070949,47424437.3900,0.874800,1,-1.052600,18.042332,0.750310,0.416500,5.460784,0
2023-01-11,sh.600736,4.7100,4.7600,4.6800,4.7000,4.7000,8406900,39695609.0000,0.730200,1,0.000000,18.042332,0.750310,0.416500,5.460784,0
2023-01-12,sh.600736,4.6900,4.7000,4.6300,4.6900,4.7000,9115965,42527618.2000,0.791800,1,-0.212800,18.003944,0.748714,0.415613,5.449165,0
2023-01-13,sh.600736,4.6800,4.7300,4.6600,4.7300,4.6900,7352400,34521205.0400,0.638600,1,0.852900,18.157495,0.755100,0.419158,5.495640,0
2023-01-16,sh.600736,4.7200,4.7700,4.6900,4.7700,4.7300,12220214,57998080.2700,1.061400,1,0.845700,18.311047,0.761485,0.422703,5.542115,0
2023-01-17,sh.600736,4.7500,4.8900,4.7500,4.8200,4.7700,15055632,72653870.6800,1.307700,1,1.048200,18.502987,0.769467,0.427134,5.600208,0
2023-01-18,sh.600736,4.8200,4.8500,4.8000,4.8100,4.8200,10638672,51281489.6900,0.924100,1,-0.207500,18.464599,0.767871,0.426247,5.588589,0
2023-01-19,sh.600736,4.7900,4.8400,4.7800,4.8300,4.8100,8494195,40870835.7100,0.737800,1,0.415800,18.541375,0.771064,0.428020,5.611827,0
2023-01-20,sh.600736,4.8200,4.8700,4.8200,4.8700,4.8300,11549940,56039324.0000,1.003200,1,0.828200,18.694926,0.777449,0.431564,5.658302,0
2023-01-30,sh.600736,4.9300,4.9400,4.8700,4.8900,4.8700,13365600,65459046.0000,1.160900,1,0.410700,18.771702,0.780642,0.433337,5.681539,0
2023-01-31,sh.600736,4.8700,5.0000,4.8400,4.9900,4.8900,17002187,83833021.1800,1.476800,1,2.045000,19.155582,0.796606,0.442198,5.797726,0
2023-02-01,sh.600736,5.0000,5.0100,4.9300,5.0000,4.9900,13713074,68132446.5000,1.191100,1,0.200400,19.193970,0.798203,0.443085,5.809345,0
2023-02-02,sh.600736,5.1500,5.5000,5.1100,5.5000,5.0000,104580032,569055639.5000,9.083700,1,10.000000,21.113367,0.878023,0.487393,6.390279,0
2023-02-03,sh.600736,5.4800,5.4800,5.2700,5.3300,5.5000,87275096,466067888.6600,7.580600,1,-3.090900,20.460772,0.850884,0.472328,6.192761,0
2023-02-06,sh.600736,5.2700,5.3800,5.2400,5.3300,5.3300,39035844,207843529.3700,3.390600,1,0.000000,20.460772,0.850884,0.472328,6.192761,0
2023-02-07,sh.600736,5.3300,5.3800,5.3000,5.3300,5.3300,30526573,162743537.9400,2.651500,1,0.000000,20.460772,0.850884,0.472328,6.192761,0
2023-02-08,sh.600736,5.3000,5.3100,5.1800,5.1900,5.3300,35281453,184678757.9100,3.064500,1,-2.626600,19.923341,0.828534,0.459922,6.030100,0
2023-02-09,sh.600736,5.2400,5.2500,5.1800,5.2500,5.1900,21232511,110806716.1700,1.844200,1,1.156100,20.153668,0.838113,0.465239,6.099812,0
2023-02-10,sh.600736,5.2500,5.3000,5.2300,5.2500,5.2500,19567177,102867756.6600,1.699600,1,0.000000,20.153668,0.838113,0.465239,6.099812,0
2023-02-13,sh.600736,5.2700,5.3300,5.2300,5.3300,5.2500,23482819,124082585.4600,2.039700,1,1.523800,20.460772,0.850884,0.472328,6.192761,0
2023-02-14,sh.600736,5.3500,5.3600,5.2400,5.2600,5.3300,20812693,110102129.8500,1.807800,1,-1.313300,20.192056,0.839709,0.466125,6.111430,0
2023-02-15,sh.600736,5.2500,5.2600,5.2000,5.2300,5.2600,15647614,81743988.7400,1.359100,1,-0.570300,20.076892,0.834920,0.463467,6.076574,0
2023-02-16,sh.600736,5.2200,5.3500,5.1300,5.1700,5.2300,31427129,164924384.8900,2.729700,1,-1.147200,19.846565,0.825342,0.458150,6.006862,0
2023-02-17,sh.600736,5.1800,5.2100,5.1200,5.1200,5.1700,17369262,89605819.3900,1.508700,1,-0.967100,19.654625,0.817360,0.453719,5.948769,0
2023-02-20,sh.600736,5.1700,5.3200,5.1700,5.2700,5.1200,26602475,140053126.6100,2.310700,1,2.929700,20.230444,0.841306,0.467011,6.123049,0
2023-02-21,sh.600736,5.3300,5.3800,5.2400,5.2800,5.2700,26300463,139562571.5500,2.284400,1,0.189800,20.268832,0.842902,0.467897,6.134668,0
2023-02-22,sh.600736,5.2400,5.3000,5.2300,5.2600,5.2800,16780344,88322354.0100,1.457500,1,-0.378800,20.192056,0.839709,0.466125,6.111430,0
2023-02-23,sh.600736,5.2600,5.3100,5.2300,5.2600,5.2600,14394501,75895539.1600,1.250300,1,0.000000,20.192056,0.839709,0.466125,6.111430,0
2023-02-24,sh.600736,5.2600,5.2700,5.1900,5.2100,5.2600,11481421,59910488.6100,0.997300,1,-0.950600,20.000116,0.831727,0.461694,6.053337,0
2023-02-27,sh.600736,5.2100,5.2300,5.1300,5.1400,5.2100,11554965,59846467.5000,1.003700,1,-1.343600,19.731401,0.820552,0.455491,5.972006,0
2023-02-28,sh.600736,5.1400,5.2100,5.1400,5.2000,5.1400,9694301,50155618.1500,0.842000,1,1.167300,19.961728,0.830131,0.460808,6.041718,0
2023-03-01,sh.600736,5.2000,5.2300,5.1800,5.2200,5.2000,10386281,54070788.2000,0.902100,1,0.384600,20.038504,0.833324,0.462580,6.064956,0
2023-03-02,sh.600736,5.2200,5.2500,5.2000,5.2100,5.2200,10720039,56002369.1900,0.931100,1,-0.191600,20.000116,0.831727,0.461694,6.053337,0
2023-03-03,sh.600736,5.2200,5.2700,5.2000,5.2700,5.2100,12047353,63102967.2500,1.046400,1,1.151600,20.230444,0.841306,0.467011,6.123049,0
2023-03-06,sh.600736,5.2600,5.2800,5.1800,5.1900,5.2700,13625416,71030889.0400,1.183500,1,-1.518000,19.923341,0.828534,0.459922,6.030100,0
2023-03-07,sh.600736,5.1900,5.2200,5.0800,5.0800,5.1900,16162072,83005137.4800,1.403800,1,-2.119500,19.501073,0.810974,0.450174,5.902294,0
2023-03-08,sh.600736,5.0700,5.1100,5.0600,5.0900,5.0800,6714559,34136661.7200,0.583200,1,0.196900,19.539461,0.812570,0.451060,5.913913,0
2023-03-09,sh.600736,5.0900,5.1700,5.0600,5.1600,5.0900,10536975,53995257.5000,0.915200,1,1.375200,19.808177,0.823745,0.457263,5.995244,0
2023-03-10,sh.600736,5.1400,5.1400,5.0300,5.0500,5.1600,12753500,64655047.0000,1.107800,1,-2.131800,19.385909,0.806185,0.447515,5.867438,0
2023-03-13,sh.600736,5.0400,5.0900,5.0100,5.0600,5.0500,7201066,36316768.3000,0.625500,1,0.198000,19.424297,0.807781,0.448402,5.879057,0
2023-03-14,sh.600736,5.0700,5.0700,4.9100,4.9300,5.0600,16087869,79964177.9500,1.397400,1,-2.569200,18.925254,0.787028,0.436881,5.728014,0
2023-03-15,sh.600736,4.9500,5.0200,4.9400,5.0200,4.9300,6824456,34047633.9700,0.592800,1,1.825600,19.270746,0.801395,0.444857,5.832582,0
2023-03-16,sh.600736,4.9900,5.0200,4.9400,4.9700,5.0200,6142300,30620212.0000,0.533500,1,-0.996000,19.078806,0.793413,0.440426,5.774488,0
2023-03-17,sh.600736,4.9900,5.0700,4.9800,5.0400,4.9700,9683725,48738664.7500,0.841100,1,1.408500,19.347521,0.804588,0.446629,5.855819,0
2023-03-20,sh.600736,5.0600,5.1800,5.0300,5.0500,5.0400,18061202,92291228.9900,1.568800,1,0.198400,19.385909,0.806185,0.447515,5.867438,0
2023-03-21,sh.600736,5.0700,5.1200,5.0300,5.1100,5.0500,11301995,57373908.4400,0.981700,1,1.188100,19.616237,0.815763,0.452833,5.937150,0
2023-03-22,sh.600736,5.1100,5.1200,5.0700,5.1200,5.1100,7393962,37706374.2000,0.642200,1,0.195700,19.654625,0.817360,0.453719,5.948769,0
2023-03-23,sh.600736,5.1000,5.1100,5.0500,5.0800,5.1200,8329462,42237035.2100,0.723500,1,-0.781300,19.501073,0.810974,0.450174,5.902294,0
2023-03-24,sh.600736,5.0700,5.1500,5.0300,5.1400,5.0800,13655702,69667530.2700,1.186100,1,1.181100,19.731401,0.820552,0.455491,5.972006,0
2023-03-27,sh.600736,5.1600,5.1600,5.0800,5.1000,5.1400,9527287,48791574.5500,0.827500,1,-0.778200,19.577849,0.814167,0.451946,5.925531,0
2023-03-28,sh.600736,5.1000,5.1300,5.0400,5.0500,5.1000,7510100,38125334.0000,0.652300,1,-0.980400,19.385909,0.806185,0.447515,5.867438,0
2023-03-29,sh.600736,5.0500,5.0700,4.9700,5.0000,5.0500,8350435,41854471.4800,0.725300,1,-0.990100,19.193970,0.798203,0.443085,5.809345,0
2023-03-30,sh.600736,5.0300,5.0300,4.9400,4.9500,5.0000,8598284,42674524.6800,0.746800,1,-1.000000,19.002030,0.790221,0.438654,5.751251,0
2023-03-31,sh.600736,4.9600,4.9800,4.9400,4.9600,4.9500,6017156,29819459.6400,0.522600,1,0.202000,19.040418,0.791817,0.439540,5.762870,0
2023-04-03,sh.600736,4.9500,5.0400,4.9400,5.0200,4.9600,10870475,54380543.1300,0.944200,1,1.209700,19.270746,0.801395,0.444857,5.832582,0
2023-04-04,sh.600736,5.0000,5.0300,4.9500,4.9700,5.0200,9416622,46908132.1200,0.817900,1,-0.996000,19.078806,0.793413,0.440426,5.774488,0
2023-04-06,sh.600736,4.9500,4.9900,4.9400,4.9600,4.9700,6331373,31421226.0800,0.549900,1,-0.201200,19.040418,0.791817,0.439540,5.762870,0
2023-04-07,sh.600736,4.9600,5.0500,4.9500,5.0400,4.9600,9364209,47059830.3600,0.813400,1,1.612900,19.347521,0.804588,0.446629,5.855819,0
2023-04-10,sh.600736,5.0300,5.0300,4.9700,4.9900,5.0400,8550550,42729617.7900,0.742700,1,-0.992100,19.155582,0.796606,0.442198,5.797726,0
2023-04-11,sh.600736,4.9900,5.0500,4.9600,5.0400,4.9900,7905304,39533460.0600,0.686600,1,1.002000,19.347521,0.804588,0.446629,5.855819,0
2023-04-12,sh.600736,5.0400,5.0800,5.0000,5.0700,5.0400,8785065,44296571.9000,0.763100,1,0.595200,19.462685,0.809377,0.449288,5.890675,0
2023-04-13,sh.600736,5.0500,5.0700,5.0100,5.0300,5.0700,7502723,37806769.4600,0.651700,1,-0.789000,19.309134,0.802992,0.445743,5.844201,0
2023-04-14,sh.600736,5.0300,5.0600,5.0000,5.0300,5.0300,6446300,32422958.4000,0.559900,1,0.000000,19.309134,0.802992,0.445743,5.844201,0
2023-04-17,sh.600736,5.0200,5.0400,4.9900,5.0300,5.0300,6814039,34154548.1500,0.591900,1,0.000000,19.309134,0.802992,0.445743,5.844201,0
2023-04-18,sh.600736,5.0300,5.0400,5.0000,5.0100,5.0300,6522801,32736760.0300,0.566600,1,-0.397600,19.232358,0.799799,0.443971,5.820963,0
2023-04-19,sh.600736,5.0000,5.0000,4.9400,4.9400,5.0100,8385732,41576507.7200,0.728400,1,-1.397200,18.963642,0.788624,0.437768,5.739632,0
2023-04-20,sh.600736,4.9400,4.9500,4.8600,4.8900,4.9400,7562416,36989597.2400,0.656900,1,-1.012100,18.771702,0.780642,0.433337,5.681539,0
2023-04-21,sh.600736,4.9000,4.9400,4.8200,4.8200,4.8900,6898685,33695698.6200,0.599200,1,-1.431500,18.502987,0.769467,0.427134,5.600208,0
2023-04-24,sh.600736,4.8200,4.8900,4.7600,4.8500,4.8200,6684618,32267777.2900,0.580600,1,0.622400,18.618151,0.774257,0.429792,5.635064,0
2023-04-25,sh.600736,4.8500,4.8500,4.7100,4.7500,4.8500,7821401,37243207.7500,0.679400,1,-2.061900,18.234271,0.758293,0.420930,5.518877,0
2023-04-26,sh.600736,4.7100,4.7900,4.7000,4.7500,4.7500,3804002,18064943.4600,0.330400,1,0.000000,18.234271,0.758293,0.420930,5.518877,0
2023-04-27,sh.600736,4.7400,4.8300,4.7400,4.7600,4.7500,6331309,30241810.9800,0.549900,1,0.210500,18.272659,0.759889,0.421817,5.530496,0
2023-04-28,sh.600736,4.7500,4.8300,4.7400,4.8100,4.7600,6448951,31000697.3100,0.560100,1,1.050400,18.464599,0.767871,0.426247,5.588589,0
2023-05-04,sh.600736,4.8100,4.9600,4.8100,4.9500,4.8100,11194614,55156901.9200,0.972400,1,2.910600,15.545169,0.772082,0.448381,-20.367880,0
2023-05-05,sh.600736,4.9400,5.0400,4.9100,5.0300,4.9500,13054012,65152823.2800,1.133900,1,1.616200,15.796404,0.784560,0.455627,-20.697058,0
2023-05-08,sh.600736,5.0300,5.0600,5.0000,5.0400,5.0300,13103669,65975494.0000,1.138200,1,0.198800,15.827808,0.786120,0.456533,-20.738205,0
2023-05-09,sh.600736,5.0500,5.1400,5.0100,5.0400,5.0400,16617092,84319200.2700,1.443300,1,0.000000,15.827808,0.786120,0.456533,-20.738205,0
2023-05-10,sh.600736,5.1000,5.1100,5.0100,5.0600,5.0400,8006874,40456926.1300,0.695500,1,0.396800,15.890617,0.789240,0.458345,-20.820500,0
2023-05-11,sh.600736,5.0600,5.1100,5.0300,5.0700,5.0600,7752898,39340034.2200,0.673400,1,0.197600,15.922022,0.790799,0.459251,-20.861647,0
2023-05-12,sh.600736,5.0900,5.1200,5.0500,5.0500,5.0700,7136002,36281893.4700,0.619800,1,-0.394500,15.859213,0.787680,0.457439,-20.779353,0
2023-05-15,sh.600736,5.0600,5.0700,4.9500,5.0400,5.0500,8515868,42670587.3200,0.739700,1,-0.198000,15.827808,0.786120,0.456533,-20.738205,0
2023-05-16,sh.600736,5.0300,5.0800,5.0100,5.0500,5.0400,6633147,33462462.5200,0.576100,1,0.198400,15.859213,0.787680,0.457439,-20.779353,0
2023-05-17,sh.600736,5.0400,5.0900,4.9800,5.0600,5.0500,7003641,35232769.1800,0.608300,1,0.198000,15.890617,0.789240,0.458345,-20.820500,0
2023-05-18,sh.600736,5.0600,5.0800,4.9800,5.0000,5.0600,7943171,39844442.9300,0.689900,1,-1.185800,15.702191,0.779881,0.452910,-20.573617,0
2023-05-19,sh.600736,4.9900,5.0000,4.8500,4.8700,5.0000,15909966,77903429.4100,1.381900,1,-2.600000,15.293934,0.759604,0.441134,-20.038703,0
2023-05-22,sh.600736,4.8700,4.8700,4.8200,4.8400,4.8700,7094700,34324811.3500,0.616200,1,-0.616000,15.199721,0.754925,0.438417,-19.915261,0
2023-05-23,sh.600736,4.8500,4.8900,4.8100,4.8200,4.8400,6441500,31234519.0000,0.559500,1,-0.413200,15.136912,0.751805,0.436605,-19.832966,0
2023-05-24,sh.600736,4.8000,4.8100,4.7300,4.7300,4.8200,9128600,43393367.8000,0.792900,1,-1.867200,14.854273,0.737768,0.428453,-19.462641,0
2023-05-25,sh.600736,4.7300,4.7600,4.6800,4.7300,4.7300,7640900,36028132.0000,0.663700,1,0.000000,14.854273,0.737768,0.428453,-19.462641,0
2023-05-26,sh.600736,4.7400,4.7700,4.6900,4.7600,4.7300,5486160,25982635.0000,0.476500,1,0.634200,14.948486,0.742447,0.431170,-19.586083,0
2023-05-29,sh.600736,4.7500,4.7500,4.6800,4.6800,4.7600,6575216,30990296.3600,0.571100,1,-1.680700,14.697251,0.729969,0.423924,-19.256905,0
2023-05-30,sh.600736,4.6900,4.7900,4.6600,4.7600,4.6800,8469512,40196535.1800,0.735700,1,1.709400,14.948486,0.742447,0.431170,-19.586083,0
2023-05-31,sh.600736,4.7500,4.7900,4.7400,4.7800,4.7600,5602200,26704591.0000,0.486600,1,0.420200,15.011294,0.745566,0.432982,-19.668377,0
2023-06-01,sh.600736,4.7900,4.8000,4.7300,4.7400,4.7800,5470852,26032750.2000,0.475200,1,-0.836800,14.885677,0.739327,0.429358,-19.503788,0
2023-06-02,sh.600736,4.7600,4.8500,4.7600,4.8400,4.7400,10201588,49111898.6900,0.886100,1,2.109700,15.199721,0.754925,0.438417,-19.915261,0
2023-06-05,sh.600736,4.8100,4.8500,4.8000,4.8300,4.8400,7955940,38329633.2000,0.691000,1,-0.206600,15.168316,0.753365,0.437511,-19.874114,0
2023-06-06,sh.600736,4.8300,4.8800,4.7900,4.8000,4.8300,7234361,35027083.2400,0.628400,1,-0.621100,15.074103,0.748686,0.434793,-19.750672,0
2023-06-07,sh.600736,4.8100,4.9000,4.7900,4.8700,4.8000,8490843,41263302.9700,0.737500,1,1.458300,15.293934,0.759604,0.441134,-20.038703,0
2023-06-08,sh.600736,4.8600,4.9400,4.8400,4.9100,4.8700,11188380,54919310.6000,0.971800,1,0.821400,15.419551,0.765843,0.444757,-20.203291,0
2023-06-09,sh.600736,4.8900,4.9400,4.8700,4.9100,4.9100,8172142,40078767.9700,0.709800,1,0.000000,15.419551,0.765843,0.444757,-20.203291,0
2023-06-12,sh.600736,4.8700,4.9100,4.8600,4.8800,4.9100,7933496,38743966.8400,0.689100,1,-0.611000,15.325338,0.761164,0.442040,-20.079850,0
2023-06-13,sh.600736,4.8800,4.9300,4.8600,4.8700,4.8800,5587397,27292351.1800,0.485300,1,-0.204900,15.293934,0.759604,0.441134,-20.038703,0
2023-06-14,sh.600736,4.8700,4.9100,4.8700,4.8900,4.8700,5920469,28977633.4500,0.514200,1,0.410700,15.356743,0.762724,0.442946,-20.120997,0
2023-06-15,sh.600736,4.8800,4.9200,4.8500,4.9200,4.8900,8112380,39623244.3200,0.704600,1,0.613500,15.450956,0.767403,0.445663,-20.244439,0
2023-06-16,sh.600736,4.9400,5.2900,4.9200,5.1900,4.9200,51217087,262954012.9200,4.448700,1,5.487800,16.298874,0.809517,0.470120,-21.355414,0
2023-06-19,sh.600736,5.1200,5.3600,5.0900,5.2400,5.1900,55521510,290117868.4600,4.822500,1,0.963400,16.455896,0.817315,0.474649,-21.561150,0
2023-06-20,sh.600736,5.3000,5.3100,5.0500,5.0700,5.2400,39368217,202908438.3300,3.419500,1,-3.244300,15.922022,0.790799,0.459251,-20.861647,0
2023-06-21,sh.600736,5.0900,5.5800,5.0800,5.2400,5.0700,69545357,370500139.8400,6.040600,1,3.353100,16.455896,0.817315,0.474649,-21.561150,0
2023-06-26,sh.600736,5.2400,5.3800,5.0700,5.1300,5.2400,44732729,231403195.6900,3.885400,1,-2.099200,16.110448,0.800158,0.464685,-21.108531,0
2023-06-27,sh.600736,5.1000,5.1900,4.9900,5.1600,5.1300,32748462,166525698.2300,2.844500,1,0.584800,16.204661,0.804837,0.467403,-21.231972,0
2023-06-28,sh.600736,5.1300,5.1400,5.0100,5.0500,5.1600,24606849,124117932.3200,2.137300,1,-2.131800,15.859213,0.787680,0.457439,-20.779353,0
2023-06-29,sh.600736,5.0300,5.0800,5.0000,5.0400,5.0500,16547396,83315483.0100,1.437300,1,-0.198000,15.827808,0.786120,0.456533,-20.738205,0
2023-06-30,sh.600736,5.0400,5.1400,5.0200,5.0700,5.0400,22684213,115266275.3200,1.970300,1,0.595200,15.922022,0.790799,0.459251,-20.861647,0
2023-07-03,sh.600736,5.1000,5.2700,5.0900,5.1500,5.0700,25629800,132482454.3400,2.226200,1,1.577900,16.173257,0.803278,0.466497,-21.190825,0
2023-07-04,sh.600736,5.1500,5.1600,5.0600,5.1000,5.1500,17868527,91020432.5600,1.552000,1,-0.970900,16.016235,0.795479,0.461968,-20.985089,0
2023-07-05,sh.600736,5.0900,5.1900,5.0500,5.1400,5.1000,20798083,106791804.7600,1.806500,1,0.784300,16.141852,0.801718,0.465591,-21.149678,0
2023-07-06,sh.600736,5.1200,5.3500,5.0600,5.2500,5.1400,39469237,205429989.2100,3.428300,1,2.140100,16.487300,0.818875,0.475555,-21.602297,0
2023-07-07,sh.600736,5.2000,5.2400,5.1500,5.1700,5.2500,24074836,124819311.9000,2.091100,1,-1.523800,16.236065,0.806397,0.468309,-21.273119,0
2023-07-10,sh.600736,5.1500,5.1700,5.0900,5.1000,5.1700,16331823,83700891.3900,1.418600,1,-1.354000,16.016235,0.795479,0.461968,-20.985089,0
2023-07-11,sh.600736,5.1500,5.1900,5.0800,5.1100,5.1000,16882178,86487523.8000,1.466400,1,0.196100,16.047639,0.797039,0.462874,-21.026236,0
2023-07-12,sh.600736,5.0800,5.1200,4.9900,5.0000,5.1100,19042734,95772397.7200,1.654000,1,-2.152600,15.702191,0.779881,0.452910,-20.573617,0
2023-07-13,sh.600736,5.0000,5.0500,5.0000,5.0400,5.0000,9905513,49787753.6900,0.860400,1,0.800000,15.827808,0.786120,0.456533,-20.738205,0
2023-07-14,sh.600736,5.0100,5.0100,4.9700,5.0000,4.9900,9634262,48080546.4600,0.836800,1,0.200400,15.702191,0.779881,0.452910,-20.573617,0
2023-07-17,sh.600736,5.0200,5.2800,4.9500,5.1700,5.0000,36474078,187535259.3300,3.168100,1,3.400000,16.236065,0.806397,0.468309,-21.273119,0
2023-07-18,sh.600736,5.2000,5.2400,5.1300,5.2100,5.1700,27115692,140860694.2400,2.355200,1,0.773700,16.361683,0.812636,0.471932,-21.437708,0
2023-07-19,sh.600736,5.1700,5.2400,5.1600,5.2100,5.2100,15337454,79707414.9400,1.332200,1,0.000000,16.361683,0.812636,0.471932,-21.437708,0
2023-07-20,sh.600736,5.2100,5.3200,5.2000,5.2300,5.2100,23411307,123046507.5700,2.033500,1,0.383900,16.424492,0.815756,0.473744,-21.520003,0
2023-07-21,sh.600736,5.2300,5.3000,5.2000,5.2700,5.2300,21278721,112004095.6700,1.848200,1,0.764800,16.550109,0.821995,0.477367,-21.684592,0
2023-07-24,sh.600736,5.2800,5.3300,5.2100,5.2700,5.2700,28550963,150591367.3200,2.479900,1,0.000000,16.550109,0.821995,0.477367,-21.684592,0
2023-07-25,sh.600736,5.2900,5.4400,5.2900,5.4300,5.2700,40447826,218237079.0900,3.513300,1,3.036100,17.052579,0.846951,0.491860,-22.342948,0
2023-07-26,sh.600736,5.4100,5.5200,5.3800,5.4500,5.4300,38637831,211002417.5900,3.356000,1,0.368300,17.115388,0.850070,0.493672,-22.425242,0
2023-07-27,sh.600736,5.4000,5.5200,5.2800,5.4200,5.4500,33517714,182387395.9100,2.911300,1,-0.550500,17.021175,0.845391,0.490954,-22.301800,0
2023-07-28,sh.600736,5.4500,5.5000,5.3900,5.4600,5.4200,27966500,152219427.0000,2.429100,1,0.738000,17.146792,0.851630,0.494578,-22.466389,0
2023-07-31,sh.600736,5.5200,5.6500,5.5200,5.5700,5.4600,41854072,234119710.4900,3.635400,1,2.014700,17.492241,0.868788,0.504542,-22.919009,0
2023-08-01,sh.600736,5.5500,5.6400,5.4700,5.5500,5.5700,31748836,176717420.8400,2.757700,1,-0.359100,17.429432,0.865668,0.502730,-22.836714,0
2023-08-02,sh.600736,5.5000,5.6900,5.5000,5.6500,5.5500,40265922,227051241.8500,3.497500,1,1.801800,17.743476,0.881266,0.511788,-23.248187,0
2023-08-03,sh.600736,5.6100,5.7400,5.5300,5.6900,5.6500,34808418,196366908.4700,3.023400,1,0.708000,17.869093,0.887505,0.515411,-23.412776,0
2023-08-04,sh.600736,5.8000,5.9000,5.6500,5.6900,5.6900,41314688,236992864.1300,3.588500,1,0.000000,17.869093,0.887505,0.515411,-23.412776,0
2023-08-07,sh.600736,5.6000,5.6200,5.4700,5.5200,5.6900,30703340,169752279.6100,2.666900,1,-2.987700,17.335219,0.860989,0.500012,-22.713273,0
2023-08-08,sh.600736,5.5300,5.5800,5.4300,5.4400,5.5200,16766685,91767287.0500,1.456300,1,-1.449300,17.083984,0.848511,0.492766,-22.384095,0
2023-08-09,sh.600736,5.4500,5.5000,5.3900,5.4100,5.4400,12268795,66631238.2500,1.065700,1,-0.551500,16.989771,0.843831,0.490048,-22.260653,0
2023-08-10,sh.600736,5.4100,5.4700,5.3800,5.4200,5.4100,10069360,54608473.4000,0.874600,1,0.184800,17.021175,0.845391,0.490954,-22.301800,0
2023-08-11,sh.600736,5.4200,5.5400,5.3300,5.3500,5.4200,16618738,89555545.0900,1.443500,1,-1.291500,16.801344,0.834473,0.484613,-22.013770,0
2023-08-14,sh.600736,5.2300,5.3200,5.2100,5.2700,5.3500,12960071,68076917.5100,1.125700,1,-1.495300,16.550109,0.821995,0.477367,-21.684592,0
2023-08-15,sh.600736,5.2900,5.3000,5.1800,5.2400,5.2700,10756481,56289205.3900,0.934300,1,-0.569300,16.455896,0.817315,0.474649,-21.561150,0
2023-08-16,sh.600736,5.2300,5.3900,5.1900,5.3200,5.2400,17375520,92229467.0000,1.509200,1,1.526700,16.707131,0.829794,0.481896,-21.890328,0
2023-08-17,sh.600736,5.2900,5.3300,5.2100,5.2900,5.3200,12699144,66815947.9200,1.103000,1,-0.563900,16.612918,0.825114,0.479179,-21.766886,0
2023-08-18,sh.600736,5.2700,5.3100,5.1600,5.1600,5.2900,16593881,86517449.6300,1.441300,1,-2.457500,16.204661,0.804837,0.467403,-21.231972,0
2023-08-21,sh.600736,5.1600,5.2100,5.0600,5.0600,5.1600,15012789,76743505.0100,1.304000,1,-1.938000,15.890617,0.789240,0.458345,-20.820500,0
2023-08-22,sh.600736,5.1000,5.1200,5.0300,5.1000,5.0600,12567436,63751173.6800,1.091600,1,0.790500,16.016235,0.795479,0.461968,-20.985089,0
2023-08-23,sh.600736,5.0900,5.0900,4.9900,5.0100,5.1000,8943500,45026402.0000,0.776800,1,-1.764700,15.733595,0.781441,0.453816,-20.614764,0
2023-08-24,sh.600736,5.0200,5.0300,4.9000,4.9100,5.0100,12336673,61036000.8000,1.071500,1,-1.996000,15.419551,0.765843,0.444757,-20.203291,0
2023-08-25,sh.600736,4.9100,5.0000,4.9000,4.9400,4.9100,11950700,59111249.0000,1.038000,1,0.611000,15.513765,0.770523,0.447475,-20.326733,0
2023-08-28,sh.600736,5.2800,5.3200,5.1000,5.1800,4.9400,33902926,177066739.5600,2.944800,1,4.858300,16.267470,0.807957,0.469215,-21.314267,0
2023-08-29,sh.600736,5.1400,5.3600,5.1200,5.3600,5.1800,25621932,135300381.3200,2.225500,1,3.474900,16.832749,0.836033,0.485519,-22.054917,0
2023-08-30,sh.600736,5.3300,5.3800,5.2300,5.2500,5.3600,20151260,106308135.8400,1.750300,1,-2.052200,15.707014,0.814368,0.573480,-5.921869,0
2023-08-31,sh.600736,5.2100,5.2600,4.9300,4.9500,5.2500,34504075,173238355.3600,2.997000,1,-5.714300,14.809470,0.767832,0.540710,-5.583477,0
2023-09-01,sh.600736,5.0000,5.0300,4.9100,4.9400,4.9500,21498596,106525741.4100,1.867300,1,-0.202000,14.779552,0.766281,0.539618,-5.572197,0
2023-09-04,sh.600736,4.9700,5.0200,4.9500,4.9700,4.9400,20519413,102275820.5900,1.782300,1,0.607300,14.869306,0.770935,0.542895,-5.606036,0
2023-09-05,sh.600736,4.9700,4.9800,4.8700,4.8800,4.9700,20568974,100674144.6200,1.786600,1,-1.810900,14.600043,0.756974,0.533064,-5.504519,0
2023-09-06,sh.600736,4.8700,4.9500,4.8300,4.9300,4.8800,17932300,87705117.0000,1.557600,1,1.024600,14.749634,0.764730,0.538525,-5.560917,0
2023-09-07,sh.600736,4.9100,4.9800,4.8600,4.8600,4.9300,17840013,87764939.8300,1.549600,1,-1.419900,14.540207,0.753872,0.530879,-5.481959,0
2023-09-08,sh.600736,4.8400,4.8800,4.8300,4.8800,4.8600,8077200,39192894.0000,0.701600,1,0.411500,14.600043,0.756974,0.533064,-5.504519,0
2023-09-11,sh.600736,4.8800,4.9300,4.8200,4.9200,4.8800,15008573,73274467.3600,1.303600,1,0.819700,14.719716,0.763179,0.537433,-5.549638,0
2023-09-12,sh.600736,4.9500,5.3100,4.9000,5.1000,4.9200,56975980,292490805.0500,4.948900,1,3.658500,15.258242,0.791100,0.557095,-5.752673,0
2023-09-13,sh.600736,5.0900,5.1300,4.9400,4.9800,5.1000,35304840,176767854.7900,3.066500,1,-2.352900,14.899224,0.772486,0.543987,-5.617316,0
2023-09-14,sh.600736,4.9700,4.9700,4.8900,4.9100,4.9800,17924221,88132016.9100,1.556900,1,-1.405600,14.689797,0.761628,0.536341,-5.538358,0
2023-09-15,sh.600736,4.9300,5.0100,4.9100,5.0000,4.9100,17883394,88860939.3300,1.553300,1,1.833000,14.959061,0.775588,0.546172,-5.639876,0
2023-09-18,sh.600736,5.0100,5.0100,4.9200,4.9400,5.0000,13469829,66586047.2600,1.170000,1,-1.200000,14.779552,0.766281,0.539618,-5.572197,0
2023-09-19,sh.600736,4.9300,4.9500,4.9000,4.9200,4.9400,8352992,41150688.7200,0.725500,1,-0.404900,14.719716,0.763179,0.537433,-5.549638,0
2023-09-20,sh.600736,4.9300,4.9500,4.8800,4.9200,4.9200,8828605,43453646.5500,0.766800,1,0.000000,14.719716,0.763179,0.537433,-5.549638,0
2023-09-21,sh.600736,4.9100,4.9400,4.8900,4.9200,4.9200,10489900,51618003.0000,0.911100,1,0.000000,14.719716,0.763179,0.537433,-5.549638,0
2023-09-22,sh.600736,4.9100,4.9700,4.8700,4.9700,4.9200,12798915,63061396.9000,1.111700,1,1.016300,14.869306,0.770935,0.542895,-5.606036,0
2023-09-25,sh.600736,4.9600,4.9700,4.8800,4.8900,4.9700,13513216,66401410.9600,1.173700,1,-1.609700,14.629961,0.758525,0.534156,-5.515798,0
2023-09-26,sh.600736,4.8800,4.9000,4.8400,4.8600,4.8900,12876420,62622290.0000,1.118400,1,-0.613500,14.540207,0.753872,0.530879,-5.481959,0
2023-09-27,sh.600736,4.8700,4.9500,4.8600,4.9200,4.8600,12503300,61311174.7200,1.086000,1,1.234600,14.719716,0.763179,0.537433,-5.549638,0
2023-09-28,sh.600736,4.9000,4.9200,4.8700,4.8900,4.9200,12229020,59880286.8000,1.062200,1,-0.609800,14.629961,0.758525,0.534156,-5.515798,0
2023-10-09,sh.600736,4.8900,4.9000,4.8000,4.8100,4.8900,13136400,63442817.0000,1.141000,1,-1.636000,14.390616,0.746116,0.525417,-5.425560,0
2023-10-10,sh.600736,4.8100,4.8400,4.7100,4.7200,4.8100,12724906,60466833.0600,1.105300,1,-1.871100,14.121353,0.732155,0.515586,-5.324043,0
2023-10-11,sh.600736,4.7300,4.7500,4.6900,4.7100,4.7200,9032300,42639593.9900,0.784500,1,-0.211900,14.091435,0.730604,0.514494,-5.312763,0
2023-10-12,sh.600736,4.7300,4.7600,4.7000,4.7500,4.7100,8339142,39510943.0800,0.724300,1,0.849300,14.211108,0.736809,0.518863,-5.357882,0
2023-10-13,sh.600736,4.7200,4.7300,4.6800,4.7100,4.7500,6738500,31737539.0000,0.585300,1,-0.842100,14.091435,0.730604,0.514494,-5.312763,0
2023-10-16,sh.600736,4.7200,4.7400,4.6500,4.6800,4.7100,8677226,40643033.5300,0.753700,1,-0.636900,14.001681,0.725951,0.511217,-5.278924,0
2023-10-17,sh.600736,4.6900,4.7500,4.6700,4.7200,4.6800,7154842,33701036.1400,0.621500,1,0.854700,14.121353,0.732155,0.515586,-5.324043,0
2023-10-18,sh.600736,4.7300,4.7300,4.6200,4.6300,4.7200,8358800,38944168.0000,0.726000,1,-1.906800,13.852090,0.718195,0.505755,-5.222525,0
2023-10-19,sh.600736,4.6200,4.6900,4.6000,4.6300,4.6300,7574600,35159648.0000,0.657900,1,0.000000,13.852090,0.718195,0.505755,-5.222525,0
2023-10-20,sh.600736,4.6100,4.7200,4.6000,4.6800,4.6300,9708337,45393188.5200,0.843300,1,1.079900,14.001681,0.725951,0.511217,-5.278924,0
2023-10-23,sh.600736,4.6700,4.6900,4.5300,4.5500,4.6800,10395010,47626058.4000,0.902900,1,-2.777800,13.612745,0.705785,0.497016,-5.132287,0
2023-10-24,sh.600736,4.5600,4.6800,4.5500,4.6700,4.5500,10256500,47580339.0000,0.890900,1,2.637400,13.971763,0.724399,0.510124,-5.267644,0
2023-10-25,sh.600736,4.7500,4.7900,4.7200,4.7500,4.6700,12055466,57276260.7900,1.047100,1,1.713100,14.211108,0.736809,0.518863,-5.357882,0
2023-10-26,sh.600736,4.7100,4.7300,4.6600,4.7200,4.7500,9815500,46055873.0000,0.852600,1,-0.631600,14.121353,0.732155,0.515586,-5.324043,0
2023-10-27,sh.600736,4.6900,4.7700,4.6900,4.7700,4.7200,9692980,45916560.0000,0.841900,1,1.059300,14.270944,0.739911,0.521048,-5.380441,0
2023-10-30,sh.600736,4.7300,4.7800,4.7100,4.7600,4.7700,13516544,64183578.0000,1.174000,1,-0.209600,14.125250,0.736638,0.537557,-6691.614825,0
2023-10-31,sh.600736,4.7500,4.8400,4.7300,4.8200,4.7600,18378182,88023757.9300,1.596300,1,1.260500,14.303299,0.745923,0.544333,-6775.962911,0
2023-11-01,sh.600736,4.8200,4.8200,4.7700,4.7900,4.8200,10614200,50861925.1600,0.921900,1,-0.622400,14.214274,0.741281,0.540945,-6733.788868,0
2023-11-02,sh.600736,4.7900,4.8300,4.7500,4.7900,4.7900,9427642,45152469.1800,0.818900,1,0.000000,14.214274,0.741281,0.540945,-6733.788868,0
2023-11-03,sh.600736,4.7900,4.8100,4.7600,4.7700,4.7900,8678300,41507394.0000,0.753800,1,-0.417500,14.154924,0.738185,0.538686,-6705.672839,0
2023-11-06,sh.600736,4.7900,4.8600,4.7800,4.8500,4.7700,12944423,62488241.7700,1.124300,1,1.677100,14.392324,0.750566,0.547721,-6818.136954,0
2023-11-07,sh.600736,4.8500,4.8800,4.8100,4.8700,4.8500,9094167,44095311.9400,0.789900,1,0.412400,14.451673,0.753661,0.549980,-6846.252983,0
2023-11-08,sh.600736,4.8600,4.9100,4.8400,4.8800,4.8700,10660420,52024957.0200,0.926000,1,0.205300,14.481348,0.755209,0.551109,-6860.310997,0
2023-11-09,sh.600736,4.8700,4.9000,4.8100,4.8200,4.8800,10042560,48667758.2000,0.872300,1,-1.229500,14.303299,0.745923,0.544333,-6775.962911,0
2023-11-10,sh.600736,4.8200,4.8200,4.7400,4.7800,4.8200,10157915,48492671.3400,0.882300,1,-0.829900,14.184599,0.739733,0.539816,-6719.730854,0
2023-11-13,sh.600736,4.7900,4.8300,4.7600,4.8100,4.7800,7383761,35390039.0000,0.641300,1,0.627600,14.273624,0.744376,0.543204,-6761.904897,0
2023-11-14,sh.600736,4.8100,4.8800,4.8000,4.8800,4.8100,12157073,59110472.3100,1.055900,1,1.455300,14.481348,0.755209,0.551109,-6860.310997,0
2023-11-15,sh.600736,4.9300,4.9400,4.8400,4.8600,4.8800,10275500,50113877.0000,0.892500,1,-0.409800,14.421999,0.752113,0.548850,-6832.194968,0
2023-11-16,sh.600736,4.8700,4.8700,4.8200,4.8200,4.8600,7326235,35440307.0500,0.636300,1,-0.823000,14.303299,0.745923,0.544333,-6775.962911,0
2023-11-17,sh.600736,4.8100,4.8600,4.8100,4.8500,4.8200,5653796,27331576.7600,0.491100,1,0.622400,14.392324,0.750566,0.547721,-6818.136954,0
2023-11-20,sh.600736,4.8700,4.9000,4.8400,4.8700,4.8500,9073026,44210850.9400,0.788100,1,0.412400,14.451673,0.753661,0.549980,-6846.252983,0
2023-11-21,sh.600736,4.8900,4.9800,4.8900,4.9200,4.8700,21238503,105081561.2600,1.844800,1,1.026700,14.600048,0.761399,0.555626,-6916.543054,0
2023-11-22,sh.600736,4.9200,5.0500,4.9000,4.9600,4.9200,27079926,135315952.8200,2.352100,1,0.813000,14.718747,0.767589,0.560144,-6972.775112,0
2023-11-23,sh.600736,4.9400,5.0500,4.8900,5.0500,4.9600,24755400,123667990.0000,2.150200,1,1.814500,14.985822,0.781517,0.570307,-7099.297241,0
2023-11-24,sh.600736,5.0500,5.0800,4.9800,5.0100,5.0500,16253364,81792240.6700,1.411700,1,-0.792100,14.867122,0.775327,0.565790,-7043.065183,0
2023-11-27,sh.600736,5.0100,5.0100,4.9200,4.9300,5.0100,13245589,65487900.8900,1.150500,1,-1.596800,14.629723,0.762946,0.556756,-6930.601069,0
2023-11-28,sh.600736,4.9300,4.9300,4.8700,4.9000,4.9300,10757974,52649489.6000,0.934400,1,-0.608500,14.540698,0.758304,0.553368,-6888.427026,0
2023-11-29,sh.600736,4.8800,4.9100,4.8200,4.8300,4.9000,11237180,54451583.4000,0.976000,1,-1.428600,14.332974,0.747471,0.545462,-6790.020925,0
2023-11-30,sh.600736,4.8200,4.8500,4.7900,4.8300,4.8300,8725800,42066314.0000,0.757900,1,0.000000,14.332974,0.747471,0.545462,-6790.020925,0
2023-12-01,sh.600736,4.8400,4.9000,4.8100,4.8900,4.8300,10997463,53556812.2700,0.955200,1,1.242200,14.511023,0.756756,0.552238,-6874.369011,0
2023-12-04,sh.600736,4.8900,4.9100,4.8400,4.8800,4.8900,8760383,42677915.2100,0.760900,1,-0.204500,14.481348,0.755209,0.551109,-6860.310997,0
2023-12-05,sh.600736,4.8800,4.9200,4.8200,4.8200,4.8800,7535929,36644479.8100,0.654600,1,-1.229500,14.303299,0.745923,0.544333,-6775.962911,0
2023-12-06,sh.600736,4.8200,4.9300,4.8000,4.9200,4.8200,11534300,56421469.0000,1.001900,1,2.074700,14.600048,0.761399,0.555626,-6916.543054,0
2023-12-07,sh.600736,4.9000,4.9900,4.8600,4.9600,4.9200,14280920,70437095.5200,1.240400,1,0.813000,14.718747,0.767589,0.560144,-6972.775112,0
2023-12-08,sh.600736,4.9400,4.9800,4.8300,4.8400,4.9600,15613426,76222031.8800,1.356200,1,-2.419400,14.362649,0.749018,0.546592,-6804.078940,0
2023-12-11,sh.600736,4.8300,4.8300,4.7500,4.8100,4.8400,14661000,70037874.0000,1.273400,1,-0.619800,14.273624,0.744376,0.543204,-6761.904897,0
2023-12-12,sh.600736,4.8000,5.2400,4.7900,5.0400,4.8100,38382804,192276956.8100,3.333900,1,4.781700,14.956147,0.779969,0.569178,-7085.239226,0
2023-12-13,sh.600736,5.0400,5.4700,4.9500,5.2500,5.0400,71756268,373095805.9100,6.232700,1,4.166700,15.579319,0.812468,0.592894,-7380.457527,0
2023-12-14,sh.600736,5.1600,5.2400,5.1000,5.1800,5.2500,42640327,220290139.8600,3.703700,1,-1.333300,15.371595,0.801635,0.584989,-7282.051427,0
2023-12-15,sh.600736,5.2500,5.3000,5.0900,5.1200,5.1800,31804125,164144543.8900,2.762500,1,-1.158300,15.193546,0.792350,0.578213,-7197.703341,0
2023-12-18,sh.600736,5.0900,5.1400,4.9800,5.0000,5.1200,24985874,125796498.8800,2.170200,1,-2.343800,14.837447,0.773779,0.564661,-7029.007169,0
2023-12-19,sh.600736,5.0100,5.0300,4.8500,4.9100,5.0000,23864721,117101668.8300,2.072900,1,-1.800000,14.570373,0.759851,0.554497,-6902.485040,0
2023-12-20,sh.600736,4.9000,4.9100,4.8100,4.8300,4.9100,12011729,58377345.3000,1.043300,1,-1.629300,14.332974,0.747471,0.545462,-6790.020925,0
2023-12-21,sh.600736,4.8100,4.8500,4.7300,4.8100,4.8300,13616340,65344737.0000,1.182700,1,-0.414100,14.273624,0.744376,0.543204,-6761.904897,0
2023-12-22,sh.600736,4.8100,4.8200,4.7400,4.7500,4.8100,11569589,55151074.4200,1.004900,1,-1.247400,14.095575,0.735090,0.536428,-6677.556811,0
2023-12-25,sh.600736,4.7600,4.7600,4.6500,4.6800,4.7500,8691200,40755401.0000,0.754900,1,-1.473700,13.887850,0.724257,0.528523,-6579.150710,0
2023-12-26,sh.600736,4.6700,4.7300,4.6600,4.6800,4.6800,7362806,34526260.9600,0.639500,1,0.000000,13.887850,0.724257,0.528523,-6579.150710,0
2023-12-27,sh.600736,4.6800,4.7000,4.6300,4.7000,4.6800,6081913,28398749.1400,0.528300,1,0.427400,13.947200,0.727352,0.530781,-6607.266739,0
2023-12-28,sh.600736,4.6900,4.8000,4.6600,4.7800,4.7000,9811042,46689636.9200,0.852200,1,1.702100,14.184599,0.739733,0.539816,-6719.730854,0
2023-12-29,sh.600736,4.7700,4.7900,4.7500,4.7600,4.7800,8911235,42508688.2700,0.774000,1,-0.418400,14.125250,0.736638,0.537557,-6691.614825,0
2024-01-02,sh.600736,4.7600,4.8200,4.7300,4.7800,4.7600,10477401,50021465.9600,0.910100,1,0.420200,14.184599,0.739733,0.539816,-6719.730854,0
2024-01-03,sh.600736,4.7700,4.8200,4.7600,4.8000,4.7800,8429580,40456411.0000,0.732200,1,0.418400,14.243949,0.742828,0.542074,-6747.846882,0
2024-01-04,sh.600736,4.7800,4.7900,4.7500,4.7800,4.8000,5800156,27656168.6800,0.503800,1,-0.416700,14.184599,0.739733,0.539816,-6719.730854,0
2024-01-05,sh.600736,4.7700,4.8400,4.7100,4.7400,4.7800,9263215,44284833.1300,0.804600,1,-0.836800,14.065900,0.733543,0.535298,-6663.498796,0
2024-01-08,sh.600736,4.7400,4.7400,4.6700,4.6700,4.7400,5917100,27812672.0000,0.514000,1,-1.476800,13.858176,0.722710,0.527393,-6565.092696,0
2024-01-09,sh.600736,4.6900,4.7200,4.6400,4.6700,4.6700,5474800,25613038.0000,0.475500,1,0.000000,13.858176,0.722710,0.527393,-6565.092696,0
2024-01-10,sh.600736,4.6500,4.6800,4.6100,4.6200,4.6700,7179476,33285648.4000,0.623600,1,-1.070700,13.709801,0.714972,0.521747,-6494.802624,0
2024-01-11,sh.600736,4.6300,4.6700,4.6100,4.6700,4.6200,9790204,45409147.0900,0.850400,1,1.082300,13.858176,0.722710,0.527393,-6565.092696,0
2024-01-12,sh.600736,4.6500,4.7300,4.6400,4.6500,4.6700,7031496,32913624.0200,0.610700,1,-0.428300,13.798826,0.719615,0.525135,-6536.976667,0
2024-01-15,sh.600736,4.6300,4.7000,4.6100,4.6500,4.6500,7280571,33885982.1500,0.632400,1,0.000000,13.798826,0.719615,0.525135,-6536.976667,0
2024-01-16,sh.600736,4.6400,4.6700,4.5800,4.6300,4.6500,7895697,36505130.2000,0.685800,1,-0.430100,13.739476,0.716520,0.522876,-6508.860638,0
2024-01-17,sh.600736,4.6200,4.6200,4.5300,4.5400,4.6300,6446720,29558699.2000,0.560000,1,-1.943800,13.472402,0.702592,0.512712,-6382.338509,0
2024-01-18,sh.600736,4.5200,4.5400,4.3800,4.4900,4.5400,9767120,43512433.2000,0.848400,1,-1.101300,13.324027,0.694854,0.507065,-6312.048438,0
2024-01-19,sh.600736,4.4900,4.5300,4.4700,4.4900,4.4900,3660240,16477155.0000,0.317900,1,0.000000,13.324027,0.694854,0.507065,-6312.048438,0
2024-01-22,sh.600736,4.5000,4.5000,4.2000,4.2500,4.4900,9360800,40707131.0000,0.813100,1,-5.345200,12.611830,0.657712,0.479962,-5974.656094,0
2024-01-23,sh.600736,4.2500,4.3100,4.2000,4.2800,4.2500,6519998,27756935.5400,0.566300,1,0.705900,12.700855,0.662355,0.483350,-6016.830137,0
2024-01-24,sh.600736,4.2800,4.4500,4.2800,4.4400,4.2800,9688900,42289551.0000,0.841600,1,3.738300,13.175653,0.687116,0.501419,-6241.758366,0
2024-01-25,sh.600736,4.4500,4.8700,4.4500,4.7100,4.4400,25890761,121383200.8500,2.248800,1,6.081100,13.976875,0.728900,0.531910,-6621.324753,0
2024-01-26,sh.600736,4.6600,4.8600,4.6600,4.7500,4.7100,25022784,119877633.6200,2.173500,1,0.849300,14.095575,0.735090,0.536428,-6677.556811,0
2024-01-29,sh.600736,4.7900,4.8200,4.6500,4.6500,4.7500,20558324,97293884.1000,1.785700,1,-2.105300,13.798826,0.719615,0.525135,-6536.976667,0
2024-01-30,sh.600736,4.6300,5.0500,4.5800,4.7100,4.6500,36429333,174956706.5700,3.164200,1,1.290300,13.976875,0.728900,0.531910,-6621.324753,0
2024-01-31,sh.600736,4.6600,4.7600,4.4100,4.4300,4.7100,26404685,120852393.4000,2.293500,1,-5.944800,13.145978,0.685568,0.500289,-6227.700352,0
2024-02-01,sh.600736,4.4200,4.4400,4.2700,4.3000,4.4300,16175800,70194584.0600,1.405000,1,-2.934500,12.760204,0.665450,0.485608,-6044.946165,0
2024-02-02,sh.600736,4.3000,4.4500,4.0900,4.2200,4.3000,16207730,69342402.7600,1.407800,1,-1.860500,12.522805,0.653070,0.476574,-5932.482051,0
2024-02-05,sh.600736,4.1700,4.1800,3.8400,3.8900,4.2200,17625961,69793613.0500,1.531000,1,-7.819900,11.543534,0.602000,0.439306,-5468.567577,0
2024-02-06,sh.600736,3.8600,4.1100,3.7100,4.0300,3.8900,12792083,50028052.2500,1.111100,1,3.599000,11.958982,0.623666,0.455117,-5665.379778,0
2024-02-07,sh.600736,4.0600,4.0600,3.9400,3.9800,4.0300,12110089,48382351.9400,1.051900,1,-1.240700,11.810608,0.615928,0.449470,-5595.089707,0
2024-02-08,sh.600736,4.0200,4.1900,3.9700,4.1900,3.9800,14756501,60455039.3000,1.281700,1,5.276400,12.433781,0.648427,0.473186,-5890.308008,0
2024-02-19,sh.600736,4.2200,4.2800,4.1900,4.2600,4.1900,11810549,50078011.9100,1.025900,1,1.670600,12.641505,0.659260,0.481091,-5988.714108,0
2024-02-20,sh.600736,4.2600,4.2900,4.2000,4.2500,4.2600,9650614,40972531.0400,0.838200,1,-0.234700,12.611830,0.657712,0.479962,-5974.656094,0
2024-02-21,sh.600736,4.2300,4.3900,4.2100,4.2700,4.2500,15665202,67392818.7400,1.360700,1,0.470600,12.671180,0.660807,0.482220,-6002.772122,0
2024-02-22,sh.600736,4.2600,4.3300,4.2300,4.3100,4.2700,12022330,51427881.4100,1.044200,1,0.936800,12.789879,0.666998,0.486738,-6059.004180,0
2024-02-23,sh.600736,4.3000,4.3500,4.2700,4.3400,4.3100,11408760,49121255.0000,0.991000,1,0.696100,12.878904,0.671640,0.490126,-6101.178223,0
2024-02-26,sh.600736,4.3300,4.3900,4.2800,4.3200,4.3400,13415300,58084237.0000,1.165200,1,-0.460800,12.819554,0.668545,0.487867,-6073.062194,0
2024-02-27,sh.600736,4.3000,4.4000,4.2700,4.4000,4.3200,11019630,47996296.3000,0.957200,1,1.851900,13.056953,0.680926,0.496901,-6185.526309,0
2024-02-28,sh.600736,4.3900,4.4900,4.2300,4.2400,4.4000,18647937,81485870.2700,1.619700,1,-3.636400,12.582155,0.656165,0.478832,-5960.598079,0
2024-02-29,sh.600736,4.2100,4.3300,4.2000,4.3100,4.2400,11567901,49492963.2800,1.004800,1,1.650900,12.789879,0.666998,0.486738,-6059.004180,0
2024-03-01,sh.600736,4.3400,4.3500,4.2700,4.3100,4.3100,8280969,35681683.4500,0.719300,1,0.000000,12.789879,0.666998,0.486738,-6059.004180,0
2024-03-04,sh.600736,4.3100,4.4300,4.2300,4.4300,4.3100,17484923,75564804.5800,1.518700,1,2.784200,13.145978,0.685568,0.500289,-6227.700352,0
2024-03-05,sh.600736,4.3700,4.7500,4.3200,4.5300,4.4300,31229817,141979832.0500,2.712600,1,2.257300,13.442727,0.701044,0.511583,-6368.280495,0
2024-03-06,sh.600736,4.4500,4.9800,4.4200,4.9800,4.5300,85835733,416872755.6600,7.455600,1,9.933800,14.778097,0.770684,0.562402,-7000.891140,0
2024-03-07,sh.600736,5.0500,5.0900,4.6900,4.7000,4.9800,81744348,396333167.1200,7.100200,1,-5.622500,13.947200,0.727352,0.530781,-6607.266739,0
2024-03-08,sh.600736,4.7300,4.9600,4.7300,4.7700,4.7000,45313229,218041398.7800,3.935900,1,1.489400,14.154924,0.738185,0.538686,-6705.672839,0
2024-03-11,sh.600736,4.6800,4.8200,4.6300,4.7800,4.7700,35187097,165754447.0900,3.056300,1,0.209600,14.184599,0.739733,0.539816,-6719.730854,0
2024-03-12,sh.600736,4.7800,4.9200,4.6900,4.8000,4.7800,39984104,190932336.9500,3.473000,1,0.418400,14.243949,0.742828,0.542074,-6747.846882,0
2024-03-13,sh.600736,4.7900,5.0500,4.7300,4.9300,4.8000,50424143,244691092.6100,4.379800,1,2.708300,14.629723,0.762946,0.556756,-6930.601069,0
2024-03-14,sh.600736,4.8800,4.9500,4.7300,4.8000,4.9300,39978322,193050653.5100,3.472500,1,-2.636900,14.243949,0.742828,0.542074,-6747.846882,0
2024-03-15,sh.600736,4.7600,4.8000,4.6900,4.8000,4.8000,22870998,108476719.0100,1.986500,1,0.000000,14.243949,0.742828,0.542074,-6747.846882,0
2024-03-18,sh.600736,4.7600,4.8700,4.7600,4.8300,4.8000,23693924,114185790.1200,2.058000,1,0.625000,14.332974,0.747471,0.545462,-6790.020925,0
2024-03-19,sh.600736,4.8200,4.8200,4.7300,4.7400,4.8300,18965057,90536312.5100,1.647300,1,-1.863400,14.065900,0.733543,0.535298,-6663.498796,0
2024-03-20,sh.600736,4.7400,4.7600,4.7000,4.7600,4.7400,15707203,74303456.7700,1.364300,1,0.421900,14.125250,0.736638,0.537557,-6691.614825,0
2024-03-21,sh.600736,4.7800,4.8000,4.7200,4.7800,4.7600,18230411,86778186.4500,1.583500,1,0.420200,14.184599,0.739733,0.539816,-6719.730854,0
2024-03-22,sh.600736,4.7500,4.7600,4.6600,4.7100,4.7800,12786028,60263902.6600,1.110600,1,-1.464400,13.976875,0.728900,0.531910,-6621.324753,0
2024-03-25,sh.600736,4.7200,4.8400,4.6900,4.7300,4.7100,20890325,99856535.3000,1.814500,1,0.424600,14.036225,0.731995,0.534169,-6649.440782,0
2024-03-26,sh.600736,4.7300,4.8300,4.7000,4.8100,4.7300,19023708,90725150.1700,1.652400,1,1.691300,14.273624,0.744376,0.543204,-6761.904897,0
2024-03-27,sh.600736,4.7700,4.7800,4.5800,4.6200,4.8100,18866714,88167084.1500,1.638700,1,-3.950100,13.709801,0.714972,0.521747,-6494.802624,0
2024-03-28,sh.600736,4.5800,4.6800,4.5600,4.6400,4.6200,10884843,50544422.5200,0.945400,1,0.432900,13.769151,0.718067,0.524005,-6522.918653,0
2024-03-29,sh.600736,4.6500,4.6600,4.5800,4.6600,4.6400,8313902,38493951.7600,0.722100,1,0.431000,13.828501,0.721162,0.526264,-6551.034682,0
2024-04-01,sh.600736,4.6600,4.7300,4.6600,4.7200,4.6600,8775891,41229589.7500,0.762300,1,1.287600,14.006550,0.730448,0.533040,-6635.382768,0
2024-04-02,sh.600736,4.7000,4.7500,4.6800,4.7000,4.7200,9944344,46831542.8200,0.863800,1,-0.423700,13.947200,0.727352,0.530781,-6607.266739,0
2024-04-03,sh.600736,4.7200,4.7200,4.6400,4.6700,4.7000,6588917,30755967.3500,0.572300,1,-0.638300,13.858176,0.722710,0.527393,-6565.092696,0
2024-04-08,sh.600736,4.6600,4.7000,4.6100,4.6100,4.6700,7692280,35751806.3100,0.668100,1,-1.284800,13.680126,0.713424,0.520617,-6480.744610,0
2024-04-09,sh.600736,4.6200,4.6300,4.5700,4.5800,4.6100,9672944,44438078.8400,0.840200,1,-0.650800,13.591102,0.708782,0.517229,-6438.570567,0
2024-04-10,sh.600736,4.5800,4.5900,4.4100,4.4600,4.5800,14369845,64213834.2400,1.248100,1,-2.620100,13.235003,0.690211,0.503677,-6269.874395,0
2024-04-11,sh.600736,4.4500,4.4900,4.4200,4.4700,4.4600,5517216,24657797.8500,0.479200,1,0.224200,13.264678,0.691759,0.504807,-6283.932409,0
2024-04-12,sh.600736,4.4600,4.4800,4.4200,4.4400,4.4700,6030644,26845295.2700,0.523800,1,-0.671100,13.175653,0.687116,0.501419,-6241.758366,0
2024-04-15,sh.600736,4.4200,4.4700,4.2700,4.4000,4.4400,10841108,47482539.3100,0.941600,1,-0.900900,13.056953,0.680926,0.496901,-6185.526309,0
2024-04-16,sh.600736,4.3900,4.4000,4.1900,4.2000,4.4000,11851198,50354541.1900,1.029400,1,-4.545500,12.463456,0.649975,0.474315,-5904.366022,0
2024-04-17,sh.600736,4.2400,4.4400,4.2300,4.4300,4.2000,10058129,43705035.6300,0.873600,1,5.476200,13.145978,0.685568,0.500289,-6227.700352,0
2024-04-18,sh.600736,4.3700,4.4400,4.3500,4.3900,4.4300,7097013,31162023.3300,0.616400,1,-0.902900,13.027279,0.679378,0.495772,-6171.468294,0
2024-04-19,sh.600736,4.3900,4.4000,4.3200,4.3300,4.3900,5341800,23250498.0000,0.464000,1,-1.366700,12.849229,0.670093,0.488996,-6087.120208,0
2024-04-22,sh.600736,4.3400,4.4100,4.3200,4.3300,4.3300,3952740,17190322.0000,0.343300,1,0.000000,12.849229,0.670093,0.488996,-6087.120208,0
2024-04-23,sh.600736,4.3200,4.3700,4.3200,4.3500,4.3300,3017957,13113790.5200,0.262100,1,0.461900,12.908579,0.673188,0.491255,-6115.236237,0
2024-04-24,sh.600736,4.3600,4.3700,4.3100,4.3600,4.3500,3652658,15857994.9800,0.317300,1,0.229900,12.938254,0.674736,0.492384,-6129.294251,0
2024-04-25,sh.600736,4.3400,4.4100,4.3200,4.3800,4.3600,4541085,19872079.3700,0.394400,1,0.458700,12.997604,0.677831,0.494643,-6157.410280,0
2024-04-26,sh.600736,4.3600,4.4700,4.3400,4.4600,4.3800,10770937,47480407.0000,0.935600,1,1.826500,13.235003,0.690211,0.503677,-6269.874395,0
2024-04-29,sh.600736,4.4000,4.6700,4.3900,4.6200,4.4600,22733692,103992683.0000,1.974600,1,3.587400,26.322276,0.724032,0.680665,2.299026,0
2024-04-30,sh.600736,4.6600,4.7000,4.5900,4.6600,4.6200,18014034,83798918.3400,1.564700,1,0.865800,25.339664,0.722530,0.589595,-13.079611,0
2024-05-06,sh.600736,4.7400,4.8800,4.7000,4.7700,4.6600,27794585,133225535.4300,2.414200,1,2.360500,25.937811,0.739585,0.603513,-13.388358,0
2024-05-07,sh.600736,4.7500,4.8100,4.6800,4.8000,4.7700,20256994,96196416.4000,1.759500,1,0.628900,26.100942,0.744237,0.607308,-13.472561,0
2024-05-08,sh.600736,4.7700,4.7700,4.6900,4.7000,4.8000,9463500,44710554.0000,0.822000,1,-2.083300,25.557172,0.728732,0.594656,-13.191883,0
2024-05-09,sh.600736,4.7000,4.7900,4.6900,4.7600,4.7000,10251562,48704923.8800,0.890400,1,1.276600,25.883434,0.738035,0.602247,-13.360290,0
2024-05-10,sh.600736,4.7700,4.8800,4.7100,4.8100,4.7600,22014403,105418777.5500,1.912100,1,1.050400,26.155319,0.745787,0.608574,-13.500629,0
2024-05-13,sh.600736,4.7700,4.7900,4.7100,4.7400,4.8100,12983450,61641555.4900,1.127700,1,-1.455300,25.774680,0.734934,0.599717,-13.304154,0
2024-05-14,sh.600736,4.7200,4.7900,4.7100,4.7600,4.7400,8466970,40148741.5800,0.735400,1,0.421900,25.883434,0.738035,0.602247,-13.360290,0
2024-05-15,sh.600736,4.7500,4.8300,4.7100,4.7500,4.7600,15020260,71694514.8900,1.304600,1,-0.210100,25.829057,0.736484,0.600982,-13.332222,0
2024-05-16,sh.600736,4.7700,4.9200,4.7500,4.8700,4.7500,29992374,146053068.5500,2.605100,1,2.526300,26.481580,0.755090,0.616165,-13.669036,0
2024-05-17,sh.600736,4.9600,5.1700,4.8300,5.1500,4.8700,57451533,286908536.9000,4.990200,1,5.749500,28.004135,0.798504,0.651591,-14.454935,0
2024-05-20,sh.600736,5.0600,5.0700,4.9100,4.9600,5.1500,46213421,230171346.2800,4.014000,1,-3.689300,26.970973,0.769045,0.627552,-13.921646,0
2024-05-21,sh.600736,4.9300,4.9900,4.8900,4.9300,4.9600,21231760,104835930.0000,1.844200,1,-0.604800,26.807842,0.764393,0.623756,-13.837443,0
2024-05-22,sh.600736,4.9300,5.0600,4.9200,4.9400,4.9300,40764572,203359068.1500,3.540800,1,0.202800,26.862219,0.765944,0.625021,-13.865511,0
2024-05-23,sh.600736,4.8900,4.9200,4.7700,4.8200,4.9400,26000075,125757490.9000,2.258300,1,-2.429100,26.209696,0.747338,0.609839,-13.528697,0
2024-05-24,sh.600736,4.7800,4.8000,4.7100,4.7100,4.8200,14891622,70632437.0600,1.293500,1,-2.282200,25.611549,0.730282,0.595921,-13.219951,0
2024-05-27,sh.600736,4.7200,4.7400,4.6400,4.7300,4.7100,13620782,63784577.0500,1.183100,1,0.424600,25.720303,0.733383,0.598452,-13.276086,0
2024-05-28,sh.600736,4.7700,4.7900,4.6500,4.6600,4.7300,14210563,66771347.5800,1.234300,1,-1.479900,25.339664,0.722530,0.589595,-13.079611,0
2024-05-29,sh.600736,4.6400,4.7400,4.6200,4.6500,4.6600,11030900,51609880.0000,0.958100,1,-0.214600,25.285287,0.720979,0.588330,-13.051544,0
2024-05-30,sh.600736,4.6400,4.6600,4.5600,4.5900,4.6500,14782900,68093955.0000,1.284000,1,-1.290300,24.959025,0.711676,0.580739,-12.883137,0
2024-05-31,sh.600736,4.6000,4.6300,4.5800,4.5900,4.5900,9289709,42756747.6000,0.806900,1,0.000000,24.959025,0.711676,0.580739,-12.883137,0
2024-06-03,sh.600736,4.7500,4.7800,4.5800,4.6000,4.5900,32908485,152867716.5300,2.858400,1,0.217900,25.013402,0.713227,0.582004,-12.911204,0
2024-06-04,sh.600736,4.5600,4.6200,4.4600,4.5600,4.6000,20423194,92889005.6300,1.773900,1,-0.869600,24.795895,0.707025,0.576943,-12.798933,0
2024-06-05,sh.600736,4.5700,4.5900,4.4400,4.4400,4.5600,13278000,59555065.0000,1.153300,1,-2.631600,24.143371,0.688419,0.561760,-12.462119,0
2024-06-06,sh.600736,4.4400,4.4800,4.2800,4.3200,4.4400,14562682,63256911.8600,1.264900,1,-2.702700,23.490848,0.669813,0.546577,-12.125305,0
2024-06-07,sh.600736,4.3200,4.4600,4.3200,4.4400,4.3200,13502700,59436268.0000,1.172800,1,2.777800,24.143371,0.688419,0.561760,-12.462119,0
2024-06-11,sh.600736,4.4400,4.4600,4.3500,4.3700,4.4400,11039900,48427399.0000,0.958900,1,-1.576600,23.762732,0.677566,0.552904,-12.265644,0
2024-06-12,sh.600736,4.3600,4.4700,4.3600,4.4500,4.3700,9459908,41796978.0800,0.821700,1,1.830700,24.197748,0.689970,0.563025,-12.490187,0
2024-06-13,sh.600736,4.4800,4.4800,4.3700,4.4000,4.4500,7908900,34897144.0000,0.687000,1,-1.123600,23.925863,0.682217,0.556699,-12.349848,0
2024-06-14,sh.600736,4.4100,4.4500,4.3400,4.4200,4.4000,9569620,42113907.2000,0.831200,1,0.454500,24.034617,0.685318,0.559230,-12.405983,0
2024-06-17,sh.600736,4.3900,4.3900,4.3400,4.3500,4.4200,7341300,32004344.0000,0.637700,1,-1.583700,23.653978,0.674465,0.550373,-12.209508,0
2024-06-18,sh.600736,4.3600,4.3900,4.3400,4.3800,4.3500,6188002,27058400.6300,0.537500,1,0.689700,23.817109,0.679116,0.554169,-12.293712,0
2024-06-19,sh.600736,4.3800,4.4100,4.3400,4.3500,4.3800,5847001,25528926.3900,0.507900,1,-0.684900,23.653978,0.674465,0.550373,-12.209508,0
2024-06-20,sh.600736,4.3600,4.3800,4.2300,4.2600,4.3500,9477937,40551340.4600,0.823200,1,-2.069000,23.164586,0.660510,0.538986,-11.956898,0
2024-06-21,sh.600736,4.2600,4.3100,4.2400,4.2400,4.2600,5219158,22295905.5000,0.453300,1,-0.469500,23.055832,0.657409,0.536456,-11.900762,0
2024-06-24,sh.600736,4.2400,4.2400,4.0600,4.0800,4.2400,10420600,42923156.0000,0.905100,1,-3.773600,22.185800,0.632601,0.516212,-11.451677,0
2024-06-25,sh.600736,4.0800,4.2000,4.0800,4.1500,4.0800,8195386,33891489.3700,0.711800,1,1.715700,22.566439,0.643455,0.525069,-11.648152,0
2024-06-26,sh.600736,4.1700,4.2200,4.1100,4.2100,4.1500,7742212,32270228.4000,0.672500,1,1.445800,22.892701,0.652758,0.532660,-11.816559,0
2024-06-27,sh.600736,4.2000,4.2300,4.1600,4.1600,4.2100,6903102,28958775.3500,0.599600,1,-1.187600,22.620816,0.645005,0.526334,-11.676220,0
2024-06-28,sh.600736,4.1600,4.2400,4.1400,4.1600,4.1600,6441100,27028468.0000,0.559500,1,0.000000,22.620816,0.645005,0.526334,-11.676220,0
2024-07-01,sh.600736,4.1800,4.2900,4.1600,4.2900,4.1600,7773900,33027151.0000,0.675200,1,3.125000,23.327717,0.665162,0.542782,-12.041101,0
2024-07-02,sh.600736,4.2700,4.3500,4.2400,4.3000,4.2900,7354076,31661448.0400,0.638800,1,0.233100,23.382094,0.666712,0.544047,-12.069169,0
2024-07-03,sh.600736,4.3200,4.3800,4.2800,4.3300,4.3000,7391600,32128221.8500,0.642000,1,0.697700,23.545224,0.671364,0.547843,-12.153373,0
2024-07-04,sh.600736,4.3400,4.3500,4.1900,4.1900,4.3300,6545700,27769487.0000,0.568600,1,-3.233300,22.783947,0.649657,0.530130,-11.760423,0
2024-07-05,sh.600736,4.2000,4.2400,4.1600,4.1900,4.1900,4887758,20510863.6000,0.424500,1,0.000000,22.783947,0.649657,0.530130,-11.760423,0
2024-07-08,sh.600736,4.1700,4.1800,4.0600,4.0700,4.1900,6557084,26947024.0400,0.569500,1,-2.864000,22.131423,0.631051,0.514947,-11.423609,0
2024-07-09,sh.600736,4.0600,4.1200,3.9900,4.1100,4.0700,6894717,28011776.3500,0.598900,1,0.982800,22.348931,0.637253,0.520008,-11.535880,0
2024-07-10,sh.600736,4.0900,4.1100,4.0400,4.0400,4.1100,4160600,16912641.0000,0.361400,1,-1.703200,21.968293,0.626399,0.511151,-11.339406,0
2024-07-11,sh.600736,4.0800,4.1600,4.0700,4.1500,4.0400,6129948,25262282.2100,0.532400,1,2.722800,22.566439,0.643455,0.525069,-11.648152,0
2024-07-12,sh.600736,4.1300,4.2600,4.1200,4.1800,4.1200,8697400,36614816.0000,0.755400,1,1.456300,22.729570,0.648106,0.528864,-11.732355,0
2024-07-15,sh.600736,4.2100,4.2200,4.1200,4.1200,4.1800,5182100,21472962.6500,0.450100,1,-1.435400,22.403308,0.638803,0.521273,-11.563948,0
2024-07-16,sh.600736,4.1100,4.1500,4.0800,4.1100,4.1200,5422846,22294950.1400,0.471000,1,-0.242700,22.348931,0.637253,0.520008,-11.535880,0
2024-07-17,sh.600736,4.1100,4.1800,4.1100,4.1200,4.1100,6477929,26842390.4800,0.562700,1,0.243300,22.403308,0.638803,0.521273,-11.563948,0
2024-07-18,sh.600736,4.1100,4.1500,4.0500,4.1400,4.1200,5000400,20508377.0000,0.434300,1,0.485400,22.512062,0.641904,0.523803,-11.620084,0
2024-07-19,sh.600736,4.1600,4.1600,4.0400,4.0900,4.1400,7204228,29391147.2400,0.625800,1,-1.207700,22.240177,0.634152,0.517477,-11.479745,0
2024-07-22,sh.600736,4.0800,4.1000,4.0400,4.0600,4.0900,5218669,21208719.1400,0.453300,1,-0.733500,22.077047,0.629500,0.513682,-11.395541,0
2024-07-23,sh.600736,4.0700,4.1100,4.0400,4.0500,4.0600,6947369,28334292.2100,0.603400,1,-0.246300,22.022670,0.627950,0.512416,-11.367473,0
2024-07-24,sh.600736,4.0600,4.0800,4.0000,4.0100,4.0500,6898436,27842079.7200,0.599200,1,-0.987700,21.805162,0.621748,0.507355,-11.255202,0
2024-07-25,sh.600736,4.0100,4.0500,4.0000,4.0200,4.0100,3634501,14620492.0200,0.315700,1,0.249400,21.859539,0.623298,0.508621,-11.283270,0
2024-07-26,sh.600736,4.0300,4.0900,4.0300,4.0700,4.0200,4761964,19339733.4800,0.413600,1,1.243800,22.131423,0.631051,0.514947,-11.423609,0
2024-07-29,sh.600736,4.0600,4.0900,4.0400,4.0800,4.0700,4426065,18023878.5500,0.384400,1,0.245700,22.185800,0.632601,0.516212,-11.451677,0
2024-07-30,sh.600736,4.0700,4.1600,4.0700,4.1400,4.0800,6921199,28463549.9800,0.601200,1,1.470600,22.512062,0.641904,0.523803,-11.620084,0
2024-07-31,sh.600736,4.1500,4.2500,4.1400,4.2500,4.1400,7006345,29507624.8000,0.608600,1,2.657000,23.110209,0.658960,0.537721,-11.928830,0
2024-08-01,sh.600736,4.2400,4.2800,4.2100,4.2600,4.2500,7126122,30208710.3000,0.619000,1,0.235300,23.164586,0.660510,0.538986,-11.956898,0
2024-08-02,sh.600736,4.2500,4.5000,4.2300,4.3200,4.2600,21348021,92954157.4300,1.854300,1,1.408500,23.490848,0.669813,0.546577,-12.125305,0
2024-08-05,sh.600736,4.3600,4.4100,4.2200,4.2400,4.3200,15397287,66654405.2600,1.337400,1,-1.851900,23.055832,0.657409,0.536456,-11.900762,0
2024-08-06,sh.600736,4.2600,4.3200,4.2200,4.3100,4.2400,10505129,44946290.2600,0.912500,1,1.650900,23.436471,0.668263,0.545312,-12.097237,0
2024-08-07,sh.600736,4.2900,4.3300,4.2500,4.3000,4.3100,7274001,31244098.3200,0.631800,1,-0.232000,23.382094,0.666712,0.544047,-12.069169,0
2024-08-08,sh.600736,4.3200,4.3900,4.2700,4.3500,4.3000,9777181,42443283.1000,0.849200,1,1.162800,23.653978,0.674465,0.550373,-12.209508,0
2024-08-09,sh.600736,4.3300,4.4400,4.3300,4.3700,4.3500,12654719,55667876.6000,1.099200,1,0.459800,23.762732,0.677566,0.552904,-12.265644,0
2024-08-12,sh.600736,4.3800,4.3900,4.2900,4.3000,4.3700,7257900,31408544.0000,0.630400,1,-1.601800,23.382094,0.666712,0.544047,-12.069169,0
2024-08-13,sh.600736,4.3100,4.3600,4.2600,4.3200,4.3000,6955787,29955572.7900,0.604200,1,0.465100,23.490848,0.669813,0.546577,-12.125305,0
2024-08-14,sh.600736,4.2900,4.3500,4.2500,4.2600,4.3200,4793500,20578658.0000,0.416400,1,-1.388900,23.164586,0.660510,0.538986,-11.956898,0
2024-08-15,sh.600736,4.2500,4.3200,4.2400,4.3100,4.2600,6692229,28643455.9800,0.581300,1,1.173700,23.436471,0.668263,0.545312,-12.097237,0
2024-08-16,sh.600736,4.3000,4.3100,4.2400,4.2500,4.3100,5853727,24959972.5300,0.508400,1,-1.392100,23.110209,0.658960,0.537721,-11.928830,0
2024-08-19,sh.600736,4.2200,4.2900,4.2000,4.2300,4.2500,4971800,21065150.0000,0.431800,1,-0.470600,23.001455,0.655859,0.535190,-11.872694,0
2024-08-20,sh.600736,4.2200,4.2500,4.1300,4.1600,4.2300,6169286,25706928.4800,0.535900,1,-1.654800,22.620816,0.645005,0.526334,-11.676220,0
2024-08-21,sh.600736,4.1500,4.1700,4.1100,4.1500,4.1600,4784600,19821011.0000,0.415600,1,-0.240400,22.566439,0.643455,0.525069,-11.648152,0
2024-08-22,sh.600736,4.3300,4.4200,4.1500,4.2300,4.1500,23336232,99326562.3900,2.027000,1,1.927700,23.001455,0.655859,0.535190,-11.872694,0
2024-08-23,sh.600736,4.1700,4.1700,4.0500,4.0700,4.2300,15275060,62542955.6700,1.326800,1,-3.782500,22.131423,0.631051,0.514947,-11.423609,0
2024-08-26,sh.600736,4.0500,4.1900,4.0300,4.1700,4.0700,12361921,51279479.5700,1.073700,1,2.457000,22.675193,0.646556,0.527599,-11.704287,0
2024-08-27,sh.600736,4.1400,4.2000,4.0800,4.0900,4.1700,6885247,28427904.7600,0.598000,1,-1.918500,22.240177,0.634152,0.517477,-11.479745,0
2024-08-28,sh.600736,4.0900,4.1300,4.0500,4.0800,4.0900,4853423,19856847.6800,0.421600,1,-0.244500,22.185800,0.632601,0.516212,-11.451677,0
2024-08-29,sh.600736,4.0400,4.0500,3.9700,4.0000,4.0800,13089397,52465399.8200,1.136900,1,-1.960800,40.465647,0.624040,0.573449,5.210505,0
2024-08-30,sh.600736,4.0100,4.2300,3.9900,4.1000,4.0000,15774760,64958561.6000,1.370200,1,2.500000,41.477289,0.639641,0.587785,5.340768,0
2024-09-02,sh.600736,4.1000,4.1200,4.0300,4.0300,4.1000,7957000,32294215.0000,0.691100,1,-1.707300,40.769140,0.628721,0.577750,5.249584,0
2024-09-03,sh.600736,4.0200,4.0800,4.0000,4.0300,4.0300,6132415,24734961.4500,0.532700,1,0.000000,40.769140,0.628721,0.577750,5.249584,0
2024-09-04,sh.600736,4.0100,4.0500,3.9700,3.9800,4.0300,7600360,30433404.2000,0.660200,1,-1.240700,40.263319,0.620920,0.570582,5.184453,0
2024-09-05,sh.600736,4.0000,4.0400,3.9900,4.0200,3.9800,5950778,23916642.4000,0.516900,1,1.005000,40.667976,0.627160,0.576316,5.236558,0
2024-09-06,sh.600736,4.0300,4.0500,3.9900,3.9900,4.0200,5480658,22045607.3200,0.476000,1,-0.746300,40.364483,0.622480,0.572015,5.197479,0
2024-09-09,sh.600736,3.9900,4.0300,3.9400,4.0100,3.9900,4515678,18046147.6000,0.392200,1,0.501300,40.566812,0.625600,0.574882,5.223531,0
2024-09-10,sh.600736,4.0200,4.0400,3.9200,3.9700,4.0100,6309657,25033170.3600,0.548000,1,-0.997500,40.162155,0.619360,0.569148,5.171426,0
2024-09-11,sh.600736,3.9600,3.9700,3.9200,3.9500,3.9700,4037900,15918211.0000,0.350700,1,-0.503800,39.959827,0.616240,0.566281,5.145374,0
2024-09-12,sh.600736,3.9400,4.0200,3.9400,3.9900,3.9500,6934438,27670078.0000,0.602300,1,1.012700,40.364483,0.622480,0.572015,5.197479,0
2024-09-13,sh.600736,3.9800,4.0500,3.9800,4.0000,3.9900,5667900,22760572.0000,0.492300,1,0.250600,40.465647,0.624040,0.573449,5.210505,0
2024-09-18,sh.600736,4.0000,4.0500,3.9300,4.0300,4.0000,8115627,32401931.3700,0.704900,1,0.750000,40.769140,0.628721,0.577750,5.249584,0
2024-09-19,sh.600736,4.0400,4.1300,4.0300,4.0900,4.0300,10049327,41038552.4200,0.872900,1,1.488800,41.376125,0.638081,0.586351,5.327742,0
2024-09-20,sh.600736,4.1000,4.1400,4.0500,4.1200,4.0900,10344100,42491115.7400,0.898500,1,0.733500,41.679617,0.642761,0.590652,5.366820,0
2024-09-23,sh.600736,4.1100,4.1500,4.0800,4.1300,4.1200,6688825,27591329.5100,0.581000,1,0.242700,41.780781,0.644322,0.592086,5.379847,0
2024-09-24,sh.600736,4.1700,4.2100,4.1200,4.2100,4.1300,11774420,49213319.2000,1.022700,1,1.937000,42.590094,0.656802,0.603555,5.484057,0
2024-09-25,sh.600736,4.2300,4.4200,4.2300,4.2900,4.2100,22661820,98776158.8000,1.968400,1,1.900200,43.399407,0.669283,0.615024,5.588267,0
2024-09-26,sh.600736,4.2700,4.5300,4.2500,4.5300,4.2900,30028365,133012750.0800,2.608200,1,5.594400,45.827346,0.706726,0.649431,5.900897,0
2024-09-27,sh.600736,4.6600,4.7000,4.5300,4.6300,4.5300,22215501,102104059.6000,1.929600,1,2.207500,46.838987,0.722327,0.663767,6.031160,0
2024-09-30,sh.600736,4.9500,5.0300,4.7500,5.0000,4.6300,60442932,297308070.1800,5.250000,1,7.991400,50.582059,0.780050,0.716811,6.513131,0
2024-10-08,sh.600736,5.4800,5.4800,4.9200,5.1300,5.0000,72512315,376273325.4000,6.298300,1,2.600000,51.897193,0.800332,0.735448,6.682473,0
2024-10-09,sh.600736,5.0200,5.0200,4.6200,4.6200,5.1300,41864886,200688368.0300,3.636300,1,-9.941500,46.737823,0.720767,0.662333,6.018133,0
2024-10-10,sh.600736,4.6200,4.7500,4.5400,4.6300,4.6200,30196459,140274751.1500,2.622800,1,0.216500,46.838987,0.722327,0.663767,6.031160,0
2024-10-11,sh.600736,4.6200,4.6900,4.5600,4.6300,4.6300,19896540,92191488.3100,1.728200,1,0.000000,46.838987,0.722327,0.663767,6.031160,0
2024-10-14,sh.600736,4.8000,4.8400,4.6600,4.7500,4.6300,30564018,144825967.2000,2.654800,1,2.591800,48.052956,0.741048,0.680971,6.187475,0
2024-10-15,sh.600736,4.7000,4.7400,4.6100,4.6100,4.7500,22541049,105373592.8300,1.957900,1,-2.947400,46.636659,0.719206,0.660900,6.005107,0
2024-10-16,sh.600736,4.6500,4.8100,4.6400,4.7900,4.6100,31654735,150201763.0900,2.749500,1,3.904600,48.457613,0.747288,0.686705,6.239580,0
2024-10-17,sh.600736,4.7900,4.8000,4.6100,4.6300,4.7900,29339290,137268667.3000,2.548400,1,-3.340300,46.838987,0.722327,0.663767,6.031160,0
2024-10-18,sh.600736,4.6100,4.7200,4.5400,4.6800,4.6300,23398294,108183923.5500,2.032300,1,1.079900,47.344808,0.730127,0.670935,6.096291,0
2024-10-21,sh.600736,4.7700,4.9400,4.7100,4.8400,4.6800,46892889,227294028.3300,4.073100,1,3.418800,48.963433,0.755089,0.693873,6.304711,0
2024-10-22,sh.600736,4.8800,4.9300,4.7500,4.8200,4.8400,31360436,151159753.5400,2.723900,1,-0.413200,48.761105,0.751969,0.691006,6.278659,0
2024-10-23,sh.600736,4.8200,4.8600,4.7700,4.7900,4.8200,24049918,115690081.8100,2.088900,1,-0.622400,48.457613,0.747288,0.686705,6.239580,0
2024-10-24,sh.600736,4.7800,4.8600,4.7600,4.8100,4.7900,23916939,115391571.4400,2.077400,1,0.417500,48.659941,0.750408,0.689572,6.265632,0
2024-10-25,sh.600736,4.8800,5.1500,4.8800,5.0900,4.8100,57363828,290066806.7600,4.982600,1,5.821200,51.492536,0.794091,0.729714,6.630368,0
2024-10-28,sh.600736,5.1800,5.6000,5.1500,5.6000,5.0900,85471682,469445447.5000,7.424000,1,10.019600,56.651906,0.873656,0.802828,7.294707,0
2024-10-29,sh.600736,5.9000,5.9000,5.2600,5.2600,5.6000,106824966,584060461.8800,9.278700,1,-6.071400,53.212326,0.820613,0.754085,6.851814,0
2024-10-30,sh.600736,5.2000,5.5900,5.2000,5.4400,5.2600,65787067,355889226.4300,5.714200,1,3.422100,37.688175,0.838536,0.749250,-6.761119,0
2024-10-31,sh.600736,5.4400,5.9800,5.4200,5.9800,5.4400,106221945,621858082.3400,9.226300,1,9.926500,41.429281,0.921773,0.823624,-7.432260,0
2024-11-01,sh.600736,6.0600,6.2800,5.5800,5.6500,5.9800,120253792,709809335.0700,10.445100,1,-5.518400,39.143050,0.870906,0.778174,-7.022118,0
2024-11-04,sh.600736,5.7300,5.8100,5.4600,5.6700,5.6500,64314563,361914319.3100,5.586300,1,0.354000,39.281609,0.873989,0.780928,-7.046975,0
2024-11-05,sh.600736,5.6800,5.8500,5.6100,5.7600,5.6700,69925958,402509840.8800,6.073700,1,1.587300,39.905127,0.887862,0.793324,-7.158832,0
2024-11-06,sh.600736,5.8500,5.9800,5.7200,5.8000,5.7600,67711968,395624186.7800,5.881400,1,0.694400,40.182246,0.894027,0.798833,-7.208546,0
2024-11-07,sh.600736,5.6900,5.9300,5.6100,5.8900,5.8000,52283507,304577299.7400,4.541300,1,1.551700,40.805763,0.907900,0.811229,-7.320403,0
2024-11-08,sh.600736,6.0000,6.0300,5.6800,5.7200,5.8900,62797909,363316956.0100,5.454600,1,-2.886200,39.628008,0.881696,0.787815,-7.109118,0
2024-11-11,sh.600736,5.7100,5.7100,5.5400,5.6300,5.7200,48282587,270263741.8400,4.193800,1,-1.573400,39.004490,0.867823,0.775419,-6.997261,0
2024-11-12,sh.600736,5.6300,5.6400,5.4500,5.5000,5.6300,34834000,193219428.0000,3.025600,1,-2.309100,38.103854,0.847785,0.757514,-6.835690,0
2024-11-13,sh.600736,5.4600,5.6200,5.4500,5.5500,5.5000,26016881,143623008.7400,2.259800,1,0.909100,38.450252,0.855492,0.764401,-6.897833,0
2024-11-14,sh.600736,5.8400,5.9600,5.6800,5.7000,5.5500,84030381,489125521.9300,7.298800,1,2.702700,39.489448,0.878613,0.785060,-7.084261,0
2024-11-15,sh.600736,5.6500,5.9500,5.5200,5.5300,5.7000,59644234,344091310.0900,5.180600,1,-2.982500,38.311693,0.852409,0.761646,-6.872976,0
2024-11-18,sh.600736,5.6800,5.8500,5.4700,5.6900,5.5300,53433213,302383537.4700,4.641100,1,2.893300,39.420169,0.877072,0.783683,-7.071832,0
2024-11-19,sh.600736,5.7100,6.2600,5.5600,6.2600,5.6900,112798924,681748573.9500,9.797600,1,10.017600,43.369113,0.964933,0.862189,-7.780259,0
2024-11-20,sh.600736,6.4100,6.7900,6.2600,6.3900,6.2600,160490092,1041934977.4500,13.940000,1,2.076700,44.269750,0.984972,0.880094,-7.941829,0
2024-11-21,sh.600736,6.2700,7.0300,6.1700,7.0300,6.3900,131192761,865631560.9000,11.395300,1,10.015600,48.703653,1.083623,0.968241,-8.737255,0
2024-11-22,sh.600736,7.2900,7.7200,7.1200,7.2400,7.0300,192239249,1424016927.5700,16.697700,1,2.987200,50.158527,1.115993,0.997164,-8.998254,0
2024-11-25,sh.600736,6.9900,7.0000,6.5200,6.5200,7.2400,123940954,828058300.6900,10.765400,1,-9.944800,45.170386,1.005010,0.897998,-8.103400,0
2024-11-26,sh.600736,6.4000,6.8700,6.2600,6.3100,6.5200,93029672,599452640.3200,8.080500,1,-3.220900,43.715512,0.972640,0.869075,-7.842401,0
2024-11-27,sh.600736,6.2300,6.2400,5.9200,6.2100,6.3100,68751738,419401920.6400,5.971700,1,-1.584800,43.022715,0.957226,0.855302,-7.718116,0
2024-11-28,sh.600736,6.2600,6.4900,6.1500,6.2000,6.2100,67694210,428840496.4400,5.879800,1,-0.161000,42.953435,0.955684,0.853925,-7.705687,0
2024-11-29,sh.600736,6.1500,6.2500,6.0400,6.1900,6.2000,60926068,374374919.6400,5.292000,1,-0.161300,42.884155,0.954143,0.852548,-7.693259,0
2024-12-02,sh.600736,6.2200,6.3900,6.1700,6.3000,6.1900,56997545,358956846.3300,4.950700,1,1.777100,43.646232,0.971099,0.867698,-7.829973,0
2024-12-03,sh.600736,6.3500,6.4200,6.2100,6.3300,6.3000,52599746,331912338.2000,4.568800,1,0.476200,43.854072,0.975723,0.871830,-7.867258,0
2024-12-04,sh.600736,6.3800,6.7500,6.3300,6.6700,6.3300,97450323,637938376.3200,8.464400,1,5.371200,46.209582,1.028132,0.918658,-8.289828,0
2024-12-05,sh.600736,6.5100,6.6300,6.4700,6.6200,6.6700,57147982,373568835.4000,4.963800,1,-0.749600,45.863184,1.020424,0.911771,-8.227686,0
2024-12-06,sh.600736,6.5700,6.6400,6.4200,6.4900,6.6200,49817529,323685821.4700,4.327100,1,-1.963700,44.962547,1.000386,0.893867,-8.066115,0
2024-12-09,sh.600736,6.4900,6.5000,6.2500,6.3000,6.4900,41379884,262224560.1100,3.594200,1,-2.927600,43.646232,0.971099,0.867698,-7.829973,0
2024-12-10,sh.600736,6.5500,6.5900,6.3000,6.3100,6.3000,49216891,316034852.2900,4.274900,1,0.158700,43.715512,0.972640,0.869075,-7.842401,0
2024-12-11,sh.600736,6.2800,6.4200,6.2100,6.3500,6.3100,37531638,237996006.2200,3.260000,1,0.633900,43.992631,0.978806,0.874584,-7.892115,0
2024-12-12,sh.600736,6.3300,6.8500,6.2900,6.6800,6.3500,86841298,573693176.8100,7.542900,1,5.196900,46.278862,1.029673,0.920035,-8.302257,0
2024-12-13,sh.600736,6.6000,6.9200,6.4600,6.7400,6.6800,89243799,600910634.0100,7.751600,1,0.898200,46.694541,1.038922,0.928299,-8.376828,0
2024-12-16,sh.600736,6.7100,6.8900,6.5500,6.6400,6.7400,57810023,386511916.7800,5.021300,1,-1.483700,46.001743,1.023507,0.914526,-8.252543,0
2024-12-17,sh.600736,6.6100,6.6200,6.2000,6.2300,6.6400,50590270,321442159.2400,4.394200,1,-6.174700,43.161274,0.960309,0.858057,-7.742973,0
2024-12-18,sh.600736,6.2600,6.3500,6.1500,6.2400,6.2300,33429930,208545291.2000,2.903700,1,0.160500,43.230554,0.961850,0.859434,-7.755402,0
2024-12-19,sh.600736,6.1600,6.4700,5.9600,6.4000,6.2400,59232825,365516269.7500,5.144900,1,2.564100,44.339030,0.986513,0.881471,-7.954258,0
2024-12-20,sh.600736,6.4000,6.9900,6.3500,6.6100,6.4000,82531595,549087498.9600,7.168600,1,3.281300,45.793904,1.018883,0.910394,-8.215257,0
2024-12-23,sh.600736,6.5500,6.5500,6.0800,6.0900,6.6100,48708918,305818596.9000,4.230800,1,-7.866900,42.191358,0.938729,0.838775,-7.568974,0
2024-12-24,sh.600736,6.1100,6.7000,6.1100,6.7000,6.0900,72582789,472142426.2500,6.304500,1,10.016400,46.417422,1.032756,0.922790,-8.327114,0
2024-12-25,sh.600736,6.6500,7.0300,6.4500,6.7500,6.7000,120384006,817838760.6000,10.456400,1,0.746300,46.763820,1.040463,0.929676,-8.389256,0
2024-12-26,sh.600736,6.7500,6.9200,6.6700,6.8100,6.7500,74044133,503325065.9900,6.431400,1,0.888900,47.179499,1.049712,0.937940,-8.463828,0
2024-12-27,sh.600736,6.8100,6.9400,6.7000,6.7100,6.8100,62781336,427737335.2800,5.453100,1,-1.468400,46.486701,1.034297,0.924167,-8.339542,0
2024-12-30,sh.600736,6.6400,6.8700,6.5000,6.6300,6.7100,57946712,385300565.1000,5.033200,1,-1.192300,45.932464,1.021966,0.913149,-8.240114,0
2024-12-31,sh.600736,6.6000,6.6700,6.2000,6.2100,6.6300,52627313,335454822.3000,4.571100,1,-6.334800,43.022715,0.957226,0.855302,-7.718116,0
2025-01-02,sh.600736,6.1100,6.2600,5.8400,5.9700,6.2100,45029000,272775003.0000,3.911200,1,-3.864700,41.360001,0.920232,0.822247,-7.419831,0
2025-01-03,sh.600736,5.9400,5.9700,5.4300,5.4600,5.9700,46444714,261689419.7500,4.034100,1,-8.542700,37.826735,0.841619,0.752005,-6.785976,0
2025-01-06,sh.600736,5.4500,5.4500,5.2000,5.3000,5.4600,30118603,159420690.6900,2.616100,1,-2.930400,36.718259,0.816956,0.729968,-6.587120,0
2025-01-07,sh.600736,5.3000,5.4000,5.2400,5.3900,5.3000,26195592,139149407.4400,2.275300,1,1.698100,37.341777,0.830829,0.742364,-6.698977,0
2025-01-08,sh.600736,5.3800,5.3800,5.1300,5.2800,5.3900,26344400,138515069.0000,2.288200,1,-2.040800,36.579699,0.813873,0.727213,-6.562263,0
2025-01-09,sh.600736,5.2400,5.3300,5.2200,5.2800,5.2800,19368390,102399905.7300,1.682300,1,0.000000,36.579699,0.813873,0.727213,-6.562263,0
2025-01-10,sh.600736,5.2800,5.3100,5.0900,5.1000,5.2800,21400902,111310083.2000,1.858900,1,-3.409100,35.332664,0.786128,0.702422,-6.338549,0
2025-01-13,sh.600736,5.0000,5.1200,4.9300,5.1000,5.1000,16541602,83446573.9000,1.436800,1,0.000000,35.332664,0.786128,0.702422,-6.338549,0
2025-01-14,sh.600736,5.0900,5.3100,5.0900,5.2900,5.1000,28343620,148306006.4000,2.461900,1,3.725500,36.648979,0.815415,0.728591,-6.574691,0
2025-01-15,sh.600736,5.2800,5.3300,5.2300,5.2700,5.2900,18242100,96203608.0000,1.584500,1,-0.378100,36.510420,0.812332,0.725836,-6.549834,0
2025-01-16,sh.600736,5.2800,5.3800,5.2200,5.2700,5.2700,18982805,100626367.3300,1.648800,1,0.000000,36.510420,0.812332,0.725836,-6.549834,0
2025-01-17,sh.600736,5.2400,5.3200,5.1800,5.2700,5.2700,17957900,94606506.0000,1.559800,1,0.000000,36.510420,0.812332,0.725836,-6.549834,0
2025-01-20,sh.600736,5.3300,5.3900,5.2200,5.3200,5.2700,21787600,116064009.0000,1.892400,1,0.948800,36.856818,0.820039,0.732723,-6.611977,0
2025-01-21,sh.600736,5.3600,5.4300,5.2500,5.3200,5.3200,27567141,147364576.1200,2.394500,1,0.000000,36.856818,0.820039,0.732723,-6.611977,0
2025-01-22,sh.600736,5.3100,5.3100,5.1800,5.2000,5.3200,18251747,95454259.3200,1.585300,1,-2.255600,36.025462,0.801542,0.716195,-6.462835,0
2025-01-23,sh.600736,5.2500,5.3600,5.2300,5.2500,5.2000,23094382,122488154.7800,2.006000,1,0.961500,36.371860,0.809249,0.723082,-6.524977,0
2025-01-24,sh.600736,5.2300,5.2800,5.1900,5.2400,5.2500,17394001,91140317.2200,1.510800,1,-0.190500,36.302581,0.807708,0.721704,-6.512549,0
2025-01-27,sh.600736,5.2500,5.3200,5.1600,5.1700,5.2400,16730001,87653792.3000,1.453100,1,-1.335900,35.817622,0.796918,0.712063,-6.425549,0
2025-02-05,sh.600736,5.2200,5.2900,5.1600,5.2800,5.1700,18176605,95329100.3400,1.578800,1,2.127700,36.579699,0.813873,0.727213,-6.562263,0
2025-02-06,sh.600736,5.2600,5.4100,5.2000,5.3900,5.2800,28982123,154042980.1600,2.517400,1,2.083300,37.341777,0.830829,0.742364,-6.698977,0
2025-02-07,sh.600736,5.3900,5.5300,5.3500,5.4600,5.3900,33092354,180503516.5600,2.874400,1,1.298700,37.826735,0.841619,0.752005,-6.785976,0
2025-02-10,sh.600736,5.4700,5.5800,5.4600,5.5700,5.4600,27127978,150137546.3600,2.356300,1,2.014700,38.588812,0.858575,0.767155,-6.922690,0
2025-02-11,sh.600736,5.5900,5.9400,5.4500,5.7700,5.5700,49256507,279894859.4900,4.278400,1,3.590700,39.974406,0.889403,0.794701,-7.171261,0
2025-02-12,sh.600736,5.7300,5.7900,5.6800,5.7900,5.7700,30198362,173288699.2600,2.623000,1,0.346600,40.112966,0.892486,0.797456,-7.196118,0
2025-02-13,sh.600736,5.8200,5.8600,5.7300,5.7400,5.7900,28932304,167641643.0000,2.513000,1,-0.863600,39.766567,0.884779,0.790569,-7.133975,0
2025-02-14,sh.600736,5.7000,5.8300,5.6300,5.7000,5.7400,29535869,167782831.2500,2.565500,1,-0.696900,39.489448,0.878613,0.785060,-7.084261,0
2025-02-17,sh.600736,5.6900,5.8300,5.6700,5.7300,5.7000,27307971,157285948.7500,2.371900,1,0.526300,39.697288,0.883237,0.789192,-7.121547,0
2025-02-18,sh.600736,5.7200,5.7200,5.4900,5.5100,5.7300,26666701,149087665.6100,2.316200,1,-3.839400,38.173133,0.849326,0.758891,-6.848119,0
2025-02-19,sh.600736,5.5300,5.5800,5.4800,5.5600,5.5100,18512111,102530352.6700,1.607900,1,0.907400,38.519532,0.857033,0.765778,-6.910262,0
2025-02-20,sh.600736,5.5600,5.6000,5.4900,5.5800,5.5600,18236179,101398665.0300,1.584000,1,0.359700,38.658091,0.860116,0.768532,-6.935119,0
2025-02-21,sh.600736,5.5900,5.7200,5.5100,5.7200,5.5800,26128196,147191578.1700,2.269500,1,2.509000,39.628008,0.881696,0.787815,-7.109118,0
2025-02-24,sh.600736,5.7800,6.0500,5.7400,6.0100,5.7200,58126757,345640940.0000,5.048800,1,5.069900,41.637120,0.926397,0.827756,-7.469545,0
2025-02-25,sh.600736,6.0000,6.3100,5.9000,6.1300,6.0100,63811365,391916066.4600,5.542600,1,1.996700,42.468477,0.944894,0.844284,-7.618688,0
2025-02-26,sh.600736,6.1100,6.1800,6.0400,6.1000,6.1300,40020902,244023644.1900,3.476200,1,-0.489400,42.260638,0.940270,0.840152,-7.581402,0
2025-02-27,sh.600736,6.0600,6.1200,5.9700,6.0500,6.1000,32273828,194555441.6700,2.803300,1,-0.819700,41.914239,0.932563,0.833265,-7.519260,0
2025-02-28,sh.600736,6.0200,6.0400,5.8400,5.8700,6.0500,27682801,164550967.8800,2.404500,1,-2.975200,40.667204,0.904817,0.808474,-7.295546,0
2025-03-03,sh.600736,5.9000,5.9800,5.8300,5.8700,5.8700,21913542,129730905.5500,1.903400,1,0.000000,40.667204,0.904817,0.808474,-7.295546,0
2025-03-04,sh.600736,5.8600,5.9800,5.8500,5.9000,5.8700,16976483,99955298.6000,1.474600,1,0.511100,40.875043,0.909442,0.812606,-7.332832,0
2025-03-05,sh.600736,5.9200,5.9300,5.7400,5.8300,5.9000,20753506,120511289.4300,1.802600,1,-1.186400,40.390085,0.898652,0.802965,-7.245832,0
2025-03-06,sh.600736,5.8800,6.2000,5.8300,6.1200,5.8300,52039422,313299751.4400,4.520100,1,4.974300,42.399197,0.943353,0.842907,-7.606259,0
2025-03-07,sh.600736,6.0500,6.1600,5.9300,6.0900,6.1200,44515367,270377479.0400,3.866600,1,-0.490200,42.191358,0.938729,0.838775,-7.568974,0
2025-03-10,sh.600736,6.0800,6.1000,5.9300,5.9500,6.0900,21124600,126399767.8600,1.834900,1,-2.298900,41.221442,0.917149,0.819492,-7.394974,0
2025-03-11,sh.600736,6.2800,6.5400,6.1100,6.1700,5.9500,89884627,562221190.6000,7.807300,1,3.697500,42.745596,0.951060,0.849793,-7.668402,0
2025-03-12,sh.600736,6.1000,6.2400,6.1000,6.1900,6.1700,49647186,306192781.3900,4.312300,1,0.324100,42.884155,0.954143,0.852548,-7.693259,0
2025-03-13,sh.600736,6.1400,6.1400,5.9400,6.0400,6.1900,37781712,227315776.7800,3.281700,1,-2.423300,41.844959,0.931022,0.831888,-7.506831,0
2025-03-14,sh.600736,6.0300,6.0800,5.9800,6.0800,6.0400,25990338,157253447.1200,2.257500,1,0.662300,42.122078,0.937187,0.837397,-7.556545,0
2025-03-17,sh.600736,6.0900,6.2000,6.0600,6.1400,6.0800,30235589,184981579.9000,2.626200,1,0.986800,42.537757,0.946436,0.845661,-7.631116,0
2025-03-18,sh.600736,6.1200,6.4100,6.0700,6.1700,6.1400,42095739,261167295.5300,3.656400,1,0.488600,42.745596,0.951060,0.849793,-7.668402,0
2025-03-19,sh.600736,6.1000,6.1300,6.0600,6.0700,6.1700,23836401,145159761.0900,2.070400,1,-1.620700,42.052798,0.935646,0.836020,-7.544117,0
2025-03-20,sh.600736,6.0600,6.1000,6.0300,6.0300,6.0700,16679404,101089774.8600,1.448800,1,-0.659000,41.775680,0.929480,0.830511,-7.494402,0
2025-03-21,sh.600736,6.0500,6.1500,5.9100,6.0800,6.0300,28865242,173609593.1400,2.507200,1,0.829200,42.122078,0.937187,0.837397,-7.556545,0
2025-03-24,sh.600736,6.0500,6.0700,5.8000,5.8800,6.0800,21160700,125209417.0000,1.838000,1,-3.289500,40.736484,0.906359,0.809851,-7.307975,0
2025-03-25,sh.600736,5.8800,5.9200,5.7900,5.8500,5.8800,10501671,61674049.7800,0.912200,1,-0.510200,40.528644,0.901735,0.805719,-7.270689,0
2025-03-26,sh.600736,5.8600,5.9100,5.8500,5.8800,5.8500,7793470,45872906.9000,0.676900,1,0.512800,40.736484,0.906359,0.809851,-7.307975,0
2025-03-27,sh.600736,5.9000,5.9700,5.8600,5.8700,5.8800,11064300,65467897.0000,0.961000,1,-0.170100,40.667204,0.904817,0.808474,-7.295546,0
2025-03-28,sh.600736,5.8500,5.8700,5.7600,5.7900,5.8700,11998200,69641052.0000,1.042200,1,-1.362900,40.112966,0.892486,0.797456,-7.196118,0
2025-03-31,sh.600736,5.7500,5.7500,5.6100,5.6800,5.7900,13353100,75640312.0000,1.159800,1,-1.899800,39.350889,0.875530,0.782305,-7.059404,0
2025-04-01,sh.600736,5.6700,5.7300,5.6500,5.6700,5.6800,10175718,57908612.7600,0.883900,1,-0.176100,39.281609,0.873989,0.780928,-7.046975,0
2025-04-02,sh.600736,5.6700,5.6900,5.6400,5.6600,5.6700,6234661,35352819.2600,0.541500,1,-0.176400,39.212329,0.872447,0.779551,-7.034547,0
2025-04-03,sh.600736,5.5700,5.7200,5.5600,5.6500,5.6600,7315702,41360363.2700,0.635400,1,-0.176700,39.143050,0.870906,0.778174,-7.022118,0
2025-04-07,sh.600736,5.3100,5.3500,5.0900,5.0900,5.6500,20405347,105023216.0300,1.772400,1,-9.911500,35.263385,0.784586,0.701045,-6.326121,0
2025-04-08,sh.600736,5.0300,5.1300,4.9100,5.0500,5.0900,20483801,102755043.0500,1.779200,1,-0.785900,34.986266,0.778420,0.695536,-6.276407,0
2025-04-09,sh.600736,4.9600,5.2700,4.8200,5.2000,5.0500,22701600,115180735.5600,1.971800,1,2.970300,36.025462,0.801542,0.716195,-6.462835,0
2025-04-10,sh.600736,5.2300,5.3800,5.2100,5.3000,5.2000,20428944,108599962.2000,1.774400,1,1.923100,36.718259,0.816956,0.729968,-6.587120,0
2025-04-11,sh.600736,5.2500,5.3700,5.2300,5.3500,5.3000,13769344,73354656.5200,1.196000,1,0.943400,37.064658,0.824663,0.736855,-6.649263,0
2025-04-14,sh.600736,5.4100,5.4400,5.3600,5.3900,5.3500,14320000,77350938.0000,1.243800,1,0.747700,37.341777,0.830829,0.742364,-6.698977,0
2025-04-15,sh.600736,5.4000,5.4200,5.3300,5.3800,5.3900,8813900,47323963.0000,0.765600,1,-0.185500,37.272497,0.829287,0.740986,-6.686548,0
2025-04-16,sh.600736,5.3500,5.4100,5.2100,5.3000,5.3800,11893438,63073179.6400,1.033100,1,-1.487000,36.718259,0.816956,0.729968,-6.587120,0
2025-04-17,sh.600736,5.2600,5.4700,5.2500,5.4100,5.3000,15788593,85447487.8800,1.371400,1,2.075500,37.480336,0.833912,0.745118,-6.723834,0
2025-04-18,sh.600736,5.3800,5.4400,5.3400,5.4400,5.4100,13395400,72336750.0000,1.163500,1,0.554500,37.688175,0.838536,0.749250,-6.761119,0
2025-04-21,sh.600736,5.4100,5.5800,5.3700,5.5700,5.4400,24781230,136162127.5000,2.152500,1,2.389700,38.588812,0.858575,0.767155,-6.922690,0
2025-04-22,sh.600736,5.5400,5.7100,5.4500,5.6400,5.5700,30790400,172118107.0000,2.674400,1,1.256700,39.073770,0.869365,0.776796,-7.009690,0
2025-04-23,sh.600736,5.6300,5.6600,5.5100,5.5400,5.6400,21869999,121810952.8700,1.899600,1,-1.773000,38.380973,0.853950,0.763023,-6.885405,0
2025-04-24,sh.600736,5.5200,5.6300,5.5000,5.5400,5.5400,15754500,87638325.9400,1.368400,1,0.000000,38.380973,0.853950,0.763023,-6.885405,0
2025-04-25,sh.600736,5.5200,5.7000,5.5200,5.5400,5.5400,22620492,127095618.1200,1.964800,1,0.000000,38.380973,0.853950,0.763023,-6.885405,0
2025-04-28,sh.600736,5.3500,5.3800,5.1700,5.2000,5.5400,26367680,137918176.7100,2.290300,1,-6.137200,45.834881,0.812787,0.820055,-3.432411,0
2025-04-29,sh.600736,5.2500,5.3100,5.2400,5.2800,5.2000,16796868,88691545.8700,1.459000,1,1.538500,36.629848,0.816935,1.302669,5.986694,0
2025-04-30,sh.600736,5.3000,5.3600,5.2800,5.2900,5.2800,12069000,64153206.0000,1.048300,1,0.189400,36.699222,0.818482,1.305136,5.998032,0
2025-05-06,sh.600736,5.3000,5.4100,5.3000,5.4100,5.2900,13425700,72096043.0000,1.166100,1,2.268400,37.531719,0.837048,1.334742,6.134094,0
2025-05-07,sh.600736,5.4600,5.6000,5.4400,5.4700,5.4100,16954400,93250608.0000,1.472600,1,1.109100,37.947967,0.846332,1.349545,6.202124,0
2025-05-08,sh.600736,5.4900,5.6400,5.4300,5.6200,5.4700,23529332,130317699.5700,2.043700,1,2.742200,38.988588,0.869540,1.386553,6.372201,0
2025-05-09,sh.600736,5.6200,5.6200,5.4500,5.4600,5.6200,20492600,112703911.0000,1.780000,1,-2.847000,37.878592,0.844785,1.347078,6.190786,0
2025-05-12,sh.600736,5.4800,5.5000,5.3400,5.5000,5.4600,18852684,102317959.8200,1.637500,1,0.732600,38.156091,0.850973,1.356947,6.236140,0
2025-05-13,sh.600736,5.5500,5.5600,5.4700,5.4900,5.5000,13617429,75042995.5000,1.182800,1,-0.181800,38.086717,0.849426,1.354480,6.224801,0
2025-05-14,sh.600736,5.4900,5.5500,5.4700,5.5300,5.4900,13843198,76365381.9200,1.202400,1,0.728600,38.364215,0.855615,1.364348,6.270155,0
2025-05-15,sh.600736,5.5500,5.6000,5.4700,5.4900,5.5300,14654601,81079516.5800,1.272900,1,-0.723300,38.086717,0.849426,1.354480,6.224801,0
2025-05-16,sh.600736,5.5100,5.5100,5.4400,5.4800,5.4900,9953429,54453664.6300,0.864500,1,-0.182100,38.017342,0.847879,1.352012,6.213463,0
2025-05-19,sh.600736,5.4700,5.6000,5.4700,5.5500,5.4800,15319520,85034749.8000,1.330600,1,1.277400,38.502965,0.858710,1.369283,6.292832,0
2025-05-20,sh.600736,5.5400,5.5700,5.5000,5.5500,5.5500,11249520,62240503.8000,0.977100,1,0.000000,38.502965,0.858710,1.369283,6.292832,0
2025-05-21,sh.600736,5.5500,5.5600,5.5000,5.5100,5.5500,9380216,51798274.0000,0.814800,1,-0.720700,38.225466,0.852521,1.359414,6.247478,0
2025-05-22,sh.600736,5.5200,5.5200,5.4200,5.4300,5.5100,11436300,62467451.0000,0.993300,1,-1.451900,37.670468,0.840143,1.339677,6.156770,0
2025-05-23,sh.600736,5.4500,5.4500,5.3600,5.3700,5.4300,9886900,53466585.0000,0.858800,1,-1.105000,37.254220,0.830860,1.324874,6.088740,0
2025-05-26,sh.600736,5.3500,5.4000,5.3500,5.3800,5.3700,8200500,44085257.0000,0.712300,1,0.186200,37.323595,0.832407,1.327341,6.100078,0
2025-05-27,sh.600736,5.3800,5.4300,5.3600,5.4200,5.3800,8499017,45892135.2900,0.738200,1,0.743500,37.601094,0.838596,1.337209,6.145432,0
2025-05-28,sh.600736,5.4000,5.4200,5.3400,5.3700,5.4200,7746400,41648567.0000,0.672800,1,-0.922500,37.254220,0.830860,1.324874,6.088740,0
2025-05-29,sh.600736,5.3900,5.4400,5.3500,5.4300,5.3700,8580900,46464610.0000,0.745300,1,1.117300,37.670468,0.840143,1.339677,6.156770,0
2025-05-30,sh.600736,5.4200,5.4200,5.3600,5.3700,5.4300,7082900,38143187.0000,0.615200,1,-1.105000,37.254220,0.830860,1.324874,6.088740,0
2025-06-03,sh.600736,5.3500,5.4000,5.3400,5.3700,5.3700,5722500,30708110.0000,0.497000,1,0.000000,37.254220,0.830860,1.324874,6.088740,0
2025-06-04,sh.600736,5.3800,5.5300,5.3600,5.4400,5.3700,14943631,81192622.3500,1.298000,1,1.303500,37.739843,0.841690,1.342144,6.168109,0
2025-06-05,sh.600736,5.4600,5.4700,5.4200,5.4400,5.4400,9460551,51492583.4400,0.821700,1,0.000000,37.739843,0.841690,1.342144,6.168109,0
2025-06-06,sh.600736,5.4500,5.4800,5.4200,5.4400,5.4400,8539301,46441625.4200,0.741700,1,0.000000,37.739843,0.841690,1.342144,6.168109,0
2025-06-09,sh.600736,5.4300,5.4600,5.4200,5.4600,5.4400,9872677,53767939.6500,0.857500,1,0.367600,37.878592,0.844785,1.347078,6.190786,0
2025-06-10,sh.600736,5.4700,5.4800,5.3400,5.3800,5.4600,14004606,75763964.2200,1.216400,1,-1.465200,37.323595,0.832407,1.327341,6.100078,0
2025-06-11,sh.600736,5.3700,5.4300,5.3700,5.4000,5.3800,8375500,45260900.0000,0.727500,1,0.371700,37.462344,0.835501,1.332275,6.122755,0
2025-06-12,sh.600736,5.3900,5.3900,5.3300,5.3600,5.4000,9518276,50990005.5500,0.826700,1,-0.740700,37.184845,0.829312,1.322406,6.077401,0
2025-06-13,sh.600736,5.3300,5.3500,5.2600,5.2700,5.3600,10851551,57445343.8300,0.942600,1,-1.679100,36.560473,0.815387,1.300202,5.975356,0
2025-06-16,sh.600736,5.2500,5.3500,5.2500,5.3100,5.2700,7628600,40513902.0000,0.662600,1,0.759000,36.837972,0.821576,1.310070,6.020709,0
2025-06-17,sh.600736,5.3100,5.3300,5.2900,5.3100,5.3100,6115037,32439586.7300,0.531100,1,0.000000,36.837972,0.821576,1.310070,6.020709,0
2025-06-18,sh.600736,5.3000,5.3100,5.2300,5.2500,5.3100,8136935,42756583.4000,0.706800,1,-1.129900,36.421723,0.812293,1.295267,5.952679,0
2025-06-19,sh.600736,5.2500,5.2500,5.1300,5.1400,5.2500,9511938,49316051.7400,0.826200,1,-2.095200,35.658602,0.795273,1.268128,5.827956,0
2025-06-20,sh.600736,5.1500,5.1700,5.1200,5.1200,5.1400,5523337,28412157.5500,0.479800,1,-0.389100,35.519852,0.792179,1.263194,5.805279,0
2025-06-23,sh.600736,5.1100,5.1800,5.0700,5.1700,5.1200,6542534,33576342.5200,0.568300,1,0.976600,35.866726,0.799915,1.275530,5.861971,0
2025-06-24,sh.600736,5.1700,5.2600,5.1600,5.2600,5.1700,7961283,41657050.9100,0.691500,1,1.740800,36.491098,0.813840,1.297735,5.964017,0
2025-06-25,sh.600736,5.2800,5.3300,5.2400,5.3200,5.2600,12614580,66749979.7800,1.095700,1,1.140700,36.907346,0.823123,1.312538,6.032048,0
2025-06-26,sh.600736,5.3100,5.3400,5.2800,5.3100,5.3200,9237591,49076589.2100,0.802400,1,-0.188000,36.837972,0.821576,1.310070,6.020709,0
2025-06-27,sh.600736,5.3200,5.3600,5.2900,5.3100,5.3100,10410142,55481758.7000,0.904200,1,0.000000,36.837972,0.821576,1.310070,6.020709,0
2025-06-30,sh.600736,5.3300,5.3700,5.3000,5.3500,5.3100,12367743,66005244.0200,1.074200,1,0.753300,37.115471,0.827765,1.319939,6.066063,0
2025-07-01,sh.600736,5.3600,5.3700,5.3100,5.3500,5.3500,7870663,41976352.7900,0.683600,1,0.000000,37.115471,0.827765,1.319939,6.066063,0
2025-07-02,sh.600736,5.3500,5.3700,5.3200,5.3500,5.3500,8755241,46771181.3500,0.760500,1,0.000000,37.115471,0.827765,1.319939,6.066063,0
2025-07-03,sh.600736,5.3600,5.3800,5.3400,5.3600,5.3500,8599557,46069774.3200,0.746900,1,0.186900,37.184845,0.829312,1.322406,6.077401,0
2025-07-04,sh.600736,5.3700,5.3700,5.3200,5.3200,5.3600,8466900,45222662.0000,0.735400,1,-0.746300,36.907346,0.823123,1.312538,6.032048,0
2025-07-07,sh.600736,5.3300,5.4100,5.3200,5.3900,5.3200,14058163,75678638.9400,1.221100,1,1.315800,37.392969,0.833954,1.329808,6.111417,0
2025-07-08,sh.600736,5.4000,5.4500,5.3900,5.4500,5.3900,15225499,82637231.5600,1.322500,1,1.113200,37.809218,0.843237,1.344611,6.179447,0
2025-07-09,sh.600736,5.4300,5.4700,5.4200,5.4300,5.4500,11831300,64379897.0000,1.027700,1,-0.367000,37.670468,0.840143,1.339677,6.156770,0
2025-07-10,sh.600736,5.4200,5.5400,5.4200,5.5200,5.4300,19820085,108854067.2100,1.721600,1,1.657500,38.294841,0.854068,1.361881,6.258816,0
2025-07-11,sh.600736,5.5300,5.5800,5.4900,5.5100,5.5000,19426768,107077709.6300,1.687400,1,0.181800,38.225466,0.852521,1.359414,6.247478,0
2025-07-14,sh.600736,5.5000,5.5300,5.4500,5.4800,5.5100,13204730,72385183.3600,1.146900,1,-0.544500,38.017342,0.847879,1.352012,6.213463,0
2025-07-15,sh.600736,5.4700,5.5200,5.3800,5.5200,5.4800,17833798,97207764.1600,1.549000,1,0.729900,38.294841,0.854068,1.361881,6.258816,0
2025-07-16,sh.600736,5.5300,5.6400,5.4900,5.5400,5.5200,23723640,131860235.5200,2.060600,1,0.362300,38.433590,0.857162,1.366815,6.281493,0
2025-07-17,sh.600736,5.5500,5.5600,5.4800,5.5200,5.5400,14531110,80124529.8000,1.262200,1,-0.361000,38.294841,0.854068,1.361881,6.258816,0
2025-07-18,sh.600736,5.5400,5.5400,5.4700,5.4900,5.5200,11179020,61366180.8000,0.971000,1,-0.543500,38.086717,0.849426,1.354480,6.224801,0
2025-07-21,sh.600736,5.5000,5.5500,5.4900,5.5500,5.4900,14196400,78546149.0000,1.233100,1,1.092900,38.502965,0.858710,1.369283,6.292832,0
2025-07-22,sh.600736,5.5600,5.5700,5.4800,5.5700,5.5500,15966984,88300862.0400,1.386900,1,0.360400,38.641714,0.861804,1.374217,6.315509,0
2025-07-23,sh.600736,5.5900,5.6000,5.5100,5.5100,5.5700,16357044,90995883.0800,1.420800,1,-1.077200,38.225466,0.852521,1.359414,6.247478,0
2025-07-24,sh.600736,5.5100,5.5900,5.5000,5.5600,5.5100,16408395,91152719.3900,1.425200,1,0.907400,38.572339,0.860257,1.371750,6.304170,0
2025-07-25,sh.600736,5.5700,5.5900,5.5400,5.5800,5.5600,17061812,95035416.1800,1.482000,1,0.359700,38.711089,0.863351,1.376684,6.326847,0
2025-07-28,sh.600736,5.5800,5.5900,5.5300,5.5800,5.5800,12139993,67535874.0100,1.054500,1,0.000000,38.711089,0.863351,1.376684,6.326847,0
2025-07-29,sh.600736,5.5800,5.5900,5.5200,5.5700,5.5800,13479010,74813727.3000,1.170800,1,-0.179200,38.641714,0.861804,1.374217,6.315509,0
2025-07-30,sh.600736,5.5500,5.6000,5.5300,5.5300,5.5700,14390324,80146166.5400,1.249900,1,-0.718100,38.364215,0.855615,1.364348,6.270155,0
2025-07-31,sh.600736,5.5300,5.5500,5.4100,5.4400,5.5300,16011700,87571601.0400,1.390800,1,-1.627500,37.739843,0.841690,1.342144,6.168109,0
2025-08-01,sh.600736,5.4300,5.4800,5.4300,5.4700,5.4400,8844700,48267002.0000,0.768200,1,0.551500,37.947967,0.846332,1.349545,6.202124,0
2025-08-04,sh.600736,5.4100,5.4600,5.4100,5.4500,5.4700,9952101,54085762.4200,0.864400,1,-0.365600,37.809218,0.843237,1.344611,6.179447,0
2025-08-05,sh.600736,5.4500,5.5000,5.4500,5.4800,5.4500,8443658,46225108.8300,0.733400,1,0.550500,38.017342,0.847879,1.352012,6.213463,0
2025-08-06,sh.600736,5.4700,5.5600,5.4400,5.5200,5.4800,12088439,66483745.2700,1.050000,1,0.729900,38.294841,0.854068,1.361881,6.258816,0
2025-08-07,sh.600736,5.5300,5.6500,5.5100,5.5600,5.5200,19897820,110872302.5800,1.728300,1,0.724600,38.572339,0.860257,1.371750,6.304170,0
2025-08-08,sh.600736,5.5700,5.6000,5.5400,5.5800,5.5600,12756100,71066181.0400,1.108000,1,0.359700,38.711089,0.863351,1.376684,6.326847,0
2025-08-11,sh.600736,5.5900,5.6500,5.5800,5.6300,5.5800,17930000,100935173.2900,1.557400,1,0.896100,39.057962,0.871087,1.389020,6.383539,0
2025-08-12,sh.600736,5.6200,5.7200,5.6100,5.6900,5.6300,20535840,116425209.7700,1.783700,1,1.065700,39.474211,0.880371,1.403823,6.451570,0
2025-08-13,sh.600736,5.7100,5.7100,5.6300,5.6600,5.6900,15008500,85005076.0000,1.303600,1,-0.527200,39.266087,0.875729,1.396422,6.417555,0
2025-08-14,sh.600736,5.6800,5.7100,5.5700,5.5800,5.6600,15626978,88051522.2200,1.357300,1,-1.413400,38.711089,0.863351,1.376684,6.326847,0
2025-08-15,sh.600736,5.5900,5.6500,5.5700,5.6400,5.5800,13642500,76641802.0000,1.185000,1,1.075300,39.127337,0.872635,1.391487,6.394878,0
2025-08-18,sh.600736,5.6400,5.8200,5.6100,5.7600,5.6400,31517070,180131326.8500,2.737500,1,2.127700,39.959834,0.891201,1.421093,6.530939,0
2025-08-19,sh.600736,5.7400,5.7600,5.6800,5.7200,5.7600,20580840,117727859.9200,1.787600,1,-0.694400,39.682335,0.885012,1.411225,6.485585,0
2025-08-20,sh.600736,5.7900,5.8400,5.7400,5.8300,5.7200,28478657,165109480.1100,2.473600,1,1.923100,40.445457,0.902032,1.438364,6.610308,0
2025-08-21,sh.600736,5.8100,5.8400,5.7500,5.7700,5.8300,21978445,127368642.0000,1.909000,1,-1.029200,40.029208,0.892749,1.423561,6.542277,0
2025-08-22,sh.600736,5.8400,5.9000,5.7600,5.8100,5.7700,23323001,135568333.1600,2.025800,1,0.693200,40.306707,0.898937,1.433429,6.587631,0
2025-08-25,sh.600736,5.8300,5.8900,5.7900,5.8500,5.8100,28248865,164969334.6700,2.453700,1,0.688500,40.584206,0.905126,1.443298,6.632985,0
2025-08-26,sh.600736,5.8200,5.8400,5.7800,5.7900,5.8500,18042939,104652950.6700,1.567200,1,-1.025600,40.167958,0.895843,1.428495,6.564954,0
2025-08-27,sh.600736,5.8200,5.8300,5.6300,5.6600,5.7900,21346075,122414145.9900,1.854100,1,-2.245300,39.266087,0.875729,1.396422,6.417555,0
2025-08-28,sh.600736,5.6300,5.7200,5.5700,5.6900,5.6600,23158554,130759851.2800,2.011500,1,0.530000,40.030820,0.893962,1.424669,-397.440319,0
2025-08-29,sh.600736,5.7500,5.7500,5.6200,5.6300,5.6900,15414307,87422729.7000,1.338900,1,-1.054500,39.608703,0.884536,1.409646,-393.249384,0
2025-09-01,sh.600736,5.6200,5.6600,5.5600,5.6100,5.6300,14658109,82145075.4000,1.273200,1,-0.355200,39.467997,0.881394,1.404638,-391.852406,0
2025-09-02,sh.600736,5.6100,5.6200,5.5200,5.5700,5.6100,16435401,91386612.5500,1.427600,1,-0.713000,39.186585,0.875109,1.394623,-389.058449,0
2025-09-03,sh.600736,5.5700,5.5800,5.4500,5.4700,5.5700,17109240,94264484.0000,1.486100,1,-1.795300,38.483056,0.859398,1.369585,-382.073558,0
2025-09-04,sh.600736,5.4900,5.5400,5.4500,5.5100,5.4700,14771490,81224028.1000,1.283000,1,0.731300,38.764467,0.865682,1.379600,-384.867514,0
2025-09-05,sh.600736,5.5200,5.5400,5.4500,5.5300,5.5100,17277789,94898218.6000,1.500700,1,0.363000,38.905173,0.868825,1.384608,-386.264493,0
2025-09-08,sh.600736,5.5300,5.5900,5.5200,5.5700,5.5300,15010050,83475405.8900,1.303800,1,0.723300,39.186585,0.875109,1.394623,-389.058449,0
2025-09-09,sh.600736,5.5700,5.6300,5.5400,5.5600,5.5700,14363683,80133657.3900,1.247600,1,-0.179500,39.116232,0.873538,1.392119,-388.359960,0
2025-09-10,sh.600736,5.5600,5.5800,5.5200,5.5500,5.5600,8734410,48436245.9100,0.758700,1,-0.179900,39.045879,0.871967,1.389615,-387.661471,0
2025-09-11,sh.600736,5.5400,5.6100,5.4900,5.6100,5.5500,13978685,77629342.4800,1.214200,1,1.081100,39.467997,0.881394,1.404638,-391.852406,0
2025-09-12,sh.600736,5.6500,5.8900,5.6400,5.7900,5.6100,46960780,271778338.1700,4.079000,1,3.208600,40.734350,0.909674,1.449707,-404.425210,0
2025-09-15,sh.600736,5.8100,5.8100,5.6600,5.7700,5.7900,27563802,157960898.2900,2.394200,1,-0.345400,40.593644,0.906531,1.444699,-403.028232,0
2025-09-16,sh.600736,5.7500,5.9600,5.7400,5.9000,5.7700,38192801,223874287.7400,3.317400,1,2.253000,41.508232,0.926956,1.477249,-412.108591,0
2025-09-17,sh.600736,5.9100,5.9500,5.8300,5.9200,5.9000,28725207,169441295.8200,2.495000,1,0.339000,41.648938,0.930098,1.482256,-413.505569,0
2025-09-18,sh.600736,5.9300,5.9300,5.7100,5.7500,5.9200,33926940,197893401.9000,2.946900,1,-2.871600,40.452938,0.903389,1.439692,-401.631254,0
2025-09-19,sh.600736,5.7800,5.8200,5.6600,5.7900,5.7500,21704230,124388122.1600,1.885200,1,0.695700,40.734350,0.909674,1.449707,-404.425210,0
2025-09-22,sh.600736,5.7700,5.7700,5.6600,5.6900,5.7900,14155531,80511552.7100,1.229500,1,-1.727100,40.030820,0.893962,1.424669,-397.440319,0
2025-09-23,sh.600736,5.6800,5.6900,5.3900,5.5600,5.6900,27821940,152708663.6000,2.416600,1,-2.284700,39.116232,0.873538,1.392119,-388.359960,0
2025-09-24,sh.600736,5.5500,5.8900,5.5100,5.8300,5.5600,43477680,251831436.1200,3.776400,1,4.856100,41.015761,0.915958,1.459722,-407.219167,0
2025-09-25,sh.600736,5.7900,5.8400,5.6900,5.6900,5.8300,25676922,147366055.4300,2.230300,1,-2.401400,40.030820,0.893962,1.424669,-397.440319,0
2025-09-26,sh.600736,5.6600,5.9800,5.6300,5.8300,5.6900,43286395,254320722.4200,3.759800,1,2.460500,41.015761,0.915958,1.459722,-407.219167,0
2025-09-29,sh.600736,5.8200,5.9500,5.7500,5.9200,5.8300,29150345,171361863.0800,2.532000,1,1.543700,41.648938,0.930098,1.482256,-413.505569,0
2025-09-30,sh.600736,5.8900,5.9300,5.8300,5.8500,5.9200,25157575,147863932.8800,2.185200,1,-1.182400,41.156467,0.919100,1.464730,-408.616145,0
2025-10-09,sh.600736,5.8500,6.0600,5.7900,6.0100,5.8500,41718355,247291229.5000,3.623600,1,2.735000,42.282114,0.944238,1.504791,-419.791971,0
2025-10-10,sh.600736,6.0100,6.0700,5.9500,6.0400,6.0100,39935327,240688895.4500,3.468700,1,0.499200,42.493173,0.948951,1.512302,-421.887439,0
2025-10-13,sh.600736,5.8300,6.0200,5.8200,6.0000,6.0400,27755513,164071884.8100,2.410800,1,-0.662300,42.211761,0.942667,1.502287,-419.093482,0
2025-10-14,sh.600736,6.0300,6.1400,5.9300,5.9700,6.0000,31532647,189332638.0900,2.738900,1,-0.500000,42.000702,0.937954,1.494776,-416.998015,0
2025-10-15,sh.600736,5.9500,6.0200,5.9000,5.9600,5.9700,21750762,129313140.9700,1.889200,1,-0.167500,41.930350,0.936382,1.492272,-416.299526,0
2025-10-16,sh.600736,5.9500,5.9500,5.8300,5.8700,5.9600,17315056,101802742.3600,1.504000,1,-1.510100,41.297173,0.922242,1.469737,-410.013123,0
2025-10-17,sh.600736,5.8300,5.8900,5.7000,5.7200,5.8700,19396921,112329204.1100,1.684800,1,-2.555400,40.241879,0.898676,1.432180,-399.535786,0
2025-10-20,sh.600736,5.7700,5.8300,5.7400,5.8200,5.7200,13181940,76414391.0000,1.145000,1,1.748300,40.945408,0.914387,1.457218,-406.520678,0
2025-10-21,sh.600736,5.8000,6.0100,5.8000,6.0000,5.8200,31802262,189416356.9000,2.762300,1,3.092800,42.211761,0.942667,1.502287,-419.093482,0
2025-10-22,sh.600736,5.9900,6.2800,5.9700,6.1300,6.0000,50223929,308949379.7300,4.362400,1,2.166700,43.126349,0.963091,1.534837,-428.173841,0
2025-10-23,sh.600736,6.1400,6.1700,5.9900,6.0900,6.1300,28030828,169730992.1500,2.434700,1,-0.652500,42.844938,0.956807,1.524821,-425.379884,0
2025-10-24,sh.600736,6.1600,6.1600,5.9700,5.9800,6.0900,23910504,144019251.4300,2.076800,1,-1.806200,42.071055,0.939525,1.497279,-417.696504,0
2025-10-27,sh.600736,5.9900,6.0200,5.9500,5.9700,5.9800,19527774,116754091.4300,1.696200,1,-0.167200,42.000702,0.937954,1.494776,-416.998015,0
2025-10-28,sh.600736,5.9700,6.1100,5.9400,5.9900,5.9700,27671632,165971319.0800,2.403500,1,0.335000,42.141408,0.941096,1.499783,-418.394993,0
2025-10-29,sh.600736,5.9900,6.0800,5.9400,5.9600,5.9900,24884300,148822288.0000,2.161400,1,-0.500800,41.930350,0.936382,1.492272,-416.299526,0
2025-10-30,sh.600736,5.9600,5.9600,5.8100,5.8500,5.9600,21533460,126455774.5700,1.870400,1,-1.845600,41.156467,0.919100,1.464730,-408.616145,0
2025-10-31,sh.600736,5.8700,5.9800,5.8700,5.9400,5.8500,22062767,131082884.7800,1.916300,1,1.538500,39.730482,0.916001,1.242135,19.378820,0
2025-11-03,sh.600736,5.9300,6.0500,5.8900,6.0100,5.9400,25560969,152605391.7200,2.220200,1,1.178500,40.198686,0.926795,1.256772,19.607190,0
2025-11-04,sh.600736,5.9800,6.0100,5.9200,5.9400,6.0100,17868032,106516786.0400,1.552000,1,-1.164700,39.730482,0.916001,1.242135,19.378820,0
2025-11-05,sh.600736,5.9000,6.0400,5.8500,6.0000,5.9400,20270827,121241242.8800,1.760700,1,1.010100,40.131800,0.925253,1.254681,19.574566,0
2025-11-06,sh.600736,5.9800,6.0200,5.9400,5.9900,6.0000,15592580,93329484.6000,1.354400,1,-0.166700,40.064913,0.923711,1.252590,19.541942,0
2025-11-07,sh.600736,5.9700,6.0500,5.9600,5.9700,5.9900,17515900,105066273.0000,1.521400,1,-0.333900,39.931141,0.920627,1.248408,19.476693,0
2025-11-10,sh.600736,5.9800,6.0200,5.9400,6.0200,5.9700,16135980,96712030.2500,1.401600,1,0.837500,40.265572,0.928338,1.258864,19.639814,0
2025-11-11,sh.600736,6.0100,6.0900,5.9900,6.0800,6.0200,21559900,130404461.0000,1.872700,1,0.996700,40.666890,0.937590,1.271410,19.835560,0
2025-11-12,sh.600736,6.0800,6.1100,5.9700,6.0700,6.0800,19312100,116520122.9300,1.677400,1,-0.164500,40.600004,0.936048,1.269319,19.802936,0
2025-11-13,sh.600736,6.0400,6.1300,5.9800,6.1200,6.0700,23184420,141073707.0000,2.013800,1,0.823700,40.934436,0.943758,1.279775,19.966057,0
2025-11-14,sh.600736,6.1000,6.2600,6.0800,6.1300,6.1200,28778631,177347446.0900,2.499700,1,0.163400,41.001322,0.945301,1.281866,19.998682,0
2025-11-17,sh.600736,6.0800,6.1400,6.0400,6.1300,6.1300,18724180,114123443.0000,1.626400,1,0.000000,41.001322,0.945301,1.281866,19.998682,0
2025-11-18,sh.600736,6.1500,6.1600,5.9100,5.9700,6.1300,24583231,147047470.0000,2.135300,1,-2.610100,39.931141,0.920627,1.248408,19.476693,0
2025-11-19,sh.600736,5.9300,6.0000,5.7800,5.8000,5.9700,21909858,128130398.4000,1.903100,1,-2.847600,38.794073,0.894412,1.212859,18.922080,0
2025-11-20,sh.600736,5.8400,5.8600,5.7400,5.7800,5.8000,13960894,80936441.8800,1.212600,1,-0.344800,38.660300,0.891327,1.208676,18.856832,0
2025-11-21,sh.600736,5.7700,5.7700,5.5300,5.5300,5.7800,22358513,125949880.0300,1.942000,1,-4.325300,36.988142,0.852775,1.156398,18.041225,0
2025-11-24,sh.600736,5.5700,5.6100,5.5000,5.5600,5.5300,14404500,80189531.6100,1.251200,1,0.542500,37.188801,0.857401,1.162671,18.139098,0
2025-11-25,sh.600736,5.5900,5.6300,5.5500,5.5800,5.5600,11354220,63552138.5900,0.986200,1,0.359700,37.322574,0.860486,1.166854,18.204346,0
2025-11-26,sh.600736,5.9900,5.9900,5.7500,5.7900,5.5800,59003456,345134832.6500,5.125000,1,3.763400,38.727187,0.892869,1.210767,18.889456,0
2025-11-27,sh.600736,5.6800,5.6800,5.5100,5.5900,5.7900,37709852,210189603.9700,3.275400,1,-3.454200,37.389460,0.862028,1.168945,18.236971,0
2025-11-28,sh.600736,5.5500,5.6100,5.5100,5.6000,5.5900,20735479,115021189.2000,1.801100,1,0.178900,37.456346,0.863570,1.171036,18.269595,0
2025-12-01,sh.600736,5.5800,5.8200,5.5600,5.7600,5.6000,31485301,178921172.6500,2.734800,1,2.857100,38.526528,0.888243,1.204494,18.791583,0
2025-12-02,sh.600736,5.7200,5.8400,5.6400,5.7700,5.7600,25272374,145058887.7600,2.195100,1,0.173600,38.593414,0.889785,1.206585,18.824208,0
2025-12-03,sh.600736,5.8000,5.8600,5.6800,5.7300,5.7700,20390004,117175104.7400,1.771100,1,-0.693200,38.325869,0.883617,1.198221,18.693710,0
2025-12-04,sh.600736,5.7200,5.7600,5.6500,5.6700,5.7300,13063413,74452465.8500,1.134700,1,-1.047100,37.924551,0.874364,1.185674,18.497965,0
2025-12-05,sh.600736,5.6700,5.7300,5.6100,5.7100,5.6700,17019953,96674192.5100,1.478300,1,0.705500,38.192096,0.880533,1.194038,18.628462,0
2025-12-08,sh.600736,5.7400,5.9000,5.7200,5.8700,5.7100,29285695,170947034.1600,2.543700,1,2.802100,39.262277,0.905206,1.227497,19.150450,0
2025-12-09,sh.600736,5.8300,5.9700,5.7800,5.8700,5.8700,26185129,153423400.6500,2.274400,1,0.000000,39.262277,0.905206,1.227497,19.150450,0
2025-12-10,sh.600736,5.8400,5.9500,5.8000,5.9400,5.8700,27881374,163953432.2800,2.421700,1,1.192500,39.730482,0.916001,1.242135,19.378820,0
2025-12-11,sh.600736,5.8800,6.0900,5.8100,5.8300,5.9400,35074125,207968225.6800,3.046500,1,-1.851900,38.994732,0.899038,1.219132,19.019953,0
2025-12-12,sh.600736,6.0000,6.1100,5.8800,5.9500,5.8300,47339230,282564143.6000,4.111800,1,2.058300,39.797368,0.917543,1.244226,19.411445,0
2025-12-15,sh.600736,5.8800,5.9300,5.6900,5.7900,5.9500,35534476,205734154.1400,3.086500,1,-2.689100,38.727187,0.892869,1.210767,18.889456,0
2025-12-16,sh.600736,5.8000,5.8000,5.5900,5.5900,5.7900,22837567,129142115.2000,1.983600,1,-3.454200,37.389460,0.862028,1.168945,18.236971,0
2025-12-17,sh.600736,5.5800,5.6300,5.5100,5.6100,5.5900,15398467,85856037.8700,1.337500,1,0.357800,37.523233,0.865112,1.173127,18.302219,0
2025-12-18,sh.600736,5.5800,5.8400,5.5600,5.7100,5.6100,21965690,125528744.3000,1.907900,1,1.782500,38.192096,0.880533,1.194038,18.628462,0
2025-12-19,sh.600736,5.6900,5.8700,5.6700,5.8300,5.7100,28136599,163070703.6100,2.443900,1,2.101600,38.994732,0.899038,1.219132,19.019953,0
2025-12-22,sh.600736,5.8500,5.8800,5.8000,5.8200,5.8300,18123800,105741543.0000,1.574200,1,-0.171500,38.927846,0.897496,1.217041,18.987329,0
2025-12-23,sh.600736,5.8200,5.9200,5.7800,5.8600,5.8200,21287060,124698242.0000,1.849000,1,0.687300,39.195391,0.903664,1.225405,19.117826,0
2025-12-24,sh.600736,5.8700,5.9800,5.8400,5.9200,5.8600,24009740,142010706.0000,2.085500,1,1.023900,39.596709,0.912917,1.237952,19.313572,0
2025-12-25,sh.600736,5.9300,6.0100,5.7600,6.0100,5.9200,27529658,163648458.6100,2.391200,1,1.520300,40.198686,0.926795,1.256772,19.607190,0
2025-12-26,sh.600736,6.0200,6.6100,6.0200,6.6100,6.0100,84425236,552817307.6300,7.333100,1,9.983400,44.211866,1.019321,1.382241,21.564647,0
2025-12-29,sh.600736,6.8400,7.2700,6.7100,7.2700,6.6100,142364423,1011174419.6500,12.365600,1,9.984900,48.626364,1.121099,1.520256,23.717849,0
2025-12-30,sh.600736,7.2000,7.2000,6.6300,6.7500,7.2700,164004948,1126204130.3800,14.245300,1,-7.152700,45.148275,1.040910,1.411517,22.021387,0
2025-12-31,sh.600736,6.8300,7.1000,6.6200,6.7600,6.7500,130041371,894935562.0000,11.295200,1,0.148100,45.215161,1.042452,1.413608,22.054011,0
2026-01-05,sh.600736,6.9000,7.1400,6.8100,6.9700,6.7600,112209419,782353260.6200,9.746400,1,3.106500,46.619774,1.074836,1.457521,22.739121,0
2026-01-06,sh.600736,6.8900,6.9700,6.7900,6.8700,6.9700,83943004,575500744.1900,7.291200,1,-1.434700,45.950911,1.059415,1.436610,22.412878,0
2026-01-07,sh.600736,6.8300,7.1500,6.7200,6.9800,6.8700,68688013,478424697.5300,5.966200,1,1.601200,46.686660,1.076378,1.459613,22.771745,0
2026-01-08,sh.600736,6.9200,7.5000,6.9200,7.2500,6.9800,97522855,710617156.2500,8.470700,1,3.868200,48.492591,1.118014,1.516073,23.652601,0
2026-01-09,sh.600736,7.2000,7.6400,7.2000,7.5000,7.2500,102662015,762986062.9800,8.917100,1,3.448300,50.164750,1.156567,1.568352,24.468207,0
2026-01-12,sh.600736,7.7800,8.0400,7.6600,7.7100,7.5000,101690258,792459797.4800,8.832700,1,2.800000,51.569363,1.188951,1.612266,25.153317,0
2026-01-13,sh.600736,7.6900,7.7100,7.1500,7.2000,7.7100,84557371,615832358.4300,7.344600,1,-6.614800,48.158160,1.110304,1.505618,23.489479,0
2026-01-14,sh.600736,7.1800,7.3100,6.9300,7.0400,7.2000,72020736,512937958.8100,6.255600,1,-2.222200,47.087978,1.085631,1.472159,22.967491,0
2026-01-15,sh.600736,7.0000,7.0000,6.7800,6.8400,7.0400,42266257,289270615.1800,3.671200,1,-2.840900,45.750252,1.054789,1.430337,22.315005,0
2026-01-16,sh.600736,6.8800,7.0400,6.7300,6.9600,6.8400,65489993,450798486.4000,5.688400,1,1.754400,46.552888,1.073294,1.455430,22.706496,0
2026-01-19,sh.600736,6.9800,6.9800,6.8500,6.9200,6.9600,34358500,237396951.9900,2.984300,1,-0.574700,46.285342,1.067126,1.447066,22.575999,0
2026-01-20,sh.600736,6.9000,6.9300,6.8100,6.8800,6.9200,29027083,199275302.9200,2.521300,1,-0.578000,46.017797,1.060957,1.438701,22.445502,0
2026-01-21,sh.600736,6.8200,6.9000,6.7500,6.8200,6.8800,22090898,150924394.3700,1.918800,1,-0.872100,45.616479,1.051705,1.426154,22.249757,0
2026-01-22,sh.600736,6.8400,7.0500,6.8400,7.0500,6.8200,43357751,302830849.0800,3.766000,1,3.372400,47.154865,1.087173,1.474251,23.000115,0
2026-01-23,sh.600736,7.1300,7.1900,7.0200,7.1600,7.0500,44095131,313303698.9700,3.830100,1,1.560300,47.890614,1.104136,1.497253,23.358982,0
2026-01-26,sh.600736,7.8800,7.8800,7.6000,7.8800,7.1600,52817410,413887084.9400,4.587700,1,10.055900,52.706430,1.215166,1.647815,25.707930,0
2026-01-27,sh.600736,8.0000,8.0000,7.3400,7.5300,7.8800,115276532,874129165.2100,10.012800,1,-4.441600,50.365409,1.161193,1.574625,24.566080,0
2026-01-28,sh.600736,7.5100,7.7700,7.2700,7.3200,7.5300,75973962,567434568.0200,6.599000,1,-2.788800,48.960796,1.128809,1.530711,23.880970,0
2026-01-29,sh.600736,7.2100,7.3300,7.0400,7.0900,7.3200,54210012,389113531.0900,4.708600,1,-3.142100,47.422410,1.093341,1.482615,23.130612,0
2026-01-30,sh.600736,7.0400,7.1300,6.8000,6.9500,7.0900,42815498,297581649.2700,3.718900,1,-1.974600,46.486001,1.071752,1.453339,22.673872,0
2026-02-02,sh.600736,6.8200,7.0100,6.8000,6.8100,6.9500,27476208,189685799.8600,2.386600,1,-2.014400,45.549593,1.050163,1.424063,22.217132,0
2026-02-03,sh.600736,6.9100,7.0300,6.8800,7.0000,6.8100,29229535,203472187.0600,2.538800,1,2.790000,46.820433,1.079462,1.463795,22.836994,0
2026-02-04,sh.600736,6.9600,7.0700,6.8900,7.0500,7.0000,28325849,198022151.0900,2.460400,1,0.714300,47.154865,1.087173,1.474251,23.000115,0
2026-02-05,sh.600736,7.0500,7.2300,7.0000,7.0300,7.0500,37116616,263639061.7700,3.223900,1,-0.283700,47.021092,1.084089,1.470068,22.934866,0
2026-02-06,sh.600736,6.8600,7.0700,6.8100,6.9600,7.0300,29345463,203725670.4100,2.548900,1,-0.995700,46.552888,1.073294,1.455430,22.706496,0
2026-02-09,sh.600736,7.0200,7.2400,7.0100,7.1900,6.9600,41003773,293428290.7300,3.561500,1,3.304600,48.091273,1.108762,1.503526,23.456855,0
2026-02-10,sh.600736,7.1800,7.2900,7.0600,7.0900,7.1900,29583237,211117860.6700,2.569600,1,-1.390800,47.422410,1.093341,1.482615,23.130612,0
2026-02-11,sh.600736,7.0700,7.2100,7.0200,7.0200,7.0900,26164600,185611115.0000,2.272600,1,-0.987300,46.954206,1.082546,1.467977,22.902242,0
2026-02-12,sh.600736,7.0200,7.0500,6.8900,7.0200,7.0200,22084480,154389937.0100,1.918200,1,0.000000,46.954206,1.082546,1.467977,22.902242,0
2026-02-13,sh.600736,7.0000,7.1400,6.9600,7.0100,7.0200,23342554,164212601.0900,2.027500,1,-0.142500,46.887319,1.081004,1.465886,22.869618,0
2026-02-24,sh.600736,7.1200,7.2500,7.1000,7.2200,7.0100,40581230,291583228.9900,3.524800,1,2.995700,48.291932,1.113388,1.509800,23.554728,0
2026-02-25,sh.600736,7.1600,7.3000,7.1500,7.2800,7.2200,34676973,251539864.3300,3.012000,1,0.831000,48.693250,1.122641,1.522347,23.750473,0
2026-02-26,sh.600736,7.2800,7.2800,7.0900,7.1500,7.2800,32881911,234718166.6700,2.856100,1,-1.785700,47.823728,1.102594,1.495162,23.326358,0
2026-02-27,sh.600736,7.1300,7.1600,7.0800,7.1300,7.1500,19326001,137489854.1000,1.678600,1,-0.279700,47.689955,1.099509,1.490980,23.261109,0
2026-03-02,sh.600736,6.9900,7.0000,6.7900,6.8100,7.1300,32752380,225452183.9900,2.844800,1,-4.488100,45.549593,1.050163,1.424063,22.217132,0
2026-03-03,sh.600736,6.8300,6.8400,6.3100,6.3400,6.8100,41413100,270656800.7300,3.597100,1,-6.901600,42.405935,0.977684,1.325780,20.683791,0
2026-03-04,sh.600736,6.2900,6.4900,6.2500,6.3900,6.3400,20902719,133612551.5500,1.815600,1,0.788600,42.740367,0.985395,1.336236,20.846913,0
2026-03-05,sh.600736,6.4700,6.5300,6.4400,6.4700,6.3900,18699066,121243178.1200,1.624200,1,1.252000,43.275457,0.997732,1.352965,21.107907,0
2026-03-06,sh.600736,6.4800,6.6000,6.4600,6.5600,6.4700,16307461,106811937.7200,1.416400,1,1.391000,43.877434,1.011610,1.371785,21.401525,0
2026-03-09,sh.600736,6.5300,6.5300,6.3300,6.4700,6.5600,17543043,112693391.4900,1.523800,1,-1.372000,43.275457,0.997732,1.352965,21.107907,0
2026-03-10,sh.600736,6.4900,6.5800,6.4800,6.5600,6.4700,14249564,93319714.8400,1.237700,1,1.391000,43.877434,1.011610,1.371785,21.401525,0
2026-03-11,sh.600736,6.5300,6.6000,6.5100,6.5600,6.5600,14854452,97324369.1400,1.290200,1,0.000000,43.877434,1.011610,1.371785,21.401525,0
2026-03-12,sh.600736,6.5500,6.6200,6.4800,6.5200,6.5600,16491157,108044294.2500,1.432400,1,-0.609800,43.609889,1.005442,1.363420,21.271028,0
2026-03-13,sh.600736,6.4800,6.6200,6.4300,6.4500,6.5200,16590283,108429404.1900,1.441000,1,-1.073600,43.141685,0.994647,1.348782,21.042658,0
2026-03-16,sh.600736,6.4700,6.5000,6.3200,6.4100,6.4500,17423514,111389396.2200,1.513400,1,-0.620200,42.874139,0.988479,1.340418,20.912161,0
2026-03-17,sh.600736,6.4200,6.5100,6.3800,6.3800,6.4100,14786400,95125636.0000,1.284300,1,-0.468000,42.673480,0.983853,1.334145,20.814288,0
2026-03-18,sh.600736,6.4000,6.4300,6.3300,6.4300,6.3800,11620512,74170492.6400,1.009300,1,0.783700,43.007912,0.991563,1.344600,20.977410,0
2026-03-19,sh.600736,6.3700,6.3800,6.2100,6.2400,6.4300,14986900,94175664.0000,1.301700,1,-2.954900,41.737072,0.962263,1.304869,20.357549,0
2026-03-20,sh.600736,6.2700,6.3400,6.1700,6.1900,6.2400,12562904,78471776.8400,1.091200,1,-0.801300,41.402640,0.954553,1.294413,20.194427,0
2026-03-23,sh.600736,6.0800,6.1200,5.7700,5.8100,6.1900,21815652,129506728.4200,1.894900,1,-6.138900,38.860959,0.895954,1.214950,18.954705,0
2026-03-24,sh.600736,5.8900,5.9900,5.7900,5.9800,5.8100,15268302,89788326.2100,1.326200,1,2.926000,39.998027,0.922169,1.250499,19.509317,0
2026-03-25,sh.600736,5.9800,6.1000,5.9700,6.1000,5.9800,12956937,78524976.3300,1.125400,1,2.006700,40.800663,0.940674,1.275593,19.900809,0
2026-03-26,sh.600736,6.0800,6.1900,6.0400,6.0700,6.1000,12109979,73939433.0200,1.051900,1,-0.491800,40.600004,0.936048,1.269319,19.802936,0
2026-03-27,sh.600736,6.0300,6.1000,5.9500,6.0900,6.0700,9644593,58526024.5800,0.837700,1,0.329500,40.733777,0.939132,1.273502,19.868184,0
2026-03-30,sh.600736,6.0800,6.1200,5.9900,6.1200,6.0900,10319700,62692938.0000,0.896400,1,0.492600,40.934436,0.943758,1.279775,19.966057,0
2026-03-31,sh.600736,6.1300,6.2500,6.0900,6.1000,6.1200,9952702,61234564.3200,0.864500,1,-0.326800,40.800663,0.940674,1.275593,19.900809,0
2026-04-01,sh.600736,6.1800,6.2300,6.0800,6.1400,6.1000,9632000,58986088.0000,0.836600,1,0.655700,41.068208,0.946843,1.283957,20.031306,0
2026-04-02,sh.600736,6.1400,6.1400,5.9700,6.0000,6.1400,11546478,69714663.4400,1.002900,1,-2.280100,40.131800,0.925253,1.254681,19.574566,0
2026-04-03,sh.600736,5.9600,6.0100,5.8000,5.8200,6.0000,9805700,57474205.0000,0.851700,1,-3.000000,38.927846,0.897496,1.217041,18.987329,0
2026-04-07,sh.600736,5.8200,5.9100,5.8000,5.9000,5.8200,9259302,54335496.8000,0.804300,1,1.374600,39.462936,0.909832,1.233770,19.248323,0
2026-04-08,sh.600736,6.0000,6.1200,5.9600,6.1200,5.9000,12263901,74387719.1000,1.065200,1,3.728800,40.934436,0.943758,1.279775,19.966057,0
2026-04-09,sh.600736,6.0700,6.0900,5.9600,6.0000,6.1200,10819716,65057898.8400,0.939800,1,-1.960800,40.131800,0.925253,1.254681,19.574566,0
2026-04-10,sh.600736,6.0500,6.1300,6.0300,6.0300,6.0000,9600784,58363196.5200,0.833900,1,0.500000,40.332459,0.929880,1.260955,19.672439,0
2026-04-13,sh.600736,6.0000,6.0900,5.9900,6.0600,6.0300,8817284,53299302.0400,0.765900,1,0.497500,40.533118,0.934506,1.267228,19.770312,0
2026-04-14,sh.600736,6.0900,6.3000,6.0800,6.2200,6.0600,23639200,146050170.0000,2.053300,1,2.640300,41.603299,0.959179,1.300686,20.292300,0
2026-04-15,sh.600736,6.2300,6.2600,6.0900,6.1100,6.2200,13096700,80511586.0000,1.137600,1,-1.768500,40.867549,0.942216,1.277684,19.933433,0
2026-04-16,sh.600736,6.1200,6.2200,6.0600,6.2000,6.1100,12425617,76349460.2500,1.079300,1,1.473000,41.469526,0.956095,1.296504,20.227051,0
2026-04-17,sh.600736,6.1700,6.3500,6.1600,6.2900,6.2000,18980763,118882516.2100,1.648600,1,1.451600,42.071503,0.969974,1.315324,20.520670,0
2026-04-20,sh.600736,6.2500,6.3500,6.1500,6.2900,6.2900,23853822,148848549.6100,2.071900,1,0.000000,42.071503,0.969974,1.315324,20.520670,0
2026-04-21,sh.600736,6.3400,6.9200,6.3400,6.9200,6.2900,49452784,332865571.3600,4.295400,1,10.015900,46.285342,1.067126,1.447066,22.575999,0
2026-04-22,sh.600736,7.3200,7.6100,7.2600,7.6100,6.9200,120415385,903512197.7200,10.459100,1,9.971100,50.900499,1.173530,1.591354,24.827074,0
2026-04-23,sh.600736,8.3700,8.3700,8.3700,8.3700,7.6100,30133817,252220048.2900,2.617400,1,9.986900,55.983861,1.290728,1.750280,27.306519,0
2026-04-24,sh.600736,9.2000,9.2100,8.5000,8.5000,8.3700,322406174,2919083849.1900,28.003800,1,1.553200,56.853383,1.310776,1.777465,27.730635,0
2026-04-27,sh.600736,8.1400,8.1900,7.6500,7.6500,8.5000,168146215,1302242240.5600,14.605000,1,-10.000000,51.168045,1.179698,1.599719,24.957572,0
2026-04-28,sh.600736,7.2500,8.3900,7.0800,7.8200,7.6500,250944213,1930530046.1100,21.796700,1,2.222200,61.000175,1.238336,1.646242,-20.584355,0
2026-04-29,sh.600736,7.9300,8.5900,7.6500,8.4000,7.8200,229928208,1878951873.3000,19.971300,1,7.416900,44.800204,1.297353,1.827786,-11.554912,0
2026-04-30,sh.600736,8.1500,8.6500,8.1300,8.1500,8.4000,199219602,1666660966.5600,17.304000,1,-2.976200,43.466865,1.258741,1.773388,-11.211016,0
2026-05-06,sh.600736,8.3100,8.9700,8.0900,8.7700,8.1500,210209698,1814584207.3800,18.258600,1,7.607400,46.773546,1.354498,1.908296,-12.063878,0
2026-05-07,sh.600736,8.7900,9.6500,8.6000,9.6500,8.7700,208509536,1911660762.5100,18.110900,1,10.034200,51.466901,1.490412,2.099778,-13.274393,0
2026-05-08,sh.600736,9.5500,10.6100,9.1900,9.8600,9.6500,237014190,2340417408.4800,20.586800,1,2.176200,52.586906,1.522845,2.145473,-13.563266,0
2026-05-11,sh.600736,9.9600,10.5800,9.6300,9.9100,9.8600,201907977,2031444411.2700,17.537500,1,0.507100,52.853574,1.530568,2.156353,-13.632045,0
2026-05-12,sh.600736,9.6000,10.2000,9.2500,9.9600,9.9100,190952404,1846928247.8800,16.585900,1,0.504500,53.120242,1.538290,2.167232,-13.700824,0
2026-05-13,sh.600736,9.6800,9.7700,9.2500,9.2500,9.9600,145874759,1380306149.8700,12.670500,1,-7.128500,49.333558,1.428633,2.012741,-12.724159,0
2026-05-14,sh.600736,9.4300,9.7000,8.6000,8.6000,9.2500,147343900,1345777858.0800,12.798100,1,-7.027000,45.866875,1.328242,1.871305,-11.830029,0
2026-05-15,sh.600736,8.6700,8.9700,8.3500,8.3900,8.6000,118983013,1022870466.0700,10.334700,1,-2.441900,44.746870,1.295809,1.825610,-11.541156,0
2026-05-18,sh.600736,8.3400,8.5700,8.2100,8.2600,8.3900,82491688,688028866.2400,7.165100,1,-1.549500,44.053534,1.275730,1.797323,-11.362330,0
2026-05-19,sh.600736,8.2000,8.2600,7.8800,8.0000,8.2600,76925183,614665455.7600,6.681600,1,-3.147700,42.666861,1.235574,1.740749,-11.004678,0
2026-05-20,sh.600736,7.9500,7.9500,7.6600,7.7900,8.0000,64374134,500792122.8800,5.591500,1,-2.625000,41.546856,1.203140,1.695054,-10.715805,0
2026-05-21,sh.600736,7.8200,7.9500,7.3900,7.4300,7.7900,74171319,570856090.8100,6.442400,1,-4.621300,39.626847,1.147540,1.616721,-10.220595,0
2026-05-22,sh.600736,7.4900,7.6000,7.4200,7.5500,7.4300,43012689,323731023.4600,3.736000,1,1.615100,40.266850,1.166073,1.642832,-10.385665,0
2026-05-25,sh.600736,7.4900,7.6600,7.2900,7.5300,7.5500,49823889,371725908.4100,4.327600,1,-0.264900,40.160183,1.162984,1.638480,-10.358153,0
2026-05-26,sh.600736,7.5000,7.5100,7.1200,7.2500,7.5300,44334625,320536973.0900,3.850900,1,-3.718500,38.666843,1.119739,1.577554,-9.972989,0
2026-05-27,sh.600736,7.2500,7.3000,7.1000,7.2100,7.2500,37271097,267909898.5500,3.237300,1,-0.551700,38.453508,1.113561,1.568850,-9.917966,0
2026-05-28,sh.600736,7.1900,7.3400,7.1100,7.2500,7.2100,34714899,250759672.7700,3.015300,1,0.554800,38.666843,1.119739,1.577554,-9.972989,0
2026-05-29,sh.600736,7.2700,7.5000,7.0200,7.0500,7.2500,71258372,517488716.5600,6.189400,1,-2.758600,37.600171,1.088850,1.534035,-9.697872,0
2026-06-01,sh.600736,7.0000,7.2600,6.9500,7.1600,7.0500,49514760,354216260.6400,4.300800,1,1.560300,38.186841,1.105839,1.557970,-9.849187,0
2026-06-02,sh.600736,7.1400,7.1900,6.8600,7.0600,7.1600,42377096,296114016.1000,3.680800,1,-1.396600,37.653505,1.090394,1.536211,-9.711628,0
2026-06-03,sh.600736,7.0600,7.2600,6.9900,7.1800,7.0600,43965174,315281169.5700,3.818800,1,1.699700,38.293508,1.108928,1.562322,-9.876698,0
2026-06-04,sh.600736,7.0800,7.1600,7.0100,7.0900,7.1800,29698550,210100006.0000,2.579600,1,-1.253500,37.813505,1.095028,1.542739,-9.752896,0
2026-06-05,sh.600736,7.0800,7.3400,7.0400,7.2400,7.0900,62516646,452082968.3500,5.430100,1,2.115700,38.613509,1.118195,1.575378,-9.959234,0
2026-06-08,sh.600736,7.1500,7.9600,7.1200,7.8600,7.2400,124094753,944455153.1100,10.778700,1,8.563500,41.920191,1.213952,1.710286,-10.812096,0
2026-06-09,sh.600736,7.8700,7.8700,7.3600,7.5500,7.8600,94612298,710644996.7000,8.217900,1,-3.944000,40.266850,1.166073,1.642832,-10.385665,0
2026-06-10,sh.600736,7.4800,7.7700,7.3000,7.3800,7.5500,63663695,478405134.4900,5.529800,1,-2.251700,39.360179,1.139817,1.605841,-10.151815,0
2026-06-11,sh.600736,7.3100,7.9300,7.1600,7.7800,7.3800,86032238,650813287.3600,7.472700,1,5.420100,41.493522,1.201596,1.692878,-10.702049,0
2026-06-12,sh.600736,7.6500,8.0600,7.6100,7.9400,7.7800,82678749,650179198.2300,7.181400,1,2.056600,42.346859,1.226308,1.727693,-10.922143,0
2026-06-15,sh.600736,7.9000,8.0400,7.6500,7.7400,7.9400,70702921,552287580.6300,6.141200,1,-2.518900,41.280188,1.195418,1.684175,-10.647026,0
2026-06-16,sh.600736,7.7200,7.8500,7.6100,7.6500,7.7400,51581365,398487146.9100,4.480300,1,-1.162800,40.800186,1.181518,1.664591,-10.523223,0
2026-06-17,sh.600736,7.6200,7.7900,7.4600,7.5700,7.6500,51918441,395795789.8200,4.509600,1,-1.045800,40.373517,1.169162,1.647184,-10.413177,0
2026-06-18,sh.600736,7.5100,7.6300,7.2400,7.5100,7.5700,53674801,399568401.8900,4.662100,1,-0.792600,40.053516,1.159895,1.634128,-10.330641,0
2026-06-22,sh.600736,7.5200,7.6200,7.1700,7.4400,7.5100,60651315,446670237.7600,5.268100,1,-0.932100,39.680181,1.149084,1.618896,-10.234350,0
2026-06-23,sh.600736,7.3600,7.5100,7.2400,7.2800,7.4400,36140022,266594265.0100,3.139100,1,-2.150500,38.826843,1.124373,1.584082,-10.014257,0
2026-06-24,sh.600736,7.2400,7.4100,7.1600,7.3300,7.2800,38943254,282984113.0000,3.382600,1,0.686800,39.093511,1.132095,1.594961,-10.083036,0
2026-06-25,sh.600736,7.2600,7.3000,6.7800,6.9000,7.3300,58756618,410389985.6200,5.103500,1,-5.866300,36.800168,1.065683,1.501396,-9.491535,0
2026-06-26,sh.600736,6.8500,6.9600,6.7100,6.8500,6.9000,36325102,248937113.3900,3.155200,1,-0.724600,36.533500,1.057961,1.490516,-9.422756,0
2026-06-29,sh.600736,6.8200,6.8900,6.5200,6.7000,6.8500,33789476,225404616.1600,2.934900,1,-2.189800,35.733496,1.034793,1.457877,-9.216418,0
2026-06-30,sh.600736,6.6500,6.7200,6.5800,6.6900,6.7000,21490648,143325286.3000,1.866700,1,-0.149300,35.680162,1.033249,1.455701,-9.202662,0
2026-07-01,sh.600736,6.7000,6.9300,6.6300,6.7500,6.6900,31059898,211055107.1300,2.697800,1,0.896900,36.000164,1.042516,1.468757,-9.285197,0
2026-07-02,sh.600736,6.6700,6.8100,6.5500,6.5700,6.7500,32029477,213287144.8300,2.782000,1,-2.666700,35.040160,1.014715,1.429590,-9.037592,0
2026-07-03,sh.600736,6.5900,6.7100,6.5300,6.6500,6.5700,22915188,152378256.2000,1.990400,1,1.217700,35.466828,1.027071,1.446998,-9.147639,0
2026-07-06,sh.600736,6.6800,6.7700,6.6000,6.6400,6.6500,23893945,159591578.9000,2.075400,1,-0.150400,35.413495,1.025527,1.444822,-9.133883,0
2026-07-07,sh.600736,6.6400,6.6500,6.4000,6.4500,6.6400,22761374,147212367.9300,1.977000,1,-2.861400,34.400157,0.996182,1.403479,-8.872522,0
2026-07-08,sh.600736,6.5600,6.8700,6.3400,6.5800,6.4500,38390397,254229634.2000,3.334500,1,2.015500,35.093493,1.016260,1.431766,-9.051348,0
2026-07-09,sh.600736,6.5900,6.8500,6.5300,6.8200,6.5800,34293176,230242969.5700,2.978700,1,3.647400,36.373499,1.053327,1.483988,-9.381488,0
2026-07-10,sh.600736,6.7600,7.1100,6.7000,6.9700,6.8000,45025405,313583114.6300,3.910900,1,2.500000,37.173503,1.076494,1.516628,-9.587826,0
2026-07-13,sh.600736,6.9400,6.9400,6.5300,6.6000,6.9700,35971826,240246481.1000,3.124500,1,-5.308500,35.200160,1.019349,1.436118,-9.078859,0
2026-07-14,sh.600736,6.5300,6.6800,6.4300,6.6800,6.6000,22284760,145705269.5100,1.935600,1,1.212100,35.626829,1.031705,1.453525,-9.188906,0
2026-07-15,sh.600736,6.7800,6.9100,6.5800,6.8700,6.6800,49925027,337437247.1000,4.336400,1,2.844300,36.640167,1.061049,1.494868,-9.450267,0
2026-07-16,sh.600736,6.8100,6.8300,6.6500,6.6700,6.8700,27465234,184966627.5300,2.385600,1,-2.911200,35.573495,1.030160,1.451349,-9.175150,0
2026-07-17,sh.600736,6.6000,6.6800,6.2300,6.2400,6.6700,33642670,216704624.1600,2.922200,1,-6.446800,33.280152,0.963748,1.357784,-8.583649,0
2026-07-20,sh.600736,6.2800,6.3400,6.1100,6.1900,6.2400,27233415,169869403.2600,2.365500,1,-0.801300,33.013484,0.956026,1.346904,-8.514870,0
2026-07-21,sh.600736,6.1800,6.2000,5.9000,6.1600,6.1900,29425729,178509257.7600,2.555900,1,-0.484700,32.853483,0.951392,1.340377,-8.473602,0
2026-07-22,sh.600736,6.1000,6.1800,6.0400,6.0900,6.1600,17824319,108895034.8100,1.548200,1,-1.136400,32.480148,0.940581,1.325145,-8.377311,0
2026-07-23,sh.600736,6.0700,6.1800,6.0500,6.1800,6.0900,18433022,113047190.7400,1.601100,1,1.477800,32.960150,0.954481,1.344729,-8.501114,0
2026-07-24,sh.600736,6.1000,6.1300,5.9700,5.9700,6.1800,16403300,99086704.0000,1.424800,1,-3.398100,31.840145,0.922047,1.299034,-8.212241,0
2026-07-27,sh.600736,5.9800,6.1400,5.9800,6.1300,5.9700,16349469,99610117.4500,1.420100,1,2.680100,32.693482,0.946759,1.333849,-8.432334,0
2026-07-28,sh.600736,6.1200,6.5100,6.1000,6.2800,6.1300,37447971,237146265.7600,3.252700,1,2.447000,33.493486,0.969926,1.366488,-8.638672,0
2026-07-29,sh.600736,6.2800,6.4200,6.2700,6.3800,6.2800,29506972,187832944.3000,2.562900,1,1.592400,34.026822,0.985371,1.388247,-8.776231,0
2026-07-30,sh.600736,6.3600,6.4800,6.3000,6.3700,6.3800,24549330,157078343.6000,2.132300,1,-0.156700,33.973488,0.983826,1.386071,-8.762475,0
2026-07-31,sh.600736,6.4300,6.5000,6.4000,6.4500,6.3700,24171737,156272719.9300,2.099500,1,1.255900,34.400157,0.996182,1.403479,-8.872522,0
2026-08-03,sh.600736,6.4400,6.6300,6.4300,6.6200,6.4500,22513599,147983847.9700,1.955500,1,2.635700,35.306827,1.022438,1.440470,-9.106371,0
2026-08-04,sh.600736,6.6200,6.6500,6.5100,6.6200,6.6200,21104222,138946629.6800,1.833100,1,0.000000,35.306827,1.022438,1.440470,-9.106371,0
2026-08-05,sh.600736,6.6100,6.7800,6.5800,6.7700,6.6200,27543544,184877956.4200,2.392400,1,2.265900,36.106831,1.045605,1.473109,-9.312709,0
2026-08-06,sh.600736,6.7500,6.7700,6.6200,6.7100,6.7700,23837305,159564001.4200,2.070500,1,-0.886300,35.786830,1.036338,1.460053,-9.230174,0
2026-08-07,sh.600736,6.7000,6.7000,6.5200,6.6500,6.7100,19560787,129345255.0700,1.699000,1,-0.894200,35.466828,1.027071,1.446998,-9.147639,0
2026-08-10,sh.600736,6.6600,6.7100,6.6000,6.6900,6.6500,17619437,117512997.9400,1.530400,1,0.601500,35.680162,1.033249,1.455701,-9.202662,0
2026-08-11,sh.600736,6.6500,6.6600,6.5300,6.6000,6.6900,13994686,92322005.8900,1.215600,1,-1.345300,35.200160,1.019349,1.436118,-9.078859,0
2026-08-12,sh.600736,6.6000,6.8200,6.5600,6.7900,6.6000,33341551,224704766.6200,2.896000,1,2.878800,36.213498,1.048694,1.477461,-9.340220,0
2026-08-13,sh.600736,6.7700,6.9200,6.7700,6.8300,6.7900,34297345,235150315.5100,2.979000,1,0.589100,36.426833,1.054872,1.486164,-9.395244,0
2026-08-14,sh.600736,6.8400,6.8400,6.6600,6.8100,6.8300,25446397,171660765.5900,2.210200,1,-0.292800,36.320165,1.051783,1.481813,-9.367732,0
2026-08-17,sh.600736,6.8400,6.8900,6.7200,6.8700,6.8100,22331274,152833462.1600,1.939700,1,0.881100,36.640167,1.061049,1.494868,-9.450267,0
2026-08-18,sh.600736,6.8900,7.0400,6.8700,6.9100,6.8700,31657261,219686464.4400,2.749700,1,0.582200,36.853501,1.067227,1.503572,-9.505291,0
2026-08-19,sh.600736,6.8500,6.9000,6.6100,6.6200,6.9100,27040596,181752165.9200,2.348700,1,-4.196800,35.306827,1.022438,1.440470,-9.106371,0
2026-08-20,sh.600736,6.6600,6.8100,6.6600,6.7600,6.6200,19507176,131313089.6900,1.694400,1,2.114800,36.053497,1.044060,1.470933,-9.298953,0
2026-08-21,sh.600736,6.7200,6.7200,6.5300,6.6700,6.7600,17621034,116937854.4400,1.530500,1,-1.331400,35.573495,1.030160,1.451349,-9.175150,0
2026-08-24,sh.600736,6.7000,6.7200,6.5400,6.6400,6.6700,16997692,112284038.3600,1.476400,1,-0.449800,35.413495,1.025527,1.444822,-9.133883,0
2026-08-25,sh.600736,6.5900,6.8100,6.5800,6.7700,6.6400,21803954,146807440.3600,1.893900,1,1.957800,36.106831,1.045605,1.473109,-9.312709,0
2026-08-26,sh.600736,6.7400,6.9000,6.7000,6.8600,6.7700,24272143,165811551.8200,2.108300,1,1.329400,36.586833,1.059505,1.492692,-9.436511,0
2026-08-27,sh.600736,6.9000,7.0300,6.8600,6.9900,6.8600,32087018,223272590.2900,2.787000,1,1.895000,37.280170,1.079583,1.520979,-9.615337,0
