date,code,open,high,low,close,preclose,volume,amount,turn,tradestatus,pctChg,peTTM,pbMRQ,psTTM,pcfNcfTTM,isST
2022-09-19,sh.688184,40.8000,45.9200,40.2000,40.5900,51.8800,14381356,602914786.9700,52.845500,1,-21.761800,48.821332,3.757396,3.943798,-15.457948,0
2022-09-20,sh.688184,42.5000,44.8200,41.2600,42.0700,40.5900,10957392,470297997.6800,40.263900,1,3.646200,50.601464,3.894399,4.087597,-16.021579,0
2022-09-21,sh.688184,40.7200,43.3300,39.5500,41.4200,42.0700,6663748,274273013.6900,24.486500,1,-1.545000,49.819649,3.834229,4.024442,-15.774038,0
2022-09-22,sh.688184,40.9900,43.0000,40.3300,42.1300,41.4200,5322568,222872955.5800,19.558200,1,1.714100,50.673632,3.899953,4.093427,-16.044429,0
2022-09-23,sh.688184,42.7900,44.6000,40.8100,41.2200,42.1300,5724251,245100484.3500,21.034200,1,-2.160000,49.579091,3.815715,4.005010,-15.697872,0
2022-09-26,sh.688184,40.2200,41.1200,38.8100,39.6700,41.2200,5181950,206275548.2900,19.041500,1,-3.760300,47.714763,3.672232,3.854409,-15.107583,0
2022-09-27,sh.688184,39.7000,40.3000,38.9600,39.8300,39.6700,3160584,125069653.6100,11.613800,1,0.403300,47.907210,3.687043,3.869955,-15.168516,0
2022-09-28,sh.688184,39.7200,39.9300,37.4200,37.4500,39.8300,3778316,144861939.0000,13.883700,1,-5.975400,45.044565,3.466728,3.638710,-14.262138,0
2022-09-29,sh.688184,37.6000,38.0600,36.6600,36.9500,37.4500,2261203,84535879.8200,8.309000,1,-1.335100,44.443169,3.420443,3.590129,-14.071722,0
2022-09-30,sh.688184,36.8800,37.4600,35.4900,35.6300,36.9500,1923012,69594019.7000,7.066300,1,-3.572400,42.855483,3.298252,3.461875,-13.569024,0
2022-10-10,sh.688184,35.8000,35.9800,34.5200,34.7000,35.6300,1535154,54021695.0000,5.641100,1,-2.610200,41.736886,3.212162,3.371515,-13.214851,0
2022-10-11,sh.688184,35.0300,35.5000,34.6500,35.1200,34.7000,1317089,46224940.7200,4.839800,1,1.210400,42.242059,3.251041,3.412323,-13.374800,0
2022-10-12,sh.688184,35.1800,36.2100,34.6600,36.2000,35.1200,1825586,64832917.6300,6.708300,1,3.075200,43.541074,3.351016,3.517257,-13.786098,0
2022-10-13,sh.688184,35.8100,36.4900,35.7000,35.7100,36.2000,1813898,65434073.7900,6.665300,1,-1.353600,42.951706,3.305657,3.469648,-13.599491,0
2022-10-14,sh.688184,35.9900,36.4800,35.9300,36.3400,35.7100,1916452,69462700.6400,7.042200,1,1.764200,43.709465,3.363976,3.530860,-13.839415,0
2022-10-17,sh.688184,36.2800,37.0700,36.0000,36.9500,36.3400,1448872,52949966.0900,5.324000,1,1.678600,44.443169,3.420443,3.590129,-14.071722,0
2022-10-18,sh.688184,37.0500,38.1900,37.0400,37.5500,36.9500,1971048,74201089.9000,7.242800,1,1.623800,45.164844,3.475985,3.648426,-14.300221,0
2022-10-19,sh.688184,37.4900,38.5800,36.9200,36.9400,37.5500,1677885,63424738.8000,6.165500,1,-1.624500,44.431141,3.419518,3.589157,-14.067914,0
2022-10-20,sh.688184,36.6900,37.7700,36.1100,37.1200,36.9400,1509143,55731992.0900,5.545500,1,0.487300,44.647643,3.436180,3.606646,-14.136463,0
2022-10-21,sh.688184,37.3900,37.6000,36.6200,37.2400,37.1200,1121981,41744114.6800,4.122800,1,0.323300,44.791978,3.447288,3.618306,-14.182163,0
2022-10-24,sh.688184,37.5800,37.9500,36.5000,36.7500,37.2400,1351633,50391349.3400,4.966700,1,-1.315800,44.202610,3.401929,3.570696,-13.995556,0
2022-10-25,sh.688184,36.6200,36.7200,35.2400,35.9900,36.7500,1230384,44172617.8400,4.521100,1,-2.068000,43.288488,3.331577,3.496853,-13.706124,0
2022-10-26,sh.688184,36.3400,37.1300,36.1600,37.0500,35.9900,1235940,45383708.0800,4.541600,1,2.945300,44.563448,3.429700,3.599845,-14.109805,0
2022-10-27,sh.688184,37.0900,37.3400,36.3000,36.3300,37.0500,1262500,46413870.9300,4.639200,1,-1.943300,43.697437,3.363050,3.529889,-13.835606,0
2022-10-28,sh.688184,36.2800,36.6800,35.0300,35.0900,36.3300,1352498,48260896.7800,4.969900,1,-3.413200,36.462974,1.530356,2.950276,3.034157,0
2022-10-31,sh.688184,35.3000,36.1200,35.0200,35.7100,35.0900,934161,33267500.8900,3.432700,1,1.766900,37.107233,1.557396,3.002404,3.087767,0
2022-11-01,sh.688184,35.8300,37.1200,35.8300,36.9100,35.7100,1519901,55731373.3000,5.585000,1,3.360400,38.354185,1.609731,3.103297,3.191529,0
2022-11-02,sh.688184,36.6000,37.7900,36.6000,37.2500,36.9100,1716181,64131915.4700,6.306300,1,0.921200,38.707489,1.624559,3.131883,3.220928,0
2022-11-03,sh.688184,37.1000,37.7700,37.0300,37.6400,37.2500,1302877,48837888.0400,4.787500,1,1.047000,39.112748,1.641568,3.164673,3.254650,0
2022-11-04,sh.688184,37.6400,38.7300,37.5100,38.3300,37.6400,2237713,85577744.7300,8.222700,1,1.833200,39.829746,1.671660,3.222687,3.314313,0
2022-11-07,sh.688184,38.3300,39.4500,38.3300,39.0000,38.3300,1965045,76602873.4600,7.220700,1,1.748000,40.525961,1.700880,3.279019,3.372247,0
2022-11-08,sh.688184,39.2000,39.2000,38.4500,38.7100,39.0000,1148260,44386690.0200,4.219400,1,-0.743600,40.224614,1.688233,3.254636,3.347171,0
2022-11-09,sh.688184,38.7700,39.0000,38.5200,38.5700,38.7100,827815,32078827.4200,3.041900,1,-0.361700,40.079137,1.682127,3.242865,3.335065,0
2022-11-10,sh.688184,38.5000,38.7100,37.7400,37.9000,38.5700,1047543,39936536.3500,3.849300,1,-1.737100,39.382921,1.652907,3.186534,3.277132,0
2022-11-11,sh.688184,38.5800,38.9700,37.9700,38.1600,37.9000,1115179,42763449.8300,4.097800,1,0.686000,39.653094,1.664246,3.208394,3.299614,0
2022-11-14,sh.688184,38.5700,38.5700,37.4200,37.7600,38.1600,858823,32588851.4300,3.155800,1,-1.048200,39.237444,1.646801,3.174763,3.265026,0
2022-11-15,sh.688184,37.7000,38.8900,37.5300,38.7200,37.7600,1318461,50737415.0800,4.844800,1,2.542400,40.235006,1.688669,3.255477,3.348036,0
2022-11-16,sh.688184,38.7500,39.2400,38.4100,38.4600,38.7200,1052406,40904588.7700,3.867200,1,-0.671500,39.964833,1.677330,3.233617,3.325554,0
2022-11-17,sh.688184,38.3800,38.3800,37.7400,38.1600,38.4600,759521,28839521.6200,2.790900,1,-0.780000,39.653094,1.664246,3.208394,3.299614,0
2022-11-18,sh.688184,38.6700,38.7500,37.7000,37.7800,38.1600,831223,31669950.6400,3.054400,1,-0.995800,39.258226,1.647673,3.176444,3.266756,0
2022-11-21,sh.688184,37.6100,38.1000,37.2000,37.9000,37.7800,583284,21951847.1300,2.143300,1,0.317600,39.382921,1.652907,3.186534,3.277132,0
2022-11-22,sh.688184,38.0700,38.0700,36.7900,36.7900,37.9000,1045120,38978302.3000,3.840400,1,-2.928800,38.229490,1.604497,3.093208,3.181153,0
2022-11-23,sh.688184,37.0300,37.1300,36.2500,36.9200,36.7900,617827,22656528.1800,2.270300,1,0.353400,38.364577,1.610167,3.104138,3.192393,0
2022-11-24,sh.688184,36.9200,39.1000,36.8800,38.0900,36.9200,1427971,54457774.3500,5.247200,1,3.169000,39.580356,1.661193,3.202508,3.293561,0
2022-11-25,sh.688184,37.9000,38.1100,37.0400,37.1100,38.0900,940943,35268825.2300,3.457600,1,-2.572900,38.562011,1.618453,3.120112,3.208822,0
2022-11-28,sh.688184,36.7300,37.1000,36.5000,36.6600,37.1100,687606,25226060.7700,2.526700,1,-1.212600,38.094404,1.598828,3.082278,3.169912,0
2022-11-29,sh.688184,36.6300,37.2800,36.6300,37.1400,36.6600,567601,20995411.7000,2.085700,1,1.309300,38.593185,1.619761,3.122635,3.211416,0
2022-11-30,sh.688184,36.9500,37.3300,36.8000,36.9600,37.1400,477709,17701939.9500,1.755400,1,-0.484700,38.406142,1.611911,3.107501,3.195852,0
2022-12-01,sh.688184,37.1200,37.6700,37.1200,37.2000,36.9600,775120,29002314.6000,2.848200,1,0.649400,38.655532,1.622378,3.127679,3.216604,0
2022-12-02,sh.688184,37.1100,37.6000,37.1000,37.4200,37.2000,529499,19792232.8000,1.945700,1,0.591400,38.884140,1.631973,3.146176,3.235627,0
2022-12-05,sh.688184,37.7000,37.9900,37.0000,37.3700,37.4200,533580,19904804.1400,1.960700,1,-0.133600,38.832184,1.629792,3.141973,3.231304,0
2022-12-06,sh.688184,37.2700,37.5300,37.1400,37.5000,37.3700,672152,25097511.6700,2.469900,1,0.347900,38.967271,1.635462,3.152903,3.242545,0
2022-12-07,sh.688184,37.3000,38.7600,37.3000,37.8000,37.5000,1539101,58875256.2100,5.655600,1,0.800000,39.279009,1.648546,3.178126,3.268485,0
2022-12-08,sh.688184,37.6400,38.0000,37.3400,37.4700,37.8000,602042,22688209.6700,2.212300,1,-0.873000,38.936097,1.634154,3.150380,3.239951,0
2022-12-09,sh.688184,37.3900,37.8900,37.3200,37.7500,37.4700,553753,20828895.9700,2.034800,1,0.747300,39.227052,1.646365,3.173922,3.264162,0
2022-12-12,sh.688184,37.5700,38.4800,37.3600,38.1100,37.7500,857819,32538306.9900,3.152100,1,0.953600,39.601138,1.662065,3.204190,3.295290,0
2022-12-13,sh.688184,38.3300,38.3300,37.4700,37.6000,38.1100,628137,23760022.2800,2.308100,1,-1.338200,39.071183,1.639823,3.161310,3.251192,0
2022-12-14,sh.688184,37.6000,37.7900,37.2700,37.3300,37.6000,532608,19964547.4700,1.957100,1,-0.718100,38.790619,1.628048,3.138609,3.227845,0
2022-12-15,sh.688184,37.3400,37.4500,37.0300,37.2700,37.3300,484891,18066281.5300,1.781800,1,-0.160700,38.728271,1.625431,3.133565,3.222657,0
2022-12-16,sh.688184,37.1900,37.1900,36.4200,36.6100,37.2700,767931,28146896.7100,2.821800,1,-1.770900,38.042447,1.596647,3.078074,3.165588,0
2022-12-19,sh.688184,36.4200,36.7500,35.6500,35.8400,36.6100,598345,21597200.5700,2.198700,1,-2.103300,37.242319,1.563065,3.013334,3.099008,0
2022-12-20,sh.688184,35.7000,36.1400,35.5100,36.0800,35.8400,352042,12595304.2900,1.293600,1,0.669600,37.491710,1.573532,3.033513,3.119760,0
2022-12-21,sh.688184,36.1000,36.1000,35.2100,35.5000,36.0800,506686,18028056.6100,1.861900,1,-1.607500,36.889016,1.548237,2.984748,3.069609,0
2022-12-22,sh.688184,35.7900,35.7900,34.7100,34.8300,35.5000,522733,18413114.7400,1.920800,1,-1.887300,36.192801,1.519017,2.928416,3.011676,0
2022-12-23,sh.688184,34.7000,35.1600,34.2000,34.2100,34.8300,531009,18357028.8900,1.951200,1,-1.780100,35.548542,1.491977,2.876288,2.958066,0
2022-12-26,sh.688184,34.2400,34.8700,34.2400,34.8000,34.2100,315740,10938073.2900,1.160200,1,1.724600,36.161627,1.517709,2.925894,3.009082,0
2022-12-27,sh.688184,34.9100,35.0500,34.5500,35.0000,34.8000,256881,8947742.2700,0.943900,1,0.574700,36.369452,1.526431,2.942709,3.026375,0
2022-12-28,sh.688184,34.7200,34.8500,34.4900,34.6700,35.0000,234896,8130120.3000,0.863100,1,-0.942900,36.026541,1.512039,2.914964,2.997841,0
2022-12-29,sh.688184,34.3500,34.8500,34.3500,34.4300,34.6700,231963,8036295.4400,0.852400,1,-0.692200,35.777150,1.501572,2.894785,2.977089,0
2022-12-30,sh.688184,34.5000,34.7400,34.4300,34.7300,34.4300,282966,9775043.1600,1.039800,1,0.871300,36.088888,1.514656,2.920008,3.003029,0
2023-01-03,sh.688184,34.7100,35.9700,34.7000,35.6500,34.7300,553184,19518597.5900,2.032700,1,2.649000,37.044885,1.554779,2.997359,3.082579,0
2023-01-04,sh.688184,37.3700,38.0000,36.0200,36.3500,35.6500,1214895,44759913.6300,4.464200,1,1.963500,37.772274,1.585308,3.056214,3.143107,0
2023-01-05,sh.688184,36.2200,38.1000,36.2200,38.0300,36.3500,2130935,79633361.2100,7.830300,1,4.621700,39.518008,1.658576,3.197464,3.288373,0
2023-01-06,sh.688184,37.6000,38.0600,37.2800,37.4100,38.0300,985762,37137117.5000,3.622300,1,-1.630300,38.873749,1.631537,3.145336,3.234763,0
2023-01-09,sh.688184,37.4500,37.7200,37.0100,37.1200,37.4100,663922,24736086.3500,2.439600,1,-0.775200,38.572402,1.618889,3.120953,3.209687,0
2023-01-10,sh.688184,37.3100,37.3100,36.5700,36.8300,37.1200,487377,17932182.9800,1.790900,1,-0.781300,38.271055,1.606242,3.096571,3.184611,0
2023-01-11,sh.688184,36.9000,36.9600,36.4100,36.4300,36.8300,416896,15276865.2400,1.531900,1,-1.086100,37.855404,1.588797,3.062940,3.150024,0
2023-01-12,sh.688184,36.4500,36.9200,36.2000,36.2900,36.4300,540976,19749988.0700,1.987900,1,-0.384300,37.709927,1.582691,3.051169,3.137919,0
2023-01-13,sh.688184,36.2900,36.4900,36.2000,36.3800,36.2900,390059,14169723.6600,1.433300,1,0.248000,37.803448,1.586616,3.058736,3.145701,0
2023-01-16,sh.688184,36.3800,36.9600,36.1300,36.6800,36.3800,571225,20978181.9400,2.099000,1,0.824600,38.115186,1.599700,3.083959,3.171641,0
2023-01-17,sh.688184,36.7600,37.1800,36.4500,36.6700,36.6800,771169,28396834.3300,2.833700,1,-0.027300,38.104795,1.599264,3.083118,3.170777,0
2023-01-18,sh.688184,36.8200,36.9600,36.5600,36.7100,36.6700,346217,12725243.5400,1.272200,1,0.109100,38.146360,1.601008,3.086481,3.174235,0
2023-01-19,sh.688184,36.5800,37.3300,36.5100,37.2000,36.7100,538330,19926668.1100,1.978100,1,1.334800,38.655532,1.622378,3.127679,3.216604,0
2023-01-20,sh.688184,37.2000,37.7900,37.1800,37.6000,37.2000,601072,22593850.4700,2.208700,1,1.075300,39.071183,1.639823,3.161310,3.251192,0
2023-01-30,sh.688184,38.0900,39.3800,38.0900,38.1500,37.6000,1763058,68105053.5100,6.478500,1,1.462800,39.642703,1.663810,3.207553,3.298749,0
2023-01-31,sh.688184,38.1500,38.3500,37.9800,38.2600,38.1500,572606,21837623.3500,2.104100,1,0.288300,39.757007,1.668607,3.216801,3.308260,0
2023-02-01,sh.688184,38.1500,38.7600,38.0800,38.7000,38.2600,752251,28967504.9300,2.764200,1,1.150000,40.214223,1.687797,3.253796,3.346306,0
2023-02-02,sh.688184,38.9800,38.9800,38.2300,38.3500,38.7000,891047,34280454.2100,3.274200,1,-0.904400,39.850529,1.672532,3.224368,3.316043,0
2023-02-03,sh.688184,38.2000,38.4700,37.7100,38.1000,38.3500,638049,24245571.8500,2.344600,1,-0.651900,39.590747,1.661629,3.203349,3.294426,0
2023-02-06,sh.688184,38.2600,38.2600,37.8000,37.8300,38.1000,372397,14120366.6900,1.368400,1,-0.708700,39.310183,1.649854,3.180648,3.271079,0
2023-02-07,sh.688184,37.8500,37.9800,37.7000,37.9400,37.8300,392247,14850692.5000,1.441300,1,0.290800,39.424486,1.654651,3.189897,3.280591,0
2023-02-08,sh.688184,37.8500,38.9500,37.8500,38.4700,37.9400,1027769,39486057.5800,3.776600,1,1.396900,39.975224,1.677766,3.234458,3.326419,0
2023-02-09,sh.688184,38.9800,39.3000,38.4200,38.8500,38.4700,1067044,41371492.2100,3.920900,1,0.987800,40.370092,1.694338,3.266407,3.359276,0
2023-02-10,sh.688184,38.8200,40.6000,38.7600,39.4500,38.8500,2126150,84320489.7500,7.812700,1,1.544400,40.993569,1.720506,3.316854,3.411157,0
2023-02-13,sh.688184,39.6800,39.7500,39.3300,39.4600,39.4500,925155,36536396.3600,3.399600,1,0.025300,41.003960,1.720942,3.317694,3.412022,0
2023-02-14,sh.688184,39.4100,39.5900,39.0000,39.2100,39.4600,565185,22156090.9700,2.076800,1,-0.633600,40.744178,1.710039,3.296675,3.390405,0
2023-02-15,sh.688184,39.3900,39.5800,39.0700,39.0700,39.2100,615082,24126754.6400,2.260200,1,-0.357100,40.598700,1.703933,3.284904,3.378299,0
2023-02-16,sh.688184,39.2300,39.2500,37.6100,37.7900,39.0700,1258741,48489209.8500,4.625400,1,-3.276200,39.268617,1.648109,3.177285,3.267621,0
2023-02-17,sh.688184,37.7700,38.0600,37.7500,37.7600,37.7900,733112,27749595.9700,2.693900,1,-0.079400,39.237444,1.646801,3.174763,3.265026,0
2023-02-20,sh.688184,38.0200,38.0200,37.1900,37.7000,37.7600,684485,25635646.8200,2.515200,1,-0.158900,39.175096,1.644184,3.169718,3.259838,0
2023-02-21,sh.688184,37.7300,38.0000,37.5300,37.7800,37.7000,423940,16013782.7600,1.557800,1,0.212200,39.258226,1.647673,3.176444,3.266756,0
2023-02-22,sh.688184,37.6000,37.9900,37.2200,37.7400,37.7800,365747,13790232.9700,1.344000,1,-0.105900,39.216661,1.645929,3.173081,3.263297,0
2023-02-23,sh.688184,37.6600,37.9000,37.5000,37.7800,37.7400,318345,12018367.4700,1.169800,1,0.106000,39.258226,1.647673,3.176444,3.266756,0
2023-02-24,sh.688184,37.7900,37.8300,37.4000,37.5000,37.7800,288679,10850968.3700,1.060800,1,-0.741100,38.967271,1.635462,3.152903,3.242545,0
2023-02-27,sh.688184,37.3800,37.4900,36.7600,36.7800,37.5000,528738,19613558.1300,1.942900,1,-1.920000,38.219099,1.604061,3.092367,3.180288,0
2023-02-28,sh.688184,36.8600,37.4700,36.8500,37.4600,36.7800,386942,14407534.4500,1.421900,1,1.848800,34.026243,1.633717,3.039271,3.239086,0
2023-03-01,sh.688184,37.4600,37.7300,37.3100,37.5700,37.4600,399861,14994256.6600,1.469300,1,0.293600,34.126160,1.638515,3.048196,3.248598,0
2023-03-02,sh.688184,37.5000,37.8400,37.3600,37.4600,37.5700,292042,10944055.4800,1.073100,1,-0.292800,34.026243,1.633717,3.039271,3.239086,0
2023-03-03,sh.688184,37.4600,37.6800,37.4000,37.5000,37.4600,457051,17148364.9100,1.679500,1,0.106800,34.062577,1.635462,3.042517,3.242545,0
2023-03-06,sh.688184,37.5900,37.6600,37.3600,37.6100,37.5000,328093,12303277.6300,1.205600,1,0.293300,34.162494,1.640259,3.051441,3.252056,0
2023-03-07,sh.688184,37.7000,37.7000,36.9300,36.9300,37.6100,389797,14520985.5000,1.432300,1,-1.808000,33.544826,1.610603,2.996270,3.193258,0
2023-03-08,sh.688184,36.8600,37.3000,36.8000,37.1400,36.9300,183732,6815239.6000,0.675100,1,0.568600,33.735576,1.619761,3.013308,3.211416,0
2023-03-09,sh.688184,37.1100,37.8400,37.1100,37.6500,37.1400,512460,19272020.8500,1.883100,1,1.373200,34.198827,1.642004,3.054687,3.255515,0
2023-03-10,sh.688184,37.5400,37.6300,37.0100,37.3300,37.6500,430251,16034608.3900,1.581000,1,-0.849900,33.908160,1.628048,3.028724,3.227845,0
2023-03-13,sh.688184,37.2800,37.3700,36.5800,36.6000,37.3300,562361,20716400.5900,2.066400,1,-1.955500,33.245075,1.596211,2.969496,3.164724,0
2023-03-14,sh.688184,36.4600,36.9100,35.8000,35.8000,36.6000,683349,24620966.2700,2.511000,1,-2.185800,32.518407,1.561321,2.904589,3.095549,0
2023-03-15,sh.688184,35.9900,37.2500,35.8600,36.3600,35.8000,836159,30630883.4000,3.072500,1,1.564200,33.027074,1.585744,2.950024,3.143971,0
2023-03-16,sh.688184,36.3600,36.3700,35.7800,35.7900,36.3600,448554,16142171.8500,1.648200,1,-1.567700,32.509323,1.560885,2.903778,3.094685,0
2023-03-17,sh.688184,35.8200,36.4900,35.7600,36.2500,35.7900,499809,18075838.5600,1.836600,1,1.285300,32.927158,1.580946,2.941099,3.134460,0
2023-03-20,sh.688184,36.2500,36.2500,35.5400,35.6000,36.2500,1074992,38552576.3200,3.779700,1,-1.793100,32.336740,1.552598,2.888362,3.078256,0
2023-03-21,sh.688184,35.5500,36.1000,35.3500,36.0600,35.6000,676303,24159083.7200,2.377900,1,1.292100,32.754574,1.572660,2.925684,3.118031,0
2023-03-22,sh.688184,36.4000,36.5600,36.1700,36.4900,36.0600,599823,21834321.7000,2.109000,1,1.192500,33.145158,1.591413,2.960571,3.155212,0
2023-03-23,sh.688184,36.4700,36.7800,36.4000,36.5800,36.4900,539450,19739715.9700,1.896700,1,0.246600,33.226908,1.595339,2.967873,3.162994,0
2023-03-24,sh.688184,36.5000,36.9300,36.5000,36.6700,36.5800,386311,14182659.3600,1.358300,1,0.246000,33.308658,1.599264,2.975176,3.170777,0
2023-03-27,sh.688184,36.9200,36.9200,36.5100,36.7300,36.6700,435670,15974042.5100,1.531800,1,0.163600,33.363159,1.601880,2.980044,3.175965,0
2023-03-28,sh.688184,36.5500,36.6800,36.1100,36.2000,36.7300,477185,17355435.9400,1.677800,1,-1.443000,32.881741,1.578766,2.937043,3.130137,0
2023-03-29,sh.688184,36.3800,36.4900,35.9000,36.0700,36.2000,400903,14459595.6700,1.409600,1,-0.359100,32.763657,1.573096,2.926495,3.118896,0
2023-03-30,sh.688184,35.9400,36.2600,35.8500,36.1100,36.0700,311614,11239564.1700,1.095600,1,0.110900,32.799991,1.574841,2.929741,3.122355,0
2023-03-31,sh.688184,36.1100,36.7500,36.1100,36.3500,36.1100,366074,13343555.6100,1.287100,1,0.664600,33.017991,1.585308,2.949213,3.143107,0
2023-04-03,sh.688184,36.2000,37.1800,36.1300,36.8500,36.3500,754033,27645652.4600,2.651200,1,1.375500,33.472159,1.607114,2.989780,3.186341,0
2023-04-04,sh.688184,36.8000,37.0500,36.5100,36.5500,36.8500,490029,17964137.8500,1.723000,1,-0.814100,33.199658,1.594030,2.965439,3.160400,0
2023-04-06,sh.688184,36.6300,37.0000,36.4000,36.9500,36.5500,460504,16969996.6600,1.619200,1,1.094400,33.562992,1.611475,2.997893,3.194988,0
2023-04-07,sh.688184,36.9400,37.3300,36.7800,37.1500,36.9500,534508,19841351.0200,1.879400,1,0.541300,33.744659,1.620198,3.014120,3.212281,0
2023-04-10,sh.688184,37.2500,37.6400,36.8800,37.5200,37.1500,887007,33082461.4300,3.118800,1,0.996000,34.080744,1.636334,3.044139,3.244274,0
2023-04-11,sh.688184,37.5200,37.5500,37.0800,37.2900,37.5200,603313,22526327.7500,2.121300,1,-0.613000,33.871826,1.626303,3.025478,3.224387,0
2023-04-12,sh.688184,37.2900,37.5200,37.1600,37.2700,37.2900,420694,15684293.7400,1.479200,1,-0.053600,33.853660,1.625431,3.023856,3.222657,0
2023-04-13,sh.688184,37.4100,37.4100,36.9600,36.9800,37.2700,418308,15551763.5800,1.470800,1,-0.778100,33.590242,1.612783,3.000327,3.197582,0
2023-04-14,sh.688184,37.0000,37.3600,36.9500,37.2400,36.9800,700945,26058013.7100,2.464600,1,0.703100,34.317915,1.602312,3.021422,5.909344,0
2023-04-17,sh.688184,37.3800,37.6700,37.3800,37.4100,37.2400,503416,18881710.8400,1.770000,1,0.456500,34.474576,1.609626,3.035215,5.936320,0
2023-04-18,sh.688184,37.6000,37.6000,37.0200,37.2200,37.4100,415025,15480024.6800,1.459200,1,-0.507900,34.299485,1.601451,3.019799,5.906170,0
2023-04-19,sh.688184,37.3000,37.3000,36.9000,36.9500,37.2200,284814,10546246.3200,1.001400,1,-0.725400,34.050671,1.589834,2.997893,5.863326,0
2023-04-20,sh.688184,36.9600,36.9600,36.4100,36.4900,36.9500,441307,16131768.2400,1.551700,1,-1.244900,33.626765,1.570042,2.960572,5.790332,0
2023-04-21,sh.688184,36.3600,36.7900,35.7100,35.8700,36.4900,511762,18475292.4500,1.799400,1,-1.699100,33.055414,1.543365,2.910269,5.691948,0
2023-04-24,sh.688184,35.8200,36.0900,35.0000,35.1300,35.8700,476328,16757758.1600,1.674800,1,-2.063000,32.373479,1.511526,2.850230,5.574523,0
2023-04-25,sh.688184,34.8700,35.0100,33.1500,33.7700,35.1300,922858,31367596.3800,3.244800,1,-3.871300,31.120193,1.453010,2.739888,5.358715,0
2023-04-26,sh.688184,33.5100,34.4800,33.4000,34.3800,33.7700,493256,16771700.8100,1.734300,1,1.806300,31.682329,1.479256,2.789379,5.455511,0
2023-04-27,sh.688184,33.8500,33.9000,31.6000,31.9400,34.3800,1159396,37247470.1100,4.076500,1,-7.097100,40.935585,1.371445,2.884532,5.481946,0
2023-04-28,sh.688184,31.8800,32.1500,31.7500,32.0100,31.9400,599158,19149357.8400,2.106700,1,0.219200,41.025300,1.374451,2.890853,5.493960,0
2023-05-04,sh.688184,31.9500,32.0000,31.4000,31.7500,32.0100,557559,17644984.2700,1.960400,1,-0.812200,40.692074,1.363287,2.867373,5.449336,0
2023-05-05,sh.688184,31.5900,31.7500,30.6200,31.2600,31.7500,665658,20696331.4700,2.340500,1,-1.543300,40.064070,1.342247,2.823120,5.365236,0
2023-05-08,sh.688184,31.3000,31.6400,31.0200,31.5600,31.2600,385450,12059439.0000,1.355300,1,0.959700,40.448562,1.355128,2.850214,5.416725,0
2023-05-09,sh.688184,31.2100,31.5900,30.8900,31.0000,31.5600,347432,10825863.7200,1.221600,1,-1.774400,39.730844,1.331083,2.799639,5.320611,0
2023-05-10,sh.688184,30.7300,31.3600,30.7200,31.1700,31.0000,172546,5371304.8400,0.606700,1,0.548400,39.948723,1.338383,2.814992,5.349789,0
2023-05-11,sh.688184,31.1600,32.1600,31.1600,31.9000,31.1700,449432,14257686.7800,1.580200,1,2.342000,40.884320,1.369727,2.880919,5.475080,0
2023-05-12,sh.688184,31.7900,31.9100,31.3800,31.3900,31.9000,212649,6704850.7100,0.747700,1,-1.598700,40.230683,1.347829,2.834861,5.387548,0
2023-05-15,sh.688184,31.4900,32.1300,31.1500,31.9600,31.3900,274319,8719346.0700,0.964500,1,1.815900,40.961218,1.372304,2.886338,5.485378,0
2023-05-16,sh.688184,31.8400,32.1800,31.5100,31.5300,31.9600,270653,8605674.5200,0.951600,1,-1.345400,40.410113,1.353840,2.847504,5.411576,0
2023-05-17,sh.688184,31.7900,31.8800,31.3700,31.6100,31.5300,298548,9439009.1500,1.049700,1,0.253700,40.512644,1.357275,2.854729,5.425307,0
2023-05-18,sh.688184,31.6500,31.6500,31.3900,31.4200,31.6100,212341,6686271.3200,0.746600,1,-0.601100,40.269133,1.349117,2.837570,5.392697,0
2023-05-19,sh.688184,31.7600,31.8300,31.3900,31.7900,31.4200,244032,7736718.7100,0.858000,1,1.177600,40.743339,1.365004,2.870985,5.456201,0
2023-05-22,sh.688184,31.7000,32.1600,31.7000,32.0000,31.7900,285042,9107787.4700,1.002200,1,0.660600,41.012484,1.374021,2.889950,5.492244,0
2023-05-23,sh.688184,31.8000,32.1800,31.8000,31.8700,32.0000,261157,8348401.8600,0.918200,1,-0.406300,40.845871,1.368439,2.878210,5.469931,0
2023-05-24,sh.688184,31.8700,32.1400,31.5600,31.9000,31.8700,241318,7704516.7000,0.848500,1,0.094100,40.884320,1.369727,2.880919,5.475080,0
2023-05-25,sh.688184,31.8500,31.9500,31.4800,31.8800,31.9000,308925,9783509.1600,1.086200,1,-0.062700,40.858687,1.368869,2.879113,5.471648,0
2023-05-26,sh.688184,31.8200,31.8800,31.1200,31.4000,31.8800,336567,10558461.9500,1.183400,1,-1.505600,40.243500,1.348258,2.835764,5.389264,0
2023-05-29,sh.688184,31.4100,31.5400,31.2200,31.2400,31.4000,235341,7371078.7000,0.827500,1,-0.509600,40.038437,1.341388,2.821314,5.361803,0
2023-05-30,sh.688184,31.1300,31.4800,30.6800,31.1800,31.2400,307816,9540418.6800,1.082300,1,-0.192100,39.961539,1.338812,2.815895,5.351505,0
2023-05-31,sh.688184,31.0200,31.1700,30.9000,30.9900,31.1800,181374,5623196.0200,0.637700,1,-0.609400,39.718027,1.330654,2.798736,5.318895,0
2023-06-01,sh.688184,31.1900,31.6200,30.8200,31.3000,30.9900,310680,9757188.9300,1.092400,1,1.000300,40.115336,1.343965,2.826733,5.372101,0
2023-06-02,sh.688184,31.5000,32.3000,31.3500,31.9300,31.3000,451746,14397172.7100,1.588400,1,2.012800,40.922769,1.371016,2.883629,5.480229,0
2023-06-05,sh.688184,32.0900,32.0900,31.6000,31.8600,31.9300,318935,10165923.2500,1.121400,1,-0.219200,40.833054,1.368010,2.877307,5.468215,0
2023-06-06,sh.688184,31.8700,31.9700,30.9800,31.0000,31.8600,307698,9649983.6400,1.081900,1,-2.699300,39.730844,1.331083,2.799639,5.320611,0
2023-06-07,sh.688184,30.9600,31.1100,30.8100,30.8400,31.0000,202332,6260400.4700,0.711400,1,-0.516100,39.525781,1.324213,2.785190,5.293150,0
2023-06-08,sh.688184,30.9000,31.0800,30.6000,30.6900,30.8400,221262,6805216.1700,0.778000,1,-0.486400,39.333535,1.317772,2.771643,5.267405,0
2023-06-09,sh.688184,30.6500,30.8500,30.4900,30.7300,30.6900,224178,6873529.4300,0.788200,1,0.130300,39.384801,1.319490,2.775255,5.274270,0
2023-06-12,sh.688184,30.6900,30.8500,30.5300,30.7800,30.7300,181860,5577018.0200,0.639400,1,0.162700,39.448883,1.321637,2.779771,5.282852,0
2023-06-13,sh.688184,30.6000,30.9600,30.6000,30.8100,30.7800,187766,5783421.8000,0.660200,1,0.097500,39.487332,1.322925,2.782480,5.288001,0
2023-06-14,sh.688184,31.0500,31.0500,30.5300,30.5800,30.8100,214424,6579886.7100,0.753900,1,-0.746500,39.192555,1.313049,2.761709,5.248525,0
2023-06-15,sh.688184,30.5800,30.8700,30.4800,30.8500,30.5800,278506,8543026.6000,0.979200,1,0.882900,39.538598,1.324642,2.786093,5.294866,0
2023-06-16,sh.688184,30.7900,31.0300,30.7900,30.9200,30.8500,202938,6274573.7300,0.713500,1,0.226900,39.628313,1.327648,2.792415,5.306881,0
2023-06-19,sh.688184,30.8500,30.9200,30.5800,30.6300,30.9200,267836,8224051.5000,0.941700,1,-0.937900,39.256637,1.315196,2.766224,5.257107,0
2023-06-20,sh.688184,30.5300,30.7800,30.4900,30.6500,30.6300,161856,4952440.7100,0.569100,1,0.065300,39.282270,1.316055,2.768031,5.260540,0
2023-06-21,sh.688184,30.6500,30.8300,30.2200,30.2400,30.6500,291713,8859369.6500,1.025700,1,-1.337700,38.756797,1.298450,2.731003,5.190170,0
2023-06-26,sh.688184,30.3600,30.4000,30.1300,30.2100,30.2400,186331,5638506.6300,0.655100,1,-0.099200,38.718348,1.297162,2.728294,5.185021,0
2023-06-27,sh.688184,30.2100,30.5000,30.0300,30.3600,30.2100,215445,6539309.5600,0.757500,1,0.496500,38.910594,1.303603,2.741840,5.210766,0
2023-06-28,sh.688184,30.4300,30.5800,30.0100,30.1800,30.3600,166543,5017563.7100,0.585600,1,-0.592900,38.679899,1.295874,2.725584,5.179872,0
2023-06-29,sh.688184,30.1000,30.4800,30.0800,30.2900,30.1800,165840,5020610.5800,0.583100,1,0.364500,38.820879,1.300597,2.735519,5.198752,0
2023-06-30,sh.688184,30.3700,31.6400,30.3700,31.2600,30.2900,610342,19020125.7300,2.146000,1,3.202400,40.064070,1.342247,2.823120,5.365236,0
2023-07-03,sh.688184,31.0500,32.1300,31.0400,31.2300,31.2600,340122,10712537.0300,1.195900,1,-0.096000,40.025621,1.340959,2.820411,5.360087,0
2023-07-04,sh.688184,31.6200,32.4900,31.1600,32.2600,31.2300,816743,26200382.4400,2.871700,1,3.298100,41.345710,1.385185,2.913431,5.536868,0
2023-07-05,sh.688184,32.4900,32.4900,31.8000,31.8900,32.2600,279893,8963163.6500,0.984100,1,-1.146900,40.871503,1.369298,2.880016,5.473364,0
2023-07-06,sh.688184,31.8900,32.3300,31.4500,31.5000,31.8900,223153,7060130.7400,0.784600,1,-1.223000,40.371664,1.352552,2.844795,5.406427,0
2023-07-07,sh.688184,31.4800,31.5500,31.1200,31.2500,31.5000,163454,5116742.6500,0.574700,1,-0.793700,40.051254,1.341818,2.822217,5.363519,0
2023-07-10,sh.688184,31.6000,31.7100,31.3800,31.4900,31.2500,147256,4641324.1100,0.517800,1,0.768000,40.358847,1.352123,2.843892,5.404711,0
2023-07-11,sh.688184,31.7400,31.7400,31.3500,31.6800,31.4900,124003,3916713.2100,0.436000,1,0.603400,40.602359,1.360281,2.861051,5.437321,0
2023-07-12,sh.688184,32.2000,32.2000,31.7300,32.0200,31.6800,356418,11415869.0700,1.253200,1,1.073200,41.038117,1.374880,2.891757,5.495676,0
2023-07-13,sh.688184,32.1000,32.3300,31.8900,32.3000,32.0200,448029,14402407.4100,1.575300,1,0.874500,41.396976,1.386903,2.917044,5.543734,0
2023-07-14,sh.688184,32.6500,32.6500,32.1600,32.2200,32.3000,285884,9234217.3800,1.005200,1,-0.247700,41.294445,1.383468,2.909819,5.530003,0
2023-07-17,sh.688184,32.1000,32.4200,31.6700,31.8400,32.2200,231909,7377636.3800,0.815400,1,-1.179400,40.807421,1.367151,2.875501,5.464783,0
2023-07-18,sh.688184,32.0000,32.1600,31.7500,32.0100,31.8400,195900,6255975.9300,0.688800,1,0.533900,41.025300,1.374451,2.890853,5.493960,0
2023-07-19,sh.688184,26.1000,26.4500,25.9900,26.2400,26.4000,247723,6484198.0700,0.725800,1,-0.606100,40.356284,1.352037,2.843711,5.404368,0
2023-07-20,sh.688184,26.6300,26.6800,25.8000,26.0500,26.2400,225391,5912645.4300,0.660400,1,-0.724100,40.064070,1.342247,2.823120,5.365236,0
2023-07-21,sh.688184,26.0900,26.3500,26.0000,26.1100,26.0500,215541,5628361.0800,0.631500,1,0.230300,40.156348,1.345339,2.829623,5.377593,0
2023-07-24,sh.688184,26.0000,26.2400,25.8100,25.8100,26.1100,245257,6362615.6700,0.718600,1,-1.149000,39.694958,1.329881,2.797111,5.315805,0
2023-07-25,sh.688184,26.1000,26.4600,25.6000,26.3500,25.8100,364124,9540407.8100,1.066900,1,2.092200,40.525461,1.357705,2.855632,5.427023,0
2023-07-26,sh.688184,26.5000,26.7000,26.0600,26.4500,26.3500,302124,8003509.3600,0.885200,1,0.379500,40.679258,1.362857,2.866470,5.447619,0
2023-07-27,sh.688184,26.3100,26.6900,26.1000,26.1500,26.4500,266019,7007152.5600,0.779400,1,-1.134200,40.217867,1.347400,2.833958,5.385832,0
2023-07-28,sh.688184,25.8900,26.3600,25.8900,26.2500,26.1500,231803,6063407.1800,0.679200,1,0.382400,40.371664,1.352552,2.844795,5.406427,0
2023-07-31,sh.688184,26.4400,26.4600,26.2000,26.2500,26.2500,197908,5211140.1900,0.579900,1,0.000000,40.371664,1.352552,2.844795,5.406427,0
2023-08-01,sh.688184,26.0300,26.4000,26.0300,26.3300,26.2500,244634,6427735.0300,0.716800,1,0.304800,40.494701,1.356674,2.853465,5.422904,0
2023-08-02,sh.688184,26.2800,26.4400,26.1200,26.2800,26.3300,149569,3926976.8900,0.438200,1,-0.189900,40.417803,1.354098,2.848046,5.412606,0
2023-08-03,sh.688184,26.2800,26.3400,26.0400,26.1300,26.2800,165479,4324107.7700,0.484900,1,-0.570800,40.187108,1.346369,2.831790,5.381712,0
2023-08-04,sh.688184,26.1800,26.2900,26.0200,26.1000,26.1300,258967,6759005.8700,0.758800,1,-0.114800,40.140969,1.344823,2.828539,5.375534,0
2023-08-07,sh.688184,26.2000,26.2000,25.8100,25.8300,26.1000,180287,4662008.3500,0.528200,1,-1.034500,39.725717,1.330911,2.799278,5.319925,0
2023-08-08,sh.688184,25.7700,26.0900,25.7700,25.9400,25.8300,145160,3764614.2000,0.425300,1,0.425900,39.894894,1.336579,2.811199,5.342580,0
2023-08-09,sh.688184,25.8800,26.1400,25.7900,26.0500,25.9400,148741,3870601.2400,0.435800,1,0.424100,40.064070,1.342247,2.823120,5.365236,0
2023-08-10,sh.688184,25.9500,27.5600,25.9500,27.2200,26.0500,2196642,59658166.6600,6.436200,1,4.491400,41.863493,1.402532,2.949917,5.606208,0
2023-08-11,sh.688184,27.2700,27.4500,26.7000,26.8600,27.2200,871883,23586894.9600,2.554600,1,-1.322600,41.309824,1.383983,2.910903,5.532063,0
2023-08-14,sh.688184,27.1000,27.1000,25.3200,25.8000,26.8600,1394011,36332053.6600,4.084500,1,-3.946400,39.679578,1.329366,2.796027,5.313746,0
2023-08-15,sh.688184,25.8800,25.8800,24.8200,25.2000,25.8000,935431,23487690.7600,2.731400,1,-2.325600,38.756797,1.298450,2.731003,5.190170,0
2023-08-16,sh.688184,25.5600,26.2300,25.1000,25.5500,25.2000,833008,21470310.0500,2.432300,1,1.388900,44.690438,1.331353,3.320326,6.640350,0
2023-08-17,sh.688184,25.6000,25.6800,24.9800,25.3000,25.5500,472634,11924478.1300,1.380000,1,-0.978500,44.253154,1.318327,3.287838,6.575375,0
2023-08-18,sh.688184,25.3200,26.6700,25.2000,26.1000,25.3000,1089654,28526040.8600,3.181700,1,3.162100,45.652463,1.360013,3.391801,6.783293,0
2023-08-21,sh.688184,25.8400,25.9600,25.0600,25.1600,26.1000,727916,18494983.3900,2.125400,1,-3.601500,44.008275,1.311031,3.269644,6.538990,0
2023-08-22,sh.688184,25.0800,25.4700,24.8200,25.0600,25.1600,525584,13144495.2300,1.534600,1,-0.397500,43.833361,1.305821,3.256649,6.513000,0
2023-08-23,sh.688184,25.0000,25.2500,24.7100,24.8000,25.0600,286701,7145781.7000,0.837100,1,-1.037500,43.378586,1.292273,3.222861,6.445427,0
2023-08-24,sh.688184,24.8000,25.2300,24.3300,24.6000,24.8000,451288,11116625.8100,1.317700,1,-0.806500,43.028759,1.281851,3.196870,6.393448,0
2023-08-25,sh.688184,24.6200,24.6600,23.9300,24.0000,24.6000,826044,20013592.6700,2.412000,1,-2.439000,41.979277,1.250586,3.118898,6.237510,0
2023-08-28,sh.688184,25.7900,25.9200,24.3800,24.5500,24.0000,599946,14993023.2500,1.751800,1,2.291700,42.941302,1.279246,3.190372,6.380453,0
2023-08-29,sh.688184,24.8400,25.1900,24.3300,24.8000,24.5500,1342431,33394503.9100,3.919800,1,1.018300,43.378586,1.292273,3.222861,6.445427,0
2023-08-30,sh.688184,24.8800,25.4600,24.7000,25.1800,24.8000,1003597,25231835.9800,2.930400,1,1.532300,44.043258,1.312074,3.272243,6.544188,0
2023-08-31,sh.688184,25.0000,25.4500,24.7500,24.7700,25.1800,688769,17197995.1500,2.011100,1,-1.628300,43.326112,1.290709,3.218962,6.437630,0
2023-09-01,sh.688184,24.9600,24.9700,24.3900,24.4500,24.7700,421358,10330170.9700,1.230300,1,-1.291900,42.766388,1.274035,3.177377,6.354464,0
2023-09-04,sh.688184,24.4500,24.6100,24.2400,24.6100,24.4500,483901,11828359.5500,1.412900,1,0.654400,43.046250,1.282372,3.198170,6.396047,0
2023-09-05,sh.688184,24.6000,24.7300,24.2600,24.4100,24.6100,395595,9666903.8200,1.155100,1,-0.812700,42.696423,1.271951,3.172179,6.344068,0
2023-09-06,sh.688184,24.2800,24.7700,24.2800,24.6900,24.4100,342045,8401345.2000,0.998700,1,1.147100,43.186181,1.286541,3.208566,6.416839,0
2023-09-07,sh.688184,24.6500,24.7100,24.1100,24.1100,24.6900,431205,10480424.4900,1.259100,1,-2.349100,42.171682,1.256318,3.133192,6.266099,0
2023-09-08,sh.688184,24.2900,24.3300,24.0800,24.1400,24.1100,180996,4380063.8800,0.528500,1,0.124400,42.224156,1.257882,3.137091,6.273896,0
2023-09-11,sh.688184,24.1400,24.4800,24.0500,24.4500,24.1400,316975,7705968.0500,0.925500,1,1.284200,42.766388,1.274035,3.177377,6.354464,0
2023-09-12,sh.688184,24.5100,24.5500,24.2000,24.2900,24.4500,230352,5602434.2200,0.672600,1,-0.654400,42.486526,1.265698,3.156584,6.312880,0
2023-09-13,sh.688184,24.2300,24.4000,23.9900,24.2000,24.2900,278264,6710470.0800,0.812500,1,-0.370500,42.329104,1.261008,3.144888,6.289490,0
2023-09-14,sh.688184,24.2000,24.2600,23.7000,23.7200,24.2000,369209,8818774.7500,1.078100,1,-1.983500,41.489519,1.235996,3.082510,6.164739,0
2023-09-15,sh.688184,23.7300,24.0500,23.6000,23.6300,23.7200,263944,6257411.4000,0.770700,1,-0.379400,41.332096,1.231307,3.070815,6.141349,0
2023-09-18,sh.688184,23.5800,24.0500,23.5000,23.6400,23.6300,465460,11043124.9300,1.359100,1,0.042300,41.349588,1.231828,3.072114,6.143948,0
2023-09-19,sh.688184,23.1000,23.1900,21.9900,22.7800,23.6400,1543452,34998146.4600,2.585400,1,-3.637900,39.845330,1.187015,2.960354,5.920437,0
2023-09-20,sh.688184,22.8000,22.8000,21.6300,21.6500,22.7800,2046392,45103214.6500,3.427800,1,-4.960500,37.868806,1.128133,2.813505,5.626754,0
2023-09-21,sh.688184,21.7000,21.7800,21.1900,21.3000,21.6500,742939,15888181.9800,1.244500,1,-1.616600,37.256608,1.109895,2.768022,5.535790,0
2023-09-22,sh.688184,21.3300,21.6100,21.1200,21.5900,21.3000,644628,13774130.0900,1.079800,1,1.361500,37.763858,1.125007,2.805708,5.611160,0
2023-09-25,sh.688184,21.7400,21.7400,21.4500,21.5900,21.5900,690617,14887745.2600,1.156800,1,0.000000,37.763858,1.125007,2.805708,5.611160,0
2023-09-26,sh.688184,21.4000,21.4800,21.2000,21.2900,21.5900,506114,10770820.9300,0.847800,1,-1.389500,37.239117,1.109374,2.766722,5.533191,0
2023-09-27,sh.688184,21.3300,21.9000,21.2900,21.5700,21.2900,506705,10955342.6200,0.848800,1,1.315200,37.728875,1.123965,2.803109,5.605962,0
2023-09-28,sh.688184,21.6400,21.8500,21.5900,21.7600,21.5700,360029,7817410.6500,0.603100,1,0.880900,38.061211,1.133865,2.827800,5.655343,0
2023-10-09,sh.688184,21.7700,21.7700,21.3200,21.5600,21.7600,426520,9166296.5900,0.714400,1,-0.919100,37.711384,1.123443,2.801810,5.603363,0
2023-10-10,sh.688184,21.5600,21.7400,21.3000,21.3100,21.5600,399751,8574556.8700,0.669600,1,-1.159600,37.274099,1.110417,2.769321,5.538389,0
2023-10-11,sh.688184,21.3100,21.6200,21.3100,21.4500,21.3100,292518,6282588.8000,0.490000,1,0.657000,37.518979,1.117712,2.787515,5.574775,0
2023-10-12,sh.688184,21.6500,22.2000,21.3300,21.9700,21.4500,668886,14623871.0800,1.120400,1,2.424200,38.428530,1.144808,2.855091,5.709921,0
2023-10-13,sh.688184,21.7100,21.8800,21.3300,21.4800,21.9700,579403,12447820.4600,0.970500,1,-2.230300,37.571453,1.119275,2.791413,5.582572,0
2023-10-16,sh.688184,21.4500,21.6000,21.1200,21.2100,21.4800,415435,8813899.3800,0.695900,1,-1.257000,37.099186,1.105206,2.756326,5.512400,0
2023-10-17,sh.688184,21.4200,21.4400,21.0500,21.1200,21.2100,333533,7063043.9500,0.558700,1,-0.424300,36.941764,1.100516,2.744630,5.489009,0
2023-10-18,sh.688184,21.1200,21.1200,20.5800,20.6600,21.1200,492972,10223830.8400,0.825800,1,-2.178000,36.137161,1.076546,2.684851,5.369457,0
2023-10-19,sh.688184,20.5000,20.9600,20.2500,20.2800,20.6600,651052,13384664.5000,1.090600,1,-1.839300,35.472489,1.056746,2.635468,5.270696,0
2023-10-20,sh.688184,20.2300,20.5200,20.0000,20.1000,20.2800,520752,10533854.6400,0.872300,1,-0.887600,35.157644,1.047366,2.612077,5.223915,0
2023-10-23,sh.688184,20.1700,20.2600,19.6200,19.6900,20.1000,594417,11809928.6500,0.995700,1,-2.039800,34.440498,1.026002,2.558796,5.117357,0
2023-10-24,sh.688184,19.7500,20.3500,19.6400,20.3200,19.6900,493823,9913300.7400,0.827200,1,3.199600,35.542454,1.058830,2.640667,5.281092,0
2023-10-25,sh.688184,20.4400,20.7800,20.3800,20.6000,20.3200,351692,7254265.1600,0.589100,1,1.378000,36.032213,1.073420,2.677054,5.353863,0
2023-10-26,sh.688184,20.5100,20.9300,20.1000,20.8800,20.6000,557380,11481119.1600,0.933600,1,1.359200,36.521971,1.088010,2.713441,5.426634,0
2023-10-27,sh.688184,20.9200,21.4200,20.5700,21.4100,20.8800,566419,11983230.8600,0.948800,1,2.538300,37.449013,1.115627,2.782316,5.564379,0
2023-10-30,sh.688184,21.4000,21.5000,21.0500,21.1500,21.4100,722969,15360910.0900,1.211000,1,-1.214400,55.366731,1.100717,3.057145,-3.238341,0
2023-10-31,sh.688184,21.1600,21.3100,20.9000,21.0200,21.1500,427767,8998796.0800,0.716500,1,-0.614700,55.026416,1.093951,3.038354,-3.218437,0
2023-11-01,sh.688184,21.1100,21.2100,20.9000,20.9400,21.0200,382295,8033362.5800,0.640400,1,-0.380600,54.816991,1.089788,3.026790,-3.206188,0
2023-11-02,sh.688184,20.9400,21.2600,20.8000,20.8600,20.9400,565090,11835056.4100,0.946600,1,-0.382000,54.607566,1.085624,3.015226,-3.193939,0
2023-11-03,sh.688184,20.8500,21.3000,20.7000,21.1500,20.8600,393107,8313195.1300,0.658500,1,1.390200,55.366731,1.100717,3.057145,-3.238341,0
2023-11-06,sh.688184,21.2500,21.8500,21.1500,21.8200,21.1500,673360,14591171.4200,1.127900,1,3.167800,57.120666,1.135586,3.153990,-3.340927,0
2023-11-07,sh.688184,21.8100,21.8700,21.5800,21.7200,21.8200,434625,9424664.9500,0.728000,1,-0.458300,56.858884,1.130382,3.139536,-3.325616,0
2023-11-08,sh.688184,21.7200,21.8900,21.4500,21.5800,21.7200,331406,7161868.1100,0.555100,1,-0.644600,56.492391,1.123096,3.119299,-3.304180,0
2023-11-09,sh.688184,21.6600,21.9600,21.5800,21.7500,21.5800,550285,11992532.2400,0.921800,1,0.787800,56.937419,1.131943,3.143872,-3.330209,0
2023-11-10,sh.688184,21.7000,21.8200,21.4900,21.6600,21.7500,356209,7718174.8300,0.596700,1,-0.413800,56.701816,1.127259,3.130863,-3.316429,0
2023-11-13,sh.688184,21.6600,21.9800,21.6500,21.9600,21.6600,530541,11569500.7900,0.888700,1,1.385000,57.487159,1.142872,3.174227,-3.362363,0
2023-11-14,sh.688184,21.9100,22.0800,21.7300,21.9000,21.9600,552897,12096290.5800,0.926100,1,-0.273200,57.330091,1.139749,3.165554,-3.353176,0
2023-11-15,sh.688184,22.0200,22.2300,22.0000,22.1400,21.9000,497786,11015633.7700,0.833800,1,1.095900,57.958366,1.152240,3.200245,-3.389923,0
2023-11-16,sh.688184,22.1200,22.1700,21.8000,21.8600,22.1400,390634,8581737.1700,0.654300,1,-1.264700,57.225378,1.137668,3.159772,-3.347052,0
2023-11-17,sh.688184,21.8200,22.0000,21.7000,21.9100,21.8600,257620,5625820.2500,0.431500,1,0.228700,57.356269,1.140270,3.167000,-3.354707,0
2023-11-20,sh.688184,22.0200,22.2500,21.7200,22.2100,21.9100,538543,11873553.6600,0.902100,1,1.369200,58.141612,1.155883,3.210363,-3.400641,0
2023-11-21,sh.688184,22.2100,22.3500,21.9900,22.0300,22.2100,513822,11380709.1000,0.860700,1,-0.810400,57.670406,1.146515,3.184345,-3.373081,0
2023-11-22,sh.688184,22.0400,22.0900,21.6900,21.7700,22.0300,278346,6085105.7100,0.466200,1,-1.180200,56.989775,1.132984,3.146763,-3.333271,0
2023-11-23,sh.688184,21.7800,21.9500,21.6900,21.8400,21.7700,358792,7823291.7600,0.601000,1,0.321500,57.173022,1.136627,3.156881,-3.343989,0
2023-11-24,sh.688184,21.8500,22.0500,21.5100,21.9300,21.8400,642158,13966141.5100,1.075700,1,0.412100,57.408625,1.141311,3.169890,-3.357770,0
2023-11-27,sh.688184,21.9400,21.9900,21.3100,21.3700,21.9300,901200,19338564.3800,1.509600,1,-2.553600,55.942650,1.112166,3.088945,-3.272026,0
2023-11-28,sh.688184,21.4800,21.8800,21.2500,21.7300,21.3700,775782,16796548.0700,1.299500,1,1.684600,56.885063,1.130902,3.140981,-3.327147,0
2023-11-29,sh.688184,21.5400,21.7300,21.3900,21.4200,21.7300,351456,7556006.8200,0.588700,1,-1.426600,56.073541,1.114769,3.096172,-3.279682,0
2023-11-30,sh.688184,21.2600,21.5400,21.0300,21.1900,21.4200,365122,7731741.1200,0.611600,1,-1.073800,55.471444,1.102799,3.062927,-3.244466,0
2023-12-01,sh.688184,21.0100,21.2800,20.8100,20.9700,21.1900,441498,9248201.0100,0.739500,1,-1.038200,54.895525,1.091349,3.031126,-3.210781,0
2023-12-04,sh.688184,21.1500,21.1500,20.7800,20.8100,20.9700,322257,6717327.2300,0.539800,1,-0.763000,54.476675,1.083022,3.007999,-3.186283,0
2023-12-05,sh.688184,20.9900,20.9900,20.5000,20.5200,20.8100,361833,7465550.7400,0.606100,1,-1.393600,53.717510,1.067930,2.966081,-3.141880,0
2023-12-06,sh.688184,20.4000,21.0900,20.2600,20.8300,20.5200,594766,12379170.9200,0.996300,1,1.510700,54.529031,1.084063,3.010890,-3.189345,0
2023-12-07,sh.688184,20.8300,20.8300,20.3800,20.4500,20.8300,460914,9434496.2400,0.772100,1,-1.824300,53.534263,1.064287,2.955963,-3.131162,0
2023-12-08,sh.688184,20.4500,20.6700,20.1000,20.1300,20.4500,440109,8939633.3100,0.737200,1,-1.564800,52.696563,1.047633,2.909708,-3.082166,0
2023-12-11,sh.688184,20.1800,20.4100,19.9700,20.3500,20.1300,582235,11737782.5100,0.975300,1,1.092900,53.272482,1.059082,2.941508,-3.115851,0
2023-12-12,sh.688184,20.3100,20.3200,19.8700,20.0800,20.3500,870541,17426028.7400,1.458200,1,-1.326800,52.565672,1.045030,2.902481,-3.074510,0
2023-12-13,sh.688184,19.9800,20.1300,19.8600,19.9500,20.0800,522006,10431852.3000,0.874400,1,-0.647400,52.225357,1.038265,2.883690,-3.054606,0
2023-12-14,sh.688184,20.1000,20.2700,19.7600,19.7700,19.9500,531942,10588243.0100,0.891000,1,-0.902300,51.754150,1.028897,2.857671,-3.027045,0
2023-12-15,sh.688184,19.8000,20.0200,19.7600,19.8800,19.7700,434522,8639595.4600,0.727900,1,0.556400,52.042110,1.034622,2.873571,-3.043888,0
2023-12-18,sh.688184,19.7000,19.8500,19.2000,19.2800,19.8800,794765,15426237.9300,1.331300,1,-3.018100,50.471422,1.003396,2.786844,-2.952020,0
2023-12-19,sh.688184,19.2500,19.4000,19.1700,19.2600,19.2800,569654,10976551.1200,0.954200,1,-0.103700,50.419066,1.002355,2.783953,-2.948958,0
2023-12-20,sh.688184,19.2500,19.3900,19.0300,19.1300,19.2600,732671,14094271.5800,1.227300,1,-0.675000,50.078750,0.995589,2.765162,-2.929053,0
2023-12-21,sh.688184,19.0100,19.3300,18.9000,18.9900,19.1300,1212248,23155805.9200,2.030600,1,-0.731800,49.712257,0.988303,2.744926,-2.907617,0
2023-12-22,sh.688184,19.0000,19.2200,18.6500,18.9800,18.9900,918677,17399491.6900,1.538800,1,-0.052700,49.686079,0.987783,2.743480,-2.906086,0
2023-12-25,sh.688184,18.9000,19.1100,18.7900,18.9000,18.9800,421576,7974832.9000,0.706200,1,-0.421500,49.476654,0.983619,2.731917,-2.893837,0
2023-12-26,sh.688184,18.8000,18.8600,18.3700,18.4600,18.9000,758695,14071438.8100,1.270900,1,-2.328000,48.324816,0.960720,2.668316,-2.826467,0
2023-12-27,sh.688184,18.5400,18.5600,18.3600,18.4800,18.4600,332598,6137415.4800,0.557100,1,0.108300,48.377172,0.961761,2.671207,-2.829529,0
2023-12-28,sh.688184,18.5600,19.8100,18.4700,19.6100,18.4800,1667966,32311917.6900,2.793900,1,6.114700,51.335300,1.020570,2.834544,-3.002547,0
2023-12-29,sh.688184,19.7100,19.7100,19.3800,19.4600,19.6100,669399,13042191.4400,1.121300,1,-0.764900,50.942629,1.012764,2.812862,-2.979580,0
2024-01-02,sh.688184,19.4700,19.6900,19.3200,19.5100,19.4600,645990,12598296.0800,1.082100,1,0.256900,51.073519,1.015366,2.820089,-2.987236,0
2024-01-03,sh.688184,19.4500,19.5700,19.1700,19.3200,19.5100,384135,7426048.3000,0.643400,1,-0.973900,50.576135,1.005478,2.792626,-2.958144,0
2024-01-04,sh.688184,19.3100,19.3500,19.0900,19.1900,19.3200,412600,7922087.2100,0.691100,1,-0.672900,50.235819,0.998712,2.773835,-2.938240,0
2024-01-05,sh.688184,19.2200,19.6400,19.0300,19.1600,19.1900,688791,13361785.9200,1.153800,1,-0.156300,50.157285,0.997151,2.769498,-2.933646,0
2024-01-08,sh.688184,19.0600,19.4400,18.7800,18.7800,19.1600,480690,9159973.5800,0.805200,1,-1.983300,49.162516,0.977374,2.714571,-2.875463,0
2024-01-09,sh.688184,18.7800,19.4000,18.7800,19.0400,18.7800,511387,9755734.4700,0.856600,1,1.384500,49.843147,0.990905,2.752153,-2.915273,0
2024-01-10,sh.688184,19.4100,19.4100,18.7300,19.1200,19.0400,473879,9075636.8000,0.793800,1,0.420200,50.052572,0.995069,2.763717,-2.927522,0
2024-01-11,sh.688184,19.2000,19.7000,18.9900,19.5100,19.1200,656622,12737438.3700,1.099900,1,2.039700,51.073519,1.015366,2.820089,-2.987236,0
2024-01-12,sh.688184,19.6700,19.8400,19.3600,19.3800,19.5100,493670,9688979.0000,0.826900,1,-0.666300,50.733204,1.008600,2.801299,-2.967331,0
2024-01-15,sh.688184,19.3800,19.3800,19.0100,19.1600,19.3800,368851,7079968.4700,0.617800,1,-1.135200,50.157285,0.997151,2.769498,-2.933646,0
2024-01-16,sh.688184,19.1600,19.4000,18.8200,19.1200,19.1600,424702,8085629.7900,0.711400,1,-0.208800,50.052572,0.995069,2.763717,-2.927522,0
2024-01-17,sh.688184,19.0900,19.3800,18.9300,19.2000,19.1200,673851,12871609.1900,1.128700,1,0.418400,50.261997,0.999232,2.775280,-2.939771,0
2024-01-18,sh.688184,19.1000,19.4800,18.6500,19.4800,19.2000,1392444,26460250.7200,2.332400,1,1.458300,50.994985,1.013804,2.815753,-2.982643,0
2024-01-19,sh.688184,19.4800,19.8000,18.7100,18.7100,19.4800,1373361,26486111.3000,2.300500,1,-3.952800,48.979269,0.973731,2.704453,-2.864745,0
2024-01-22,sh.688184,18.7100,18.9000,17.4200,17.5100,18.7100,1038672,18743004.4200,1.739800,1,-6.413700,45.837894,0.911279,2.530998,-2.681010,0
2024-01-23,sh.688184,17.4900,17.8000,17.1500,17.6900,17.5100,524655,9189772.2200,0.878800,1,1.028000,46.309101,0.920647,2.557016,-2.708570,0
2024-01-24,sh.688184,17.5600,18.0000,17.2400,17.9900,17.6900,489939,8654450.2200,0.820700,1,1.695900,47.094444,0.936260,2.600380,-2.754504,0
2024-01-25,sh.688184,18.1500,19.2700,17.8800,19.1400,17.9900,1078122,20289091.1100,1.805900,1,6.392400,50.104929,0.996110,2.766608,-2.930584,0
2024-01-26,sh.688184,19.2000,19.2000,18.6800,18.7000,19.1400,536401,10119650.3000,0.898500,1,-2.298900,48.953091,0.973211,2.703007,-2.863214,0
2024-01-29,sh.688184,18.7600,18.8900,18.2900,18.7000,18.7000,665346,12357770.9300,1.114500,1,0.000000,48.953091,0.973211,2.703007,-2.863214,0
2024-01-30,sh.688184,18.7100,18.9600,18.3000,18.5500,18.7000,563671,10496556.6400,0.944200,1,-0.802100,48.560419,0.965404,2.681325,-2.840247,0
2024-01-31,sh.688184,18.6000,18.9200,17.8200,18.0000,18.5500,902766,16547382.9300,1.512200,1,-2.965000,47.120622,0.936780,2.601825,-2.756035,0
2024-02-01,sh.688184,17.7200,18.2300,17.4000,18.0800,18.0000,565663,10144053.1200,0.947500,1,0.444400,47.330047,0.940944,2.613389,-2.768284,0
2024-02-02,sh.688184,18.0600,18.2300,17.0800,17.4700,18.0800,1054318,18509067.3900,1.766000,1,-3.373900,45.733182,0.909197,2.525216,-2.674885,0
2024-02-05,sh.688184,17.3100,17.5000,15.9000,17.2000,17.4700,934711,15788442.1000,1.565700,1,-1.545500,45.026373,0.895146,2.486189,-2.633545,0
2024-02-06,sh.688184,17.1000,17.5400,16.3500,17.2900,17.2000,879597,15031983.4900,1.473400,1,0.523300,45.261976,0.899830,2.499198,-2.647325,0
2024-02-07,sh.688184,17.0200,17.3500,16.4500,16.8900,17.2900,1104119,18627981.1200,1.849500,1,-2.313500,44.214851,0.879012,2.441379,-2.586080,0
2024-02-08,sh.688184,16.9000,17.7000,16.8100,17.6700,16.8900,1443465,24778399.7200,2.417900,1,4.618100,46.256744,0.919606,2.554125,-2.705508,0
2024-02-19,sh.688184,17.9400,17.9400,17.4300,17.7000,17.6700,629195,11079952.9800,1.053900,1,0.169800,46.335279,0.921167,2.558461,-2.710101,0
2024-02-20,sh.688184,17.6000,17.8600,17.3500,17.8000,17.7000,407900,7203209.4000,0.683300,1,0.565000,46.597060,0.926372,2.572916,-2.725413,0
2024-02-21,sh.688184,17.7500,18.7000,17.6200,18.4400,17.8000,970544,17706700.1900,1.625700,1,3.595500,48.272460,0.959679,2.665425,-2.823405,0
2024-02-22,sh.688184,18.2700,18.8500,18.2500,18.5500,18.4400,2000148,37023724.8700,3.350400,1,0.596500,48.560419,0.965404,2.681325,-2.840247,0
2024-02-23,sh.688184,18.6700,18.6700,18.0900,18.4600,18.5500,832564,15264631.2200,1.394600,1,-0.485200,48.324816,0.960720,2.668316,-2.826467,0
2024-02-26,sh.688184,18.3500,18.6500,18.3500,18.4000,18.4600,654142,12084161.5600,1.095700,1,-0.325000,48.167747,0.957598,2.659644,-2.817280,0
2024-02-27,sh.688184,18.3000,18.6400,18.2200,18.5600,18.4000,733761,13540829.0900,1.229100,1,0.869600,48.586597,0.965925,2.682771,-2.841779,0
2024-02-28,sh.688184,18.5600,18.8500,17.7100,17.7100,18.5600,1273527,23522522.7500,2.133200,1,-4.579700,149.355214,0.921688,2.223757,-2.711632,0
2024-02-29,sh.688184,17.7100,18.1400,17.5500,18.0600,17.7100,756939,13503837.5000,1.267900,1,1.976300,152.306898,0.939903,2.267705,-2.765222,0
2024-03-01,sh.688184,18.0600,18.1400,17.8400,17.9000,18.0600,429537,7711649.0600,0.719500,1,-0.885900,150.957557,0.931576,2.247614,-2.740724,0
2024-03-04,sh.688184,18.1000,18.7900,18.0600,18.4700,17.9000,912378,16787867.6500,1.528300,1,3.184400,155.764585,0.961241,2.319186,-2.827998,0
2024-03-05,sh.688184,18.4700,18.4700,18.0100,18.0600,18.4700,478854,8700277.6900,0.802100,1,-2.219800,152.306898,0.939903,2.267705,-2.765222,0
2024-03-06,sh.688184,17.9800,18.2300,17.9000,18.0500,18.0600,403541,7293024.8000,0.676000,1,-0.055400,152.222564,0.939382,2.266449,-2.763691,0
2024-03-07,sh.688184,18.4100,18.4100,17.8000,17.8200,18.0500,393699,7082240.5600,0.659500,1,-1.274200,150.282886,0.927413,2.237569,-2.728475,0
2024-03-08,sh.688184,17.7200,17.9800,17.6800,17.9600,17.8200,379829,6770835.8300,0.636200,1,0.785600,151.463560,0.934699,2.255148,-2.749911,0
2024-03-11,sh.688184,18.0300,18.9500,17.9500,18.8000,17.9600,1923524,35681007.8600,3.146100,1,4.677100,158.547601,0.978415,2.360623,-2.878526,0
2024-03-12,sh.688184,18.7100,18.7800,18.3100,18.5300,18.8000,958107,17715840.8500,1.567100,1,-1.436200,156.270588,0.964363,2.326720,-2.837185,0
2024-03-13,sh.688184,18.4200,18.6900,18.2800,18.4300,18.5300,840949,15460679.1300,1.375500,1,-0.539700,155.427250,0.959159,2.314164,-2.821874,0
2024-03-14,sh.688184,18.3100,18.5200,18.0000,18.2000,18.4300,671304,12241015.6700,1.098000,1,-1.248000,153.487572,0.947189,2.285284,-2.786658,0
2024-03-15,sh.688184,18.2000,18.3700,18.0300,18.3600,18.2000,366643,6675653.0900,0.599700,1,0.879100,154.836913,0.955516,2.305374,-2.811156,0
2024-03-18,sh.688184,18.3000,18.5800,18.3000,18.5300,18.3600,730792,13473704.7400,1.195300,1,0.925900,156.270588,0.964363,2.326720,-2.837185,0
2024-03-19,sh.688184,18.4600,18.6800,18.4100,18.5500,18.5300,777359,14399192.6000,1.271500,1,0.107900,156.439256,0.965404,2.329231,-2.840247,0
2024-03-20,sh.688184,18.4200,18.6300,18.3600,18.6100,18.5500,509917,9449349.5500,0.834000,1,0.323500,156.945259,0.968527,2.336765,-2.849434,0
2024-03-21,sh.688184,18.6500,18.6500,18.3300,18.5100,18.6100,496414,9172194.1100,0.811900,1,-0.537300,156.101920,0.963322,2.324209,-2.834123,0
2024-03-22,sh.688184,18.5000,18.5800,18.1000,18.1500,18.5100,486633,8875044.9200,0.795900,1,-1.944900,153.065902,0.944587,2.279005,-2.779002,0
2024-03-25,sh.688184,18.2000,18.2000,17.8200,17.8600,18.1500,383195,6886163.8700,0.626800,1,-1.597800,150.620221,0.929494,2.242592,-2.734599,0
2024-03-26,sh.688184,17.8600,18.0800,17.7000,17.9300,17.8600,342793,6135204.2500,0.560700,1,0.391900,151.210558,0.933137,2.251381,-2.745317,0
2024-03-27,sh.688184,17.9100,17.9800,17.4000,17.5600,17.9300,398084,7029044.1500,0.651100,1,-2.063600,148.090206,0.913881,2.204922,-2.688665,0
2024-03-28,sh.688184,17.4200,17.8200,17.2500,17.6500,17.5600,269382,4756577.5100,0.440600,1,0.512500,148.849211,0.918565,2.216223,-2.702446,0
2024-03-29,sh.688184,17.5900,17.8300,17.5100,17.6900,17.6500,233041,4125921.9500,0.381200,1,0.226600,149.186546,0.920647,2.221246,-2.708570,0
2024-04-01,sh.688184,17.6100,18.1600,17.6100,18.0300,17.6900,361442,6516775.0000,0.591200,1,1.922000,152.053896,0.938342,2.263938,-2.760629,0
2024-04-02,sh.688184,18.0000,18.2900,17.9500,18.1600,18.0300,737444,13378177.6100,1.206200,1,0.721000,153.150236,0.945107,2.280261,-2.780533,0
2024-04-03,sh.688184,18.2100,18.4600,18.0500,18.0600,18.1600,413641,7515343.8800,0.676600,1,-0.550700,152.306898,0.939903,2.267705,-2.765222,0
2024-04-08,sh.688184,17.9500,18.1500,17.4500,17.4500,18.0600,429836,7647208.8600,0.703000,1,-3.377600,147.162534,0.908156,2.191110,-2.671823,0
2024-04-09,sh.688184,17.4400,18.2900,17.4400,18.1700,17.4500,717358,12915102.5500,1.173300,1,4.126100,153.234570,0.945628,2.281517,-2.782064,0
2024-04-10,sh.688184,18.2400,18.2400,17.5900,17.7500,18.1700,501525,8939322.9500,0.820300,1,-2.311500,149.692549,0.923769,2.228779,-2.717757,0
2024-04-11,sh.688184,17.6500,18.0500,17.5600,17.6000,17.7500,492324,8754955.6800,0.805200,1,-0.845100,148.427542,0.915963,2.209945,-2.694790,0
2024-04-12,sh.688184,17.6000,17.7400,17.1000,17.2200,17.6000,484826,8406740.0400,0.793000,1,-2.159100,145.222856,0.896186,2.162230,-2.636607,0
2024-04-15,sh.688184,17.0100,17.4800,16.3200,16.6100,17.2200,640585,10780795.9900,1.047700,1,-3.542400,140.078492,0.864440,2.085635,-2.543208,0
2024-04-16,sh.688184,16.6100,16.6200,15.7000,15.7100,16.6100,714463,11390911.1200,1.168600,1,-5.418400,132.488448,0.817601,1.972627,-2.405406,0
2024-04-17,sh.688184,15.9600,16.7200,15.8800,16.6000,15.7100,568382,9354902.2200,0.929600,1,5.665200,139.994159,0.863920,2.084380,-2.541677,0
2024-04-18,sh.688184,16.6200,16.8500,16.4800,16.4900,16.6000,207736,3460652.8600,0.339800,1,-0.662700,139.066487,0.858195,2.070567,-2.524834,0
2024-04-19,sh.688184,16.3000,16.5600,16.0300,16.0900,16.4900,292852,4740788.5300,0.479000,1,-2.425700,135.693133,0.837378,2.020341,-2.463589,0
2024-04-22,sh.688184,16.0900,16.3600,15.9000,16.2600,16.0900,137029,2215486.5300,0.224100,1,1.056600,137.126808,0.846225,2.041688,-2.489618,0
2024-04-23,sh.688184,16.3300,16.3300,16.0400,16.2800,16.2600,270381,4374686.2600,0.442200,1,0.123000,137.295476,0.847266,2.044199,-2.492681,0
2024-04-24,sh.688184,16.3800,16.3800,16.1600,16.2800,16.2800,271573,4406368.0800,0.444200,1,0.000000,137.295476,0.847266,2.044199,-2.492681,0
2024-04-25,sh.688184,16.2800,16.4400,16.2000,16.2800,16.2800,266181,4339337.0100,0.435400,1,0.000000,137.295476,0.847266,2.044199,-2.492681,0
2024-04-26,sh.688184,16.1600,16.4000,16.1600,16.3800,16.2800,349143,5691966.0600,0.571100,1,0.614300,138.138814,0.852470,2.056755,-2.507992,0
2024-04-29,sh.688184,15.4800,16.3800,15.2000,16.3000,16.3800,1608021,25340575.7600,2.630100,1,-0.488400,-18.083818,0.900231,1.992342,-3.680057,0
2024-04-30,sh.688184,16.1300,16.3200,15.8800,15.9200,16.3000,737530,11801841.7300,1.206300,1,-2.331300,-17.662232,0.879244,1.945895,-3.594264,0
2024-05-06,sh.688184,15.8900,16.3100,15.8800,16.2800,15.9200,551117,8941064.6500,0.901400,1,2.261300,-18.061629,0.899127,1.989897,-3.675541,0
2024-05-07,sh.688184,16.2800,16.5000,16.2500,16.4900,16.2800,359122,5890055.7300,0.587400,1,1.289900,-18.294611,0.910725,2.015566,-3.722953,0
2024-05-08,sh.688184,16.5800,16.5800,16.0900,16.2200,16.4900,395727,6463138.0900,0.647300,1,-1.637400,-17.995063,0.895813,1.982564,-3.661995,0
2024-05-09,sh.688184,16.3000,17.5000,16.3000,17.0000,16.2200,1545215,26333536.6400,2.527400,1,4.808900,-18.860424,0.938892,2.077903,-3.838096,0
2024-05-10,sh.688184,17.1000,17.1000,16.4200,16.5000,17.0000,745792,12388708.7300,1.219800,1,-2.941200,-18.305705,0.911277,2.016788,-3.725211,0
2024-05-13,sh.688184,16.5200,16.6600,16.0200,16.0300,16.5000,511744,8270774.4200,0.837000,1,-2.848500,-17.784270,0.885320,1.959340,-3.619099,0
2024-05-14,sh.688184,16.2400,16.2800,16.0000,16.0800,16.0300,277355,4455912.4800,0.453600,1,0.311900,-17.839742,0.888081,1.965452,-3.630387,0
2024-05-15,sh.688184,16.0800,16.0800,15.8300,15.8800,16.0800,225814,3597739.4900,0.369300,1,-1.243800,-17.617855,0.877035,1.941006,-3.585233,0
2024-05-16,sh.688184,15.8800,16.1000,15.8800,16.0300,15.8800,263362,4214860.8300,0.430800,1,0.944600,-17.784270,0.885320,1.959340,-3.619099,0
2024-05-17,sh.688184,16.0300,16.1600,15.8000,16.0800,16.0300,347746,5558761.5700,0.568800,1,0.311900,-17.839742,0.888081,1.965452,-3.630387,0
2024-05-20,sh.688184,16.0300,16.1600,15.9000,15.9400,16.0800,421328,6759025.6300,0.689100,1,-0.870600,-17.684421,0.880349,1.948339,-3.598779,0
2024-05-21,sh.688184,16.0000,16.1200,15.6600,15.7100,15.9400,380689,6024025.8300,0.622700,1,-1.442900,-17.429250,0.867646,1.920227,-3.546852,0
2024-05-22,sh.688184,15.7600,15.8700,15.7100,15.8600,15.7100,220493,3482311.1300,0.360600,1,0.954800,-17.595666,0.875931,1.938561,-3.580718,0
2024-05-23,sh.688184,15.8600,15.8600,15.5900,15.5900,15.8600,237530,3717238.8400,0.388500,1,-1.702400,-17.296118,0.861019,1.905559,-3.519760,0
2024-05-24,sh.688184,15.5100,15.7700,15.5100,15.5100,15.5900,182320,2840312.6800,0.298200,1,-0.513100,-17.207363,0.856601,1.895781,-3.501698,0
2024-05-27,sh.688184,15.5000,15.6200,15.3300,15.4100,15.5100,188031,2896636.8300,0.307500,1,-0.644700,-17.096419,0.851078,1.883558,-3.479121,0
2024-05-28,sh.688184,15.3100,15.5200,15.3000,15.4600,15.4100,149113,2294377.3600,0.243900,1,0.324500,-17.151891,0.853839,1.889669,-3.490409,0
2024-05-29,sh.688184,15.4900,15.6500,15.4700,15.5800,15.4600,175948,2739660.9800,0.287800,1,0.776200,-17.285024,0.860467,1.904337,-3.517502,0
2024-05-30,sh.688184,15.5800,15.6900,15.5200,15.5500,15.5800,202279,3156697.1100,0.330800,1,-0.192600,-17.251741,0.858810,1.900670,-3.510729,0
2024-05-31,sh.688184,15.5000,15.6600,15.4600,15.5600,15.5500,138077,2152942.5900,0.225800,1,0.064300,-17.262835,0.859362,1.901892,-3.512986,0
2024-06-03,sh.688184,15.5500,15.5500,14.1800,14.4500,15.5600,1246144,18103214.3400,2.038200,1,-7.133700,-16.031360,0.798058,1.766217,-3.262381,0
2024-06-04,sh.688184,14.2100,14.3400,14.0300,14.1000,14.4500,516306,7287347.6200,0.844500,1,-2.422100,-15.643057,0.778728,1.723437,-3.183362,0
2024-06-05,sh.688184,14.0100,14.1500,13.6000,13.7500,14.1000,473357,6569160.7400,0.774200,1,-2.482300,-15.254755,0.759398,1.680657,-3.104342,0
2024-06-06,sh.688184,13.8100,13.8200,12.4800,12.6600,13.7500,1291562,16655880.4700,2.112500,1,-7.927300,-14.045469,0.699198,1.547426,-2.858252,0
2024-06-07,sh.688184,12.6700,12.9700,12.6700,12.8400,12.6600,444132,5697417.0800,0.726400,1,1.421800,-14.245167,0.709139,1.569428,-2.898891,0
2024-06-11,sh.688184,12.8100,13.0900,12.5500,13.0100,12.8400,373492,4796416.1000,0.610900,1,1.324000,-14.433771,0.718528,1.590207,-2.937272,0
2024-06-12,sh.688184,13.0600,13.1000,12.8700,12.9000,13.0100,333388,4329851.1000,0.545300,1,-0.845500,-14.311733,0.712453,1.576761,-2.912437,0
2024-06-13,sh.688184,12.9000,13.3200,12.7100,13.1700,12.9000,587553,7668364.3800,0.961000,1,2.093000,-14.611281,0.727365,1.609763,-2.973395,0
2024-06-14,sh.688184,13.1200,13.1600,12.9400,13.0900,13.1700,275547,3590165.0500,0.450700,1,-0.607400,-14.522526,0.722947,1.599985,-2.955334,0
2024-06-17,sh.688184,12.9500,13.0900,12.8900,12.9900,13.0900,251207,3261627.2900,0.410900,1,-0.763900,-14.411583,0.717424,1.587762,-2.932757,0
2024-06-18,sh.688184,12.9800,13.1300,12.9400,13.0100,12.9900,266163,3472103.2500,0.435300,1,0.154000,-14.433771,0.718528,1.590207,-2.937272,0
2024-06-19,sh.688184,13.0700,13.0700,12.7100,12.7200,13.0100,272132,3482123.3600,0.445100,1,-2.229100,-14.112035,0.702512,1.554760,-2.871799,0
2024-06-20,sh.688184,12.7200,13.2600,12.7000,12.9700,12.7200,559363,7282355.9500,0.914900,1,1.965400,-14.389394,0.716319,1.585318,-2.928241,0
2024-06-21,sh.688184,12.9700,13.0500,12.8500,12.8500,12.9700,200876,2601257.6000,0.328600,1,-0.925200,-14.256262,0.709692,1.570650,-2.901149,0
2024-06-24,sh.688184,12.8500,12.8500,12.2700,12.3800,12.8500,433164,5389099.5500,0.708500,1,-3.657600,-13.734826,0.683734,1.513202,-2.795037,0
2024-06-25,sh.688184,12.3700,12.5000,12.1500,12.2400,12.3800,261119,3219622.7300,0.274900,1,-1.130900,-13.579505,0.676002,1.496090,-2.763429,0
2024-06-26,sh.688184,12.2400,12.8000,12.1200,12.7200,12.2400,525576,6608805.7200,0.553200,1,3.921600,-14.112035,0.702512,1.554760,-2.871799,0
2024-06-27,sh.688184,12.7300,12.8500,12.2700,12.3500,12.7200,327754,4100393.5200,0.345000,1,-2.908800,-13.701543,0.682077,1.509535,-2.788264,0
2024-06-28,sh.688184,12.3100,12.4800,12.1000,12.1700,12.3500,448696,5509824.7100,0.472300,1,-1.457500,-13.501845,0.672136,1.487534,-2.747625,0
2024-07-01,sh.688184,12.2100,12.3500,11.9800,12.1900,12.1700,303532,3688612.5200,0.319500,1,0.164300,-13.524033,0.673241,1.489979,-2.752140,0
2024-07-02,sh.688184,12.2300,12.3400,12.1500,12.2300,12.1900,231207,2826870.1100,0.243400,1,0.328100,-13.568411,0.675450,1.494868,-2.761171,0
2024-07-03,sh.688184,12.1800,12.3300,11.9900,12.2600,12.2300,231061,2827210.0300,0.243200,1,0.245300,-13.601694,0.677107,1.498535,-2.767944,0
2024-07-04,sh.688184,12.3200,12.3500,11.7000,11.7100,12.2600,504185,6011656.9900,0.530700,1,-4.486100,-12.991504,0.646731,1.431308,-2.643771,0
2024-07-05,sh.688184,11.7100,11.8800,11.6400,11.8300,11.7100,213530,2514929.3400,0.224800,1,1.024800,-13.124636,0.653358,1.445976,-2.670863,0
2024-07-08,sh.688184,11.8500,11.8600,11.4900,11.5200,11.8300,223505,2609145.4200,0.235300,1,-2.620500,-12.780711,0.636237,1.408085,-2.600874,0
2024-07-09,sh.688184,11.5200,11.8700,11.3000,11.7600,11.5200,410914,4764399.0000,0.432500,1,2.083300,-13.046976,0.649492,1.437420,-2.655059,0
2024-07-10,sh.688184,11.8700,12.0300,11.7500,11.7500,11.7600,234878,2792610.3500,0.247200,1,-0.085000,-13.035881,0.648940,1.436197,-2.652801,0
2024-07-11,sh.688184,12.0500,12.7800,11.9700,12.6700,11.7500,929872,11539753.7900,0.978800,1,7.829800,-14.056563,0.699750,1.548649,-2.860510,0
2024-07-12,sh.688184,12.6000,13.2500,12.3700,12.9800,12.6700,1078420,13779035.3700,1.135100,1,2.446700,-14.400488,0.716871,1.586540,-2.930499,0
2024-07-15,sh.688184,12.9000,13.0600,12.6700,12.7600,12.9800,515720,6602081.8000,0.542800,1,-1.694900,-14.156412,0.704721,1.559649,-2.880830,0
2024-07-16,sh.688184,12.7600,13.0700,12.7100,12.8800,12.7600,231392,2983936.8300,0.243600,1,0.940400,-14.289545,0.711348,1.574317,-2.907922,0
2024-07-17,sh.688184,12.8800,12.8800,12.5500,12.5900,12.8800,326608,4161236.4400,0.343800,1,-2.251600,-13.967808,0.695332,1.538870,-2.842449,0
2024-07-18,sh.688184,12.6200,12.6200,12.1500,12.1800,12.5900,314888,3867140.6000,0.331500,1,-3.256600,-13.512939,0.672688,1.488756,-2.749883,0
2024-07-19,sh.688184,12.1900,12.2600,12.0000,12.1500,12.1800,285167,3453850.4100,0.300200,1,-0.246300,-13.479656,0.671031,1.485089,-2.743110,0
2024-07-22,sh.688184,12.1100,12.2400,12.0400,12.1000,12.1500,234177,2835187.9500,0.246500,1,-0.411500,-13.424184,0.668270,1.478978,-2.731821,0
2024-07-23,sh.688184,12.0400,12.2000,11.9500,11.9500,12.1000,241475,2920026.9700,0.254200,1,-1.239700,-13.257768,0.659986,1.460643,-2.697956,0
2024-07-24,sh.688184,12.0100,12.0100,11.7900,11.8300,11.9500,277336,3300166.0800,0.291900,1,-1.004200,-13.124636,0.653358,1.445976,-2.670863,0
2024-07-25,sh.688184,11.7800,12.0300,11.7700,12.0200,11.8300,182761,2182020.0900,0.192400,1,1.606100,-13.335429,0.663852,1.469199,-2.713759,0
2024-07-26,sh.688184,11.9900,12.1100,11.9000,12.0400,12.0200,177183,2133637.6400,0.186500,1,0.166400,-13.357618,0.664956,1.471644,-2.718275,0
2024-07-29,sh.688184,12.1400,12.2400,12.0200,12.1300,12.0400,184577,2235530.0700,0.194300,1,0.747500,-13.457467,0.669927,1.482645,-2.738594,0
2024-07-30,sh.688184,12.1300,12.3600,12.0600,12.2000,12.1300,212855,2610357.7400,0.224100,1,0.577100,-13.535128,0.673793,1.491201,-2.754398,0
2024-07-31,sh.688184,12.1800,12.5700,12.1000,12.5400,12.2000,587505,7268570.4600,0.618400,1,2.786900,-13.912336,0.692571,1.532759,-2.831160,0
2024-08-01,sh.688184,12.4300,12.6000,12.4100,12.4800,12.5400,187864,2343344.1000,0.197700,1,-0.478500,-13.845770,0.689257,1.525425,-2.817614,0
2024-08-02,sh.688184,12.4000,12.5100,12.2100,12.2100,12.4800,200418,2476148.2900,0.211000,1,-2.163500,-13.546222,0.674345,1.492423,-2.756656,0
2024-08-05,sh.688184,12.2100,12.3600,11.9400,12.0900,12.2100,215299,2617768.8400,0.226600,1,-0.982800,-13.413090,0.667718,1.477756,-2.729563,0
2024-08-06,sh.688184,12.0600,12.2500,12.0000,12.1900,12.0900,193424,2348720.9600,0.203600,1,0.827100,-13.524033,0.673241,1.489979,-2.752140,0
2024-08-07,sh.688184,12.1000,12.2000,12.0000,12.0600,12.1900,95321,1154521.9200,0.100300,1,-1.066400,-13.379807,0.666061,1.474089,-2.722790,0
2024-08-08,sh.688184,12.2700,12.4600,12.0800,12.2300,12.0600,317469,3890452.8600,0.334200,1,1.409600,-13.568411,0.675450,1.494868,-2.761171,0
2024-08-09,sh.688184,12.2400,12.3000,12.0100,12.0700,12.2300,170601,2071758.6400,0.179600,1,-1.308300,-13.390901,0.666613,1.475311,-2.725048,0
2024-08-12,sh.688184,12.1300,12.1300,12.0000,12.0100,12.0700,98777,1188635.7700,0.104000,1,-0.497100,-13.324335,0.663299,1.467977,-2.711502,0
2024-08-13,sh.688184,12.0500,12.0900,11.8800,12.0800,12.0100,145133,1742113.9600,0.152800,1,0.582800,-13.401995,0.667165,1.476533,-2.727306,0
2024-08-14,sh.688184,12.0300,12.1000,11.9100,11.9100,12.0800,115058,1380900.7700,0.121100,1,-1.407300,-13.213391,0.657776,1.455754,-2.688925,0
2024-08-15,sh.688184,11.9000,12.0800,11.8400,11.9400,11.9100,144674,1726936.9100,0.152300,1,0.251900,-13.246674,0.659433,1.459421,-2.695698,0
2024-08-16,sh.688184,11.9800,12.0600,11.9000,11.9100,11.9400,101902,1218952.1300,0.107300,1,-0.251300,-13.213391,0.657776,1.455754,-2.688925,0
2024-08-19,sh.688184,11.9400,12.0200,11.7600,11.7700,11.9100,124907,1479846.9800,0.131500,1,-1.175500,-13.058070,0.650044,1.438642,-2.657317,0
2024-08-20,sh.688184,11.9000,11.9000,11.6200,11.7400,11.7700,197851,2318853.5200,0.208300,1,-0.254900,-13.024787,0.648388,1.434975,-2.650544,0
2024-08-21,sh.688184,11.6300,11.8500,11.6000,11.7700,11.7400,76841,901964.3700,0.080900,1,0.255500,-13.058070,0.650044,1.438642,-2.657317,0
2024-08-22,sh.688184,11.6800,11.8200,11.5900,11.6200,11.7700,99229,1160045.6200,0.104400,1,-1.274400,-12.891654,0.641760,1.420308,-2.623451,0
2024-08-23,sh.688184,11.5500,11.5800,11.1200,11.1900,11.6200,299303,3386526.6900,0.315000,1,-3.700500,-12.414597,0.618012,1.367749,-2.526370,0
2024-08-26,sh.688184,11.2500,11.8400,11.2100,11.6600,11.1900,589399,6863395.0300,0.620400,1,4.200200,-12.936032,0.643969,1.425197,-2.632482,0
2024-08-27,sh.688184,11.6000,11.6600,11.2700,11.3000,11.6600,304641,3481574.2400,0.320700,1,-3.087500,-12.536635,0.624087,1.381194,-2.551205,0
2024-08-28,sh.688184,11.1800,11.6500,11.1300,11.2800,11.3000,486621,5537282.6800,0.512200,1,-0.177000,-4.430189,0.688409,1.280545,-3.307034,0
2024-08-29,sh.688184,11.2800,11.8000,11.1800,11.6200,11.2800,589186,6819658.6600,0.620200,1,3.014200,-4.563723,0.709159,1.319143,-3.406714,0
2024-08-30,sh.688184,11.5700,11.7500,11.3800,11.6200,11.6200,702062,8129920.8600,0.739000,1,0.000000,-4.563723,0.709159,1.319143,-3.406714,0
2024-09-02,sh.688184,11.6000,11.6800,11.4000,11.4100,11.6200,422275,4880384.5100,0.416800,1,-1.807200,-4.481246,0.696343,1.295303,-3.345147,0
2024-09-03,sh.688184,11.4500,11.6100,11.3900,11.5000,11.4100,294007,3382206.7400,0.290200,1,0.788800,-4.516593,0.701836,1.305520,-3.371533,0
2024-09-04,sh.688184,11.5000,11.6000,11.3300,11.4200,11.5000,271477,3109233.9100,0.268000,1,-0.695700,-4.485173,0.696953,1.296438,-3.348078,0
2024-09-05,sh.688184,11.4700,11.5500,11.3900,11.4100,11.4200,239178,2734278.0400,0.236100,1,-0.087600,-4.481246,0.696343,1.295303,-3.345147,0
2024-09-06,sh.688184,11.4300,11.4300,11.1200,11.3200,11.4100,368651,4142275.1000,0.363900,1,-0.788800,-4.445898,0.690851,1.285086,-3.318761,0
2024-09-09,sh.688184,11.2000,11.3500,11.1400,11.2400,11.3200,158957,1789537.2200,0.156900,1,-0.706700,-4.414479,0.685968,1.276004,-3.295307,0
2024-09-10,sh.688184,11.2200,11.3500,11.1500,11.3500,11.2400,253989,2861388.8300,0.250700,1,0.978600,-4.457681,0.692681,1.288491,-3.327556,0
2024-09-11,sh.688184,11.3300,11.4900,11.2600,11.4000,11.3500,293502,3345177.6400,0.289700,1,0.440500,-4.477318,0.695733,1.294168,-3.342215,0
2024-09-12,sh.688184,11.4400,11.5800,11.3100,11.3400,11.4000,235870,2691972.4700,0.232800,1,-0.526300,-4.453753,0.692071,1.287356,-3.324624,0
2024-09-13,sh.688184,11.3600,11.3600,11.1200,11.1400,11.3400,276571,3102038.6000,0.273000,1,-1.763700,-4.375204,0.679865,1.264652,-3.265989,0
2024-09-18,sh.688184,11.1800,11.2500,10.9400,10.9900,11.1400,194320,2147585.1900,0.191800,1,-1.346500,-4.316292,0.670711,1.247623,-3.222012,0
2024-09-19,sh.688184,11.0200,11.2200,10.9100,11.0900,10.9900,152745,1695336.6100,0.148700,1,0.909900,-4.355567,0.676814,1.258975,-3.251330,0
2024-09-20,sh.688184,11.0900,11.1600,11.0000,11.0800,11.0900,142449,1578228.1100,0.138700,1,-0.090200,-4.351639,0.676204,1.257840,-3.248398,0
2024-09-23,sh.688184,11.1100,11.1500,10.9800,11.0500,11.0800,160935,1783215.1100,0.156700,1,-0.270800,-4.339857,0.674373,1.254434,-3.239603,0
2024-09-24,sh.688184,11.1300,11.4500,11.0700,11.4400,11.0500,473720,5340998.9300,0.461300,1,3.529400,-4.493028,0.698174,1.298709,-3.353942,0
2024-09-25,sh.688184,11.6200,11.8900,11.4700,11.6900,11.4400,790460,9240841.9500,0.769700,1,2.185300,-4.591215,0.713431,1.327089,-3.427236,0
2024-09-26,sh.688184,11.6800,11.8600,11.6500,11.8500,11.6900,710548,8336047.1500,0.691900,1,1.368700,-4.654054,0.723196,1.345253,-3.474144,0
2024-09-27,sh.688184,11.9000,12.7000,11.8800,12.6000,11.8500,1100446,13510166.3400,1.071600,1,6.329100,-4.948615,0.768968,1.430396,-3.694027,0
2024-09-30,sh.688184,13.0400,14.6700,12.9900,14.4500,12.6000,2562961,35239927.9200,2.495700,1,14.682500,-5.675197,0.881872,1.640414,-4.236404,0
2024-10-08,sh.688184,16.5100,16.9000,14.8500,15.4800,14.4500,3837949,60982307.4100,3.737300,1,7.128000,-6.079727,0.944732,1.757343,-4.538376,0
2024-10-09,sh.688184,15.2000,15.2000,13.6000,13.7500,15.4800,1944277,28104896.7700,1.893300,1,-11.175700,-5.400274,0.839151,1.560948,-4.031180,0
2024-10-10,sh.688184,13.8600,14.2000,13.7300,13.8500,13.7500,973725,13600530.0300,0.948200,1,0.727300,-5.439549,0.845254,1.572300,-4.060498,0
2024-10-11,sh.688184,13.8400,13.8500,13.3100,13.4200,13.8500,811451,11010220.7200,0.790200,1,-3.104700,-5.270668,0.819012,1.523485,-3.934432,0
2024-10-14,sh.688184,13.4500,13.5700,13.1100,13.4400,13.4200,688019,9199138.2600,0.670000,1,0.149000,-5.278523,0.820232,1.525755,-3.940295,0
2024-10-15,sh.688184,13.4400,13.4400,12.9900,13.0100,13.4400,747810,9888627.2400,0.728200,1,-3.199400,-5.109641,0.793990,1.476940,-3.814229,0
2024-10-16,sh.688184,13.0100,13.1400,12.8900,13.0500,13.0100,429225,5582026.4400,0.418000,1,0.307500,-5.125351,0.796431,1.481481,-3.825957,0
2024-10-17,sh.688184,13.0900,13.1200,12.7100,12.7300,13.0500,681064,8791331.1800,0.663200,1,-2.452100,-4.999672,0.776902,1.445154,-3.732140,0
2024-10-18,sh.688184,12.7000,13.7500,12.6500,13.7000,12.7300,1382945,18217043.2200,1.346700,1,7.619800,-5.380637,0.836100,1.555272,-4.016521,0
2024-10-21,sh.688184,13.7600,13.9800,13.4500,13.7400,13.7000,1165980,15950618.6300,1.135400,1,0.292000,-5.396347,0.838541,1.559813,-4.028249,0
2024-10-22,sh.688184,13.7400,13.7900,13.5000,13.6200,13.7400,859369,11672708.4100,0.836800,1,-0.873400,-5.349217,0.831218,1.546190,-3.993067,0
2024-10-23,sh.688184,13.5200,13.8700,13.5200,13.6400,13.6200,815920,11172873.5900,0.794500,1,0.146800,-5.357072,0.832438,1.548460,-3.998931,0
2024-10-24,sh.688184,13.6700,13.7100,13.5000,13.5700,13.6400,366870,4979204.8100,0.357200,1,-0.513200,-5.329580,0.828166,1.540514,-3.978408,0
2024-10-25,sh.688184,13.5100,14.4800,13.5100,14.3100,13.5700,1894558,26771709.1600,1.844900,1,5.453200,-5.620213,0.873328,1.624521,-4.195359,0
2024-10-28,sh.688184,14.3000,14.3600,14.0700,14.2500,14.3100,902072,12845578.2300,0.878400,1,-0.419300,-5.596648,0.869666,1.617709,-4.177769,0
2024-10-29,sh.688184,14.2500,14.5000,13.7800,13.8000,14.2500,850747,11948313.6600,0.828400,1,-3.157900,-5.419912,0.842203,1.566624,-4.045839,0
2024-10-30,sh.688184,13.7500,13.9200,13.3800,13.5000,13.8000,829518,11270036.1900,0.807800,1,-2.173900,-5.302087,0.823894,1.532567,-3.957886,0
2024-10-31,sh.688184,13.6000,13.7700,13.4100,13.5400,13.5000,704819,9611576.0200,0.686300,1,0.296300,-4.221446,0.868190,1.697334,-3.641667,0
2024-11-01,sh.688184,13.6100,13.7600,13.2000,13.2000,13.5400,856702,11514979.2300,0.834200,1,-2.511100,-4.115442,0.846389,1.654712,-3.550222,0
2024-11-04,sh.688184,13.1600,13.5000,13.1100,13.4000,13.2000,491380,6551024.8900,0.478500,1,1.515200,-4.177798,0.859213,1.679784,-3.604014,0
2024-11-05,sh.688184,13.4000,14.5000,13.3000,14.3100,13.4000,2130694,30127730.6000,2.074800,1,6.791000,-4.461514,0.917562,1.793859,-3.848764,0
2024-11-06,sh.688184,14.3100,15.1000,14.2500,14.6800,14.3100,2466403,36489938.2300,2.401700,1,2.585600,-4.576871,0.941287,1.840241,-3.948277,0
2024-11-07,sh.688184,14.6000,14.8900,14.5500,14.7600,14.6800,1113124,16379647.7200,1.083900,1,0.545000,-4.601813,0.946416,1.850269,-3.969794,0
2024-11-08,sh.688184,14.8900,15.4100,14.8100,14.9700,14.7600,1551885,23490413.2600,1.511200,1,1.422800,-4.667286,0.959882,1.876594,-4.026275,0
2024-11-11,sh.688184,14.9000,15.7000,14.9000,15.6900,14.9700,1869759,28962146.1500,1.820700,1,4.809600,-4.891764,1.006048,1.966851,-4.219923,0
2024-11-12,sh.688184,15.8100,16.8400,15.4500,15.9500,15.6900,4240125,68677427.3900,4.128900,1,1.657100,-4.972826,1.022720,1.999444,-4.289852,0
2024-11-13,sh.688184,15.9000,16.8400,15.7100,16.3300,15.9500,3722083,60899152.0000,3.624400,1,2.382400,-5.091301,1.047085,2.047080,-4.392055,0
2024-11-14,sh.688184,16.7800,16.8300,15.8500,15.9100,16.3300,2866451,47020988.4200,2.791300,1,-2.572000,-4.960355,1.020155,1.994430,-4.279094,0
2024-11-15,sh.688184,15.8100,16.2700,15.1800,15.2200,15.9100,2008676,31386274.2600,1.956000,1,-4.336900,-4.745230,0.975912,1.907933,-4.093514,0
2024-11-18,sh.688184,15.3500,15.6800,14.9000,15.1100,15.2200,1452947,22275346.9600,1.414800,1,-0.722700,-4.710934,0.968859,1.894144,-4.063929,0
2024-11-19,sh.688184,15.1000,15.6400,14.9300,15.6200,15.1100,1220402,18695362.0400,1.188400,1,3.375200,-4.869940,1.001560,1.958076,-4.201096,0
2024-11-20,sh.688184,15.6500,16.3200,15.5000,16.2100,15.6200,1955084,31549764.9300,1.903800,1,3.777200,-5.053888,1.039391,2.032037,-4.359781,0
2024-11-21,sh.688184,16.0000,16.2700,15.7500,15.8800,16.2100,1838492,29356109.6400,1.790300,1,-2.035800,-4.951002,1.018231,1.990669,-4.271025,0
2024-11-22,sh.688184,15.9000,16.0200,15.0600,15.1400,15.8800,1818330,27972978.3000,1.770600,1,-4.659900,-4.720288,0.970782,1.897905,-4.071997,0
2024-11-25,sh.688184,15.2500,15.7000,15.1400,15.5300,15.1400,913083,14071873.3900,0.889100,1,2.576000,-4.841880,0.995789,1.946794,-4.176890,0
2024-11-26,sh.688184,15.4400,15.5300,14.9600,14.9900,15.5300,916869,13898912.2200,0.892800,1,-3.477100,-4.673521,0.961164,1.879101,-4.031654,0
2024-11-27,sh.688184,15.0300,15.0300,14.4200,14.8300,14.9900,1039165,15223032.6200,1.011900,1,-1.067400,-4.623637,0.950905,1.859044,-3.988621,0
2024-11-28,sh.688184,14.9000,15.0800,14.8300,14.8700,14.8300,676986,10133950.8200,0.659200,1,0.269700,-4.636108,0.953470,1.864058,-3.999379,0
2024-11-29,sh.688184,14.8700,15.5000,14.7100,15.2000,14.8700,970127,14652894.3200,0.944700,1,2.219200,-4.738994,0.974629,1.905426,-4.088135,0
2024-12-02,sh.688184,15.2800,15.4200,15.1400,15.2800,15.2000,691237,10566276.2300,0.673100,1,0.526300,-4.763936,0.979759,1.915455,-4.109651,0
2024-12-03,sh.688184,15.2500,15.3900,15.0000,15.1600,15.2800,620925,9421558.1700,0.604600,1,-0.785300,-4.726523,0.972065,1.900412,-4.077376,0
2024-12-04,sh.688184,15.1500,15.1600,14.8700,14.9300,15.1600,751079,11242611.4200,0.731400,1,-1.517200,-4.654815,0.957317,1.871580,-4.015517,0
2024-12-05,sh.688184,14.9000,15.4100,14.8700,15.2000,14.9300,736386,11179794.4500,0.717100,1,1.808400,-4.738994,0.974629,1.905426,-4.088135,0
2024-12-06,sh.688184,15.1500,15.3400,14.9400,15.2000,15.2000,697351,10581468.3500,0.679100,1,0.000000,-4.738994,0.974629,1.905426,-4.088135,0
2024-12-09,sh.688184,15.2800,15.4900,15.1300,15.1700,15.2000,712104,10916246.2900,0.693400,1,-0.197400,-4.729641,0.972706,1.901666,-4.080066,0
2024-12-10,sh.688184,15.8100,15.9600,15.3300,15.3700,15.1700,1413509,22102132.1000,1.376400,1,1.318400,-4.791996,0.985530,1.926737,-4.133857,0
2024-12-11,sh.688184,15.3500,16.2500,15.3500,15.7200,15.3700,2182859,34707284.2300,2.125600,1,2.277200,-4.901118,1.007972,1.970612,-4.227992,0
2024-12-12,sh.688184,15.7500,16.0500,15.5000,15.5900,15.7200,1520194,23870434.7900,1.480300,1,-0.827000,-4.860587,0.999636,1.954316,-4.193028,0
2024-12-13,sh.688184,15.6500,15.6500,15.0000,15.0500,15.5900,1567906,23789022.0400,1.526800,1,-3.463800,-4.692228,0.965011,1.886623,-4.047791,0
2024-12-16,sh.688184,15.1100,15.1400,14.8900,14.9500,15.0500,983063,14735556.6300,0.957300,1,-0.664500,-4.661050,0.958599,1.874087,-4.020896,0
2024-12-17,sh.688184,14.9600,15.0300,14.5500,14.5900,14.9500,734153,10818257.1500,0.714900,1,-2.408000,-4.548811,0.935516,1.828959,-3.924071,0
2024-12-18,sh.688184,14.6000,14.7400,14.4000,14.4900,14.5900,683678,9962539.3200,0.665700,1,-0.685400,-4.517633,0.929104,1.816423,-3.897176,0
2024-12-19,sh.688184,14.3300,14.6500,14.2700,14.5900,14.4900,729976,10516990.6900,0.710800,1,0.690100,-4.548811,0.935516,1.828959,-3.924071,0
2024-12-20,sh.688184,14.5500,14.8600,14.5500,14.7800,14.5900,400366,5909506.7600,0.389900,1,1.302300,-4.608048,0.947699,1.852776,-3.975173,0
2024-12-23,sh.688184,14.9000,14.9500,14.3000,14.3600,14.7800,666466,9682875.2700,0.649000,1,-2.841700,-4.477102,0.920768,1.800126,-3.862211,0
2024-12-24,sh.688184,14.4300,14.5000,14.0000,14.0700,14.3600,680908,9645613.6100,0.663000,1,-2.019500,-4.386687,0.902173,1.763773,-3.784214,0
2024-12-25,sh.688184,14.1000,14.1100,13.6500,13.8000,14.0700,593196,8207320.2400,0.577600,1,-1.919000,-4.302508,0.884861,1.729926,-3.711596,0
2024-12-26,sh.688184,13.7500,14.0900,13.7500,13.9100,13.8000,381056,5313273.2600,0.371100,1,0.797100,-4.336803,0.891914,1.743716,-3.741181,0
2024-12-27,sh.688184,13.8500,14.1000,13.8000,13.9300,13.9100,330446,4626927.0400,0.321800,1,0.143800,-4.343039,0.893197,1.746223,-3.746560,0
2024-12-30,sh.688184,14.0800,14.0800,13.7200,13.8100,13.9300,344558,4765177.2700,0.335500,1,-0.861500,-4.305626,0.885502,1.731180,-3.714286,0
2024-12-31,sh.688184,13.8600,14.0800,13.7000,13.7100,13.8100,386578,5350152.7300,0.376400,1,-0.724100,-4.274448,0.879090,1.718644,-3.687390,0
2025-01-02,sh.688184,13.8200,13.8900,13.4900,13.5300,13.7100,415062,5690714.1500,0.404200,1,-1.312900,-4.218328,0.867548,1.696080,-3.638978,0
2025-01-03,sh.688184,13.3800,13.6400,13.2000,13.2200,13.5300,328203,4393720.5000,0.319600,1,-2.291200,-4.121678,0.847671,1.657219,-3.555601,0
2025-01-06,sh.688184,13.1500,13.3400,12.9800,13.1700,13.2200,270353,3562186.7300,0.263300,1,-0.378200,-4.106089,0.844465,1.650952,-3.542154,0
2025-01-07,sh.688184,13.2000,13.4300,13.0500,13.4300,13.1700,324389,4305799.0400,0.315900,1,1.974200,-4.187151,0.861136,1.683544,-3.612082,0
2025-01-08,sh.688184,13.4200,13.5600,13.1200,13.5200,13.4300,318405,4255988.9200,0.310100,1,0.670100,-4.215211,0.866907,1.694827,-3.636288,0
2025-01-09,sh.688184,13.5200,13.5800,13.4100,13.4500,13.5200,158615,2144468.6800,0.154500,1,-0.517800,-4.193386,0.862419,1.686052,-3.617461,0
2025-01-10,sh.688184,13.4200,13.5700,13.2000,13.2000,13.4500,221759,2968902.2300,0.215900,1,-1.858700,-4.115442,0.846389,1.654712,-3.550222,0
2025-01-13,sh.688184,13.2800,13.2900,13.0300,13.2000,13.2000,247825,3264923.8300,0.246600,1,0.000000,-4.059133,0.834808,1.632072,-3.501646,0
2025-01-14,sh.688184,13.3300,13.9500,13.2900,13.8700,13.2000,587843,8041699.0300,0.585000,1,5.075800,-4.265164,0.877181,1.714912,-3.679381,0
2025-01-15,sh.688184,13.9000,14.1400,13.7400,14.0200,13.8700,482862,6726747.1300,0.480500,1,1.081500,-4.311291,0.886667,1.733458,-3.719173,0
2025-01-16,sh.688184,14.0100,14.2300,13.8700,14.0400,14.0200,419155,5888702.2100,0.417100,1,0.142700,-4.317441,0.887932,1.735931,-3.724478,0
2025-01-17,sh.688184,13.9100,14.1400,13.9100,13.9400,14.0400,277799,3896556.3100,0.276500,1,-0.712300,-4.286690,0.881608,1.723567,-3.697951,0
2025-01-20,sh.688184,14.0900,14.2000,13.8600,14.0000,13.9400,351520,4922909.2800,0.349800,1,0.430400,-4.305141,0.885402,1.730985,-3.713867,0
2025-01-21,sh.688184,14.0700,14.0700,13.7900,13.8300,14.0000,264891,3690088.0900,0.263600,1,-1.214300,-4.252864,0.874651,1.709966,-3.668770,0
2025-01-22,sh.688184,13.7800,13.8800,13.6000,13.7900,13.8300,404812,5557705.2900,0.402800,1,-0.289200,-4.240564,0.872121,1.705020,-3.658159,0
2025-01-23,sh.688184,13.9000,14.5800,13.8000,14.3600,13.7900,1003096,14387376.6700,0.998200,1,4.133400,-4.415844,0.908170,1.775496,-3.809367,0
2025-01-24,sh.688184,14.4900,14.5000,14.1000,14.1300,14.3600,437720,6226717.7500,0.435600,1,-1.601700,-4.345117,0.893624,1.747059,-3.748353,0
2025-01-27,sh.688184,13.9700,13.9900,12.9700,13.0600,14.1300,1511949,20142015.4900,1.504600,1,-7.572500,-4.016081,0.825954,1.614762,-3.464508,0
2025-02-05,sh.688184,13.0600,13.4000,12.9000,13.2600,13.0600,727381,9624892.9200,0.723900,1,1.531400,-4.077583,0.838603,1.639490,-3.517563,0
2025-02-06,sh.688184,13.2200,13.4800,13.1500,13.4500,13.2600,340729,4566220.9500,0.339100,1,1.432900,-4.136010,0.850619,1.662982,-3.567965,0
2025-02-07,sh.688184,13.4900,13.9000,13.4800,13.7400,13.4500,809423,11100609.8000,0.805500,1,2.156100,-4.225188,0.868959,1.698838,-3.644895,0
2025-02-10,sh.688184,13.7500,13.7600,13.4600,13.7300,13.7400,513674,7006591.9600,0.511200,1,-0.072800,-4.222113,0.868327,1.697602,-3.642243,0
2025-02-11,sh.688184,13.6900,13.9100,13.5100,13.8500,13.7300,631448,8660926.4600,0.628400,1,0.874000,-4.259014,0.875916,1.712439,-3.674076,0
2025-02-12,sh.688184,13.9300,13.9400,13.6900,13.8800,13.8500,485760,6721172.9700,0.483400,1,0.216600,-4.268240,0.877813,1.716148,-3.682034,0
2025-02-13,sh.688184,13.8800,14.1200,13.7100,13.9400,13.8800,754649,10557744.7500,0.751000,1,0.432300,-4.286690,0.881608,1.723567,-3.697951,0
2025-02-14,sh.688184,13.9400,14.3200,13.7500,13.7800,13.9400,655544,9176794.0700,0.652400,1,-1.147800,-4.237489,0.871489,1.703784,-3.655506,0
2025-02-17,sh.688184,13.8000,13.9000,13.5100,13.8000,13.7800,623347,8575629.3400,0.620300,1,0.145100,-4.243639,0.872754,1.706257,-3.660812,0
2025-02-18,sh.688184,14.1500,14.4100,13.7500,13.8100,13.8000,1510670,21379924.7800,1.503300,1,0.072500,-4.246714,0.873386,1.707493,-3.663465,0
2025-02-19,sh.688184,13.8000,13.9300,13.5900,13.8200,13.8100,792976,10919792.9600,0.789100,1,0.072400,-4.249789,0.874019,1.708730,-3.666118,0
2025-02-20,sh.688184,13.8900,14.1500,13.7600,14.0800,13.8200,813612,11370650.8100,0.809700,1,1.881300,-4.329742,0.890462,1.740876,-3.735089,0
2025-02-21,sh.688184,14.1700,14.2500,13.8500,14.2200,14.0800,1023320,14431775.0600,1.018400,1,0.994300,-4.372793,0.899316,1.758186,-3.772228,0
2025-02-24,sh.688184,14.2900,14.3600,14.0100,14.2700,14.2200,857409,12183568.4600,0.853200,1,0.351600,-4.388168,0.902478,1.764368,-3.785492,0
2025-02-25,sh.688184,14.2400,14.5100,14.1000,14.3400,14.2700,994427,14255837.6000,0.989600,1,0.490500,-4.409694,0.906905,1.773023,-3.804061,0
2025-02-26,sh.688184,14.4000,14.7300,14.3500,14.6400,14.3400,1240414,18056913.3200,1.234400,1,2.092100,-4.501947,0.925878,1.810116,-3.883644,0
2025-02-27,sh.688184,14.7000,14.8100,14.3900,14.6100,14.6400,1266772,18526765.6600,1.260600,1,-0.204900,-4.492722,0.923981,1.806407,-3.875686,0
2025-02-28,sh.688184,14.4600,14.5400,14.1000,14.2500,14.6100,1388853,19879664.2900,1.382100,1,-2.464100,-2.065745,0.901213,2.185391,-3.780186,0
2025-03-03,sh.688184,14.2800,15.4900,14.2700,14.8200,14.2500,3300871,49692963.2700,3.284900,1,4.000000,-2.148375,0.937262,2.272806,-3.931394,0
2025-03-04,sh.688184,14.8500,14.8500,14.3300,14.4900,14.8200,1641454,23759481.7300,1.633500,1,-2.226700,-2.100536,0.916391,2.222197,-3.843853,0
2025-03-05,sh.688184,14.5000,14.5100,14.0100,14.2400,14.4900,1115486,15809759.6500,1.110100,1,-1.725300,-2.064295,0.900581,2.183857,-3.777534,0
2025-03-06,sh.688184,14.2400,14.5400,14.1600,14.4900,14.2400,1199749,17292186.4900,1.193900,1,1.755600,-2.100536,0.916391,2.222197,-3.843853,0
2025-03-07,sh.688184,14.3600,14.5000,14.1900,14.2100,14.4900,837019,11991670.0100,0.833000,1,-1.932400,-2.059946,0.898683,2.179256,-3.769575,0
2025-03-10,sh.688184,14.2300,14.4400,14.2100,14.3100,14.2100,620236,8885525.1200,0.617200,1,0.703700,-2.074443,0.905008,2.194592,-3.796103,0
2025-03-11,sh.688184,14.3400,14.3400,14.0600,14.2400,14.3100,604141,8560829.6200,0.601200,1,-0.489200,-2.064295,0.900581,2.183857,-3.777534,0
2025-03-12,sh.688184,14.3000,14.3900,14.0900,14.1100,14.2400,700091,9912492.4300,0.696700,1,-0.912900,-2.045450,0.892359,2.163920,-3.743048,0
2025-03-13,sh.688184,14.0500,14.2400,13.7700,13.8700,14.1100,845723,11764822.7300,0.841600,1,-1.700900,-2.010658,0.877181,2.127114,-3.679381,0
2025-03-14,sh.688184,13.9400,14.2700,13.7100,14.2700,13.8700,846478,11913090.0400,0.842400,1,2.883900,-2.068644,0.902478,2.188458,-3.785492,0
2025-03-17,sh.688184,14.3500,14.3700,14.1300,14.1400,14.2700,598541,8500705.7000,0.595600,1,-0.911000,-2.049799,0.894256,2.168521,-3.751006,0
2025-03-18,sh.688184,14.1400,14.5000,14.1400,14.3000,14.1400,884449,12674755.2100,0.880200,1,1.131500,-2.072993,0.904375,2.193059,-3.793450,0
2025-03-19,sh.688184,14.3500,14.3500,14.0000,14.1000,14.3000,725488,10232168.0800,0.722000,1,-1.398600,-2.044000,0.891727,2.162386,-3.740395,0
2025-03-20,sh.688184,14.0200,14.2000,13.9600,14.0800,14.1000,472703,6659587.0400,0.470400,1,-0.141800,-2.041101,0.890462,2.159319,-3.735089,0
2025-03-21,sh.688184,14.0500,14.1000,13.8700,13.8700,14.0800,532489,7435505.0500,0.529900,1,-1.491500,-2.010658,0.877181,2.127114,-3.679381,0
2025-03-24,sh.688184,13.8500,13.9500,13.2100,13.3900,13.8700,977951,13202533.1200,0.973200,1,-3.460700,-1.941075,0.846824,2.053500,-3.552049,0
2025-03-25,sh.688184,13.4000,13.5500,13.2800,13.4300,13.3900,595700,7991881.3800,0.592800,1,0.298700,-1.946874,0.849354,2.059635,-3.562660,0
2025-03-26,sh.688184,13.0000,13.0800,12.3700,12.9300,13.4300,2481561,31608638.5300,2.469500,1,-3.723000,-1.874392,0.817732,1.982954,-3.430022,0
2025-03-27,sh.688184,12.8000,13.0100,12.4700,12.6800,12.9300,1236159,15707681.9600,1.230200,1,-1.933500,-1.838151,0.801922,1.944614,-3.363703,0
2025-03-28,sh.688184,12.8000,12.8000,12.5000,12.5900,12.6800,560006,7082138.0800,0.557300,1,-0.709800,-1.825104,0.796230,1.930812,-3.339828,0
2025-03-31,sh.688184,12.6000,12.6000,12.2200,12.2900,12.5900,677255,8368776.8200,0.674000,1,-2.382800,-1.781614,0.777257,1.884804,-3.260245,0
2025-04-01,sh.688184,12.3500,12.6100,12.2700,12.5300,12.2900,605851,7587567.0700,0.602900,1,1.952800,-1.816406,0.792435,1.921610,-3.323911,0
2025-04-02,sh.688184,12.5300,12.6500,12.3500,12.3800,12.5300,516285,6455255.9300,0.513800,1,-1.197100,-1.794661,0.782949,1.898606,-3.284120,0
2025-04-03,sh.688184,12.3000,12.4600,12.2500,12.3800,12.3800,394340,4864234.5600,0.392400,1,0.000000,-1.794661,0.782949,1.898606,-3.284120,0
2025-04-07,sh.688184,11.8800,11.9600,10.3000,10.5000,12.3800,1240331,13826655.6000,1.234300,1,-15.185800,-1.522128,0.664052,1.610288,-2.785400,0
2025-04-08,sh.688184,10.7900,11.1000,10.5100,11.0400,10.5000,818784,8975722.2700,0.814800,1,5.142900,-1.600409,0.698203,1.693103,-2.928650,0
2025-04-09,sh.688184,10.8200,11.4300,10.3700,11.3200,11.0400,953351,10412881.0900,0.948700,1,2.536200,-1.640999,0.715911,1.736044,-3.002927,0
2025-04-10,sh.688184,11.5000,11.8500,11.4200,11.6600,11.3200,636758,7449688.0800,0.633700,1,3.003500,-1.690287,0.737414,1.788186,-3.093121,0
2025-04-11,sh.688184,11.6000,11.8300,11.5000,11.7500,11.6600,434805,5114234.5000,0.432700,1,0.771900,-1.703334,0.743106,1.801989,-3.116996,0
2025-04-14,sh.688184,11.8400,11.9600,11.7600,11.8000,11.7500,356084,4220919.5000,0.354400,1,0.425500,-1.710582,0.746268,1.809657,-3.130260,0
2025-04-15,sh.688184,11.7300,12.1000,11.7300,11.9600,11.8000,656633,7840675.1400,0.653400,1,1.355900,-1.733776,0.756387,1.834194,-3.172704,0
2025-04-16,sh.688184,11.8900,12.0100,11.5200,11.8500,11.9600,554415,6539635.2900,0.551700,1,-0.919700,-1.717830,0.749430,1.817325,-3.143523,0
2025-04-17,sh.688184,11.7500,11.8600,11.5500,11.5900,11.8500,778602,9133394.2600,0.774800,1,-2.194100,-1.680139,0.732987,1.777451,-3.074552,0
2025-04-18,sh.688184,11.6200,11.6400,11.1600,11.2800,11.5900,1324087,14980037.9200,1.317700,1,-2.674700,-1.635200,0.713381,1.729909,-2.992316,0
2025-04-21,sh.688184,11.2500,11.4000,11.1200,11.2800,11.2800,1093888,12329427.3800,1.088600,1,0.000000,-1.635200,0.713381,1.729909,-2.992316,0
2025-04-22,sh.688184,11.2800,11.4300,11.1700,11.2600,11.2800,874927,9850946.3900,0.870700,1,-0.177300,-1.632301,0.712116,1.726842,-2.987010,0
2025-04-23,sh.688184,11.2900,11.5200,11.2500,11.2800,11.2600,1062942,12108074.2400,1.057800,1,0.177600,-1.635200,0.713381,1.729909,-2.992316,0
2025-04-24,sh.688184,11.3400,11.3400,10.9100,10.9800,11.2800,1355276,14991994.0600,1.348700,1,-2.659600,-1.591711,0.694408,1.683901,-2.912733,0
2025-04-25,sh.688184,11.0400,11.2400,10.9600,11.0100,10.9800,1131967,12529346.2500,1.126500,1,0.273200,-1.596060,0.696306,1.688502,-2.920691,0
2025-04-28,sh.688184,11.0100,11.0300,10.6800,10.7100,11.0100,1262427,13577487.4700,1.256300,1,-2.724800,-1.552570,0.677333,1.642494,-2.841108,0
2025-04-29,sh.688184,10.7500,11.1800,10.7100,11.0800,10.7100,1246280,13763526.4000,1.240200,1,3.454700,-1.606207,0.700733,1.699237,-2.939261,0
2025-04-30,sh.688184,11.0800,11.0800,11.0800,11.0800,11.0800,,,,0,,-2.596208,0.896747,2.392220,12.711387,0
2025-05-06,sh.688184,8.8600,8.8600,8.8600,8.8600,11.0800,717542,6357422.1200,0.714100,1,-20.036100,-2.076029,0.717074,1.912912,10.164521,1
2025-05-07,sh.688184,8.6000,8.9100,8.6000,8.8300,8.8600,6514191,56720907.9400,6.482600,1,-0.338600,-2.068999,0.714646,1.906435,10.130104,1
2025-05-08,sh.688184,8.7500,9.0600,8.6400,8.9800,8.8300,3794363,33626782.2900,3.776000,1,1.698800,-2.104147,0.726786,1.938821,10.302189,1
2025-05-09,sh.688184,8.9700,9.1200,8.7900,9.0200,8.9800,2903808,26000147.3500,2.889700,1,0.445400,-2.113519,0.730023,1.947457,10.348079,1
2025-05-12,sh.688184,9.0500,9.0900,8.8600,8.9900,9.0200,2805013,25148732.8900,2.791400,1,-0.332600,-2.106490,0.727595,1.940980,10.313661,1
2025-05-13,sh.688184,9.0200,9.1000,8.8100,8.8400,8.9900,2478385,22220888.3000,2.466400,1,-1.668500,-2.071343,0.715455,1.908594,10.141576,1
2025-05-14,sh.688184,8.7700,8.8300,8.6600,8.7400,8.8400,2212167,19319268.3900,2.201400,1,-1.131200,-2.047911,0.707362,1.887004,10.026852,1
2025-05-15,sh.688184,8.7200,8.9300,8.7200,8.8400,8.7400,1507627,13341600.9600,1.500300,1,1.144200,-2.071343,0.715455,1.908594,10.141576,1
2025-05-16,sh.688184,8.8400,9.1400,8.8400,9.0200,8.8400,2357543,21307566.2700,2.346100,1,2.036200,-2.113519,0.730023,1.947457,10.348079,1
2025-05-19,sh.688184,9.1200,9.1700,9.0300,9.1300,9.0200,2088814,19045573.5400,2.078700,1,1.219500,-2.139294,0.738926,1.971206,10.474275,1
2025-05-20,sh.688184,9.0800,9.4200,9.0800,9.3100,9.1300,1822003,16896522.6500,1.813200,1,1.971500,-2.181471,0.753494,2.010069,10.680777,1
2025-05-21,sh.688184,9.2600,9.6900,9.2600,9.4600,9.3100,2206950,20952503.8800,2.196200,1,1.611200,-2.216618,0.765634,2.042455,10.852863,1
2025-05-22,sh.688184,9.4100,9.4800,9.1700,9.1700,9.4600,2034236,18965056.1000,2.024400,1,-3.065500,-2.148666,0.742163,1.979843,10.520164,1
2025-05-23,sh.688184,9.1900,9.3400,9.1300,9.1300,9.1700,1864306,17214122.8700,1.855300,1,-0.436200,-2.139294,0.738926,1.971206,10.474275,1
2025-05-26,sh.688184,9.1000,9.1900,9.0700,9.1400,9.1300,2008802,18307708.1500,1.999100,1,0.109500,-2.141637,0.739735,1.973365,10.485747,1
2025-05-27,sh.688184,9.1500,9.2400,9.0900,9.2300,9.1400,931712,8534640.8500,0.927200,1,0.984700,-2.162725,0.747019,1.992797,10.588998,1
2025-05-28,sh.688184,9.2500,9.4600,9.1900,9.2100,9.2300,1224257,11386657.3000,1.218300,1,-0.216700,-2.158039,0.745401,1.988479,10.566054,1
2025-05-29,sh.688184,9.2800,9.4200,9.2400,9.4000,9.2100,954766,8946639.6200,0.950100,1,2.063000,-2.202559,0.760778,2.029501,10.784029,1
2025-05-30,sh.688184,9.4000,9.4200,9.2800,9.2900,9.4000,1152706,10769445.9300,1.147100,1,-1.170200,-2.176784,0.751876,2.005751,10.657833,1
2025-06-03,sh.688184,9.3200,9.4500,9.2800,9.3900,9.2900,1125116,10532077.7100,1.119700,1,1.076400,-2.200216,0.759969,2.027342,10.772556,1
2025-06-04,sh.688184,9.3900,9.5900,9.3300,9.5800,9.3900,985849,9355084.3000,0.981100,1,2.023400,-2.244736,0.775346,2.068363,10.990531,1
2025-06-05,sh.688184,9.5800,9.5900,9.4000,9.4700,9.5800,880269,8351830.1000,0.876000,1,-1.148200,-2.218961,0.766444,2.044614,10.864335,1
2025-06-06,sh.688184,9.4700,9.5900,9.4400,9.4700,9.4700,619373,5882918.6400,0.616400,1,0.000000,-2.218961,0.766444,2.044614,10.864335,1
2025-06-09,sh.688184,9.4900,9.5400,9.4600,9.4800,9.4700,783879,7442277.2200,0.780100,1,0.105600,-2.221304,0.767253,2.046773,10.875808,1
2025-06-10,sh.688184,9.4500,9.7800,9.3900,9.5500,9.4800,1603640,15296781.0400,1.595900,1,0.738400,-2.237706,0.772918,2.061886,10.956114,1
2025-06-11,sh.688184,9.5600,9.9400,9.5600,9.8200,9.5500,2074697,20376025.8200,2.064600,1,2.827200,-2.300971,0.794770,2.120180,11.265868,1
2025-06-12,sh.688184,9.9200,10.0400,9.8300,9.9300,9.8200,1833907,18267602.5100,1.825000,1,1.120200,-2.326746,0.803673,2.143930,11.392064,1
2025-06-13,sh.688184,9.9600,9.9800,9.5900,9.6200,9.9300,1661190,16152494.1200,1.653100,1,-3.121900,-2.254108,0.778584,2.077000,11.036421,1
2025-06-16,sh.688184,9.6200,9.7900,9.5600,9.7700,9.6200,950902,9249929.3400,0.946300,1,1.559300,-2.289255,0.790724,2.109385,11.208506,1
2025-06-17,sh.688184,9.7600,9.8200,9.7000,9.7000,9.7700,543701,5299014.9600,0.541100,1,-0.716500,-2.272853,0.785058,2.094272,11.128200,1
2025-06-18,sh.688184,9.7000,9.7000,9.4300,9.5100,9.7000,831709,7919004.1100,0.827700,1,-1.958800,-2.228333,0.769681,2.053250,10.910225,1
2025-06-19,sh.688184,9.5100,9.6700,9.4000,9.4300,9.5100,825179,7873762.0000,0.821200,1,-0.841200,-2.209588,0.763206,2.035978,10.818446,1
2025-06-20,sh.688184,9.4100,9.6200,9.4100,9.4500,9.4300,674644,6413467.6200,0.671400,1,0.212100,-2.214275,0.764825,2.040296,10.841391,1
2025-06-23,sh.688184,9.4000,9.6300,9.3800,9.6200,9.4500,637797,6114271.9700,0.634700,1,1.798900,-2.254108,0.778584,2.077000,11.036421,1
2025-06-24,sh.688184,9.6500,9.8500,9.6300,9.8500,9.6200,1210100,11803247.3500,1.204200,1,2.390900,-2.308000,0.797198,2.126657,11.300285,1
2025-06-25,sh.688184,9.8500,9.8600,9.7700,9.8300,9.8500,842429,8275983.8800,0.838300,1,-0.203000,-2.303314,0.795580,2.122339,11.277341,1
2025-06-26,sh.688184,9.8000,10.1100,9.8000,9.8800,9.8300,986178,9839139.4600,0.981400,1,0.508600,-2.315030,0.799626,2.133135,11.334703,1
2025-06-27,sh.688184,9.8800,10.0200,9.8700,9.8900,9.8800,785900,7814968.3800,0.782100,1,0.101200,-2.317373,0.800436,2.135294,11.346175,1
2025-06-30,sh.688184,9.9700,10.1600,9.9400,10.0900,9.8900,870432,8761480.2700,0.866200,1,2.022200,-2.364236,0.816623,2.178475,11.575622,1
2025-07-01,sh.688184,10.1100,10.3300,10.0800,10.1300,10.0900,1165614,11843379.3500,1.160000,1,0.396400,-2.373609,0.819860,2.187111,11.621512,1
2025-07-02,sh.688184,10.1300,10.3300,9.9500,10.2700,10.1300,926236,9447865.6900,0.921700,1,1.382000,-2.406413,0.831191,2.217337,11.782125,1
2025-07-03,sh.688184,10.2000,10.5500,10.2000,10.5000,10.2700,1194012,12462168.0200,1.188200,1,2.239500,-2.460305,0.849805,2.266995,12.045989,1
2025-07-04,sh.688184,10.5000,10.7000,10.3600,10.3800,10.5000,1664661,17457342.4400,1.656600,1,-1.142900,-2.432187,0.840093,2.241087,11.908321,1
2025-07-07,sh.688184,10.3800,10.4300,10.3000,10.3400,10.3800,713621,7402834.8100,0.710200,1,-0.385400,-2.422815,0.836856,2.232451,11.862432,1
2025-07-08,sh.688184,10.3500,10.4500,10.3500,10.3900,10.3400,807949,8405148.1500,0.804000,1,0.483600,-2.434530,0.840903,2.243246,11.919793,1
2025-07-09,sh.688184,10.3900,10.5900,10.3700,10.4800,10.3900,1211477,12750977.7700,1.205600,1,0.866200,-2.455619,0.848187,2.262677,12.023045,1
2025-07-10,sh.688184,10.4800,10.5400,10.4100,10.5200,10.4800,831102,8703216.1300,0.827100,1,0.381700,-2.464991,0.851424,2.271313,12.068934,1
2025-07-11,sh.688184,10.5200,10.5300,10.4600,10.4800,10.5200,633490,6644853.7300,0.630400,1,-0.380200,-2.455619,0.848187,2.262677,12.023045,1
2025-07-14,sh.688184,10.4600,10.4800,10.1200,10.1600,10.4800,1669892,17107370.6200,1.661800,1,-3.053400,-2.380638,0.822288,2.193588,11.655929,1
2025-07-15,sh.688184,10.1900,10.2400,9.9600,10.0200,10.1600,897823,9041698.0200,0.893500,1,-1.378000,-2.347834,0.810957,2.163361,11.495316,1
2025-07-16,sh.688184,10.0000,10.2400,10.0000,10.2300,10.0200,494533,5027470.7900,0.492100,1,2.095800,-2.397040,0.827953,2.208701,11.736235,1
2025-07-17,sh.688184,10.2300,10.2900,10.1600,10.1800,10.2300,438184,4480731.8600,0.436100,1,-0.488800,-2.385324,0.823907,2.197906,11.678874,1
2025-07-18,sh.688184,10.1800,10.2400,10.1500,10.2300,10.1800,782395,7977471.9700,0.778600,1,0.491200,-2.397040,0.827953,2.208701,11.736235,1
2025-07-21,sh.688184,10.2100,10.3400,10.2000,10.2500,10.2300,694799,7134700.2200,0.691400,1,0.195500,-2.401726,0.829572,2.213019,11.759180,1
2025-07-22,sh.688184,10.2500,10.3100,10.0600,10.1300,10.2500,896979,9101392.8000,0.892600,1,-1.170700,-2.373609,0.819860,2.187111,11.621512,1
2025-07-23,sh.688184,10.1300,10.1800,10.0700,10.1200,10.1300,512571,5197133.0800,0.510100,1,-0.098700,-2.371265,0.819051,2.184952,11.610039,1
2025-07-24,sh.688184,10.1200,10.2300,10.0600,10.2100,10.1200,747082,7608179.6800,0.743500,1,0.889300,-2.392354,0.826335,2.204383,11.713291,1
2025-07-25,sh.688184,10.2400,10.2400,10.1600,10.1800,10.2100,605072,6171632.6900,0.602100,1,-0.293800,-2.385324,0.823907,2.197906,11.678874,1
2025-07-28,sh.688184,10.1200,10.2900,10.1000,10.2400,10.1800,680391,6945400.3000,0.677100,1,0.589400,-2.399383,0.828763,2.210860,11.747708,1
2025-07-29,sh.688184,10.2400,10.2700,10.0400,10.1100,10.2400,1302105,13155855.8300,1.295800,1,-1.269500,-2.368922,0.818241,2.182793,11.598567,1
2025-07-30,sh.688184,10.1400,10.1400,10.0000,10.0300,10.1100,992720,9995727.9700,0.987900,1,-0.791300,-2.350177,0.811767,2.165520,11.506788,1
2025-07-31,sh.688184,10.0100,10.1200,9.9300,9.9600,10.0300,776638,7772073.9700,0.772900,1,-0.697900,-2.333775,0.806101,2.150407,11.426481,1
2025-08-01,sh.688184,9.9100,10.0500,9.9100,10.0100,9.9600,417969,4182019.9900,0.415900,1,0.502000,-2.345491,0.810148,2.161202,11.483843,1
2025-08-04,sh.688184,9.9600,10.1100,9.8300,9.9500,10.0100,1129663,11212196.9500,1.124200,1,-0.599400,-2.331432,0.805292,2.148248,11.415009,1
2025-08-05,sh.688184,9.9600,10.1200,9.9600,10.0200,9.9500,1011500,10157021.9000,1.006600,1,0.703500,-2.347834,0.810957,2.163361,11.495316,1
2025-08-06,sh.688184,10.0900,10.0900,9.9500,9.9800,10.0200,672747,6713880.6100,0.669500,1,-0.399200,-2.338461,0.807720,2.154725,11.449426,1
2025-08-07,sh.688184,10.0200,10.0800,9.9500,10.0700,9.9800,1005359,10062128.9600,1.000500,1,0.901800,-2.359550,0.815004,2.174156,11.552678,1
2025-08-08,sh.688184,10.0500,10.0800,10.0000,10.0500,10.0700,704224,7072332.6200,0.700800,1,-0.198600,-2.354863,0.813385,2.169838,11.529733,1
2025-08-11,sh.688184,10.0700,10.1600,10.0200,10.1400,10.0500,1069021,10804216.5400,1.063800,1,0.895500,-2.375952,0.820669,2.189270,11.632984,1
2025-08-12,sh.688184,10.1200,10.2600,10.0800,10.1400,10.1400,593538,6039358.7400,0.590700,1,0.000000,-2.375952,0.820669,2.189270,11.632984,1
2025-08-13,sh.688184,10.1400,10.8000,10.1400,10.5100,10.1400,2444977,25623221.9000,2.433100,1,3.648900,-2.462648,0.850615,2.269154,12.057462,1
2025-08-14,sh.688184,10.5600,10.8800,10.4600,10.4900,10.5100,2359636,25195671.6300,2.348200,1,-0.190300,-2.457962,0.848996,2.264836,12.034517,1
2025-08-15,sh.688184,10.5200,10.7700,10.5000,10.5500,10.4900,1805562,19147954.2200,1.796800,1,0.572000,-2.472021,0.853852,2.277791,12.103351,1
2025-08-18,sh.688184,10.6300,11.1600,10.5300,11.0600,10.5500,2512373,27554984.4500,2.500200,1,4.834100,-2.591521,0.895128,2.387902,12.688442,1
2025-08-19,sh.688184,11.0500,11.0500,10.7900,10.8600,11.0600,1735679,18851693.6700,1.727300,1,-1.808300,-2.544658,0.878942,2.344721,12.458995,1
2025-08-20,sh.688184,10.8600,10.8800,10.7400,10.8200,10.8600,878198,9500675.9500,0.873900,1,-0.368300,-2.535286,0.875704,2.336085,12.413105,1
2025-08-21,sh.688184,10.8700,11.0800,10.7800,11.0500,10.8200,1313013,14390463.7400,1.306600,1,2.125700,-2.589178,0.894319,2.385743,12.676970,1
2025-08-22,sh.688184,11.0100,11.0900,10.8100,10.8500,11.0500,1281735,13974039.8600,1.275500,1,-1.810000,-2.542315,0.878132,2.342562,12.447522,1
2025-08-25,sh.688184,10.8600,10.9300,10.7100,10.7900,10.8500,1201015,12985148.3300,1.195200,1,-0.553000,-2.528256,0.873276,2.329608,12.378688,1
2025-08-26,sh.688184,10.7500,11.0200,10.7400,10.8500,10.7900,820144,8900946.0700,0.816200,1,0.556100,-2.542315,0.878132,2.342562,12.447522,1
2025-08-27,sh.688184,10.8700,11.2200,10.7800,10.7800,10.8500,997145,10915736.7900,0.992300,1,-0.645200,-2.525913,0.872467,2.327449,12.367216,1
2025-08-28,sh.688184,10.7900,10.8900,10.3100,10.6200,10.7800,1233881,13127552.6200,1.227900,1,-1.484200,-2.488423,0.859518,2.292904,12.183658,1
2025-08-29,sh.688184,10.8000,10.9600,10.6700,10.7300,10.6200,886146,9584876.7100,0.881800,1,1.035800,-2.514197,0.868420,2.316653,12.309854,1
2025-09-01,sh.688184,10.7300,10.7400,10.5600,10.5900,10.7300,1401544,14932578.4400,1.394700,1,-1.304800,-3.059112,1.022415,2.786148,13.910411,1
2025-09-02,sh.688184,10.6100,10.6700,10.2800,10.3900,10.5900,1105491,11484764.5400,1.100100,1,-1.888600,-3.001339,1.003106,2.733530,13.647702,1
2025-09-03,sh.688184,10.4300,10.5800,10.3200,10.3400,10.3900,683842,7141867.4800,0.680500,1,-0.481200,-2.986895,0.998279,2.720375,13.582025,1
2025-09-04,sh.688184,10.3400,10.5800,10.2300,10.3500,10.3400,1125540,11744943.2100,1.120100,1,0.096700,-2.989784,0.999245,2.723006,13.595161,1
2025-09-05,sh.688184,10.3200,10.8400,10.3200,10.8300,10.3500,2385805,25527298.2200,2.374200,1,4.637700,-3.128441,1.045586,2.849290,14.225661,1
2025-09-08,sh.688184,10.7500,11.2000,10.6400,11.1400,10.8300,4199508,45952821.4200,4.179100,1,2.862400,-3.217990,1.075515,2.930849,14.632859,1
2025-09-09,sh.688184,11.1400,11.4500,10.9800,11.1300,11.1400,2891140,32382602.9700,2.877100,1,-0.089800,-3.215101,1.074550,2.928218,14.619724,1
2025-09-10,sh.688184,11.0600,11.1400,10.8800,11.0300,11.1300,1808055,19891672.1800,1.799300,1,-0.898500,-3.186214,1.064895,2.901909,14.488369,1
2025-09-11,sh.688184,11.0000,11.0000,10.8200,10.8600,11.0300,1631312,17751732.5600,1.623400,1,-1.541300,-3.137107,1.048483,2.857183,14.265067,1
2025-09-12,sh.688184,10.8900,11.4200,10.8400,11.2600,10.8600,3485638,38875099.4100,3.468700,1,3.683200,-3.252654,1.087101,2.962420,14.790484,1
2025-09-15,sh.688184,11.1900,11.2500,10.9300,10.9300,11.2600,1744163,19246173.4300,1.735700,1,-2.930700,-3.157328,1.055241,2.875600,14.357015,1
2025-09-16,sh.688184,10.9900,10.9900,10.8100,10.8800,10.9300,1160885,12637068.3600,1.155300,1,-0.457500,-3.142884,1.050414,2.862445,14.291338,1
2025-09-17,sh.688184,10.8800,10.9300,10.8100,10.8200,10.8800,904573,9827501.2600,0.900200,1,-0.551500,-3.125552,1.044621,2.846659,14.212526,1
2025-09-18,sh.688184,10.8300,10.8800,10.5100,10.6400,10.8200,2681146,28667942.4800,2.668100,1,-1.663600,-3.073556,1.027243,2.799303,13.976088,1
2025-09-19,sh.688184,10.7000,10.7200,10.5500,10.5600,10.6400,1401560,14892730.1100,1.394800,1,-0.751900,-3.050446,1.019519,2.778255,13.871005,1
2025-09-22,sh.688184,10.6100,10.6100,10.2400,10.3300,10.5600,1376524,14270001.1600,1.369800,1,-2.178000,-2.984007,0.997314,2.717744,13.568890,1
2025-09-23,sh.688184,10.3200,10.3200,9.8300,10.0500,10.3300,1566881,15677871.5900,1.559300,1,-2.710600,-2.903124,0.970281,2.644078,13.201098,1
2025-09-24,sh.688184,10.0400,10.2500,10.0400,10.1700,10.0500,837395,8506795.6800,0.833300,1,1.194000,-2.937788,0.981866,2.675649,13.358723,1
2025-09-25,sh.688184,10.1500,10.2000,9.9600,10.0200,10.1700,1091405,11000265.0200,1.086100,1,-1.474900,-2.894458,0.967385,2.636186,13.161692,1
2025-09-26,sh.688184,10.0300,10.0800,10.0000,10.0200,10.0200,949611,9521648.0900,0.945000,1,0.000000,-2.894458,0.967385,2.636186,13.161692,1
2025-09-29,sh.688184,10.0500,10.1700,9.9400,10.1700,10.0200,1212061,12194448.3500,1.206200,1,1.497000,-2.937788,0.981866,2.675649,13.358723,1
2025-09-30,sh.688184,10.0700,10.1800,10.0700,10.1000,10.1700,973793,9865077.1600,0.969100,1,-0.688300,-2.917567,0.975108,2.657233,13.266775,1
2025-10-09,sh.688184,10.1200,10.1700,9.8400,9.9100,10.1000,1580270,15713375.3500,1.572600,1,-1.881200,-2.862682,0.956765,2.607245,13.017202,1
2025-10-10,sh.688184,9.9600,10.0500,9.9100,10.0000,9.9100,821643,8205729.3700,0.817700,1,0.908200,-2.888680,0.965454,2.630924,13.135421,1
2025-10-13,sh.688184,9.7900,10.0000,9.7200,10.0000,10.0000,880734,8674030.6300,0.876500,1,0.000000,-2.888680,0.965454,2.630924,13.135421,1
2025-10-14,sh.688184,10.0200,10.0300,9.7500,9.7800,10.0000,1381375,13624705.1800,1.374700,1,-2.200000,-2.825129,0.944214,2.573043,12.846442,1
2025-10-15,sh.688184,9.8300,9.8300,9.7500,9.8200,9.7800,909690,8903430.1900,0.905300,1,0.409000,-2.836684,0.948075,2.583567,12.898983,1
2025-10-16,sh.688184,9.6400,9.7900,9.6200,9.7300,9.8200,2677427,25947185.8100,2.664400,1,-0.916500,-2.810686,0.939386,2.559889,12.780765,1
2025-10-17,sh.688184,9.7300,9.8800,9.6300,9.6300,9.7300,1074110,10453468.3500,1.068900,1,-1.027700,-2.781799,0.929732,2.533579,12.649410,1
2025-10-20,sh.688184,9.6600,9.8100,9.6600,9.8100,9.6300,864637,8425487.4600,0.860400,1,1.869200,-2.833795,0.947110,2.580936,12.885848,1
2025-10-21,sh.688184,9.8400,9.9000,9.7900,9.9000,9.8100,735244,7248908.2700,0.731700,1,0.917400,-2.859794,0.955799,2.604614,13.004067,1
2025-10-22,sh.688184,9.9000,9.9700,9.8400,9.8600,9.9000,518797,5133170.7900,0.516300,1,-0.404000,-2.848239,0.951937,2.594091,12.951525,1
2025-10-23,sh.688184,9.8600,10.1200,9.8000,10.1100,9.8600,1370421,13699956.0300,1.363800,1,2.535500,-2.920456,0.976074,2.659864,13.279911,1
2025-10-24,sh.688184,10.1500,10.3500,10.0600,10.3000,10.1100,1491574,15276680.5200,1.484300,1,1.879300,-2.975341,0.994417,2.709851,13.529484,1
2025-10-27,sh.688184,10.3000,10.6100,10.2200,10.5300,10.3000,2123999,22136473.2800,2.113700,1,2.233000,-3.041780,1.016623,2.770363,13.831598,1
2025-10-28,sh.688184,10.3500,10.6000,10.3200,10.3800,10.5300,819184,8541816.3900,0.815200,1,-1.424500,-2.998450,1.002141,2.730899,13.634567,1
2025-10-29,sh.688184,10.3800,10.3900,10.1800,10.2900,10.3800,564579,5776440.9000,0.561800,1,-0.867100,-2.972452,0.993452,2.707220,13.516348,1
2025-10-30,sh.688184,10.2900,10.4500,10.2400,10.2900,10.2900,776061,8023560.1000,0.772300,1,0.000000,-2.972452,0.993452,2.707220,13.516348,1
2025-10-31,sh.688184,10.2700,10.4600,10.2600,10.3900,10.2900,771733,8016965.6200,0.768000,1,0.971800,-3.371979,1.039464,3.136134,-27.253704,1
2025-11-03,sh.688184,10.4000,10.4300,10.2500,10.3200,10.3900,721241,7449363.7800,0.717700,1,-0.673700,-3.349261,1.032461,3.115006,-27.070089,1
2025-11-04,sh.688184,10.2100,10.3000,10.0800,10.1800,10.3200,762235,7757484.5900,0.758500,1,-1.356600,-3.303825,1.018455,3.072748,-26.702859,1
2025-11-05,sh.688184,10.0600,10.4000,10.0400,10.3800,10.1800,1144438,11744734.7600,1.138900,1,1.964600,-3.368733,1.038464,3.133116,-27.227473,1
2025-11-06,sh.688184,10.3000,10.3900,10.2300,10.3600,10.3800,565625,5834526.8400,0.562900,1,-0.192700,-3.362243,1.036463,3.127079,-27.175011,1
2025-11-07,sh.688184,10.3600,10.6100,10.3200,10.5100,10.3600,1292628,13571773.5000,1.286400,1,1.447900,-3.410924,1.051470,3.172355,-27.568472,1
2025-11-10,sh.688184,10.4800,10.7300,10.4800,10.6800,10.5100,1350397,14365480.2300,1.343800,1,1.617500,-3.466096,1.068477,3.223669,-28.014394,1
2025-11-11,sh.688184,10.6900,10.7400,10.5700,10.6400,10.6800,666895,7090600.1900,0.663700,1,-0.374500,-3.453114,1.064476,3.211595,-27.909471,1
2025-11-12,sh.688184,10.6400,10.6400,10.3100,10.5000,10.6400,898072,9411033.4800,0.893700,1,-1.315800,-3.407678,1.050469,3.169337,-27.542241,1
2025-11-13,sh.688184,10.5200,10.8300,10.4700,10.7900,10.5000,1945438,20859459.4600,1.936000,1,2.761900,-3.501795,1.079482,3.256871,-28.302932,1
2025-11-14,sh.688184,10.7400,11.1600,10.7000,11.0100,10.7900,3095561,34035905.9400,3.080500,1,2.038900,-3.573194,1.101492,3.323276,-28.880007,1
2025-11-17,sh.688184,11.0000,11.0400,10.7000,10.9200,11.0100,2480718,26899859.0100,2.468700,1,-0.817400,-3.543985,1.092488,3.296111,-28.643931,1
2025-11-18,sh.688184,10.7100,10.9000,10.5800,10.6000,10.9200,2168732,23150245.7400,2.158200,1,-2.930400,-3.440132,1.060474,3.199521,-27.804548,1
2025-11-19,sh.688184,10.6000,10.6600,10.3200,10.3300,10.6000,1001310,10430947.5700,0.996500,1,-2.547200,-3.352506,1.033462,3.118024,-27.096319,1
2025-11-20,sh.688184,10.3400,10.4500,10.1600,10.2300,10.3300,1377998,14150084.9000,1.371300,1,-0.968100,-3.320052,1.023457,3.087840,-26.834012,1
2025-11-21,sh.688184,10.2100,10.2100,9.7300,9.8400,10.2300,1849474,18332986.7000,1.840500,1,-3.812300,-3.193481,0.984440,2.970122,-25.811015,1
2025-11-24,sh.688184,9.8400,9.9800,9.7800,9.9100,9.8400,765250,7542295.2900,0.761500,1,0.711400,-3.216199,0.991443,2.991250,-25.994630,1
2025-11-25,sh.688184,9.9300,10.0300,9.8800,9.9100,9.9100,969720,9642534.6700,0.965000,1,0.000000,-3.216199,0.991443,2.991250,-25.994630,1
2025-11-26,sh.688184,9.9300,9.9900,9.7100,9.7500,9.9100,1082176,10672092.6900,1.076900,1,-1.614500,-3.164273,0.975436,2.942956,-25.574938,1
2025-11-27,sh.688184,9.7900,9.8900,9.6700,9.8000,9.7500,1423616,13870730.2600,1.416700,1,0.512800,-3.180500,0.980438,2.958048,-25.706092,1
2025-11-28,sh.688184,9.7900,9.9400,9.7700,9.9100,9.8000,743393,7336260.9400,0.739800,1,1.122400,-3.216199,0.991443,2.991250,-25.994630,1
2025-12-01,sh.688184,9.9200,9.9900,9.8700,9.9200,9.9100,642648,6378707.9600,0.639500,1,0.100900,-3.219445,0.992443,2.994269,-26.020860,1
2025-12-02,sh.688184,9.9100,9.9400,9.7900,9.8200,9.9200,589031,5804202.0900,0.586200,1,-1.008100,-3.186991,0.982439,2.964085,-25.758553,1
2025-12-03,sh.688184,9.8200,9.8900,9.6600,9.7000,9.8200,860584,8386968.5700,0.856400,1,-1.222000,-3.148046,0.970434,2.927864,-25.443785,1
2025-12-04,sh.688184,9.7100,9.7300,9.4500,9.4500,9.7000,895571,8587054.1300,0.891200,1,-2.577300,-3.066911,0.945422,2.852403,-24.788017,1
2025-12-05,sh.688184,9.4500,9.5400,9.3300,9.5200,9.4500,683621,6469956.0900,0.680300,1,0.740700,-3.089628,0.952426,2.873532,-24.971632,1
2025-12-08,sh.688184,9.5300,9.5800,9.4900,9.5200,9.5200,695832,6629483.4400,0.692500,1,0.000000,-3.089628,0.952426,2.873532,-24.971632,1
2025-12-09,sh.688184,9.5500,9.6000,9.3000,9.3500,9.5200,1280295,12090737.6300,1.274100,1,-1.785700,-3.034456,0.935418,2.822219,-24.525710,1
2025-12-10,sh.688184,9.3600,9.3600,9.1000,9.2100,9.3500,1434231,13203362.0600,1.427300,1,-1.497300,-2.989021,0.921412,2.779961,-24.158480,1
2025-12-11,sh.688184,9.2100,9.3000,9.1400,9.1700,9.2100,707003,6519567.1900,0.703600,1,-0.434300,-2.976039,0.917410,2.767888,-24.053557,1
2025-12-12,sh.688184,9.1700,9.2600,9.1100,9.2400,9.1700,877128,8058028.8100,0.872900,1,0.763400,-2.998757,0.924413,2.789017,-24.237172,1
2025-12-15,sh.688184,9.2000,9.2800,9.1300,9.1800,9.2400,502070,4614327.3500,0.499600,1,-0.649400,-2.979285,0.918410,2.770906,-24.079788,1
2025-12-16,sh.688184,9.1600,9.2200,9.0400,9.0500,9.1800,713259,6489077.6800,0.709800,1,-1.416100,-2.937094,0.905405,2.731667,-23.738789,1
2025-12-17,sh.688184,9.0500,9.1700,9.0000,9.1500,9.0500,757626,6867083.4400,0.754000,1,1.105000,-2.969548,0.915409,2.761851,-24.001096,1
2025-12-18,sh.688184,9.1400,9.3900,9.1300,9.3000,9.1500,816847,7593688.1200,0.812900,1,1.639300,-3.018229,0.930416,2.807127,-24.394557,1
2025-12-19,sh.688184,9.2600,9.7300,9.2600,9.5800,9.3000,1010096,9610403.9000,1.005200,1,3.010800,-3.109101,0.958428,2.891643,-25.129016,1
2025-12-22,sh.688184,9.5800,9.6200,9.4900,9.5300,9.5800,445741,4254684.7900,0.443600,1,-0.521900,-3.092874,0.953426,2.876551,-24.997863,1
2025-12-23,sh.688184,9.5300,9.5900,9.2900,9.3100,9.5300,678522,6391132.7300,0.675200,1,-2.308500,-3.021475,0.931416,2.810146,-24.420787,1
2025-12-24,sh.688184,9.3100,9.5200,9.2800,9.4800,9.3100,558904,5255259.9300,0.556200,1,1.826000,-3.076647,0.948424,2.861459,-24.866709,1
2025-12-25,sh.688184,9.5100,9.5100,9.3900,9.4700,9.4800,417668,3950455.9200,0.415600,1,-0.105500,-3.073401,0.947423,2.858440,-24.840479,1
2025-12-26,sh.688184,9.4600,9.6000,9.4600,9.4900,9.4700,544799,5187053.2400,0.542200,1,0.211200,-3.079892,0.949424,2.864477,-24.892940,1
2025-12-29,sh.688184,9.4900,9.4900,9.2800,9.3100,9.4900,668216,6250743.4200,0.665000,1,-1.896700,-3.021475,0.931416,2.810146,-24.420787,1
2025-12-30,sh.688184,9.3100,9.3100,9.1800,9.2900,9.3100,373793,3462111.1200,0.372000,1,-0.214800,-3.014984,0.929415,2.804109,-24.368326,1
2025-12-31,sh.688184,9.2500,9.3400,9.2500,9.2800,9.2900,276810,2572290.5600,0.275500,1,-0.107600,-3.011739,0.928415,2.801090,-24.342095,1
2026-01-05,sh.688184,9.2800,9.5000,9.2800,9.4200,9.2800,596116,5603870.7600,0.593200,1,1.508600,-3.057174,0.942421,2.843348,-24.709325,1
2026-01-06,sh.688184,9.4400,9.6400,9.4400,9.5500,9.4200,693557,6604421.1500,0.690200,1,1.380000,-3.099365,0.955427,2.882588,-25.050324,1
2026-01-07,sh.688184,9.5500,9.5800,9.4200,9.4300,9.5500,508470,4821853.1100,0.506000,1,-1.256500,-3.060420,0.943422,2.846367,-24.735556,1
2026-01-08,sh.688184,9.4800,9.5400,9.4100,9.5000,9.4300,1046839,9914280.6500,1.041800,1,0.742300,-3.083138,0.950425,2.867495,-24.919171,1
2026-01-09,sh.688184,9.5000,9.5500,9.3100,9.5200,9.5000,1341831,12661646.8200,1.335300,1,0.210500,-3.089628,0.952426,2.873532,-24.971632,1
2026-01-12,sh.688184,9.5200,9.6000,9.4400,9.5800,9.5200,960755,9159702.4700,0.956100,1,0.630300,-3.109101,0.958428,2.891643,-25.129016,1
2026-01-13,sh.688184,9.6000,9.6000,9.4500,9.5200,9.5800,909946,8670379.9800,0.905500,1,-0.626300,-3.089628,0.952426,2.873532,-24.971632,1
2026-01-14,sh.688184,9.4100,9.5900,9.4100,9.4500,9.5200,1434935,13655546.8300,1.428000,1,-0.735300,-3.066911,0.945422,2.852403,-24.788017,1
2026-01-15,sh.688184,9.4800,9.7000,9.4600,9.6300,9.4500,1346698,12911672.9100,1.340200,1,1.904800,-3.125328,0.963431,2.906735,-25.260170,1
2026-01-16,sh.688184,9.7200,9.7900,9.4800,9.6300,9.6300,1392353,13392606.8600,1.385600,1,0.000000,-3.125328,0.963431,2.906735,-25.260170,1
2026-01-19,sh.688184,9.6000,9.6800,9.5500,9.6600,9.6300,1065730,10237044.2200,1.060600,1,0.311500,-3.135064,0.966432,2.915790,-25.338862,1
2026-01-20,sh.688184,9.5500,9.6900,9.5300,9.5800,9.6600,947159,9103801.7500,0.942600,1,-0.828200,-3.109101,0.958428,2.891643,-25.129016,1
2026-01-21,sh.688184,9.5200,9.6400,9.5200,9.6200,9.5800,678414,6515455.3200,0.675100,1,0.417500,-3.122082,0.962430,2.903716,-25.233939,1
2026-01-22,sh.688184,9.6500,9.6800,9.5900,9.6300,9.6200,1033347,9953572.8000,1.028300,1,0.104000,-3.125328,0.963431,2.906735,-25.260170,1
2026-01-23,sh.688184,9.6300,9.6400,9.5300,9.6400,9.6300,1312007,12579311.5500,1.305600,1,0.103800,-3.128573,0.964431,2.909753,-25.286401,1
2026-01-26,sh.688184,9.6400,9.6400,9.4300,9.5900,9.6400,1000532,9517290.4900,0.995700,1,-0.518700,-3.112346,0.959429,2.894661,-25.155247,1
2026-01-27,sh.688184,9.5500,9.6200,9.4400,9.6200,9.5900,965635,9207933.3100,0.961000,1,0.312800,-3.122082,0.962430,2.903716,-25.233939,1
2026-01-28,sh.688184,9.6000,9.9900,9.5600,9.9900,9.6200,2318851,22726104.7800,2.307600,1,3.846200,-3.242163,0.999447,3.015398,-26.204475,1
2026-01-29,sh.688184,9.9900,10.3800,9.8600,9.9100,9.9900,2343898,23686898.6200,2.332500,1,-0.800800,-3.216199,0.991443,2.991250,-25.994630,1
2026-01-30,sh.688184,9.8200,9.9800,9.6500,9.8800,9.9100,1095674,10806218.7700,1.090400,1,-0.302700,-3.206463,0.988442,2.982195,-25.915938,1
2026-02-02,sh.688184,9.9300,10.2800,9.8800,9.8800,9.8800,1400073,14092253.6100,1.393300,1,0.000000,-3.206463,0.988442,2.982195,-25.915938,1
2026-02-03,sh.688184,9.9100,10.0600,9.7400,10.0100,9.8800,1410495,13921225.5900,1.403700,1,1.315800,-3.248653,1.001448,3.021435,-26.256937,1
2026-02-04,sh.688184,10.0100,10.3200,9.9000,10.3000,10.0100,1467361,14828413.7000,1.460200,1,2.897100,-3.342770,1.030460,3.108969,-27.017627,1
2026-02-05,sh.688184,10.3000,10.4800,10.2000,10.4700,10.3000,1060200,10988782.9600,1.055100,1,1.650500,-3.397942,1.047468,3.160282,-27.463549,1
2026-02-06,sh.688184,10.4700,10.5000,10.2600,10.4600,10.4700,1390535,14457479.8200,1.383800,1,-0.095500,-3.394697,1.046468,3.157263,-27.437318,1
2026-02-09,sh.688184,10.5000,10.6200,10.3700,10.5800,10.4600,1671438,17491206.2700,1.663300,1,1.147200,-3.433642,1.058473,3.193484,-27.752087,1
2026-02-10,sh.688184,10.6000,10.6300,10.5200,10.6000,10.5800,870467,9199886.2700,0.866200,1,0.189000,-3.440132,1.060474,3.199521,-27.804548,1
2026-02-11,sh.688184,10.6300,10.6300,10.5300,10.6200,10.6000,690423,7303398.2300,0.687100,1,0.188700,-3.446623,1.062475,3.205558,-27.857010,1
2026-02-12,sh.688184,10.5400,10.6000,10.2800,10.5100,10.6200,1055538,11017465.3100,1.050400,1,-1.035800,-3.410924,1.051470,3.172355,-27.568472,1
2026-02-13,sh.688184,10.4600,10.5600,10.3600,10.5000,10.5100,1062534,11115483.9700,1.057400,1,-0.095100,-3.407678,1.050469,3.169337,-27.542241,1
2026-02-24,sh.688184,10.5000,10.5000,10.3800,10.4600,10.5000,599145,6249568.9000,0.596200,1,-0.381000,-3.394697,1.046468,3.157263,-27.437318,1
2026-02-25,sh.688184,10.4000,10.6000,10.4000,10.4900,10.4600,701810,7376200.0600,0.698400,1,0.286800,-3.404433,1.049469,3.166319,-27.516011,1
2026-02-26,sh.688184,10.6600,10.6600,10.3000,10.4400,10.4900,748873,7839388.8700,0.745200,1,-0.476600,-3.388206,1.044467,3.151227,-27.384857,1
2026-02-27,sh.688184,10.2000,11.2000,10.2000,11.0000,10.4400,2682624,28782237.4300,2.669600,1,5.364000,-3.569949,1.100492,3.320258,-28.853777,1
2026-03-02,sh.688184,10.9400,10.9800,10.5600,10.9400,11.0000,1788871,19355683.1800,1.780200,1,-0.545500,-2.493312,1.094489,2.583854,-28.696392,1
2026-03-03,sh.688184,10.9300,11.0200,10.7600,10.8000,10.9400,1642188,17889204.8800,1.634200,1,-1.279700,-2.461405,1.080483,2.550788,-28.329162,1
2026-03-04,sh.688184,10.6600,10.9600,10.6600,10.9400,10.8000,1542783,16732002.8000,1.535300,1,1.296300,-2.493312,1.094489,2.583854,-28.696392,1
2026-03-05,sh.688184,10.9000,11.2200,10.8000,11.0500,10.9400,1869182,20484649.8900,1.860100,1,1.005500,-2.518382,1.105494,2.609834,-28.984930,1
2026-03-06,sh.688184,10.9600,11.0800,10.7200,11.0200,11.0500,1277062,13965215.2400,1.270900,1,-0.271500,-2.511545,1.102493,2.602749,-28.906238,1
2026-03-09,sh.688184,10.9700,11.0000,10.8500,10.9500,11.0200,1333311,14530369.9100,1.326800,1,-0.635200,-2.495591,1.095490,2.586216,-28.722623,1
2026-03-10,sh.688184,10.8600,11.1800,10.8600,11.1800,10.9500,1562240,17222945.3300,1.554700,1,2.100500,-2.548010,1.118500,2.640538,-29.325929,1
2026-03-11,sh.688184,11.1800,11.2900,11.0000,11.1800,11.1800,841936,9389917.9800,0.837900,1,0.000000,-2.548010,1.118500,2.640538,-29.325929,1
2026-03-12,sh.688184,11.0000,11.0400,10.6100,10.7000,11.1800,1975050,21350401.0700,1.965500,1,-4.293400,-2.438614,1.070478,2.527170,-28.066855,1
2026-03-13,sh.688184,10.7500,10.7800,10.5700,10.6000,10.7000,572317,6110491.7200,0.569500,1,-0.934600,-2.415823,1.060474,2.503552,-27.804548,1
2026-03-16,sh.688184,10.6000,10.7000,10.3100,10.5800,10.6000,1244786,13097867.1800,1.238700,1,-0.188700,-2.411265,1.058473,2.498828,-27.752087,1
2026-03-17,sh.688184,10.5500,10.6800,10.3300,10.4000,10.5800,643905,6753106.2600,0.640800,1,-1.701300,-2.370242,1.040465,2.456315,-27.279934,1
2026-03-18,sh.688184,10.3100,10.4500,10.2600,10.4400,10.4000,396627,4125370.7900,0.394700,1,0.384600,-2.379358,1.044467,2.465762,-27.384857,1
2026-03-19,sh.688184,10.4200,10.4200,10.1800,10.2100,10.4400,436452,4494285.1800,0.434300,1,-2.203100,-2.326939,1.021456,2.411440,-26.781551,1
2026-03-20,sh.688184,10.2200,10.2700,9.9700,9.9700,10.2100,454677,4591170.4900,0.452500,1,-2.350600,-2.272241,0.997446,2.354756,-26.152014,1
2026-03-23,sh.688184,9.8800,9.8800,9.4500,9.4500,9.9700,1051454,10168575.0300,1.046400,1,-5.215600,-2.153729,0.945422,2.231940,-24.788017,1
2026-03-24,sh.688184,9.6100,9.7600,9.5300,9.7500,9.4500,644671,6213687.0300,0.641500,1,3.174600,-2.222102,0.975436,2.302795,-25.574938,1
2026-03-25,sh.688184,9.7400,9.9600,9.7400,9.8800,9.7500,336603,3327480.8800,0.335000,1,1.333300,-2.251730,0.988442,2.333499,-25.915938,1
2026-03-26,sh.688184,9.9400,10.0800,9.6700,9.9000,9.8800,776232,7666119.9200,0.772500,1,0.202400,-2.256288,0.990443,2.338223,-25.968399,1
2026-03-27,sh.688184,9.8800,10.0000,9.8300,9.9100,9.9000,447399,4433900.6500,0.445200,1,0.101000,-2.258567,0.991443,2.340585,-25.994630,1
2026-03-30,sh.688184,9.8300,10.0000,9.7800,9.9600,9.9100,550264,5439482.1000,0.547600,1,0.504500,-2.269962,0.996445,2.352394,-26.125783,1
2026-03-31,sh.688184,9.9000,10.2500,9.8800,9.9500,9.9600,840049,8413744.3300,0.836000,1,-0.100400,-2.267683,0.995445,2.350032,-26.099552,1
2026-04-01,sh.688184,9.9200,10.1900,9.8800,10.0700,9.9500,886958,8890623.4900,0.882700,1,1.206000,-2.295032,1.007450,2.378374,-26.414321,1
2026-04-02,sh.688184,10.0000,10.1700,9.9300,9.9900,10.0700,335930,3360284.8100,0.334300,1,-0.794400,-2.276800,0.999447,2.359479,-26.204475,1
2026-04-03,sh.688184,9.9500,9.9700,9.7200,9.7800,9.9900,397779,3914261.2400,0.395800,1,-2.102100,-2.228939,0.978437,2.309881,-25.653630,1
2026-04-07,sh.688184,9.8300,9.9300,9.7600,9.9300,9.7800,507270,4985351.6400,0.504800,1,1.533700,-2.263125,0.993444,2.345308,-26.047091,1
2026-04-08,sh.688184,10.0400,10.2300,9.9500,10.2300,9.9300,764879,7704151.3400,0.761200,1,3.021100,-2.331498,1.023457,2.416163,-26.834012,1
2026-04-09,sh.688184,10.1100,10.2300,10.0600,10.1800,10.2300,331247,3357021.1600,0.329600,1,-0.488800,-2.320102,1.018455,2.404354,-26.702859,1
2026-04-10,sh.688184,10.2000,10.4300,10.1100,10.4000,10.1800,1071373,10981187.4500,1.066200,1,2.161100,-2.370242,1.040465,2.456315,-27.279934,1
2026-04-13,sh.688184,10.3600,10.6400,10.3500,10.5000,10.4000,590459,6193537.6900,0.587600,1,0.961500,-2.393033,1.050469,2.479933,-27.542241,1
2026-04-14,sh.688184,10.5000,10.5800,10.3300,10.5100,10.5000,655556,6842656.1600,0.652400,1,0.095200,-2.395312,1.051470,2.482295,-27.568472,1
2026-04-15,sh.688184,10.5700,10.5700,10.3800,10.4500,10.5100,265093,2772991.9300,0.263800,1,-0.570900,-2.381637,1.045467,2.468124,-27.411088,1
2026-04-16,sh.688184,10.4500,10.4900,10.3400,10.4100,10.4500,609958,6348773.3400,0.607000,1,-0.382800,-2.372521,1.041465,2.458677,-27.306165,1
2026-04-17,sh.688184,10.4000,10.4600,10.2700,10.2700,10.4100,372948,3864780.6500,0.371100,1,-1.344900,-2.340614,1.027459,2.425611,-26.938935,1
2026-04-20,sh.688184,10.2600,10.5000,10.2600,10.5000,10.2700,794804,8226533.0700,0.790900,1,2.239500,-2.393033,1.050469,2.479933,-27.542241,1
2026-04-21,sh.688184,10.4000,10.4900,10.2800,10.4500,10.5000,490704,5072098.4000,0.488300,1,-0.476200,-2.381637,1.045467,2.468124,-27.411088,1
2026-04-22,sh.688184,10.3500,10.4800,10.2800,10.4100,10.4500,446278,4609248.5500,0.444100,1,-0.382800,-2.372521,1.041465,2.458677,-27.306165,1
2026-04-23,sh.688184,10.4000,10.4000,10.1800,10.1800,10.4100,404139,4137119.7500,0.402200,1,-2.209400,-2.320102,1.018455,2.404354,-26.702859,1
2026-04-24,sh.688184,10.1600,10.2000,9.9500,10.1600,10.1800,491601,4949890.5000,0.489200,1,-0.196500,-2.315544,1.016454,2.399631,-26.650397,1
2026-04-27,sh.688184,10.7300,12.1900,10.7200,12.1900,10.1600,6562347,76916703.7400,6.530500,1,19.980300,-3.115563,1.804517,2.376676,-8.382928,1
2026-04-28,sh.688184,12.6200,13.9500,12.0000,12.8600,12.1900,12565762,162778908.6800,12.504800,1,5.496300,-3.286804,1.903699,2.507305,-8.843680,1
2026-04-29,sh.688184,12.7900,13.7700,12.2500,13.2100,12.8600,8615442,112242482.4000,8.573600,1,2.721600,-3.376258,1.955510,2.575544,-9.084371,1
2026-04-30,sh.688184,12.9800,13.5500,12.7300,13.0200,13.2100,5512170,72251374.7600,5.485400,1,-1.438300,-3.327697,1.927384,2.538500,-8.953710,1
2026-05-06,sh.688184,13.0000,13.8000,12.9000,13.5000,13.0200,5028067,67268524.4300,5.003700,1,3.686600,-3.450377,1.998440,2.632085,-9.283801,1
2026-05-07,sh.688184,13.3000,13.6300,13.1700,13.4600,13.5000,3932577,52615108.5800,3.913500,1,-0.296300,-3.440154,1.992519,2.624287,-9.256293,1
2026-05-08,sh.688184,13.4200,14.9200,13.4100,14.3100,13.4600,5840873,83428330.7400,5.812500,1,6.315000,-3.657400,2.118346,2.790011,-9.840829,1
2026-05-11,sh.688184,14.1400,14.5000,14.0100,14.1700,14.3100,3280852,46433975.7200,3.264900,1,-0.978300,-3.621618,2.097622,2.762715,-9.744552,1
2026-05-12,sh.688184,14.0900,14.2300,13.4900,13.9800,14.1700,3886892,53478342.5000,3.868000,1,-1.340900,-3.573057,2.069496,2.725671,-9.613891,1
2026-05-13,sh.688184,13.8300,14.0300,13.4700,13.7900,13.9800,3243079,44224498.3100,3.227300,1,-1.359100,-3.524496,2.041369,2.688627,-9.483230,1
2026-05-14,sh.688184,13.6000,14.0500,13.4200,13.9900,13.7900,2965549,40811464.9200,2.951200,1,1.450300,-3.575613,2.070976,2.727620,-9.620768,1
2026-05-15,sh.688184,13.9000,14.3400,13.6100,13.6100,13.9900,2684403,37393897.2100,2.671400,1,-2.716200,-3.478491,2.014724,2.653532,-9.359446,1
2026-05-18,sh.688184,13.4900,14.3000,13.4700,14.1500,13.6100,2645027,36996494.4100,2.632200,1,3.967700,-3.616506,2.094661,2.758815,-9.730798,1
2026-05-19,sh.688184,14.2500,14.2500,13.8500,13.9800,14.1500,1905401,26688062.8600,1.896200,1,-1.201400,-3.573057,2.069496,2.725671,-9.613891,1
2026-05-20,sh.688184,13.8600,14.2800,13.5400,13.8500,13.9800,2856659,39700675.4400,2.842800,1,-0.929900,-3.539831,2.050251,2.700325,-9.524492,1
2026-05-21,sh.688184,13.9000,14.4400,13.4400,13.4400,13.8500,3634833,50905333.2200,3.617200,1,-2.960300,-3.435042,1.989558,2.620387,-9.242539,1
2026-05-22,sh.688184,13.4000,14.0400,13.3800,13.8300,13.4400,2069312,28247262.0600,2.059300,1,2.901800,-3.534720,2.047291,2.696425,-9.510738,1
2026-05-25,sh.688184,13.8600,13.8700,13.5300,13.8000,13.8300,1639223,22421681.7600,1.631300,1,-0.216900,-3.527052,2.042850,2.690576,-9.490107,1
2026-05-26,sh.688184,13.6600,13.7800,13.4500,13.5900,13.8000,1197400,16268375.6600,1.191600,1,-1.521700,-3.473380,2.011763,2.649633,-9.345693,1
2026-05-27,sh.688184,13.5800,13.7000,12.9000,12.9900,13.5900,1610784,21341268.3600,1.640800,1,-4.415000,-3.271610,1.894899,2.495714,-8.802797,1
2026-05-28,sh.688184,12.8500,13.3000,12.7800,13.3000,12.9900,1446265,18927690.2100,1.473300,1,2.386500,-3.349685,1.940120,2.555273,-9.012872,1
2026-05-29,sh.688184,13.2900,13.2900,12.7000,12.7700,13.3000,861866,11199854.3700,0.878000,1,-3.985000,-3.216201,1.862807,2.453447,-8.653712,1
2026-06-01,sh.688184,12.8900,13.1700,12.7800,12.9800,12.7700,724836,9427291.3200,0.738400,1,1.644500,-3.269091,1.893440,2.493793,-8.796021,1
2026-06-02,sh.688184,12.8900,13.1000,12.8000,12.9800,12.9800,490414,6367344.0800,0.499600,1,0.000000,-3.269091,1.893440,2.493793,-8.796021,1
2026-06-03,sh.688184,12.9700,12.9700,12.4500,12.9000,12.9800,1429108,18165884.1400,1.455800,1,-0.616300,-3.248943,1.881770,2.478423,-8.741808,1
2026-06-04,sh.688184,12.7000,13.3700,12.2000,12.3500,12.9000,2736864,34713526.4800,2.787900,1,-4.263600,-3.110422,1.801540,2.372754,-8.369095,1
2026-06-05,sh.688184,12.3800,12.4000,11.9800,12.1400,12.3500,1184900,14439174.9100,1.207000,1,-1.700400,-3.057532,1.770906,2.332407,-8.226787,1
2026-06-08,sh.688184,12.0000,12.2000,11.5800,11.6100,12.1400,974979,11495156.7500,0.993200,1,-4.365700,-2.924048,1.693593,2.230581,-7.867627,1
2026-06-09,sh.688184,11.7800,11.8800,11.4800,11.8500,11.6100,1104191,12954942.8900,1.124800,1,2.067200,-2.984494,1.728603,2.276691,-8.030266,1
2026-06-10,sh.688184,11.8200,11.8500,11.1600,11.6000,11.8500,858802,9830994.6600,0.874800,1,-2.109700,-2.921530,1.692134,2.228660,-7.860851,1
2026-06-11,sh.688184,11.5500,11.7000,11.0000,11.1700,11.6000,982196,11012727.7900,1.000500,1,-3.706900,-2.813232,1.629409,2.146045,-7.569457,1
2026-06-12,sh.688184,11.2800,11.2900,11.0600,11.1200,11.1700,707535,7914249.1400,0.720700,1,-0.447600,-2.800639,1.622115,2.136439,-7.535574,1
2026-06-15,sh.688184,11.1300,11.4900,11.1100,11.2600,11.1200,727529,8223131.4800,0.741100,1,1.259000,-2.835899,1.642537,2.163337,-7.630446,1
2026-06-16,sh.688184,11.2500,11.6500,10.9800,11.6000,11.2600,985268,11247964.6000,1.003700,1,3.019500,-2.921530,1.692134,2.228660,-7.860851,1
2026-06-17,sh.688184,11.4500,11.6400,11.3300,11.5800,11.6000,984787,11278938.2600,1.003200,1,-0.172400,-2.916493,1.689217,2.224817,-7.847298,1
2026-06-18,sh.688184,11.4800,11.8900,11.3700,11.4900,11.5800,801816,9267814.6600,0.816800,1,-0.777200,-2.893826,1.676088,2.207526,-7.786308,1
2026-06-22,sh.688184,11.5100,11.5100,10.9300,11.3500,11.4900,928034,10352269.2300,0.945400,1,-1.218500,-2.858566,1.655666,2.180628,-7.691436,1
2026-06-23,sh.688184,11.3500,11.5900,11.3000,11.4900,11.3500,2101943,23963960.7600,2.141200,1,1.233500,-2.893826,1.676088,2.207526,-7.786308,1
2026-06-24,sh.688184,11.4500,11.5500,10.9600,11.2000,11.4900,1920034,21607313.9400,1.955900,1,-2.523900,-2.820787,1.633785,2.151809,-7.589787,1
2026-06-25,sh.688184,11.2000,11.2000,10.5800,11.0000,11.2000,1567007,16893167.7500,1.596300,1,-1.785700,-2.770416,1.604610,2.113384,-7.454255,1
2026-06-26,sh.688184,10.9300,10.9700,10.3200,10.6600,11.0000,1343778,14344745.2200,1.368900,1,-3.090900,-2.684785,1.555013,2.048061,-7.223851,1
2026-06-29,sh.688184,10.5600,10.8400,10.3000,10.8400,10.6600,1183922,12452155.7100,1.206000,1,1.688600,-2.730119,1.581270,2.082644,-7.345829,1
2026-06-30,sh.688184,10.6200,10.8000,10.5500,10.6700,10.8400,669453,7134845.2500,0.681900,1,-1.568300,-2.687304,1.556472,2.049983,-7.230627,1
2026-07-01,sh.688184,10.6600,11.3900,10.6600,11.1200,10.6700,953663,10576440.0900,0.971500,1,4.217400,-2.800639,1.622115,2.136439,-7.535574,1
2026-07-02,sh.688184,11.1000,12.4500,10.9900,11.7400,11.1200,2793666,32968377.7100,2.845800,1,5.575500,-2.956790,1.712557,2.255557,-7.955723,1
2026-07-03,sh.688184,11.7200,12.2000,11.5200,12.2000,11.7400,1514620,17953883.5400,1.542900,1,3.918200,-3.072643,1.779659,2.343935,-8.267446,1
2026-07-06,sh.688184,12.0000,12.5900,12.0000,12.4000,12.2000,1150472,14190752.3600,1.171900,1,1.639300,-3.123015,1.808833,2.382360,-8.402978,1
2026-07-07,sh.688184,12.2000,12.4000,11.4000,11.7000,12.4000,1395911,16460464.0600,1.422000,1,-5.645200,-2.946715,1.706722,2.247872,-7.928617,1
2026-07-08,sh.688184,11.4000,11.5600,11.1600,11.2900,11.7000,1089121,12338914.7300,1.109400,1,-3.504300,-2.843454,1.646914,2.169101,-7.650776,1
2026-07-09,sh.688184,11.2600,11.5500,10.9000,11.3800,11.2900,1146651,12755530.1100,1.168100,1,0.797200,-2.866121,1.660042,2.186392,-7.711766,1
2026-07-10,sh.688184,11.3000,11.4500,11.0000,11.2700,11.3800,2394307,26710904.4600,2.439000,1,-0.966600,-2.838417,1.643996,2.165258,-7.637223,1
2026-07-13,sh.688184,11.0300,11.1300,10.3000,10.4400,11.2700,1269834,13412235.2600,1.293500,1,-7.364700,-2.629377,1.522921,2.005794,-7.074766,1
2026-07-14,sh.688184,10.3000,10.8300,10.2200,10.8300,10.4400,939676,9804659.8900,0.957200,1,3.735600,-2.727601,1.579812,2.080723,-7.339053,1
2026-07-15,sh.688184,10.7700,10.8400,10.6000,10.7600,10.8300,564101,6060090.6500,0.574600,1,-0.646400,-2.709971,1.569600,2.067274,-7.291617,1
2026-07-16,sh.688184,10.7500,10.9000,10.5500,10.6700,10.7600,659938,7086548.0000,0.672300,1,-0.836400,-2.687304,1.556472,2.049983,-7.230627,1
2026-07-17,sh.688184,10.6500,10.9000,10.2100,10.2600,10.6700,701409,7370995.4000,0.714500,1,-3.842500,-2.584043,1.496664,1.971211,-6.952787,1
2026-07-20,sh.688184,10.2700,10.4400,9.8100,10.2000,10.2600,868052,8756352.9700,0.884300,1,-0.584800,-2.568931,1.487911,1.959683,-6.912127,1
2026-07-21,sh.688184,10.1000,10.2200,9.6900,10.1900,10.2000,1108078,11080549.3000,1.128800,1,-0.098000,-2.566413,1.486453,1.957762,-6.905351,1
2026-07-22,sh.688184,10.0500,10.2400,9.8500,9.8900,10.1900,765212,7647521.2200,0.779500,1,-2.944100,-2.490856,1.442690,1.900124,-6.702053,1
2026-07-23,sh.688184,9.9000,10.1400,9.9000,10.1400,9.8900,352534,3535248.8700,0.359100,1,2.527800,-2.553820,1.479159,1.948156,-6.871468,1
2026-07-24,sh.688184,10.0800,10.1400,9.9200,9.9500,10.1400,262266,2626641.8800,0.267200,1,-1.873800,-2.505967,1.451443,1.911652,-6.742712,1
2026-07-27,sh.688184,9.9500,10.2900,9.9500,10.1800,9.9500,481339,4892127.5200,0.490300,1,2.311600,-2.563894,1.484994,1.955841,-6.898574,1
2026-07-28,sh.688184,10.1700,10.3200,10.0600,10.2100,10.1800,331148,3377269.2200,0.337300,1,0.294700,-2.571450,1.489370,1.961605,-6.918904,1
2026-07-29,sh.688184,10.3000,10.4900,10.1400,10.4900,10.2100,525611,5440733.9000,0.535400,1,2.742400,-2.641970,1.530215,2.015400,-7.108649,1
2026-07-30,sh.688184,10.4000,10.5500,10.2800,10.4100,10.4900,452479,4708781.4100,0.460900,1,-0.762600,-2.621821,1.518545,2.000030,-7.054436,1
2026-07-31,sh.688184,10.4200,10.8700,10.3900,10.8500,10.4100,756572,8082363.3000,0.770700,1,4.226700,-2.732638,1.582729,2.084565,-7.352606,1
2026-08-03,sh.688184,10.9000,11.2800,10.6800,11.2700,10.8500,1597031,17723491.7900,1.626800,1,3.871000,-2.838417,1.643996,2.165258,-7.637223,1
2026-08-04,sh.688184,11.2500,11.4900,11.1600,11.4900,11.2700,931199,10551478.5000,0.948600,1,1.952100,-2.893826,1.676088,2.207526,-7.786308,1
2026-08-05,sh.688184,11.4900,11.5300,11.2000,11.3900,11.4900,841594,9601854.3200,0.857300,1,-0.870300,-2.868640,1.661501,2.188313,-7.718542,1
2026-08-06,sh.688184,11.3900,11.9000,11.3200,11.8600,11.3900,1110267,12887139.4500,1.131000,1,4.126400,-2.987012,1.730062,2.278612,-8.037042,1
2026-08-07,sh.688184,12.0000,12.3000,11.6900,11.9700,11.8600,1961689,23422065.8400,1.998300,1,0.927500,-3.790153,1.705346,2.070675,-9.061084,1
2026-08-10,sh.688184,11.8700,12.0500,11.6800,11.9700,11.9700,916457,10862117.7000,0.933600,1,0.000000,-3.790153,1.705346,2.070675,-9.061084,1
2026-08-11,sh.688184,11.8700,11.9700,11.6700,11.8000,11.9700,548417,6481411.5500,0.558700,1,-1.420200,-3.736325,1.681127,2.041267,-8.932397,1
2026-08-12,sh.688184,11.6700,11.8500,11.6700,11.8500,11.8000,406243,4786022.5100,0.413800,1,0.423700,-3.752157,1.688250,2.049917,-8.970246,1
2026-08-13,sh.688184,11.8400,11.8400,11.4000,11.4000,11.8500,647532,7502856.1900,0.659600,1,-3.797500,-3.609670,1.624139,1.972072,-8.629604,1
2026-08-14,sh.688184,11.4000,11.5400,11.3100,11.3600,11.4000,449908,5115100.3000,0.458300,1,-0.350900,-3.597004,1.618441,1.965152,-8.599325,1
2026-08-17,sh.688184,11.2800,11.5300,11.1100,11.5300,11.3600,541862,6144447.1600,0.552000,1,1.496500,-3.650833,1.642660,1.994560,-8.728012,1
2026-08-18,sh.688184,11.4200,11.5000,11.1600,11.4500,11.5300,461461,5222550.8800,0.470100,1,-0.693800,-3.625502,1.631263,1.980721,-8.667453,1
2026-08-19,sh.688184,11.3800,11.3800,10.8400,10.8400,11.4500,539894,5963078.4800,0.550000,1,-5.327500,-3.432353,1.544357,1.875198,-8.205694,1
2026-08-20,sh.688184,10.9600,11.2000,10.9000,11.1000,10.8400,553598,6103093.9800,0.563900,1,2.398500,-3.514678,1.581399,1.920175,-8.402509,1
2026-08-21,sh.688184,11.0600,11.0900,10.8900,11.0700,11.1000,592521,6497809.5800,0.603600,1,-0.270300,-3.505179,1.577125,1.914986,-8.379800,1
2026-08-24,sh.688184,11.0400,11.1300,10.8300,10.9300,11.0700,477038,5218828.8500,0.485900,1,-1.264700,-3.460850,1.557179,1.890767,-8.273822,1
2026-08-25,sh.688184,10.8800,11.0100,10.8300,10.9300,10.9300,643758,7037962.0900,0.655800,1,0.000000,-3.460850,1.557179,1.890767,-8.273822,1
2026-08-26,sh.688184,10.9000,11.1300,10.9000,10.9900,10.9300,952121,10465433.0800,0.969900,1,0.548900,-3.479848,1.565727,1.901146,-8.319241,1
2026-08-27,sh.688184,10.9800,10.9900,10.6500,10.8000,10.9900,1137162,12312342.0700,1.158400,1,-1.728800,-3.419687,1.538658,1.868279,-8.175414,1
