date,code,open,high,low,close,preclose,volume,amount,turn,tradestatus,pctChg,peTTM,pbMRQ,psTTM,pcfNcfTTM,isST
2016-08-29,sz.002213,24.7000,24.9400,24.3200,24.4500,24.8400,2002380,49281117.0000,1.214130,1,-1.570000,417.493086,14.077893,30.308316,76.256273,0
2016-08-30,sz.002213,24.5700,24.9000,23.8000,24.2000,24.4500,3129356,75701633.0000,1.897465,1,-1.022500,413.224241,13.933947,29.998415,75.476557,0
2016-08-31,sz.002213,24.4900,24.5800,23.8100,24.3000,24.2000,3518687,85420465.0000,2.133533,1,0.413200,414.931779,13.991525,30.122375,75.788443,0
2016-09-01,sz.002213,24.2800,25.3000,24.0200,24.9000,24.3000,5816257,144612770.0000,3.526650,1,2.469100,425.177008,14.336995,30.866137,77.659763,0
2016-09-02,sz.002213,24.9000,25.8500,24.8400,25.7500,24.9000,8953493,229099095.0000,5.428893,1,3.413700,439.691083,14.826411,31.919801,80.310799,0
2016-09-05,sz.002213,25.8500,26.2500,25.5100,25.7100,25.7500,4921183,127039695.0000,2.983928,1,-0.155343,439.008068,14.803379,31.870217,80.186044,0
2016-09-06,sz.002213,25.6700,26.4700,25.3000,26.1300,25.7100,5022083,130185449.0000,3.045108,1,1.633606,446.179728,15.045208,32.390850,81.495968,0
2016-09-07,sz.002213,26.4000,26.4900,25.5000,25.6300,26.1300,5271690,137288552.0000,3.196455,1,-1.913509,437.642037,14.757317,31.771048,79.936535,0
2016-09-08,sz.002213,25.7900,26.1600,25.2200,25.9600,25.6300,4260625,109920090.0000,2.583403,1,1.287553,443.276913,14.947325,32.180117,80.965761,0
2016-09-09,sz.002213,25.9600,26.2000,25.7800,25.9900,25.9600,3073100,79905933.0000,1.863354,1,0.115565,443.789175,14.964598,32.217306,81.059327,0
2016-09-12,sz.002213,25.7000,25.9900,24.9600,25.3100,25.9900,3093462,79011757.0000,1.875701,1,-2.616392,432.177915,14.573066,31.374375,78.938498,0
2016-09-13,sz.002213,26.1000,27.6000,25.6000,25.7500,25.3100,4412339,115776208.0000,2.675393,1,1.738446,439.691083,14.826411,31.919801,80.310799,0
2016-09-14,sz.002213,25.1000,25.6500,24.6400,25.2600,25.7500,2887977,72959500.0000,1.751106,1,-1.902912,431.324146,14.544277,31.312395,78.782555,0
2016-09-19,sz.002213,25.2800,25.3900,24.8000,25.1300,25.2600,2057477,51652725.0000,1.247538,1,-0.514652,429.104346,14.469425,31.151246,78.377102,0
2016-09-20,sz.002213,25.2900,25.2900,24.7700,24.9100,25.1300,1722031,42923717.0000,1.044142,1,-0.875445,425.347762,14.342753,30.878533,77.690951,0
2016-09-21,sz.002213,25.6500,26.4800,25.3500,25.7000,24.9100,4184000,107688276.0000,2.536942,1,3.171421,438.837314,14.797621,31.857820,80.154856,0
2016-09-22,sz.002213,25.6800,26.9700,25.5800,26.6900,25.7000,4748731,124876490.0000,2.879363,1,3.852139,455.741942,15.367646,33.085028,83.242533,0
2016-09-23,sz.002213,26.6200,27.0800,25.8900,26.0200,26.6900,3385895,89367577.0000,2.053016,1,-2.510304,444.301436,14.981872,32.254494,81.152893,0
2016-09-26,sz.002213,26.1400,26.6700,25.7200,25.7200,26.0200,2926901,76510534.0000,1.774708,1,-1.152964,439.178821,14.809137,31.882613,80.217233,0
2016-09-27,sz.002213,25.7100,26.4000,25.2000,26.0000,25.7200,2235441,57370573.0000,1.355445,1,1.088650,443.959928,14.970356,32.229702,81.090515,0
2016-09-28,sz.002213,25.8000,26.1500,25.7300,26.0000,26.0000,1357524,35232038.0000,0.823126,1,0.000000,443.959928,14.970356,32.229702,81.090515,0
2016-09-29,sz.002213,26.1700,26.1800,25.7000,25.7500,26.0000,1451158,37533461.0000,0.879900,1,-0.961538,439.691083,14.826411,31.919801,80.310799,0
2016-09-30,sz.002213,25.4200,25.8200,25.4200,25.8000,25.7500,1602101,41048757.0000,0.971424,1,0.194172,440.544852,14.855200,31.981781,80.466742,0
2016-10-10,sz.002213,25.9800,26.5300,25.7200,26.5100,25.8000,2727829,71329292.0000,1.654002,1,2.751942,452.668373,15.264006,32.861900,82.681137,0
2016-10-11,sz.002213,26.5200,26.7600,26.2200,26.7300,26.5100,1898795,50346283.0000,1.151322,1,0.829873,456.424957,15.390678,33.134612,83.367288,0
2016-10-12,sz.002213,26.6800,26.7900,26.2800,26.4500,26.7300,1713400,45401484.0000,1.038909,1,-1.047508,451.643850,15.229459,32.787523,82.494005,0
2016-10-13,sz.002213,26.4000,26.7400,25.7900,25.9800,26.4500,2754095,72013334.0000,1.669928,1,-1.776942,443.618421,14.958841,32.204910,81.028138,0
2016-10-14,sz.002213,25.9000,26.6800,25.6400,26.6500,25.9800,2773007,72684288.0000,1.681395,1,2.578907,455.058927,15.344615,33.035444,83.117778,0
2016-10-17,sz.002213,26.9200,26.9700,26.1000,26.2500,26.6500,2086050,55111659.0000,1.264863,1,-1.500937,448.228774,15.114302,32.539603,81.870232,0
2016-10-18,sz.002213,25.9000,26.6600,25.9000,26.4600,26.2500,2379662,62965526.0000,1.442893,1,0.799996,451.814604,15.235216,32.799919,82.525194,0
2016-10-19,sz.002213,26.3600,28.2800,26.3000,28.1100,26.4600,10275435,283177456.0000,6.230444,1,6.235834,479.988984,16.185258,34.845266,87.671323,0
2016-10-20,sz.002213,27.7100,28.9900,27.3200,27.4900,28.1100,14615542,411212688.0000,8.862040,1,-2.205624,469.402247,15.828273,34.076711,85.737626,0
2016-10-21,sz.002213,27.1400,28.4500,26.7700,28.0400,27.4900,6510475,179279289.0000,3.947585,1,2.000732,478.793707,16.144953,34.758494,87.453002,0
2016-10-24,sz.002213,27.8900,28.3300,27.5500,27.8200,28.0400,2902983,81125288.0000,1.760205,1,-0.784598,475.037123,16.018281,34.485781,86.766851,0
2016-10-25,sz.002213,27.9500,28.0900,27.3000,27.4000,27.8200,2988681,82351516.0000,1.812168,1,-1.509706,467.865463,15.776452,33.965147,85.456928,0
2016-10-26,sz.002213,27.5300,27.9600,26.9400,27.6200,27.4000,3538030,97126058.0000,2.145262,1,0.802924,471.622047,15.903125,34.237860,86.143078,0
2016-10-27,sz.002213,27.6200,27.8500,27.1200,27.1500,27.6200,1881041,51702620.0000,1.140557,1,-1.701670,463.596618,15.632507,33.655246,84.677211,0
2016-10-28,sz.002213,27.2000,27.6000,26.6800,26.8000,27.1500,2030143,54810289.0000,1.230964,1,-1.289136,453.379471,15.260695,32.806916,178.987119,0
2016-10-31,sz.002213,26.8300,26.9900,25.4600,25.9000,26.8000,3444301,89877184.0000,2.088430,1,-3.358208,438.154041,14.748209,31.705191,172.976358,0
2016-11-01,sz.002213,25.9100,26.5600,25.9000,26.0600,25.9000,2306702,60336880.0000,1.398654,1,0.617760,440.860784,14.839317,31.901053,174.044938,0
2016-11-02,sz.002213,26.0600,26.2300,25.4500,26.1700,26.0600,2674514,69147202.0000,1.621674,1,0.422105,442.721670,14.901954,32.035708,174.779586,0
2016-11-03,sz.002213,25.7500,26.8000,25.7500,26.2100,26.1700,2598136,68632927.0000,1.575363,1,0.152843,443.398355,14.924732,32.084674,175.046731,0
2016-11-04,sz.002213,26.2100,26.7600,25.9100,26.1200,26.2100,2609223,68580261.0000,1.582086,1,-0.343374,441.875812,14.873483,31.974501,174.445655,0
2016-11-07,sz.002213,26.0000,26.3600,25.6000,25.7100,26.1200,3075840,80008814.0000,1.865016,1,-1.569685,434.939783,14.640017,31.472604,171.707419,0
2016-11-08,sz.002213,25.7700,26.2500,25.6200,26.0100,25.7100,4299545,111556850.0000,2.607002,1,1.166866,440.014927,14.810846,31.839846,173.711007,0
2016-11-09,sz.002213,25.9800,26.0000,25.5200,25.7200,26.0100,2092500,53974335.0000,1.268774,1,-1.114959,435.108955,14.645711,31.484846,171.774206,0
2016-11-10,sz.002213,26.0000,26.2000,25.7500,25.9700,25.7200,1591688,41311865.0000,0.965110,1,0.972006,439.338241,14.788069,31.790880,173.443862,0
2016-11-11,sz.002213,26.0000,26.1800,25.6800,25.7500,25.9700,1960674,50732200.0000,1.188842,1,-0.847129,435.616469,14.662794,31.521570,171.974564,0
2016-11-14,sz.002213,25.7500,26.0500,25.3000,25.3800,25.7500,3315157,85069805.0000,2.010124,1,-1.436896,429.357126,14.452106,31.068639,169.503474,0
2016-11-15,sz.002213,25.4000,25.6000,25.1100,25.4000,25.3800,2680824,68076445.0000,1.625500,1,0.078804,429.695468,14.463494,31.093121,169.637046,0
2016-11-16,sz.002213,25.4400,26.2800,25.4400,26.2000,25.4000,3903682,101528791.0000,2.366973,1,3.149611,443.229184,14.919037,32.072432,174.979945,0
2016-11-17,sz.002213,26.1000,28.0300,26.0500,27.5200,26.2000,7825330,213115061.0000,4.744839,1,5.038167,465.559815,15.670684,33.688295,183.795729,0
2016-11-18,sz.002213,27.5000,27.9100,26.9000,27.2700,27.5200,4455493,122213093.0000,2.701560,1,-0.908430,461.330528,15.528326,33.382261,182.126073,0
2016-11-21,sz.002213,27.3700,28.2800,27.0800,27.5500,27.2700,3758999,104330834.0000,2.279245,1,1.026765,466.067329,15.687766,33.725019,183.996087,0
2016-11-22,sz.002213,27.6400,27.6500,27.1700,27.4200,27.5500,2282280,62374346.0000,1.383846,1,-0.471866,463.868100,15.613741,33.565881,183.127866,0
2016-11-23,sz.002213,27.4000,27.6300,26.6500,26.8800,27.4200,3240859,87691939.0000,1.965074,1,-1.969369,454.732842,15.306249,32.904847,179.521409,0
2016-11-24,sz.002213,26.7200,27.1000,26.4500,26.4800,26.8800,1585324,42377435.0000,0.961251,1,-1.488094,447.965984,15.078477,32.415191,176.849960,0
2016-11-25,sz.002213,26.4900,26.6000,25.9900,26.6000,26.4800,2755173,72283255.0000,1.670581,1,0.453175,449.996042,15.146809,32.562088,177.651395,0
2016-11-28,sz.002213,26.4000,27.0000,26.4000,26.7800,26.6000,1770298,47145612.0000,1.073409,1,0.676693,453.041128,15.249306,32.782433,178.853547,0
2016-11-29,sz.002213,26.6800,26.6800,26.0300,26.1000,26.7800,2032898,53408110.0000,1.232635,1,-2.539209,441.537470,14.862094,31.950018,174.312083,0
2016-11-30,sz.002213,26.0700,26.0700,25.5500,25.9900,26.1000,2121013,54622547.0000,1.286063,1,-0.421458,439.676584,14.799457,31.815363,173.577434,0
2016-12-01,sz.002213,25.8500,27.3800,25.6800,27.1100,25.9900,2811893,74849303.0000,1.704973,1,4.309353,458.623785,15.437218,33.186398,181.057493,0
2016-12-02,sz.002213,27.1100,27.4900,26.4800,26.8800,27.1100,2778256,74735456.0000,1.684578,1,-0.848401,454.732842,15.306249,32.904847,179.521409,0
2016-12-05,sz.002213,26.7600,26.7600,25.8500,25.8500,26.8800,2716285,71089379.0000,1.647002,1,-3.831841,437.308183,14.719737,31.643984,172.642427,0
2016-12-06,sz.002213,25.8700,26.2300,25.8100,26.0700,25.8500,1278533,33264523.0000,0.775230,1,0.851061,441.029955,14.845012,31.913294,174.111724,0
2016-12-07,sz.002213,26.2000,26.2000,25.8200,26.1400,26.0700,1437017,37425026.0000,0.871326,1,0.268507,442.214155,14.884872,31.998984,174.579228,0
2016-12-08,sz.002213,26.1400,27.4700,25.8400,27.2700,26.1400,4815375,129459249.0000,2.919772,1,4.322881,461.330528,15.528326,33.382261,182.126073,0
2016-12-09,sz.002213,27.1000,27.1700,26.5900,26.6900,27.2700,1919944,51445595.0000,1.164146,1,-2.126879,451.518585,15.198058,32.672260,178.252471,0
2016-12-12,sz.002213,26.7500,26.9400,24.9800,25.1000,26.6900,3625135,92886301.0000,2.198077,1,-5.957288,424.620325,14.292666,30.725880,167.633459,0
2016-12-13,sz.002213,25.0000,25.7800,25.0000,25.2000,25.1000,2006082,50776799.0000,1.216375,1,0.398408,426.312040,14.349608,30.848294,168.301321,0
2016-12-14,sz.002213,25.1000,25.7000,24.8200,25.1000,25.2000,2195324,55470148.0000,1.331121,1,-0.396827,424.620325,14.292666,30.725880,167.633459,0
2016-12-15,sz.002213,25.0100,25.6500,24.0200,24.5500,25.1000,3512457,86663971.0000,2.129756,1,-2.191240,415.315896,13.979480,30.052604,163.960216,0
2016-12-16,sz.002213,24.5000,24.8500,24.1300,24.5900,24.5500,2169101,53099812.0000,1.315220,1,0.162937,415.992581,14.002257,30.101569,164.227361,0
2016-12-19,sz.002213,24.8000,25.5700,24.6100,25.5300,24.5900,2394520,60441135.0000,1.451902,1,3.822694,431.894697,14.537520,31.252259,170.505267,0
2016-12-20,sz.002213,25.7700,25.8500,25.1900,25.5300,25.5300,1709064,43633053.0000,1.036280,1,0.000000,431.894697,14.537520,31.252259,170.505267,0
2016-12-21,sz.002213,25.7400,25.9700,24.8800,25.7100,25.5300,1557004,40128117.0000,0.944079,1,0.705047,434.939783,14.640017,31.472604,171.707419,0
2016-12-22,sz.002213,25.6900,27.0200,25.5100,26.7000,25.7100,4665994,123661978.0000,2.829196,1,3.850649,451.687756,15.203752,32.684502,178.319257,0
2016-12-23,sz.002213,26.5100,26.9000,26.4000,26.7000,26.7000,1795270,47839559.0000,1.088550,1,0.000000,451.687756,15.203752,32.684502,178.319257,0
2016-12-26,sz.002213,26.4800,26.8100,25.0000,26.7800,26.7000,2072134,54329464.0000,1.256425,1,0.299625,453.041128,15.249306,32.782433,178.853547,0
2016-12-27,sz.002213,26.7900,27.5000,26.4900,27.2600,26.7800,3526940,95800320.0000,2.138537,1,1.792381,461.161357,15.522632,33.370019,182.059286,0
2016-12-28,sz.002213,26.8800,27.2500,26.5100,26.5500,27.2600,1544733,41602289.0000,0.936639,1,-2.604552,449.150184,15.118337,32.500881,177.317463,0
2016-12-29,sz.002213,26.3500,26.6000,26.0500,26.1900,26.5500,883901,23280125.0000,0.535948,1,-1.355927,443.060013,14.913343,32.060191,174.913159,0
2016-12-30,sz.002213,26.3500,27.2900,26.3000,26.7500,26.1900,3228553,87041821.0000,1.957612,1,2.138219,452.533613,15.232223,32.745709,178.653188,0
2017-01-03,sz.002213,26.6900,27.1700,26.6900,26.9300,26.7500,1116131,30059523.0000,0.620337,1,0.672898,455.578699,15.334720,32.966054,179.855341,0
2017-01-04,sz.002213,27.1900,27.1900,26.5100,26.8900,26.9300,1661112,44475994.0000,0.923233,1,-0.148537,454.902014,15.311943,32.917088,179.588196,0
2017-01-05,sz.002213,26.8700,27.1100,26.7100,27.0200,26.8900,1530390,41231437.0000,0.850579,1,0.483455,457.101242,15.385969,33.076226,180.456417,0
2017-01-06,sz.002213,27.1000,27.1000,26.2700,26.7000,27.0200,1282819,34224136.0000,0.712981,1,-1.184307,451.687756,15.203752,32.684502,178.319257,0
2017-01-09,sz.002213,26.3100,26.7500,25.9900,26.5100,26.7000,1722208,45438224.0000,0.957190,1,-0.711612,448.473499,15.095560,32.451915,177.050318,0
2017-01-10,sz.002213,26.3400,26.6600,26.1000,26.1100,26.5100,1571200,41450730.0000,0.873260,1,-1.508863,441.706641,14.867789,31.962260,174.378869,0
2017-01-11,sz.002213,26.1100,26.5400,26.0500,26.1700,26.1100,871415,22888708.0000,0.484326,1,0.229795,442.721670,14.901954,32.035708,174.779586,0
2017-01-12,sz.002213,26.1200,26.3400,25.9100,25.9800,26.1700,904491,23645177.0000,0.502709,1,-0.726024,439.507412,14.793763,31.803122,173.510648,0
2017-01-13,sz.002213,26.0900,26.7400,25.7700,25.9700,25.9800,4416560,116286443.0000,2.454689,1,-0.038492,439.338241,14.788069,31.790880,173.443862,0
2017-01-16,sz.002213,25.8500,25.8500,23.3700,23.3700,25.9700,4304226,104877986.0000,2.392255,1,-10.011550,395.353665,13.307554,28.608120,156.079440,0
2017-01-17,sz.002213,23.5100,23.5200,21.0300,23.0000,23.3700,9434281,209914170.0000,5.243498,1,-1.583230,389.094322,13.096865,28.155189,153.608349,0
2017-01-18,sz.002213,22.0000,23.1200,21.9900,22.6700,23.0000,4769050,107640390.0000,2.650600,1,-1.434782,383.511664,12.908953,27.751223,151.404403,0
2017-01-19,sz.002213,23.0000,23.4500,22.6900,22.9000,22.6700,5465650,125505405.0000,3.037765,1,1.014555,387.402607,13.039922,28.032775,152.940486,0
2017-01-20,sz.002213,23.0000,23.3900,22.6400,23.2700,22.9000,1236075,28745833.0000,0.687001,1,1.615724,393.661951,13.250611,28.485706,155.411577,0
2017-01-23,sz.002213,23.5500,23.6500,23.1600,23.4500,23.2700,2388285,55903403.0000,1.327390,1,0.773529,396.707037,13.353108,28.706051,156.613729,0
2017-01-24,sz.002213,23.3000,24.2000,23.3000,24.2000,23.4500,3486302,83587738.0000,1.937659,1,3.198294,409.394895,13.780180,29.624155,161.622697,0
2017-01-25,sz.002213,24.0200,25.0200,24.0100,24.9900,24.2000,2098426,52027366.0000,1.166288,1,3.264458,422.759439,14.230028,30.591225,166.898810,0
2017-01-26,sz.002213,25.3800,25.3800,24.8900,25.0500,24.9900,995295,24972106.0000,0.553177,1,0.240094,423.774468,14.264194,30.664673,167.299528,0
2017-02-03,sz.002213,25.2000,25.6800,25.1900,25.5900,25.0500,2175401,55526038.0000,1.209071,1,2.155692,432.909726,14.571686,31.325708,170.905985,0
2017-02-06,sz.002213,25.2000,25.8100,25.1800,25.6300,25.5900,1217442,31289394.0000,0.676645,1,0.156307,433.586412,14.594463,31.374673,171.173129,0
2017-02-07,sz.002213,25.7800,25.9800,25.5500,25.8100,25.6300,2092732,53998857.0000,1.163124,1,0.702303,436.631498,14.696960,31.595018,172.375282,0
2017-02-08,sz.002213,25.6000,25.8100,25.0900,25.7600,25.8100,3000596,76815044.0000,1.667707,1,-0.193720,435.785640,14.668489,31.533811,172.041351,0
2017-02-09,sz.002213,25.6500,26.0000,25.5500,25.7900,25.7600,2476665,63855834.0000,1.376511,1,0.116462,436.293155,14.685572,31.570535,172.241709,0
2017-02-10,sz.002213,25.7400,25.7400,25.2000,25.3600,25.7900,1152755,29399148.0000,0.640692,1,-1.667314,429.018783,14.440717,31.044156,169.369901,0
2017-02-13,sz.002213,25.0300,25.6500,24.8500,25.1900,25.3600,5461638,136701860.0000,3.035535,1,-0.670347,426.142868,14.343914,30.836052,168.234535,0
2017-02-14,sz.002213,25.4000,25.6900,25.1900,25.3400,25.1900,2171437,55146380.0000,1.206867,1,0.595473,428.680440,14.429328,31.019673,169.236329,0
2017-02-15,sz.002213,25.2700,25.9400,25.2700,25.7100,25.3400,5422633,139142541.0000,3.013856,1,1.460138,434.939783,14.640017,31.472604,171.707419,0
2017-02-16,sz.002213,25.7100,27.0000,25.4000,26.6600,25.7100,8088449,213257859.0000,4.495496,1,3.695063,451.011070,15.180975,32.635536,178.052112,0
2017-02-17,sz.002213,26.5000,27.1600,26.2500,26.6500,26.6600,5282298,140970560.0000,2.935859,1,-0.037510,450.841899,15.175280,32.623295,177.985326,0
2017-02-20,sz.002213,26.5000,26.8000,26.2500,26.5200,26.6500,3448202,91812715.0000,1.916483,1,-0.487802,448.642670,15.101255,32.464157,177.117105,0
2017-02-21,sz.002213,26.5000,26.9200,26.1000,26.2900,26.5200,2962880,78558905.0000,1.646745,1,-0.867268,444.751727,14.970286,32.182605,175.581021,0
2017-02-22,sz.002213,26.1100,26.3800,25.9200,25.9500,26.2900,2664862,69626652.0000,1.481109,1,-1.293268,438.999898,14.776680,31.766398,173.310289,0
2017-02-23,sz.002213,25.7400,26.4900,25.7200,26.0000,25.9500,2487480,64689484.0000,1.382522,1,0.192675,439.845755,14.805152,31.827605,173.644220,0
2017-02-24,sz.002213,25.7200,26.1100,25.6800,25.8800,26.0000,3287022,85333474.0000,1.826901,1,-0.461542,437.815698,14.736820,31.680708,172.842785,0
2017-02-27,sz.002213,25.9600,26.7200,25.8000,26.6500,25.8800,3598601,94546956.0000,2.000074,1,2.975272,686.557429,15.175280,36.434051,177.985326,0
2017-02-28,sz.002213,26.7000,27.2400,26.4800,27.0500,26.6500,5149552,139225506.0000,2.862080,1,1.500937,696.862231,15.403052,36.980904,180.656775,0
2017-03-01,sz.002213,26.9300,28.6800,26.9000,28.4000,27.0500,7311186,203702406.0000,4.063499,1,4.990759,731.640937,16.171781,38.826531,189.672918,0
2017-03-02,sz.002213,28.2200,29.0800,28.0300,28.2600,28.4000,2992630,85646218.0000,1.663280,1,-0.492956,728.034257,16.092061,38.635133,188.737910,0
2017-03-03,sz.002213,28.4000,28.5700,27.6500,27.7300,28.2600,2521943,70629352.0000,1.401676,1,-1.875445,714.380394,15.790264,37.910553,185.198240,0
2017-03-06,sz.002213,27.7300,28.2700,27.7300,28.0000,27.7300,2084702,58387432.0000,1.158661,1,0.973676,721.336135,15.944009,38.279679,187.001468,0
2017-03-07,sz.002213,28.1600,28.3500,27.5200,28.0000,28.0000,1467287,41066282.0000,0.815506,1,0.000000,721.336135,15.944009,38.279679,187.001468,0
2017-03-08,sz.002213,28.0200,28.3900,27.8300,28.0100,28.0000,2499801,70150565.0000,1.389370,1,0.035715,721.593755,15.949704,38.293350,187.068254,0
2017-03-09,sz.002213,28.0100,28.0800,27.4900,27.5000,28.0100,1154100,31948861.0000,0.641440,1,-1.820779,708.455133,15.659295,37.596113,183.662156,0
2017-03-10,sz.002213,27.6500,27.8000,27.3000,27.6900,27.5000,955983,26388103.0000,0.531328,1,0.690911,713.349914,15.767486,37.855868,184.931095,0
2017-03-13,sz.002213,27.6900,28.0000,27.6500,27.8000,27.6900,1122061,31143562.0000,0.623633,1,0.397251,716.183734,15.830124,38.006252,185.665743,0
2017-03-14,sz.002213,27.8000,28.0000,27.3600,27.7300,27.8000,1372982,37895357.0000,0.763092,1,-0.251798,714.380394,15.790264,37.910553,185.198240,0
2017-03-15,sz.002213,28.0500,28.4000,27.1600,27.5500,27.7300,2405400,66458775.0000,1.336902,1,-0.649118,709.743233,15.687766,37.664469,183.996087,0
2017-03-16,sz.002213,27.4000,27.5800,26.8800,27.1600,27.5500,2441638,66408988.0000,1.357043,1,-1.415606,699.696051,15.465689,37.131288,181.391424,0
2017-03-17,sz.002213,27.1800,27.2000,26.9000,26.9800,27.1600,1445045,39089657.0000,0.803145,1,-0.662740,695.058890,15.363192,36.885205,180.189272,0
2017-03-20,sz.002213,26.9600,26.9900,26.5400,26.9500,26.9800,1151211,30828555.0000,0.639834,1,-0.111189,694.286030,15.346109,36.844191,179.988913,0
2017-03-21,sz.002213,26.7200,27.2000,26.5500,26.9600,26.9500,940301,25243111.0000,0.522612,1,0.037100,694.543650,15.351803,36.857862,180.055699,0
2017-03-22,sz.002213,26.5900,26.9800,26.5900,26.6800,26.9600,750300,20076335.0000,0.417011,1,-1.038571,687.330289,15.192363,36.475065,178.185685,0
2017-03-23,sz.002213,26.6800,27.1000,26.1600,26.2300,26.6800,4803201,127675570.0000,2.669581,1,-1.686659,675.737387,14.936120,35.859856,175.180304,0
2017-03-24,sz.002213,26.0300,26.6800,26.0300,26.3900,26.2300,2211000,58245448.0000,1.228856,1,0.609988,679.859308,15.027229,36.078597,176.248884,0
2017-03-27,sz.002213,26.3900,26.6600,25.6500,26.0000,26.3900,3561901,92432845.0000,1.979676,1,-1.477830,669.812126,14.805152,35.545416,173.644220,0
2017-03-28,sz.002213,26.2000,26.2500,25.8000,25.9000,26.0000,2602900,67459604.0000,1.446671,1,-0.384617,667.235925,14.748209,35.408703,172.976358,0
2017-03-29,sz.002213,25.8100,25.9800,24.9100,25.6900,25.9000,5478976,139896718.0000,3.045171,1,-0.810807,661.825904,14.628629,35.121605,171.573847,0
2017-03-30,sz.002213,25.6000,25.6000,25.0300,25.5000,25.6900,2521740,63599784.0000,1.401563,1,-0.739590,656.931123,14.520437,34.861850,170.304908,0
2017-03-31,sz.002213,25.1200,25.5000,25.1200,25.4600,25.5000,1301500,33067684.0000,0.723363,1,-0.156866,655.900643,14.497660,34.807165,170.037763,0
2017-04-05,sz.002213,25.4600,25.6900,25.1500,25.4500,25.4600,811411,20617153.0000,0.450976,1,-0.039271,655.643023,14.491966,34.793494,169.970977,0
2017-04-06,sz.002213,25.2000,25.6900,25.1800,25.4000,25.4500,1593710,40496009.0000,0.885771,1,-0.196468,654.354923,14.463494,34.725137,169.637046,0
2017-04-07,sz.002213,25.3700,25.3900,25.0000,25.1900,25.4000,1208872,30454607.0000,0.671881,1,-0.826768,648.944902,14.343914,34.438039,168.234535,0
2017-04-10,sz.002213,25.1700,25.2100,24.8000,25.1800,25.1900,3541474,89026745.0000,1.968323,1,-0.039699,648.687282,14.338220,34.424368,168.167749,0
2017-04-11,sz.002213,25.1000,25.2500,24.7900,25.2000,25.1800,3373432,84528789.0000,1.874927,1,0.079430,649.202522,14.349608,34.451711,168.301321,0
2017-04-12,sz.002213,25.2000,25.3500,24.8800,25.2100,25.2000,1677908,42174140.0000,0.932568,1,0.039676,649.460142,14.355303,34.465382,168.368107,0
2017-04-13,sz.002213,25.3400,26.1500,25.0800,25.4300,25.2100,1761541,45244384.0000,0.979050,1,0.872675,655.127783,14.480577,34.766151,169.837405,0
2017-04-14,sz.002213,25.5000,26.0000,24.4500,25.8500,25.4300,2905274,73196284.0000,1.614728,1,1.651593,665.947825,14.719737,35.340346,172.642427,0
2017-04-17,sz.002213,25.8300,25.9000,24.9000,24.9000,25.8500,2011400,50858460.0000,1.117920,1,-3.675051,641.473920,14.178780,34.041571,166.297734,0
2017-04-18,sz.002213,24.8800,25.5300,24.7200,25.3000,24.9000,1498600,37383158.0000,0.832910,1,1.606424,652.881746,14.561065,34.588424,141.949776,0
2017-04-19,sz.002213,25.1600,25.5000,22.7700,24.9000,25.3000,18827273,432543312.0000,10.464049,1,-1.581026,642.559505,14.330850,34.041571,139.705511,0
2017-04-20,sz.002213,23.9400,24.8300,22.8000,23.9900,24.9000,6275047,146601340.0000,3.487621,1,-3.654618,619.076407,13.807112,32.797482,134.599807,0
2017-04-21,sz.002213,23.5600,24.3800,23.3000,24.0000,23.9900,2753204,65578800.0000,1.530209,1,0.041685,619.334463,13.812868,32.811153,134.655914,0
2017-04-24,sz.002213,24.0800,24.0800,23.0400,23.8100,24.0000,2188994,51442025.0000,1.216625,1,-0.791669,614.431398,13.703516,32.551398,133.589888,0
2017-04-25,sz.002213,23.8200,24.1000,23.5800,23.8200,23.8100,1220970,29064877.0000,0.678605,1,0.042000,614.689454,13.709271,32.565069,133.645995,0
2017-04-26,sz.002213,23.8900,24.1500,23.6700,23.8000,23.8200,870521,20707537.0000,0.483829,1,-0.083965,614.173342,13.697761,32.537727,133.533781,0
2017-04-27,sz.002213,23.5900,24.1000,23.0000,23.9700,23.8000,2065913,48803485.0000,1.148218,1,0.714286,618.560295,13.795602,32.770139,134.487594,0
2017-04-28,sz.002213,23.7000,24.1500,23.5200,23.9800,23.9700,1191002,28458289.0000,0.661949,1,0.041720,1531.125870,13.862234,36.929980,151.033105,0
2017-05-02,sz.002213,23.8800,24.1000,23.4700,23.8500,23.9800,1436910,34017782.0000,0.798623,1,-0.542115,1522.825355,13.787084,36.729776,150.214326,0
2017-05-03,sz.002213,23.8000,23.8000,22.8800,23.4300,23.8500,2645508,61546390.0000,1.470352,1,-1.761007,1496.008304,13.544293,36.082963,147.569043,0
2017-05-04,sz.002213,23.0100,23.3500,23.0100,23.2500,23.4300,767740,17813154.0000,0.426704,1,-0.768247,1484.515283,13.440239,35.805757,146.435350,0
2017-05-05,sz.002213,23.0600,23.3100,22.7000,22.8500,23.2500,1385200,31701835.0000,0.769883,1,-1.720428,1458.975235,13.209009,35.189744,143.916032,0
2017-05-08,sz.002213,22.8300,22.9900,21.0100,22.9000,22.8500,2475800,56049903.0000,1.376030,1,0.218815,1462.167741,13.237913,35.266745,144.230946,0
2017-05-09,sz.002213,22.6100,23.5000,22.4500,23.2100,22.9000,1767023,40459092.0000,0.982097,1,1.353709,1481.961278,13.417116,35.744155,146.183418,0
2017-05-10,sz.002213,23.4500,24.3500,22.8900,22.9800,23.2100,2024413,48092693.0000,1.125153,1,-0.990950,1467.275751,13.284159,35.389948,144.734810,0
2017-05-11,sz.002213,22.8800,23.2000,22.4100,22.9500,22.9800,669800,15273055.0000,0.372270,1,-0.130543,1465.360247,13.266817,35.343747,144.545861,0
2017-05-12,sz.002213,23.0000,24.0000,22.5600,23.3500,22.9500,1532511,35819741.0000,0.851757,1,1.742918,1490.900295,13.498047,35.959760,147.065179,0
2017-05-15,sz.002213,23.6500,23.8100,23.3500,23.5000,23.3500,599421,14065741.0000,0.333153,1,0.642397,1500.477813,13.584758,36.190765,148.009923,0
2017-05-16,sz.002213,23.6000,23.7100,23.2000,23.5000,23.5000,718301,16800998.0000,0.399226,1,0.000000,1500.477813,13.584758,36.190765,148.009923,0
2017-05-17,sz.002213,23.2900,23.5000,23.2900,23.3800,23.5000,562600,13159003.0000,0.312689,1,-0.510642,1492.815798,13.515389,36.005961,147.254128,0
2017-05-18,sz.002213,23.2300,23.8500,23.2300,23.3100,23.3800,1109901,26057804.0000,0.616874,1,-0.299400,1488.346290,13.474924,35.898159,146.813247,0
2017-05-19,sz.002213,23.4800,23.5000,23.2300,23.3000,23.3100,382700,8931399.0000,0.212702,1,-0.042901,1487.707789,13.469143,35.882758,146.750264,0
2017-05-22,sz.002213,23.2500,23.2800,22.4000,22.4900,23.3000,555300,12656243.0000,0.308631,1,-3.476393,1435.989192,13.000902,34.635332,141.648646,0
2017-05-23,sz.002213,22.4800,23.0900,21.9000,22.8000,22.4900,932901,20891196.0000,0.518499,1,1.378388,1455.782729,13.180105,35.112742,143.601117,0
2017-05-24,sz.002213,22.7700,22.9000,22.5000,22.8400,22.8000,463301,10500693.0000,0.257499,1,0.175443,1458.336734,13.203228,35.174343,143.853049,0
2017-05-25,sz.002213,22.7400,23.2500,22.4800,22.7800,22.8400,287065,6512831.0000,0.159548,1,-0.262695,1454.505727,13.168544,35.081941,143.475151,0
2017-05-26,sz.002213,22.8000,22.8400,22.0000,22.5000,22.7800,867716,19424319.0000,0.482270,1,-1.229151,1436.627693,13.006683,34.650732,141.711629,0
2017-05-31,sz.002213,22.6800,22.6800,22.1400,22.1800,22.5000,533459,11934151.0000,0.296492,1,-1.422221,1416.195655,12.821699,34.157922,139.696174,0
2017-06-01,sz.002213,22.0500,22.2000,21.4000,22.1500,22.1800,1392320,30404440.0000,0.773840,1,-0.135260,1414.280151,12.804357,34.111721,139.507226,0
2017-06-02,sz.002213,22.1000,22.1800,21.5500,22.0000,22.1500,565998,12375085.0000,0.314577,1,-0.677199,1404.702633,12.717646,33.880716,138.562481,0
2017-06-05,sz.002213,22.0000,22.0100,21.7300,21.9800,22.0000,584021,12799803.0000,0.324594,1,-0.090911,1403.425631,12.706084,33.849915,138.436515,0
2017-06-06,sz.002213,21.9000,22.2000,21.7700,22.1000,21.9800,803328,17719208.0000,0.446483,1,0.545955,1411.087645,12.775453,34.034719,139.192311,0
2017-06-07,sz.002213,22.1000,22.3500,21.9900,22.3000,22.1000,786840,17474932.0000,0.437319,1,0.904972,1423.857669,12.891068,34.342726,140.451970,0
2017-06-08,sz.002213,22.6000,22.7300,22.0500,22.0500,22.3000,301635,6716397.0000,0.167646,1,-1.121076,1407.895139,12.746549,33.957718,138.877396,0
2017-06-09,sz.002213,22.0800,22.3000,21.8100,22.2700,22.0500,906222,19958322.0000,0.503671,1,0.997738,1421.942166,12.873726,34.296525,140.263021,0
2017-06-12,sz.002213,22.2000,22.2000,21.8000,21.8500,22.2700,713503,15664163.0000,0.396559,1,-1.885946,1395.125115,12.630934,33.649711,137.617737,0
2017-06-13,sz.002213,21.8000,21.9500,21.7300,21.7500,21.8500,526100,11472383.0000,0.292402,1,-0.457668,1388.740103,12.573127,33.495708,136.987908,0
2017-06-14,sz.002213,21.7500,22.0500,21.2000,21.9400,21.7500,1584163,34404818.0000,0.880465,1,0.873566,1400.871626,12.682961,33.788314,138.184584,0
2017-06-15,sz.002213,21.8900,22.1700,21.6700,22.0000,21.9400,555586,12184662.0000,0.308790,1,0.273471,1404.702633,12.717646,33.880716,138.562481,0
2017-06-16,sz.002213,22.0000,22.2000,21.7300,22.2000,22.0000,1099016,24248189.0000,0.610824,1,0.909094,1417.472657,12.833261,34.188723,139.822140,0
2017-06-19,sz.002213,22.0900,22.8700,22.0800,22.8100,22.2000,1590792,36007295.0000,0.884150,1,2.747742,1456.421230,13.185886,35.128142,143.664100,0
2017-06-20,sz.002213,23.1500,23.1500,22.6900,22.7800,22.8100,1941390,44211437.0000,1.079009,1,-0.131516,1454.505727,13.168544,35.081941,143.475151,0
2017-06-21,sz.002213,23.2000,23.2000,22.7000,22.9000,22.7800,717557,16370058.0000,0.398812,1,0.526773,1462.167741,13.237913,35.266745,144.230946,0
2017-06-22,sz.002213,22.9000,23.1000,22.5700,22.6000,22.9000,1162003,26650529.0000,0.645832,1,-1.310040,1443.012705,13.064490,34.804736,142.341458,0
2017-06-23,sz.002213,22.6200,23.0300,22.3800,22.8500,22.6000,694500,15717787.0000,0.385998,1,1.106195,1458.975235,13.209009,35.189744,143.916032,0
2017-06-26,sz.002213,23.2500,23.2500,22.0100,22.4900,22.8500,2360500,53049772.0000,1.311947,1,-1.575495,1435.989192,13.000902,34.635332,141.648646,0
2017-06-27,sz.002213,22.6500,22.6500,21.9500,22.4000,22.4900,1453401,32210357.0000,0.807789,1,-0.400179,1430.242681,12.948875,34.496729,141.081799,0
2017-06-28,sz.002213,22.1000,22.2000,21.9000,22.1200,22.4000,604645,13327423.0000,0.336057,1,-1.249995,1412.364648,12.787015,34.065520,139.318277,0
2017-06-29,sz.002213,21.9000,22.1400,21.8900,21.9300,22.1200,739211,16284757.0000,0.410848,1,-0.858954,1400.233125,12.677180,33.772914,138.121601,0
2017-06-30,sz.002213,21.5800,22.7000,21.5800,21.9900,21.9300,1408980,30887035.0000,0.750174,1,0.273595,1404.064132,12.711865,33.865316,138.499498,0
2017-07-03,sz.002213,21.9500,21.9500,21.7200,21.7700,21.9900,864872,18860697.0000,0.460478,1,-1.000452,1390.017106,12.584688,33.526509,137.113874,0
2017-07-04,sz.002213,21.7500,21.8900,21.5500,21.6000,21.7700,509100,11073709.0000,0.271057,1,-0.780891,1379.162585,12.486416,33.264703,136.043163,0
2017-07-05,sz.002213,21.5200,21.7500,21.4800,21.7500,21.6000,813701,17591291.0000,0.433234,1,0.694443,1388.740103,12.573127,33.495708,136.987908,0
2017-07-06,sz.002213,21.7000,21.7400,21.4600,21.7400,21.7500,572000,12355059.0000,0.304546,1,-0.045978,1388.101602,12.567346,33.480308,136.924925,0
2017-07-07,sz.002213,22.3500,22.7000,21.6100,22.3000,21.7400,1578020,35164073.0000,0.840175,1,2.575894,1423.857669,12.891068,34.342726,140.451970,0
2017-07-10,sz.002213,22.0600,22.2900,21.8000,22.0500,22.3000,700954,15437032.0000,0.373204,1,-1.121076,1407.895139,12.746549,33.957718,138.877396,0
2017-07-11,sz.002213,21.8800,22.0600,21.8500,22.0100,22.0500,349054,7664034.0000,0.185845,1,-0.181401,1405.341134,12.723426,33.896116,138.625464,0
2017-07-12,sz.002213,21.9100,22.0000,21.4900,21.9000,22.0100,324875,7046394.0000,0.172971,1,-0.499776,1398.317621,12.659838,33.726713,137.932652,0
2017-07-13,sz.002213,21.6200,21.8500,21.5100,21.8500,21.9000,492047,10659481.0000,0.261977,1,-0.228307,1395.125115,12.630934,33.649711,137.617737,0
2017-07-14,sz.002213,21.7700,21.7700,21.5200,21.6100,21.8500,346700,7491426.0000,0.184591,1,-1.098397,1379.801087,12.492196,33.280103,136.106146,0
2017-07-17,sz.002213,21.5300,21.5400,19.5500,20.7600,21.6100,629439,13015281.0000,0.335128,1,-3.933366,1325.528485,12.000833,31.971076,130.752596,0
2017-07-18,sz.002213,20.7700,20.8000,19.9000,20.7700,20.7600,955100,19403920.0000,0.508518,1,0.048171,1326.166986,12.006614,31.986476,130.815579,0
2017-07-19,sz.002213,20.7400,20.7600,20.3000,20.6300,20.7700,455803,9372257.0000,0.242680,1,-0.674055,1317.227969,11.925683,31.770871,129.933818,0
2017-07-20,sz.002213,20.2200,20.8700,20.2200,20.6100,20.6300,859669,17819400.0000,0.457708,1,-0.096939,1315.950967,11.914122,31.740071,129.807852,0
2017-07-21,sz.002213,20.5500,20.8400,20.4700,20.7000,20.6100,234800,4864552.0000,0.125013,1,0.436682,1321.697478,11.966148,31.878674,130.374698,0
2017-07-24,sz.002213,20.2200,21.2000,20.2200,21.1700,20.7000,573410,11994487.0000,0.305297,1,2.270528,1351.707034,12.237843,32.602489,133.334897,0
2017-07-25,sz.002213,21.5600,21.9700,20.9500,21.4800,21.1700,3042673,64741902.0000,1.619991,1,1.464334,1371.500571,12.417047,33.079899,135.287368,0
2017-07-26,sz.002213,21.2000,21.8600,21.2000,21.7600,21.4800,855047,18464981.0000,0.455247,1,1.303541,1389.378604,12.578908,33.511108,137.050891,0
2017-07-27,sz.002213,21.7700,21.9900,21.6100,21.9500,21.7600,824432,17928311.0000,0.438947,1,0.873164,1401.510127,12.688742,33.803714,138.247567,0
2017-07-28,sz.002213,21.7600,22.2900,21.7600,22.2300,21.9400,1181249,26110901.0000,0.628925,1,1.321782,1419.388161,12.850603,34.234924,140.011089,0
2017-07-31,sz.002213,22.2300,22.6300,21.7800,22.5900,22.2300,1286833,28798663.0000,0.685140,1,1.619436,1442.374204,13.058710,34.789335,142.278475,0
2017-08-01,sz.002213,22.5900,22.9400,22.2200,22.8600,22.5900,5414401,122628623.0000,2.882755,1,1.195221,1459.613736,13.214790,35.205144,143.979015,0
2017-08-02,sz.002213,22.6800,22.8500,22.5000,22.6000,22.8600,1326710,30025161.0000,0.706372,1,-1.137359,1443.012705,13.064490,34.804736,142.341458,0
2017-08-03,sz.002213,22.6100,22.9900,22.2500,22.6000,22.6000,2274800,51899772.0000,1.211157,1,0.000000,1443.012705,13.064490,34.804736,142.341458,0
2017-08-04,sz.002213,22.6000,22.7800,22.3500,22.6000,22.6000,465400,10491079.0000,0.247790,1,0.000000,1443.012705,13.064490,34.804736,142.341458,0
2017-08-07,sz.002213,22.5700,22.8500,22.5700,22.7200,22.6000,309801,7040993.0000,0.164945,1,0.530969,1450.674719,13.133859,34.989539,143.097253,0
2017-08-08,sz.002213,22.6700,22.8500,22.0800,22.6700,22.7200,227791,5166684.0000,0.121281,1,-0.220067,1447.482213,13.104956,34.912538,142.782339,0
2017-08-09,sz.002213,22.5500,22.7500,22.0300,22.5600,22.6700,915400,20478156.0000,0.487381,1,-0.485225,1440.458700,13.041367,34.743134,142.089526,0
2017-08-10,sz.002213,22.4600,22.4600,22.0600,22.0900,22.5600,296700,6583228.0000,0.157970,1,-2.083330,1410.449144,12.769672,34.019319,139.129328,0
2017-08-11,sz.002213,22.1500,22.2900,21.8200,22.2000,22.0900,285175,6275578.0000,0.151834,1,0.497966,1417.472657,12.833261,34.188723,139.822140,0
2017-08-14,sz.002213,22.2000,22.2200,21.8300,22.1400,22.2000,738975,16229885.0000,0.393448,1,-0.270276,1413.641650,12.798576,34.096321,139.444243,0
2017-08-15,sz.002213,22.1400,22.5000,21.9900,22.0600,22.1400,300200,6648233.0000,0.159834,1,-0.361337,1408.533640,12.752330,33.973118,138.940379,0
2017-08-16,sz.002213,22.0600,22.5100,21.7300,22.5100,22.0600,599249,13232604.0000,0.319054,1,2.039895,1437.266194,13.012464,34.666133,141.774612,0
2017-08-17,sz.002213,22.4000,22.5800,22.2000,22.4900,22.5100,539724,12102692.0000,0.287362,1,-0.088851,1435.989192,13.000902,34.635332,141.648646,0
2017-08-18,sz.002213,22.2000,22.7600,22.2000,22.5000,22.4900,379975,8524901.0000,0.202308,1,0.044465,1436.627693,13.006683,34.650732,141.711629,0
2017-08-21,sz.002213,22.2200,22.5000,22.2200,22.2500,22.5000,209600,4674142.0000,0.111596,1,-1.111111,1420.665163,12.862164,34.265724,140.137055,0
2017-08-22,sz.002213,22.0600,22.2600,21.8200,22.1200,22.2500,267700,5898195.0000,0.142530,1,-0.584266,1412.364648,12.787015,34.065520,139.318277,0
2017-08-23,sz.002213,21.9500,22.0900,21.7000,21.7200,22.1200,273124,5970016.0000,0.145418,1,-1.808325,2889.503013,12.523911,33.933834,247.331056,0
2017-08-24,sz.002213,21.8500,21.8500,21.2100,21.4500,21.7200,228901,4919855.0000,0.121872,1,-1.243087,2853.583777,12.368227,33.512005,244.256499,0
2017-08-25,sz.002213,21.4300,21.7300,21.0600,21.7100,21.4500,469000,10011216.0000,0.249707,1,1.212113,2888.172671,12.518145,33.918211,247.217184,0
2017-08-28,sz.002213,21.4000,21.9800,21.4000,21.9500,21.7100,821717,17751946.0000,0.437501,1,1.105489,2920.100881,12.656531,34.293170,249.950124,0
2017-08-29,sz.002213,21.8200,21.8900,21.5000,21.6400,21.9500,270600,5863350.0000,0.144074,1,-1.412307,2878.860277,12.477783,33.808848,246.420076,0
2017-08-30,sz.002213,21.8600,21.8600,21.0100,21.4900,21.6400,328508,7046857.0000,0.174905,1,-0.693159,2858.905145,12.391292,33.574498,244.711989,0
2017-08-31,sz.002213,21.6900,21.6900,21.4300,21.6100,21.4900,244700,5285025.0000,0.130284,1,0.558403,2874.869250,12.460485,33.761978,246.078459,0
2017-09-01,sz.002213,21.6000,22.9800,21.2000,22.2500,21.6100,1390342,30922674.0000,0.740251,1,2.961589,2960.011144,12.829513,34.761870,253.366299,0
2017-09-04,sz.002213,22.1400,22.1400,21.6100,21.8500,22.2500,796201,17365136.0000,0.423916,1,-1.797751,2906.797460,12.598870,34.136937,248.811399,0
2017-09-05,sz.002213,21.6500,21.7900,21.4600,21.7500,21.8500,513400,11078299.0000,0.273346,1,-0.457668,2893.494040,12.541210,33.980704,247.672674,0
2017-09-06,sz.002213,21.7100,21.7500,21.3700,21.7100,21.7500,386700,8341984.0000,0.205888,1,-0.183912,2888.172671,12.518145,33.918211,247.217184,0
2017-09-07,sz.002213,21.6700,21.6800,21.4500,21.4500,21.7100,313046,6736511.0000,0.166673,1,-1.197597,2853.583777,12.368227,33.512005,244.256499,0
2017-09-08,sz.002213,21.4500,21.5800,21.3100,21.4600,21.4500,304599,6529551.0000,0.162176,1,0.046612,2854.914119,12.373993,33.527628,244.370372,0
2017-09-11,sz.002213,21.4600,21.5900,21.3800,21.4700,21.4600,243304,5217839.0000,0.129541,1,0.046599,2856.244461,12.379760,33.543251,244.484244,0
2017-09-12,sz.002213,21.5300,21.6700,21.3300,21.5100,21.4700,543900,11686378.0000,0.289585,1,0.186311,2861.565829,12.402824,33.605745,244.939734,0
2017-09-13,sz.002213,21.5900,21.5900,21.2000,21.3600,21.5100,328518,7026415.5800,0.174911,1,-0.697348,2841.610698,12.316333,33.371395,243.231647,0
2017-09-14,sz.002213,21.3000,21.6800,21.2100,21.5200,21.3600,545410,11671294.9000,0.290389,1,0.749063,2862.896172,12.408590,33.621368,245.053606,0
2017-09-15,sz.002213,21.4700,21.5700,21.3100,21.5000,21.5200,300102,6426217.7200,0.159781,1,-0.092939,2860.235487,12.397058,33.590121,244.825861,0
2017-09-18,sz.002213,21.4900,21.5000,21.2400,21.2800,21.5000,331473,7080330.4200,0.176484,1,-1.023253,2830.967961,12.270204,33.246408,242.320667,0
2017-09-19,sz.002213,21.2300,21.4200,21.0500,21.0500,21.2800,314900,6682631.0000,0.167660,1,-1.080834,2800.370093,12.137584,32.887072,239.701599,0
2017-09-20,sz.002213,21.0600,21.4000,20.9100,21.3100,21.0500,429600,9106764.0000,0.228729,1,1.235155,2834.958988,12.287502,33.293278,242.662284,0
2017-09-21,sz.002213,22.3000,22.3000,21.0800,21.5600,21.3100,1054005,23112282.0700,0.561177,1,1.173158,2868.217540,12.431654,33.683861,245.509096,0
2017-09-22,sz.002213,21.3200,21.6600,21.2000,21.4600,21.5600,296100,6342355.0000,0.157651,1,-0.463824,2854.914119,12.373993,33.527628,244.370372,0
2017-09-25,sz.002213,21.4600,21.8500,21.4200,21.4800,21.4600,357900,7706775.1000,0.190554,1,0.093199,2857.574803,12.385526,33.558875,244.598117,0
2017-09-26,sz.002213,21.4800,21.5500,21.0400,21.5500,21.4800,295045,6297821.0000,0.157089,1,0.325883,2866.887198,12.425888,33.668238,245.395224,0
2017-09-27,sz.002213,21.2300,21.4500,21.0800,21.3100,21.5500,471300,10014880.0000,0.250931,1,-1.113688,2834.958988,12.287502,33.293278,242.662284,0
2017-09-28,sz.002213,21.2200,21.2500,21.1100,21.1400,21.3100,250476,5298132.9300,0.133359,1,-0.797748,2812.343172,12.189479,33.027682,240.726452,0
2017-09-29,sz.002213,21.2700,21.5000,21.1100,21.3000,21.1400,379900,8086662.0000,0.202268,1,0.756858,2833.628646,12.281736,33.277655,242.548412,0
2017-10-09,sz.002213,21.4000,21.4700,21.2100,21.3800,21.3000,680900,14540759.0000,0.362527,1,0.375586,2844.271382,12.327865,33.402642,243.459392,0
2017-10-10,sz.002213,21.3800,21.4600,21.1100,21.3400,21.3800,237295,5051814.7200,0.126341,1,-0.187086,2838.950014,12.304801,33.340148,243.003902,0
2017-10-11,sz.002213,21.4000,21.5000,21.3200,21.5000,21.3400,547800,11707277.5600,0.291662,1,0.749765,2860.235487,12.397058,33.590121,244.825861,0
2017-10-12,sz.002213,21.5400,21.5400,21.3500,21.4000,21.5000,229521,4919122.5600,0.122202,1,-0.465118,2846.932066,12.339397,33.433888,243.687137,0
2017-10-13,sz.002213,21.3400,21.6500,21.3400,21.4200,21.4000,514049,11041130.0900,0.273692,1,0.093460,2849.592751,12.350929,33.465135,243.914882,0
2017-10-16,sz.002213,21.5500,21.5500,20.6800,21.1000,21.4200,585010,12340641.1000,0.311473,1,-1.493930,2807.021804,12.166415,32.965189,240.270962,0
2017-10-17,sz.002213,21.0000,21.9600,20.7200,21.1200,21.1000,588100,12364384.0600,0.313118,1,0.094789,2809.682488,12.177947,32.996435,240.498707,0
2017-10-18,sz.002213,20.9800,20.9800,20.7000,20.8200,21.1200,361200,7516323.8000,0.192311,1,-1.420460,2769.772225,12.004965,32.527736,237.082532,0
2017-10-19,sz.002213,20.8000,21.5000,20.6200,21.4500,20.8200,2590454,54983247.3200,1.379219,1,3.025942,2853.583777,12.368227,33.512005,244.256499,0
2017-10-20,sz.002213,21.3300,21.5000,20.8400,21.3000,21.4500,977606,20630546.5300,0.520500,1,-0.699308,2833.628646,12.281736,33.277655,242.548412,0
2017-10-23,sz.002213,21.1600,21.3800,21.1100,21.2900,21.3000,329889,7003749.2200,0.175641,1,-0.046940,2832.298304,12.275970,33.262032,242.434539,0
2017-10-24,sz.002213,21.4300,21.4300,20.5000,21.3300,21.2900,897212,18766320.8000,0.477697,1,0.187877,2837.619672,12.299034,33.324525,242.890029,0
2017-10-25,sz.002213,21.2000,21.2000,20.7700,21.0000,21.3300,689183,14445762.8900,0.366937,1,-1.547116,2793.718383,12.108754,32.808956,239.132237,0
2017-10-26,sz.002213,20.7700,20.9900,20.6000,20.9900,21.0000,784600,16321487.0000,0.417740,1,-0.047620,2792.388041,12.102988,32.793332,239.018364,0
2017-10-27,sz.002213,20.8800,21.0600,20.7300,21.0600,20.9900,400901,8390151.7700,0.213449,1,0.333491,591.706645,11.819923,33.420925,-325.148088,0
2017-10-30,sz.002213,21.0200,22.0000,20.6700,21.4300,21.0600,1085274,23243085.4100,0.577825,1,1.756889,602.102250,12.027586,34.008092,-330.860566,0
2017-10-31,sz.002213,21.0900,21.8900,20.8100,21.8000,21.4300,1546307,32989115.8600,0.823290,1,1.726547,612.497856,12.235248,34.595259,-336.573044,0
2017-11-01,sz.002213,21.4900,21.9900,21.1400,21.5800,21.8000,1339501,28893252.7000,0.713182,1,-1.009171,606.316685,12.111773,34.246133,-333.176436,0
2017-11-02,sz.002213,21.3000,21.5700,21.0800,21.5700,21.5800,675419,14403706.7400,0.359609,1,-0.046340,606.035723,12.106161,34.230263,-333.022044,0
2017-11-03,sz.002213,21.4200,21.4800,21.1100,21.2100,21.5700,461900,9802437.0000,0.245926,1,-1.668988,595.921079,11.904111,33.658965,-327.463957,0
2017-11-06,sz.002213,21.2100,21.6000,21.2100,21.3900,21.2100,1534076,32879727.9800,0.816778,1,0.848658,600.978401,12.005136,33.944614,-330.243001,0
2017-11-07,sz.002213,21.2900,21.3000,20.7500,21.2200,21.3900,1257700,26353364.0000,0.669629,1,-0.794764,596.202042,11.909723,33.674835,-327.618349,0
2017-11-08,sz.002213,20.9700,21.2600,20.8800,21.1600,21.2200,523108,11047993.0400,0.278515,1,-0.282750,594.516268,11.876048,33.579618,-326.692001,0
2017-11-09,sz.002213,21.2800,21.4800,21.0200,21.1000,21.1600,1246367,26549887.7500,0.663595,1,-0.283551,592.830494,11.842373,33.484402,-325.765653,0
2017-11-10,sz.002213,21.0000,21.8000,20.9500,21.7800,21.1000,1964906,42039957.1200,1.046162,1,3.222750,611.935932,12.224023,34.563520,-336.264262,0
2017-11-13,sz.002213,21.5700,22.4800,21.4300,22.4000,21.7800,6396971,141490950.6900,3.405898,1,2.846643,629.355595,12.571998,35.547422,-345.836523,0
2017-11-14,sz.002213,22.0300,22.6800,21.9800,22.3700,22.4000,4822218,107790360.0700,2.567462,1,-0.133923,628.512708,12.555161,35.499814,-345.373349,0
2017-11-15,sz.002213,22.2900,22.5700,21.2000,22.3000,22.3700,3471001,76657339.6500,1.848043,1,-0.312926,626.545972,12.515873,35.388728,-344.292609,0
2017-11-16,sz.002213,22.0300,22.4200,21.8100,22.1300,22.3000,3129167,69057613.1000,1.666042,1,-0.762332,621.769613,12.420461,35.118949,-341.667957,0
2017-11-17,sz.002213,21.9400,22.1700,21.4200,22.0000,22.1300,1367767,29801796.9500,0.728231,1,-0.587434,618.117103,12.347498,34.912647,-339.660870,0
2017-11-20,sz.002213,21.8800,22.4900,21.5800,22.4900,22.0000,4343567,96144627.3200,2.312617,1,2.227272,631.884256,12.622511,35.690247,-347.226044,0
2017-11-21,sz.002213,22.3600,23.1200,22.3600,22.9300,22.4900,4035785,92002948.5600,2.148747,1,1.956427,644.246598,12.869461,36.388500,-354.019262,0
2017-11-22,sz.002213,22.9000,23.1100,22.3900,22.7800,22.9300,2482710,56195026.2800,1.321853,1,-0.654163,640.032163,12.785273,36.150459,-351.703392,0
2017-11-23,sz.002213,22.8000,22.8000,22.0300,22.7900,22.7800,2391166,53782906.5000,1.273113,1,0.043899,640.313126,12.790886,36.166328,-351.857783,0
2017-11-24,sz.002213,22.5500,22.5600,22.1000,22.4900,22.7900,1913200,42845200.0000,1.018633,1,-1.316372,631.884256,12.622511,35.690247,-347.226044,0
2017-11-27,sz.002213,22.3700,22.4900,22.0200,22.4700,22.4900,899600,20031719.0000,0.478968,1,-0.088930,631.322332,12.611286,35.658508,-346.917262,0
2017-11-28,sz.002213,22.9200,23.4400,22.4500,22.9900,22.4700,5042534,115215003.7200,2.684764,1,2.314199,645.932372,12.903136,36.483716,-354.945610,0
2017-11-29,sz.002213,22.8100,22.9100,22.2200,22.7500,22.9900,2870437,64985801.0300,1.528288,1,-1.043931,639.189277,12.768436,36.102851,-351.240218,0
2017-11-30,sz.002213,22.4800,23.2300,22.3400,23.1100,22.7500,2445918,55985967.8800,1.302264,1,1.582420,649.303920,12.970486,36.674149,-356.798305,0
2017-12-01,sz.002213,23.2200,23.4000,22.5300,22.9800,23.1100,2328634,53158987.4200,1.239820,1,-0.562532,645.651410,12.897523,36.467847,-354.791218,0
2017-12-04,sz.002213,22.7400,22.9400,22.5600,22.8900,22.9800,1254502,28500205.1800,0.667926,1,-0.391646,643.122749,12.847011,36.325022,-353.401696,0
2017-12-05,sz.002213,22.7900,22.8900,21.9500,22.5900,22.8900,2292023,51655215.7600,1.220327,1,-1.310613,634.693879,12.678636,35.848941,-348.769957,0
2017-12-06,sz.002213,22.2000,22.9000,20.8000,22.9000,22.5900,4186200,91211360.3200,2.228831,1,1.372286,643.403711,12.852623,36.340891,-353.556088,0
2017-12-07,sz.002213,22.0600,22.4000,21.3400,22.2000,22.9000,6319587,137995016.4900,3.364697,1,-3.056764,623.736349,12.459748,35.230035,-342.748696,0
2017-12-08,sz.002213,21.7000,22.0900,21.4300,21.6500,22.2000,5091865,109967576.7400,2.711029,1,-2.477483,608.283421,12.151061,34.357218,-334.257175,0
2017-12-11,sz.002213,21.5000,21.9300,21.0700,21.8400,21.6500,4108818,88100170.8000,2.187631,1,0.877601,613.621705,12.257698,34.658737,-337.190609,0
2017-12-12,sz.002213,21.6800,22.3000,21.5000,21.8500,21.8400,2159500,46968711.7400,1.149769,1,0.045789,613.902668,12.263311,34.674606,-337.345001,0
2017-12-13,sz.002213,21.6900,22.0100,21.4900,21.8000,21.8500,1807900,39134157.0000,0.962569,1,-0.228838,612.497856,12.235248,34.595259,-336.573044,0
2017-12-14,sz.002213,21.8000,21.8000,20.9200,21.3700,21.8000,3018021,64079404.5800,1.606865,1,-1.972470,600.416476,11.993911,33.912876,-329.934218,0
2017-12-15,sz.002213,21.0600,21.2300,19.4100,19.4500,21.3700,5578500,111278328.1300,2.970125,1,-8.984557,546.471711,10.916311,30.865954,-300.291088,0
2017-12-18,sz.002213,18.7300,19.2400,18.2500,18.8100,19.4500,9753923,180723548.6000,5.193218,1,-3.290495,528.490123,10.557111,29.850313,-290.410044,0
2017-12-19,sz.002213,18.7700,18.7700,16.9300,16.9300,18.8100,7462041,129464405.4200,3.972966,1,-9.994679,475.669207,9.501961,26.866869,-261.384479,0
2017-12-20,sz.002213,16.4100,17.5000,16.4100,17.1900,16.9300,4930200,84965610.0000,2.624955,1,1.535737,482.974227,9.647886,27.279473,-265.398653,0
2017-12-21,sz.002213,16.2100,17.2200,16.2100,16.9800,17.1900,2447700,41405982.0000,1.303213,1,-1.221646,477.074018,9.530024,26.946216,-262.156435,0
2017-12-22,sz.002213,16.9800,17.4300,16.7100,16.9700,16.9800,2077900,35409922.0000,1.106323,1,-0.058894,476.793056,9.524411,26.930346,-262.002044,0
2017-12-25,sz.002213,17.1500,17.2800,16.2000,17.0000,16.9700,5838626,97552802.5200,3.108622,1,0.176787,477.635943,9.541249,26.977954,-262.465218,0
2017-12-26,sz.002213,17.0000,17.3800,16.7600,17.2300,17.0000,2859700,49255229.0000,1.522572,1,1.352938,484.098076,9.670336,27.342950,-266.016218,0
2017-12-27,sz.002213,17.2300,17.3600,17.0400,17.0600,17.2300,930400,15988787.0000,0.495367,1,-0.986652,479.321717,9.574924,27.073171,-263.391566,0
2017-12-28,sz.002213,17.0600,17.2100,16.8800,16.8800,17.0600,718700,12283949.0000,0.382653,1,-1.055102,474.264395,9.473899,26.787522,-260.612522,0
2017-12-29,sz.002213,16.8800,17.0600,16.7300,16.9200,16.8800,532100,8981520.0000,0.283303,1,0.236972,475.388244,9.496349,26.850999,-261.230088,0
2018-01-02,sz.002213,17.0000,17.0000,16.8100,16.9200,16.9200,623601,10520522.8400,0.332020,1,0.000000,475.388244,9.496349,26.850999,-261.230088,0
2018-01-03,sz.002213,16.8400,17.1800,16.6600,17.0300,16.9200,1133501,19094609.7200,0.603503,1,0.650122,478.478830,9.558086,27.025563,-262.928392,0
2018-01-04,sz.002213,16.9900,17.0400,16.8500,17.0400,17.0300,658403,11171908.7000,0.350549,1,0.058721,478.759792,9.563699,27.041432,-263.082783,0
2018-01-05,sz.002213,17.0800,17.0800,16.8800,16.9800,17.0400,609500,10334805.0000,0.324512,1,-0.352121,477.074018,9.530024,26.946216,-262.156435,0
2018-01-08,sz.002213,17.0300,17.0300,16.7000,16.8800,16.9800,807201,13569851.7500,0.429773,1,-0.588930,474.264395,9.473899,26.787522,-260.612522,0
2018-01-09,sz.002213,16.7600,16.8900,16.3200,16.8700,16.8800,1769400,29343082.0000,0.942070,1,-0.059232,473.983433,9.468286,26.771652,-260.458131,0
2018-01-10,sz.002213,16.7400,16.8800,16.5400,16.8500,16.8700,1070000,17902422.0800,0.569693,1,-0.118556,473.421508,9.457061,26.739914,-260.149348,0
2018-01-11,sz.002213,16.7400,16.8500,16.6300,16.8300,16.8500,1163900,19532997.0000,0.619688,1,-0.118697,472.859583,9.445836,26.708175,-259.840566,0
2018-01-12,sz.002213,16.8600,16.8600,16.6600,16.7900,16.8300,1110000,18598837.0000,0.590990,1,-0.237665,471.735734,9.423386,26.644697,-259.223001,0
2018-01-15,sz.002213,16.7900,16.7900,16.3700,16.6000,16.7900,1733100,28695309.0000,0.922743,1,-1.131629,466.397450,9.316749,26.343179,-256.289566,0
2018-01-16,sz.002213,16.5300,16.5300,15.8000,16.0100,16.6000,2727164,43695361.8300,1.452006,1,-3.554218,449.820673,8.985611,25.406885,-247.180479,0
2018-01-17,sz.002213,16.3200,16.3200,15.7600,15.8000,16.0100,815100,13029445.0000,0.433978,1,-1.311680,443.920465,8.867749,25.073628,-243.938261,0
2018-01-18,sz.002213,15.8000,15.9500,15.4200,15.8000,15.8000,1085203,17038744.7500,0.577788,1,0.000000,443.920465,8.867749,25.073628,-243.938261,0
2018-01-19,sz.002213,15.8400,15.9500,15.6600,15.8100,15.8000,691503,10946359.2800,0.368172,1,0.063293,444.201427,8.873361,25.089498,-244.092653,0
2018-01-22,sz.002213,15.8800,15.8800,15.5200,15.5300,15.8100,669203,10475089.1900,0.356299,1,-1.771035,436.334482,8.716211,24.645155,-239.769696,0
2018-01-23,sz.002213,15.5400,15.6800,15.4000,15.4000,15.5300,686100,10650272.0000,0.365296,1,-0.837090,432.681972,8.643249,24.438853,-237.762609,0
2018-01-24,sz.002213,15.4600,15.6500,15.2500,15.5700,15.4000,1528500,23724867.9000,0.813809,1,1.103897,437.458331,8.738661,24.708632,-240.387261,0
2018-01-25,sz.002213,15.5700,15.7500,15.3300,15.3500,15.5700,844774,13144386.4200,0.449778,1,-1.412969,431.277160,8.615186,24.359506,-236.990653,0
2018-01-26,sz.002213,15.4600,15.5600,14.9600,15.3500,15.3500,2217850,33553113.0000,1.180836,1,0.000000,431.277160,8.615186,24.359506,-236.990653,0
2018-01-29,sz.002213,15.2500,15.2500,14.3600,15.0000,15.3500,1948974,29016074.8300,1.037680,1,-2.280133,421.443479,8.418749,23.804077,-231.586957,0
2018-01-30,sz.002213,14.8500,14.9100,14.6100,14.7100,15.0000,1472138,21744906.6000,0.783801,1,-1.933333,413.295572,8.255986,23.343865,-227.109609,0
2018-01-31,sz.002213,14.6500,14.6500,13.5000,13.7500,14.7100,1596500,22547734.0000,0.850014,1,-6.526173,386.323189,7.717186,21.820404,-212.288044,0
2018-02-01,sz.002213,13.6500,13.7500,12.3800,12.3800,13.7500,3446819,43237194.5500,1.835168,1,-9.963635,347.831351,6.948274,19.646299,-191.136435,0
2018-02-02,sz.002213,12.3800,12.3800,12.3800,12.3800,12.3800,0,0.0000,,0,0.000000,347.831351,6.948274,19.646299,-191.136435,0
2018-02-05,sz.002213,12.3800,12.3800,12.3800,12.3800,12.3800,0,0.0000,,0,0.000000,347.831351,6.948274,19.646299,-191.136435,0
2018-02-06,sz.002213,12.3800,12.3800,12.3800,12.3800,12.3800,0,0.0000,,0,0.000000,347.831351,6.948274,19.646299,-191.136435,0
2018-02-07,sz.002213,12.3800,12.3800,12.3800,12.3800,12.3800,0,0.0000,,0,0.000000,347.831351,6.948274,19.646299,-191.136435,0
2018-02-08,sz.002213,12.3800,12.3800,12.3800,12.3800,12.3800,0,0.0000,,0,0.000000,347.831351,6.948274,19.646299,-191.136435,0
2018-02-09,sz.002213,12.3800,12.3800,12.3800,12.3800,12.3800,0,0.0000,,0,0.000000,347.831351,6.948274,19.646299,-191.136435,0
2018-02-12,sz.002213,12.3800,12.3800,12.3800,12.3800,12.3800,0,0.0000,,0,0.000000,347.831351,6.948274,19.646299,-191.136435,0
2018-02-13,sz.002213,12.3800,12.3800,12.3800,12.3800,12.3800,0,0.0000,,0,0.000000,347.831351,6.948274,19.646299,-191.136435,0
2018-02-14,sz.002213,12.3800,12.3800,12.3800,12.3800,12.3800,0,0.0000,,0,0.000000,347.831351,6.948274,19.646299,-191.136435,0
2018-02-22,sz.002213,12.3800,12.3800,12.3800,12.3800,12.3800,0,0.0000,,0,0.000000,347.831351,6.948274,19.646299,-191.136435,0
2018-02-23,sz.002213,12.3800,12.3800,12.3800,12.3800,12.3800,0,0.0000,,0,0.000000,347.831351,6.948274,19.646299,-191.136435,0
2018-02-26,sz.002213,12.3800,12.3800,12.3800,12.3800,12.3800,0,0.0000,,0,0.000000,347.831351,6.948274,19.646299,-191.136435,0
2018-02-27,sz.002213,12.3800,12.3800,12.3800,12.3800,12.3800,0,0.0000,,0,0.000000,233.996197,6.948274,21.558720,-191.136435,0
2018-02-28,sz.002213,12.3800,12.3800,12.3800,12.3800,12.3800,0,0.0000,,0,0.000000,233.996197,6.948274,21.558720,-191.136435,0
2018-03-01,sz.002213,12.3800,12.3800,12.3800,12.3800,12.3800,0,0.0000,,0,0.000000,233.996197,6.948274,21.558720,-191.136435,0
2018-03-02,sz.002213,12.3800,12.3800,12.3800,12.3800,12.3800,0,0.0000,,0,0.000000,233.996197,6.948274,21.558720,-191.136435,0
2018-03-05,sz.002213,12.3800,12.3800,12.3800,12.3800,12.3800,0,0.0000,,0,0.000000,233.996197,6.948274,21.558720,-191.136435,0
2018-03-06,sz.002213,12.3800,12.3800,12.3800,12.3800,12.3800,0,0.0000,,0,0.000000,233.996197,6.948274,21.558720,-191.136435,0
2018-03-07,sz.002213,12.3800,12.3800,12.3800,12.3800,12.3800,0,0.0000,,0,0.000000,233.996197,6.948274,21.558720,-191.136435,0
2018-03-08,sz.002213,12.3800,12.3800,12.3800,12.3800,12.3800,0,0.0000,,0,0.000000,233.996197,6.948274,21.558720,-191.136435,0
2018-03-09,sz.002213,12.3800,12.3800,12.3800,12.3800,12.3800,0,0.0000,,0,0.000000,233.996197,6.948274,21.558720,-191.136435,0
2018-03-12,sz.002213,12.3800,12.3800,12.3800,12.3800,12.3800,0,0.0000,,0,0.000000,233.996197,6.948274,21.558720,-191.136435,0
2018-03-13,sz.002213,12.3800,12.3800,12.3800,12.3800,12.3800,0,0.0000,,0,0.000000,233.996197,6.948274,21.558720,-191.136435,0
2018-03-14,sz.002213,12.3800,12.3800,12.3800,12.3800,12.3800,0,0.0000,,0,0.000000,233.996197,6.948274,21.558720,-191.136435,0
2018-03-15,sz.002213,12.3800,12.3800,12.3800,12.3800,12.3800,0,0.0000,,0,0.000000,233.996197,6.948274,21.558720,-191.136435,0
2018-03-16,sz.002213,12.3800,12.3800,12.3800,12.3800,12.3800,0,0.0000,,0,0.000000,233.996197,6.948274,21.558720,-191.136435,0
2018-03-19,sz.002213,12.3800,12.3800,12.3800,12.3800,12.3800,0,0.0000,,0,0.000000,233.996197,6.948274,21.558720,-191.136435,0
2018-03-20,sz.002213,12.3800,12.3800,12.3800,12.3800,12.3800,0,0.0000,,0,0.000000,233.996197,6.948274,21.558720,-191.136435,0
2018-03-21,sz.002213,12.3800,12.3800,12.3800,12.3800,12.3800,0,0.0000,,0,0.000000,233.996197,6.948274,21.558720,-191.136435,0
2018-03-22,sz.002213,12.3800,12.3800,12.3800,12.3800,12.3800,0,0.0000,,0,0.000000,233.996197,6.948274,21.558720,-191.136435,0
2018-03-23,sz.002213,12.3800,12.3800,12.3800,12.3800,12.3800,0,0.0000,,0,0.000000,233.996197,6.948274,21.558720,-191.136435,0
2018-03-26,sz.002213,12.3800,12.3800,12.3800,12.3800,12.3800,0,0.0000,,0,0.000000,233.996197,6.948274,21.558720,-191.136435,0
2018-03-27,sz.002213,12.3800,12.3800,12.3800,12.3800,12.3800,0,0.0000,,0,0.000000,233.996197,6.948274,21.558720,-191.136435,0
2018-03-28,sz.002213,12.3800,12.3800,12.3800,12.3800,12.3800,0,0.0000,,0,0.000000,233.996197,6.948274,21.558720,-191.136435,0
2018-03-29,sz.002213,12.3800,12.3800,12.3800,12.3800,12.3800,0,0.0000,,0,0.000000,233.996197,6.948274,21.558720,-191.136435,0
2018-03-30,sz.002213,13.3300,13.6200,13.1200,13.6200,12.3800,2242120,30429125.4000,1.193757,1,10.016150,257.433618,7.644224,23.718075,-210.280957,0
2018-04-02,sz.002213,14.5000,14.9800,14.3800,14.9800,13.6200,4608442,68404829.2600,2.453643,1,9.985313,283.139178,8.407524,26.086400,-231.278174,0
2018-04-03,sz.002213,15.7000,16.4800,15.2500,15.2700,14.9800,11358877,179707578.9800,6.047733,1,1.935921,288.620511,8.570286,26.591410,-235.755522,0
2018-04-04,sz.002213,14.2800,14.9800,14.0600,14.1400,15.2700,7270365,104696777.3200,3.870913,1,-7.400131,267.262215,7.936074,24.623611,-218.309305,0
2018-04-09,sz.002213,14.2000,14.2000,13.2900,13.3800,14.1400,4249200,57490399.0000,2.262374,1,-5.374825,252.897343,7.509524,23.300135,-206.575566,0
2018-04-10,sz.002213,13.1000,13.3800,12.5100,12.6500,13.3800,5700300,73031561.9700,3.034974,1,-5.455908,239.099506,7.099812,22.028902,-195.305000,0
2018-04-11,sz.002213,12.7000,12.9800,12.5300,12.8300,12.6500,3627978,46376188.4500,1.931621,1,1.422927,242.501713,7.200837,22.342357,-198.084044,0
2018-04-12,sz.002213,12.8200,12.8200,12.5200,12.5800,12.8300,2209746,27926332.1400,1.176521,1,-1.948558,237.776426,7.060524,21.907003,-194.224261,0
2018-04-13,sz.002213,12.6500,12.6800,12.4200,12.5800,12.5800,1632944,20465347.5400,0.869418,1,0.000000,237.776426,7.060524,21.907003,-194.224261,0
2018-04-16,sz.002213,12.4100,12.6800,12.4100,12.4800,12.5800,1180056,14799284.1700,0.628290,1,-0.794916,235.886311,7.004399,21.732862,-192.680348,0
2018-04-17,sz.002213,12.4800,12.6500,12.0300,12.0700,12.4800,2757700,33873297.3600,1.468264,1,-3.285255,228.136841,6.774287,21.018882,-186.350305,0
2018-04-18,sz.002213,11.8500,12.5100,11.8000,12.4200,12.0700,5143437,62199595.3500,2.738487,1,2.899755,234.752242,6.970724,21.628377,-191.754000,0
2018-04-19,sz.002213,12.4900,12.5000,12.3500,12.3800,12.4200,2970404,36987870.3600,1.508507,1,-0.322061,233.996197,6.948274,21.558720,-191.136435,0
2018-04-20,sz.002213,12.4000,12.6000,12.2900,12.2900,12.3800,2474800,30809224.1100,1.256817,1,-0.726980,249.980951,6.917420,21.401993,-32.417047,0
2018-04-23,sz.002213,12.2000,12.2900,11.9000,12.1500,12.2900,2280090,27506675.0200,1.157934,1,-1.139140,247.133324,6.838621,21.158195,-32.047772,0
2018-04-24,sz.002213,12.1500,12.3500,12.0500,12.3200,12.1500,2556420,31351073.2000,1.298267,1,1.399178,250.591157,6.934305,21.454235,-32.496177,0
2018-04-25,sz.002213,12.2000,12.4900,12.2000,12.4700,12.3200,4700171,58333139.8200,2.386962,1,1.217537,253.642185,7.018733,21.715448,-32.891829,0
2018-04-26,sz.002213,12.4700,12.5800,12.2300,12.2500,12.4700,3325269,41325207.6000,1.688724,1,-1.764236,249.167343,6.894906,21.332336,-32.311540,0
2018-04-27,sz.002213,12.1000,12.4800,12.1000,12.4200,12.2500,4672400,57634675.0000,2.372858,1,1.387756,236.415420,7.007390,20.874010,-41.743705,0
2018-05-02,sz.002213,12.4100,12.5700,12.3000,12.4600,12.4200,4499000,55841845.0000,2.284798,1,0.322061,237.176822,7.029958,20.941238,-41.878145,0
2018-05-03,sz.002213,12.5100,12.5700,12.3200,12.3500,12.4600,2298000,28550396.9700,1.167029,1,-0.882822,235.082966,6.967896,20.756363,-41.508434,0
2018-05-04,sz.002213,12.3300,12.3300,11.9600,12.0700,12.3500,2426100,29581542.0000,1.232084,1,-2.267212,229.753150,6.809919,20.285773,-40.567352,0
2018-05-07,sz.002213,12.1500,12.4500,12.1500,12.4300,12.0700,2265333,27975369.2000,1.150440,1,2.982607,236.605771,7.013032,20.890817,-41.777315,0
2018-05-08,sz.002213,12.4600,12.6000,12.3700,12.3900,12.4300,1245200,15489804.0000,0.632369,1,-0.321802,235.844368,6.990464,20.823590,-41.642874,0
2018-05-09,sz.002213,12.4300,12.5000,12.1800,12.4100,12.3900,1371873,16877914.5500,0.696700,1,0.161416,236.225069,7.001748,20.857204,-41.710094,0
2018-05-10,sz.002213,12.4100,12.4700,12.3600,12.4200,12.4100,1044422,12974060.2000,0.530405,1,0.080582,236.415420,7.007390,20.874010,-41.743705,0
2018-05-11,sz.002213,12.5600,12.5800,12.2100,12.2300,12.4200,942840,11597967.8000,0.478817,1,-1.529795,232.798759,6.900191,20.554682,-41.105113,0
2018-05-14,sz.002213,11.9900,12.3800,11.9600,12.2700,12.2300,712945,8767460.8200,0.362066,1,0.327072,233.560161,6.922760,20.621909,-41.239553,0
2018-05-15,sz.002213,12.3000,12.4400,12.1600,12.4000,12.2700,741151,9106549.1200,0.376390,1,1.059488,236.034719,6.996106,20.840397,-41.676484,0
2018-05-16,sz.002213,12.4100,12.4100,12.2500,12.3300,12.4000,499403,6143781.8900,0.253620,1,-0.564514,234.702265,6.956612,20.722750,-41.441214,0
2018-05-17,sz.002213,12.3000,12.3700,12.2400,12.2500,12.3300,787401,9669664.2500,0.399878,1,-0.648823,233.179460,6.911475,20.588295,-41.172333,0
2018-05-18,sz.002213,12.2000,12.2900,12.1700,12.2200,12.2500,472267,5777804.2600,0.239839,1,-0.244896,232.608408,6.894549,20.537875,-41.071503,0
2018-05-21,sz.002213,12.3200,12.4100,12.2400,12.3100,12.2200,913800,11272030.7200,0.464069,1,0.736499,234.321564,6.945328,20.689136,-41.373994,0
2018-05-22,sz.002213,12.2600,12.4800,12.2100,12.4600,12.3100,696233,8621792.2100,0.353579,1,1.218518,237.176822,7.029958,20.941238,-41.878145,0
2018-05-23,sz.002213,12.6000,12.6500,12.2800,12.3400,12.4600,773803,9606266.8700,0.392973,1,-0.963081,234.892615,6.962254,20.739556,-41.474824,0
2018-05-24,sz.002213,12.3000,12.3700,12.2200,12.2400,12.3400,1110304,13632477.8800,0.563863,1,-0.810376,232.989110,6.905833,20.571489,-41.138723,0
2018-05-25,sz.002213,12.1700,12.3600,12.1700,12.3400,12.2400,1109801,13644238.3100,0.563608,1,0.816997,234.892615,6.962254,20.739556,-41.474824,0
2018-05-28,sz.002213,12.3400,12.5000,12.2600,12.3800,12.3400,1203064,14875779.4000,0.610971,1,0.324149,235.654018,6.984822,20.806783,-41.609264,0
2018-05-29,sz.002213,12.2600,12.3800,12.2000,12.2900,12.3800,1271702,15611416.3500,0.645828,1,-0.726980,233.940862,6.934044,20.655522,-41.306774,0
2018-05-30,sz.002213,12.2000,13.0100,11.3000,12.3900,12.2900,3729206,45845992.8200,1.893861,1,0.813673,235.844368,6.990464,20.823590,-41.642874,0
2018-05-31,sz.002213,12.3000,12.9500,12.0000,12.7700,12.3900,4386930,55470941.1700,2.227884,1,3.066990,243.077690,7.204861,21.462247,-42.920057,0
2018-06-01,sz.002213,12.7700,12.7700,12.3300,12.4000,12.7700,1581000,19762893.0000,0.802904,1,-2.897422,236.034719,6.996106,20.840397,-41.676484,0
2018-06-04,sz.002213,12.5400,12.5400,12.1500,12.3800,12.4000,979300,12094461.7400,0.497333,1,-0.161286,235.654018,6.984822,20.806783,-41.609264,0
2018-06-05,sz.002213,12.3300,12.3300,11.7800,12.0900,12.3800,1541027,18537065.9300,0.782604,1,-2.342488,230.133851,6.821203,20.319387,-40.634572,0
2018-06-06,sz.002213,12.0000,12.2000,11.9100,12.1700,12.0900,930801,11218320.1000,0.472703,1,0.661703,231.656655,6.866339,20.453841,-40.903453,0
2018-06-07,sz.002213,12.1000,12.1900,11.9500,11.9500,12.1700,484000,5835051.0000,0.245797,1,-1.807726,227.468943,6.742215,20.084092,-40.164031,0
2018-06-08,sz.002213,11.9000,12.1000,11.7900,11.8600,11.9500,470001,5620409.9800,0.238688,1,-0.753139,225.755788,6.691437,19.932831,-39.861541,0
2018-06-11,sz.002213,11.6700,11.9200,11.5200,11.7400,11.8600,583856,6890848.6000,0.296509,1,-1.011804,223.471581,6.623732,19.731150,-39.458220,0
2018-06-12,sz.002213,11.7900,11.8200,11.6500,11.7900,11.7400,468500,5506078.3400,0.237926,1,0.425896,224.423333,6.651943,19.815184,-39.626270,0
2018-06-13,sz.002213,11.8800,12.9000,11.7300,12.3000,11.7900,2611600,32212764.0000,1.326290,1,4.325702,234.131213,6.939686,20.672329,-41.340384,0
2018-06-14,sz.002213,12.2900,13.5000,12.0700,13.3200,12.3000,5026064,65847520.3400,2.552465,1,8.292679,253.546972,7.515172,22.386620,-44.768611,0
2018-06-15,sz.002213,13.3700,13.5600,12.5800,13.1500,13.3200,6128400,80372321.9600,3.112282,1,-1.276277,250.311012,7.419257,22.100905,-44.197239,0
2018-06-19,sz.002213,12.9800,12.9800,11.8400,11.8600,13.1500,3455446,42491877.8600,1.754833,1,-9.809886,225.755788,6.691437,19.932831,-39.861541,0
2018-06-20,sz.002213,12.0000,13.0500,11.6000,12.7200,11.8600,3249286,40576832.2800,1.650136,1,7.251270,242.125937,7.176650,21.378214,-42.752007,0
2018-06-21,sz.002213,12.3600,13.9900,12.3600,13.9100,12.7200,7519187,100282842.9500,3.818587,1,9.355343,264.777656,7.848051,23.378219,-46.751605,0
2018-06-22,sz.002213,13.6600,14.7800,13.0200,14.1800,13.9100,8060924,112757644.9900,4.093706,1,1.941053,269.917122,8.000386,23.832002,-47.659076,0
2018-06-25,sz.002213,14.1600,14.2300,13.4000,13.5200,14.1800,4168642,57563341.7300,2.117027,1,-4.654442,257.353984,7.628012,22.722755,-45.440812,0
2018-06-26,sz.002213,13.2400,14.2600,12.6600,14.2100,13.5200,4742914,64497999.1300,2.408669,1,5.103547,270.488174,8.017312,23.882423,-47.759907,0
2018-06-27,sz.002213,13.9800,14.4300,13.7000,13.7500,14.2100,3494201,48996577.3100,1.774515,1,-3.237157,261.732047,7.757779,23.109311,-46.213844,0
2018-06-28,sz.002213,13.7100,14.3700,13.4400,14.0200,13.7500,4554646,63783302.4700,2.313057,1,1.963640,266.871513,7.910113,23.563094,-47.121315,0
2018-06-29,sz.002213,14.0000,14.4000,13.7000,14.0300,14.0200,5154860,72687299.2700,2.617874,1,0.071321,267.061863,7.915755,23.579901,-47.154925,0
2018-07-02,sz.002213,13.8900,14.0500,13.0400,13.4600,14.0300,4127801,55938230.4300,2.096286,1,-4.062721,256.211880,7.594160,22.621915,-45.239152,0
2018-07-03,sz.002213,13.4100,13.4100,12.3600,13.1300,13.4600,4470223,57912214.9800,2.270184,1,-2.451708,249.930311,7.407973,22.067291,-44.130019,0
2018-07-04,sz.002213,13.0700,13.0700,12.1500,12.3000,13.1300,2790725,35103862.2000,1.417258,1,-6.321401,234.131213,6.939686,20.672329,-41.340384,0
2018-07-05,sz.002213,12.2000,12.4000,11.4800,11.6500,12.3000,2737447,32419471.3400,1.390201,1,-5.284557,221.758425,6.572954,19.579889,-39.155729,0
2018-07-06,sz.002213,11.5900,12.1200,10.8000,11.6400,11.6500,3145408,36007201.5300,1.597382,1,-0.085831,221.568075,6.567312,19.563082,-39.122119,0
2018-07-09,sz.002213,11.6300,12.2800,11.5000,11.8700,11.6400,3439300,40412642.0000,1.746634,1,1.975941,225.946138,6.697079,19.949638,-39.895151,0
2018-07-10,sz.002213,11.8000,12.0800,11.6800,11.9400,11.8700,2438700,29025423.0000,1.238483,1,0.589719,227.278592,6.736573,20.067285,-40.130421,0
2018-07-11,sz.002213,11.9400,12.0200,11.3600,11.6000,11.9400,2282600,26760173.0000,1.159209,1,-2.847565,220.806672,6.544744,19.495855,-38.987679,0
2018-07-12,sz.002213,11.5300,11.8600,11.5300,11.5900,11.6000,1999805,23356117.6000,1.015592,1,-0.086209,220.616322,6.539102,19.479048,-38.954069,0
2018-07-13,sz.002213,11.6400,11.6400,11.0100,11.1100,11.5900,2377985,26577120.2000,1.207649,1,-4.141505,211.479494,6.268285,18.672323,-37.340786,0
2018-07-16,sz.002213,11.0900,11.1000,10.4900,10.5100,11.1100,2278392,24481528.7600,1.157072,1,-5.400535,200.058459,5.929764,17.663917,-35.324182,0
2018-07-17,sz.002213,10.5000,10.6400,10.3700,10.6300,10.5100,1084000,11444515.0000,0.550505,1,1.141769,202.342666,5.997468,17.865598,-35.727502,0
2018-07-18,sz.002213,10.6300,10.9900,10.6300,10.8700,10.6300,1700818,18526005.8200,0.863753,1,2.257759,206.911080,6.132877,18.268961,-36.534144,0
2018-07-19,sz.002213,10.9500,11.0700,10.1400,10.2500,10.8700,2252301,23454155.5100,1.143821,1,-5.703771,195.109344,5.783071,17.226941,-34.450320,0
2018-07-20,sz.002213,10.3500,10.8600,10.2400,10.8400,10.2500,2237900,23798604.0000,1.136508,1,5.756099,206.340028,6.115951,18.218541,-36.433314,0
2018-07-23,sz.002213,10.7900,11.9200,10.7400,11.9200,10.8400,7107291,83295603.3200,3.609407,1,9.963099,226.897891,6.725289,20.033672,-40.063201,0
2018-07-24,sz.002213,12.1800,13.1100,12.1700,13.1100,11.9200,6119110,77007442.2600,3.107564,1,9.983217,249.549610,7.396689,22.033678,-44.062799,0
2018-07-25,sz.002213,13.8900,14.4200,13.3000,14.4200,13.1100,16227880,229346185.7400,8.241259,1,9.992376,274.485536,8.135794,24.235365,-48.465718,0
2018-07-26,sz.002213,14.0000,15.8600,13.9900,15.8600,14.4200,23197362,362936902.4500,11.780681,1,9.986127,301.896019,8.948245,26.655540,-53.305568,0
2018-07-27,sz.002213,15.3800,16.9700,14.2700,14.2700,15.8600,24475645,362908315.8500,12.429851,1,-10.025220,271.630277,8.051164,23.983263,-47.961567,0
2018-07-30,sz.002213,13.4100,13.8700,12.8800,13.2200,14.2700,15596350,208119576.4800,7.920539,1,-7.358095,251.643466,7.458752,22.218552,-44.432510,0
2018-07-31,sz.002213,13.4000,13.5200,12.6600,12.8000,13.2200,8062898,104825003.3600,4.094708,1,-3.177005,243.648742,7.221787,21.512668,-43.020887,0
2018-08-01,sz.002213,12.7800,13.0300,12.5700,12.5700,12.8000,6456961,82274072.5200,3.279140,1,-1.796879,239.270679,7.092020,21.126112,-42.247856,0
2018-08-02,sz.002213,12.7400,12.7500,11.6900,12.1100,12.5700,7569812,91707875.2900,3.844297,1,-3.659507,230.514552,6.832487,20.353001,-40.701792,0
2018-08-03,sz.002213,12.0000,12.1000,11.4800,11.5800,12.1100,4630962,54796069.7600,2.351814,1,-4.376546,220.425971,6.533460,19.462242,-38.920459,0
2018-08-06,sz.002213,11.6400,12.1800,11.2800,11.3700,11.5800,4922611,57492967.4200,2.499927,1,-1.813472,216.428609,6.414978,19.109299,-38.214647,0
2018-08-07,sz.002213,11.4100,11.7400,11.3600,11.6000,11.3700,3811508,43988067.4800,1.935658,1,2.022871,220.806672,6.544744,19.495855,-38.987679,0
2018-08-08,sz.002213,11.6900,11.7800,10.9600,11.0600,11.6000,5343910,60599120.4000,2.713882,1,-4.655172,210.527741,6.240075,18.588290,-37.172735,0
2018-08-09,sz.002213,10.9600,11.4400,10.8500,11.3200,11.0600,4372710,49209654.5000,2.220662,1,2.350807,215.476856,6.386768,19.025266,-38.046597,0
2018-08-10,sz.002213,11.4000,11.6800,11.2200,11.4000,11.3200,4462500,51161441.0000,2.266261,1,0.706713,216.999661,6.431904,19.159720,-38.315478,0
2018-08-13,sz.002213,11.1600,11.8800,11.1400,11.7200,11.4000,4722801,54407790.4000,2.398454,1,2.807023,223.090879,6.612448,19.697536,-39.391000,0
2018-08-14,sz.002213,11.5600,11.8700,11.4600,11.6600,11.7200,5664250,66103792.0000,2.876565,1,-0.511949,221.948776,6.578596,19.596696,-39.189339,0
2018-08-15,sz.002213,11.5500,11.5700,10.5500,10.7600,11.6600,7374110,82290608.9000,3.744910,1,-7.718693,204.817224,6.070814,18.084086,-36.164433,0
2018-08-16,sz.002213,10.7800,11.2000,10.4700,11.1000,10.7600,6975003,76302916.1800,3.542225,1,3.159853,211.289143,6.262643,18.655517,-37.307176,0
2018-08-17,sz.002213,10.9900,11.2400,9.9900,10.0000,11.1000,8749550,90967364.7000,4.443421,1,-9.909913,190.350580,5.642021,16.806772,-33.610068,0
2018-08-20,sz.002213,9.9800,10.2500,9.8000,10.1400,10.0000,4740810,47566244.0000,2.407600,1,1.400003,193.015488,5.721009,17.042067,-34.080609,0
2018-08-21,sz.002213,10.1800,10.3400,10.0900,10.2700,10.1400,4586900,46876272.0000,2.329437,1,1.282052,195.490045,5.794355,17.260555,-34.517540,0
2018-08-22,sz.002213,10.2800,10.4100,10.0400,10.1100,10.2700,2468200,25068681.0000,1.253465,1,-1.557943,192.444436,5.704083,16.991646,-33.979779,0
2018-08-23,sz.002213,10.0900,10.3300,9.9800,10.1800,10.1100,2946600,29922007.0000,1.496418,1,0.692390,191.757544,5.695518,17.190739,-20.928532,0
2018-08-24,sz.002213,10.1200,10.7400,9.9700,10.2700,10.1800,5666033,58225984.5100,2.877471,1,0.884088,193.452847,5.745871,17.342720,-21.113559,0
2018-08-27,sz.002213,10.2800,10.4100,10.1200,10.2800,10.2700,3970400,40837859.0000,2.016351,1,0.097364,193.641214,5.751466,17.359607,-21.134117,0
2018-08-28,sz.002213,10.3200,10.7900,10.2100,10.5700,10.2800,6909069,72450593.2600,3.508741,1,2.821011,199.103855,5.913716,17.849323,-21.730313,0
2018-08-29,sz.002213,10.4800,10.7700,10.4800,10.6500,10.5700,3829239,40802239.6300,1.944663,1,0.756858,200.610790,5.958474,17.984418,-21.894781,0
2018-08-30,sz.002213,10.5600,10.6400,10.2500,10.3100,10.6500,2275700,23739014.0000,1.155704,1,-3.192481,194.206314,5.768251,17.410267,-21.195793,0
2018-08-31,sz.002213,10.2900,10.6800,10.1000,10.4500,10.3100,2961601,30701424.3500,1.504036,1,1.357899,196.843452,5.846578,17.646682,-21.483611,0
2018-09-03,sz.002213,10.3100,10.4300,10.0500,10.1900,10.4500,3015500,30623022.0000,1.531409,1,-2.488040,191.945911,5.701113,17.207626,-20.949091,0
2018-09-04,sz.002213,10.2900,10.3500,10.0900,10.2500,10.1900,3019300,30828543.0000,1.533339,1,0.588817,193.076113,5.734682,17.308947,-21.072442,0
2018-09-05,sz.002213,10.2700,10.5000,10.0500,10.0600,10.2500,3378823,34828500.9800,1.715921,1,-1.853655,189.497141,5.628380,16.988098,-20.681831,0
2018-09-06,sz.002213,10.0100,10.1900,10.0100,10.0500,10.0600,2695201,27263510.0700,1.368746,1,-0.099406,189.308774,5.622785,16.971211,-20.661272,0
2018-09-07,sz.002213,9.9500,10.2000,9.6800,9.7500,10.0500,3692401,36540916.1400,1.875170,1,-2.985076,183.657766,5.454941,16.464608,-20.044518,0
2018-09-10,sz.002213,9.7800,9.8300,9.3400,9.4500,9.7500,2457100,23333783.4600,1.247828,1,-3.076925,178.006758,5.287097,15.958004,-19.427763,0
2018-09-11,sz.002213,9.4700,9.6500,9.4500,9.5600,9.4500,2425064,23174973.5600,1.231558,1,1.164028,180.078794,5.348640,16.143759,-19.653907,0
2018-09-12,sz.002213,9.6500,9.6500,9.3800,9.5800,9.5600,2314400,22082691.0000,1.175358,1,0.209200,180.455528,5.359829,16.177533,-19.695024,0
2018-09-13,sz.002213,9.5500,9.6400,9.4300,9.6000,9.5800,1985800,18975431.0000,1.008480,1,0.208773,180.832262,5.371019,16.211306,-19.736141,0
2018-09-14,sz.002213,9.6300,9.7400,9.3000,9.3300,9.6000,2414400,22885809.0000,1.226143,1,-2.812505,175.746354,5.219959,15.755363,-19.181062,0
2018-09-17,sz.002213,9.1800,9.2600,8.8200,8.8700,9.3300,1730100,15533710.0000,0.878624,1,-4.930333,167.081475,4.962598,14.978571,-18.235372,0
2018-09-18,sz.002213,8.8700,9.1600,8.8700,9.1300,8.8700,2046900,18522077.0000,1.039509,1,2.931231,171.979016,5.108063,15.417628,-18.769892,0
2018-09-19,sz.002213,9.1000,9.3800,9.0400,9.2900,9.1300,1906100,17622908.0000,0.968005,1,1.752463,174.992887,5.197580,15.687816,-19.098828,0
2018-09-20,sz.002213,9.2800,10.2200,9.2200,10.2200,9.2900,6716853,66224525.6600,3.411125,1,10.010770,192.511012,5.717897,17.258286,-21.010766,0
2018-09-21,sz.002213,10.3900,11.2400,10.1500,10.8000,10.2200,15207400,162847204.3500,7.723013,1,5.675146,203.436294,6.042396,18.237719,-22.203158,0
2018-09-25,sz.002213,10.3000,11.4200,10.2200,11.0000,10.8000,11022400,118338444.0000,5.597679,1,1.851850,207.203633,6.154293,18.575455,-22.614328,0
2018-09-26,sz.002213,10.9000,11.2000,10.5500,10.6800,11.0000,6945440,75476142.6000,3.527212,1,-2.909088,201.175891,5.975259,18.035078,-21.956456,0
2018-09-27,sz.002213,10.7000,10.9000,10.3800,10.5100,10.6800,3761902,39836527.0400,1.910466,1,-1.591761,197.973653,5.880147,17.748003,-21.606962,0
2018-09-28,sz.002213,10.5600,10.7100,10.3400,10.5700,10.5100,2661102,27940512.9800,1.351429,1,0.570880,199.103855,5.913716,17.849323,-21.730313,0
2018-10-08,sz.002213,10.2500,10.6300,10.1000,10.4900,10.5700,3530802,37008813.8400,1.793103,1,-0.756858,197.596919,5.868957,17.714229,-21.565845,0
2018-10-09,sz.002213,10.5100,10.6400,10.3700,10.5600,10.4900,2395212,25149139.8000,1.216398,1,0.667308,198.915488,5.908121,17.832437,-21.709755,0
2018-10-10,sz.002213,10.4700,10.5600,10.0400,10.2700,10.5600,2521100,25847208.0000,1.280330,1,-2.746212,193.452847,5.745871,17.342720,-21.113559,0
2018-10-11,sz.002213,10.0500,10.0500,9.2400,9.2400,10.2700,3259600,30808987.0000,1.655374,1,-10.029220,174.051052,5.169606,15.603382,-18.996035,0
2018-10-12,sz.002213,8.8000,8.9300,8.3200,8.6200,9.2400,6619964,56275524.4000,3.361920,1,-6.709956,162.372302,4.822727,14.556402,-17.721410,0
2018-10-15,sz.002213,8.6700,8.7500,8.0000,8.0900,8.6200,3874000,32175323.0000,1.967394,1,-6.148489,152.388854,4.526202,13.661403,-16.631810,0
2018-10-16,sz.002213,8.1200,8.1500,7.5700,7.7000,8.0900,4116100,32216304.0000,2.090344,1,-4.820770,145.042543,4.308005,13.002818,-15.830029,0
2018-10-17,sz.002213,7.8700,7.9200,6.9500,7.0200,7.7000,11119540,80990675.8000,5.647011,1,-8.831166,132.233591,3.927558,11.854518,-14.432053,0
2018-10-18,sz.002213,7.1600,7.2900,6.3500,6.5000,7.0200,15739208,104917999.0300,7.993089,1,-7.407407,122.438511,3.636627,10.976405,-13.363012,0
2018-10-19,sz.002213,6.4100,6.7900,6.1800,6.5500,6.5000,13440002,86688051.8400,6.825447,1,0.769234,123.380345,3.664601,11.060839,-13.465804,0
2018-10-22,sz.002213,6.9700,7.2100,6.8200,7.2100,6.5500,10741700,76228664.0000,5.455126,1,10.076330,135.812563,4.033859,12.175366,-14.822664,0
2018-10-23,sz.002213,7.5600,7.9300,7.5600,7.9300,7.2100,10350270,80479642.1000,5.256340,1,9.986127,149.374983,4.436685,13.391214,-16.302874,0
2018-10-24,sz.002213,8.6000,8.7200,7.9600,7.9800,7.9300,33283550,280598644.3600,16.902908,1,0.630519,150.316818,4.464659,13.475648,-16.405667,0
2018-10-25,sz.002213,7.4000,7.6600,7.2700,7.2900,7.9800,22770076,169161662.3200,11.563685,1,-8.646617,137.319499,4.078618,12.310461,-14.987132,0
2018-10-26,sz.002213,7.5200,7.7900,7.1100,7.1800,7.2900,15481773,114888691.8600,7.862352,1,-1.508918,135.247462,4.017075,12.124706,-14.760988,0
2018-10-29,sz.002213,7.0400,7.3700,7.0000,7.0600,7.1800,9357543,67050752.4500,4.752188,1,-1.671308,132.987059,3.949937,11.922065,-14.514287,0
2018-10-30,sz.002213,7.0200,7.6600,6.9500,7.4000,7.0600,16837044,123604049.8400,8.550621,1,4.815866,1173.848793,4.138606,14.504362,-18.948860,0
2018-10-31,sz.002213,7.3900,7.5400,7.2000,7.4300,7.4000,14419044,106483906.6800,7.322650,1,0.405402,1178.607639,4.155385,14.563163,-19.025680,0
2018-11-01,sz.002213,7.4200,7.5800,7.3300,7.4200,7.4300,13016744,97047009.9200,6.610498,1,-0.134586,1177.021357,4.149792,14.543563,-19.000073,0
2018-11-02,sz.002213,7.6300,7.6300,7.4000,7.5100,7.4200,11399461,85582418.4900,5.789167,1,1.212940,1191.297896,4.200126,14.719967,-19.230533,0
2018-11-05,sz.002213,7.5400,7.9300,7.4200,7.7700,7.5100,17189581,132129033.2200,8.729655,1,3.462047,1232.541232,4.345537,15.229580,-19.896303,0
2018-11-06,sz.002213,7.6000,7.6700,7.4200,7.5600,7.7700,11150545,83877561.9800,5.662756,1,-2.702703,1199.229307,4.228090,14.817970,-19.358565,0
2018-11-07,sz.002213,7.6000,8.1600,7.4900,7.7100,7.5600,15874549,124141142.6200,8.061822,1,1.984128,1223.023539,4.311980,15.111977,-19.742664,0
2018-11-08,sz.002213,7.7500,8.3500,7.6800,7.9900,7.7100,18947855,152840526.1100,9.622587,1,3.631644,1267.439440,4.468576,15.660791,-20.459648,0
2018-11-09,sz.002213,7.8200,7.8900,7.7100,7.8300,7.9900,9566444,74554574.0000,4.858278,1,-2.002501,1242.058925,4.379093,15.347183,-20.049943,0
2018-11-12,sz.002213,7.9400,8.6100,7.8100,8.6100,7.8300,14568617,119514873.3700,7.398610,1,9.961682,1365.788933,4.815325,16.876021,-22.047255,0
2018-11-13,sz.002213,8.5000,9.1700,8.3600,8.5200,8.6100,19994853,174019680.0500,10.154300,1,-1.045287,1351.512394,4.764990,16.699617,-21.816796,0
2018-11-14,sz.002213,8.5300,9.0000,8.3900,8.7700,8.5200,12640451,110038781.1700,6.419399,1,2.934272,1391.169448,4.904808,17.189629,-22.456960,0
2018-11-15,sz.002213,8.7000,8.8200,8.5400,8.7700,8.7700,8613231,74799752.5600,4.374192,1,0.000000,1391.169448,4.904808,17.189629,-22.456960,0
2018-11-16,sz.002213,8.7600,9.0000,8.6700,8.9200,8.7700,9763477,86538092.4200,4.958340,1,1.710372,1414.963680,4.988699,17.483636,-22.841059,0
2018-11-19,sz.002213,8.8800,9.8100,8.8800,9.8100,8.9200,12400858,114809275.9400,6.297723,1,9.977582,1556.142791,5.486450,19.228080,-25.120043,0
2018-11-20,sz.002213,9.6100,9.7500,9.3100,9.3600,9.8100,11961679,113175046.2600,6.074687,1,-4.587163,1484.760095,5.234778,18.346058,-23.967748,0
2018-11-21,sz.002213,9.2000,9.5900,9.0600,9.5200,9.3600,8676153,81142693.5800,4.406147,1,1.709410,1510.140609,5.324261,18.659665,-24.377453,0
2018-11-22,sz.002213,9.4900,9.8900,9.2700,9.6300,9.5200,7916000,75530978.2200,4.020107,1,1.155458,1527.589713,5.385781,18.875271,-24.659125,0
2018-11-23,sz.002213,9.6100,9.6100,8.9900,9.3200,9.6300,7359352,68446292.5600,3.737415,1,-3.219111,1478.414966,5.212407,18.267656,-23.865321,0
2018-11-26,sz.002213,9.2700,9.5700,9.1600,9.4100,9.3200,5184200,48910865.0000,2.632774,1,0.965667,1492.691505,5.262741,18.444060,-24.095780,0
2018-11-27,sz.002213,9.4600,9.6100,9.0100,9.0500,9.4100,5553300,51072143.0000,2.820220,1,-3.825714,1435.585348,5.061404,17.738442,-23.173944,0
2018-11-28,sz.002213,8.9300,8.9400,8.3500,8.6500,9.0500,7629200,65807579.0000,3.874456,1,-4.419896,1372.134062,4.837695,16.954423,-22.149681,0
2018-11-29,sz.002213,8.8000,9.5200,8.7000,8.9200,8.6500,15997418,147205438.8600,8.124220,1,3.121393,1414.963680,4.988699,17.483636,-22.841059,0
2018-11-30,sz.002213,8.6600,8.8800,8.1300,8.4100,8.9200,12608406,106404250.5400,6.403125,1,-5.717491,1334.063290,4.703470,16.484011,-21.535124,0
2018-12-03,sz.002213,8.6000,9.0600,8.5000,8.7400,8.4100,9022165,78805097.8000,4.581868,1,3.923899,1386.410601,4.888030,17.130827,-22.380140,0
2018-12-04,sz.002213,8.8300,9.6100,8.8300,9.4200,8.7400,14565866,136776754.3500,7.397213,1,7.780324,1494.277787,5.268334,18.463660,-24.121387,0
2018-12-05,sz.002213,8.9200,9.2600,8.9200,9.0200,9.4200,10876042,98715493.0000,5.523351,1,-4.246280,1430.826501,5.044626,17.679641,-23.097124,0
2018-12-06,sz.002213,9.0600,9.1800,8.7300,8.8100,9.0200,6889731,61698834.8700,3.498920,1,-2.328160,1397.514576,4.927179,17.268031,-22.559386,0
2018-12-07,sz.002213,8.8900,9.2000,8.8100,9.0400,8.8100,6066931,54784659.8400,3.081065,1,2.610664,1433.999066,5.055811,17.718842,-23.148337,0
2018-12-10,sz.002213,8.9200,9.0400,8.6000,8.7000,9.0400,4727300,41362469.0000,2.400739,1,-3.761064,1380.065472,4.865659,17.052425,-22.277714,0
2018-12-11,sz.002213,8.7000,8.9700,8.6000,8.9000,8.7000,4291043,37707882.6300,2.179188,1,2.298849,1411.791116,4.977513,17.444435,-22.789845,0
2018-12-12,sz.002213,9.1200,9.7900,9.1200,9.4100,8.9000,14249189,134643908.2300,7.236390,1,5.730340,1492.691505,5.262741,18.444060,-24.095780,0
2018-12-13,sz.002213,9.7100,10.3500,9.7100,10.3500,9.4100,9988842,101867683.7000,5.072791,1,9.989379,1641.802028,5.788456,20.286506,-26.502798,0
2018-12-14,sz.002213,10.5900,11.3900,10.3800,11.3900,10.3500,24681707,273668720.4700,12.534499,1,10.048310,1806.775371,6.370098,22.324957,-29.165881,0
2018-12-17,sz.002213,11.7500,12.5100,10.9400,11.1200,11.3900,37592858,443866817.2600,19.091372,1,-2.370504,1763.945753,6.219095,21.795744,-28.474504,0
2018-12-18,sz.002213,10.4100,10.5400,10.0100,10.1300,11.1200,25064227,256272452.7700,12.728760,1,-8.902876,1606.903820,5.665417,19.855295,-25.939453,0
2018-12-19,sz.002213,10.1800,10.2000,9.7500,9.8000,10.1300,14719426,146239484.9800,7.475197,1,-3.257650,1554.556509,5.480857,19.208479,-25.094437,0
2018-12-20,sz.002213,9.8800,9.9600,9.6600,9.7100,9.8000,11219441,109871027.3700,5.697745,1,-0.918369,1540.279970,5.430523,19.032075,-24.863977,0
2018-12-21,sz.002213,9.5000,9.6500,9.3800,9.6300,9.7100,9779932,93124226.3600,4.966697,1,-0.823892,1527.589713,5.385781,18.875271,-24.659125,0
2018-12-24,sz.002213,9.5500,9.7600,9.4700,9.6300,9.6300,7302200,70085425.6800,3.708391,1,0.000000,1527.589713,5.385781,18.875271,-24.659125,0
2018-12-25,sz.002213,9.4600,9.4700,8.9000,9.2700,9.6300,10144133,92537291.8500,5.151654,1,-3.738314,1470.483555,5.184443,18.169653,-23.737288,0
2018-12-26,sz.002213,9.3700,9.9200,9.3700,9.6000,9.2700,12187602,117812560.2800,6.189421,1,3.559870,1522.830866,5.369003,18.816469,-24.582305,0
2018-12-27,sz.002213,9.6900,10.4900,9.5100,10.2000,9.6000,18224227,183801759.5700,9.255096,1,6.249994,1618.007795,5.704566,19.992499,-26.118699,0
2018-12-28,sz.002213,9.9900,10.0500,9.3000,9.3100,10.2000,14599002,140126869.0000,7.414041,1,-8.725485,1476.828684,5.206814,18.248055,-23.839715,0
2019-01-02,sz.002213,9.6400,10.2400,9.4000,10.2400,9.3100,10424807,105226520.1400,5.294194,1,9.989251,1624.352924,5.726936,20.070901,-26.221126,0
2019-01-03,sz.002213,10.5500,10.9500,9.9500,10.3200,10.2400,25712908,269565054.8800,13.058190,1,0.781249,1637.043181,5.771678,20.227704,-26.425978,0
2019-01-04,sz.002213,9.5800,10.4400,9.5800,10.1600,10.3200,14564002,146201710.9200,7.396266,1,-1.550386,1611.662667,5.682195,19.914097,-26.016273,0
2019-01-07,sz.002213,10.1100,10.7500,9.8200,10.7300,10.1600,19488321,199647215.9900,9.897060,1,5.610233,1702.080749,6.000979,21.031325,-27.475847,0
2019-01-08,sz.002213,10.5000,10.8700,10.3000,10.5300,10.7300,16905921,178515084.0500,8.585599,1,-1.863931,1670.355106,5.889125,20.639315,-26.963716,0
2019-01-09,sz.002213,10.5500,11.0500,10.3900,10.6600,10.5300,20174021,217744528.3600,10.245290,1,1.234569,1690.976774,5.961830,20.894121,-27.296601,0
2019-01-10,sz.002213,10.5500,10.8700,10.2400,10.8700,10.6600,13855826,146087834.7500,7.036622,1,1.969982,1724.288700,6.079277,21.305731,-27.834339,0
2019-01-11,sz.002213,10.7000,10.8400,10.3500,10.6000,10.8700,10614703,112507569.7400,5.390631,1,-2.483896,1681.459081,5.928274,20.776518,-27.142962,0
2019-01-14,sz.002213,10.4500,10.5800,10.1900,10.3800,10.6000,7837400,81016866.0000,3.980190,1,-2.075474,1646.560874,5.805234,20.345307,-26.579618,0
2019-01-15,sz.002213,10.8900,11.1700,10.5000,10.5300,10.3800,12672700,135944979.8300,6.435776,1,1.445083,1670.355106,5.889125,20.639315,-26.963716,0
2019-01-16,sz.002213,10.3000,10.4500,10.2200,10.2900,10.5300,8488000,87453013.9400,4.310594,1,-2.279200,1632.284335,5.754900,20.168903,-26.349158,0
2019-01-17,sz.002213,10.1200,10.2300,9.8000,9.9800,10.2900,7724901,77138944.1200,3.923058,1,-3.012638,1583.109588,5.581526,19.561288,-25.555355,0
2019-01-18,sz.002213,10.1000,10.2700,9.8900,9.9800,9.9800,5984600,60312411.0100,3.039253,1,0.000000,1583.109588,5.581526,19.561288,-25.555355,0
2019-01-21,sz.002213,9.9800,10.2500,9.8200,10.1900,9.9800,5289601,53434000.1100,2.686301,1,2.104209,1616.421513,5.698973,19.972898,-26.093093,0
2019-01-22,sz.002213,10.1900,10.1900,9.9000,9.9700,10.1900,4483601,44853677.9500,2.276978,1,-2.158973,1581.523306,5.575933,19.541687,-25.529748,0
2019-01-23,sz.002213,9.8700,10.1200,9.8700,9.9300,9.9700,2721900,27153114.0000,1.382305,1,-0.401203,1575.178177,5.553562,19.463285,-25.427322,0
2019-01-24,sz.002213,9.9000,9.9400,9.5400,9.6400,9.9300,5317300,51457813.9900,2.700368,1,-2.920443,1529.175995,5.391374,18.894871,-24.684732,0
2019-01-25,sz.002213,9.6500,9.7000,9.2900,9.2900,9.6400,5945101,56413475.3500,3.019194,1,-3.630709,1473.656119,5.195629,18.208854,-23.788502,0
2019-01-28,sz.002213,9.2800,9.4500,9.0500,9.1000,9.2900,5023402,46451782.1200,2.551113,1,-2.045205,1443.516759,5.089367,17.836445,-23.301977,0
2019-01-29,sz.002213,9.1600,9.1700,8.3500,8.7200,9.1000,5821102,50980573.5600,2.956222,1,-4.175826,1383.238037,4.876844,17.091626,-22.328927,0
2019-01-30,sz.002213,8.5700,9.0400,8.5400,8.6400,8.7200,3069000,26824884.0000,1.558578,1,-0.917430,1370.547780,4.832103,16.934822,-22.124075,0
2019-01-31,sz.002213,8.6300,8.8500,8.4000,8.7200,8.6400,4518324,39143473.4400,2.294611,1,0.925925,1383.238037,4.876844,17.091626,-22.328927,0
2019-02-01,sz.002213,8.9000,8.9300,8.7500,8.8700,8.7200,3371724,29899959.6400,1.712316,1,1.720179,1407.032269,4.960735,17.385634,-22.713026,0
2019-02-11,sz.002213,8.9700,9.3800,8.8700,9.3400,8.8700,4360727,40300626.7000,2.214577,1,5.298763,1481.587530,5.223592,18.306857,-23.916534,0
2019-02-12,sz.002213,9.3400,9.4700,9.2800,9.3700,9.3400,3806202,35667623.7400,1.932963,1,0.321196,1486.346377,5.240371,18.365658,-23.993354,0
2019-02-13,sz.002213,9.3800,9.4700,9.2200,9.4300,9.3700,4473538,41797260.5500,2.271867,1,0.640346,1495.864070,5.273927,18.483261,-24.146994,0
2019-02-14,sz.002213,9.4700,9.5700,9.3000,9.4900,9.4300,4104209,38777436.4800,2.084305,1,0.636262,1505.381763,5.307483,18.600864,-24.300633,0
2019-02-15,sz.002213,9.4900,9.9100,9.4100,9.7500,9.4900,6426800,62090978.0000,3.263823,1,2.739728,1546.625098,5.452894,19.110477,-24.966404,0
2019-02-18,sz.002213,9.9000,10.2400,9.8200,10.0500,9.7500,9504500,95298792.8600,4.826820,1,3.076925,1594.213563,5.620675,19.698491,-25.734601,0
2019-02-19,sz.002213,10.0100,10.3800,9.9100,10.2800,10.0500,10003584,102024991.9300,5.080277,1,2.288553,1630.698053,5.749307,20.149303,-26.323552,0
2019-02-20,sz.002213,10.1000,10.2500,9.9500,10.0000,10.2800,5771900,57995062.1900,2.931235,1,-2.723733,1586.282152,5.592711,19.600489,-25.606568,0
2019-02-21,sz.002213,10.0000,10.2500,9.8900,9.9400,10.0000,5665026,57048413.8600,2.876959,1,-0.600004,1576.764459,5.559155,19.482886,-25.452929,0
2019-02-22,sz.002213,9.9900,10.1000,9.7900,10.0300,9.9400,6008332,59955901.3500,3.051306,1,0.905434,1591.040999,5.609490,19.659290,-25.683388,0
2019-02-25,sz.002213,10.6000,10.8900,10.1900,10.4200,10.0300,10781054,111773896.2000,5.475112,1,3.888338,1652.906003,5.827605,20.423709,-26.682044,0
2019-02-26,sz.002213,10.4100,10.4300,9.9700,9.9700,10.4200,10134186,103439517.4600,5.146603,1,-4.318616,1581.523306,5.575933,19.541687,-25.529748,0
2019-02-27,sz.002213,9.9800,10.3500,9.9100,10.0500,9.9700,7885717,79619550.2900,4.004728,1,0.802406,1952.786761,5.620675,16.700404,-25.734601,0
2019-02-28,sz.002213,9.9500,10.2300,9.9100,10.2000,10.0500,6959918,70433641.1800,3.534565,1,1.492533,1981.932832,5.704566,16.949664,-26.118699,0
2019-03-01,sz.002213,10.2000,10.2500,9.9800,10.0700,10.2000,4905418,49366867.5400,2.491195,1,-1.274511,1956.672903,5.631860,16.733639,-25.785814,0
2019-03-04,sz.002213,10.2000,10.3100,10.0600,10.1300,10.0700,7662805,78232126.6400,3.891523,1,0.595833,1968.331332,5.665417,16.833343,-25.939453,0
2019-03-05,sz.002213,10.1500,10.5100,10.0800,10.4600,10.1300,9453102,97412159.6800,4.800717,1,3.257650,2032.452688,5.849976,17.381714,-26.784470,0
2019-03-06,sz.002213,10.3800,11.5100,10.2400,11.5100,10.4600,19945906,217233757.6300,10.129443,1,10.038240,2236.475185,6.437211,19.126532,-29.473160,0
2019-03-07,sz.002213,11.6600,11.8000,11.1400,11.3100,11.5100,17316611,197421915.8500,8.794167,1,-1.737618,2197.613757,6.325357,18.794186,-28.961028,0
2019-03-08,sz.002213,11.0000,11.6600,10.8700,10.9000,11.3100,15411203,173472969.1000,7.826513,1,-3.625118,2117.947830,6.096055,18.112876,-27.911159,0
2019-03-11,sz.002213,10.9600,11.5100,10.9600,11.4400,10.9000,12555106,142073134.5500,6.376057,1,4.954128,2222.873686,6.398062,19.010211,-29.293914,0
2019-03-12,sz.002213,11.5000,12.5000,11.2800,11.9500,11.4400,19194184,224664067.9100,9.747684,1,4.458044,2321.970327,6.683290,19.857694,-30.599849,0
2019-03-13,sz.002213,11.8200,11.8300,11.1100,11.1800,11.9500,11588602,133603614.7800,5.885222,1,-6.443511,2172.353829,6.252651,18.578161,-28.628143,0
2019-03-14,sz.002213,11.1800,11.3400,10.2800,10.6300,11.1800,7474864,80820210.8800,3.796078,1,-4.919501,2065.484902,5.945052,17.664208,-27.219782,0
2019-03-15,sz.002213,9.8200,10.3900,9.8200,10.2200,10.6300,17352509,175999434.7000,8.812397,1,-3.857007,1985.818974,5.715751,16.982898,-26.169912,0
2019-03-18,sz.002213,10.0700,10.1500,9.6800,10.0800,10.2200,12673260,125777199.4600,6.436061,1,-1.369866,1958.615975,5.637453,16.750256,-25.811420,0
2019-03-19,sz.002213,10.1600,10.3800,10.0600,10.3300,10.0800,12530221,128024019.7200,6.363419,1,2.480159,2007.192760,5.777271,17.165689,-26.451585,0
2019-03-20,sz.002213,10.3000,10.3200,10.0300,10.2000,10.3300,8015518,81496877.9000,4.070646,1,-1.258472,1981.932832,5.704566,16.949664,-26.118699,0
2019-03-21,sz.002213,10.2100,10.3800,10.1900,10.3000,10.2000,10229166,105179707.4000,5.194838,1,0.980396,2001.363546,5.760493,17.115837,-26.374765,0
2019-03-22,sz.002213,10.3000,10.4200,10.0900,10.3000,10.3000,7632239,78464006.4800,3.876000,1,0.000000,2001.363546,5.760493,17.115837,-26.374765,0
2019-03-25,sz.002213,10.2800,10.5000,10.0700,10.4000,10.3000,9462729,98042111.8400,4.805606,1,0.970868,2020.794260,5.816420,17.282010,-26.630831,0
2019-03-26,sz.002213,10.4000,10.4900,9.9100,9.9100,10.4000,7717001,78205477.9800,3.919046,1,-4.711536,1925.583761,5.542377,16.467762,-25.376109,0
2019-03-27,sz.002213,10.0000,10.1500,9.7100,9.8300,9.9100,4652001,45685334.4500,2.362499,1,-0.807265,1910.039190,5.497635,16.334823,-25.171256,0
2019-03-28,sz.002213,9.7600,9.7600,9.3300,9.3700,9.8300,5948100,56850581.0000,3.020717,1,-4.679553,1820.657905,5.240371,15.570426,-23.993354,0
2019-03-29,sz.002213,9.3300,9.5900,9.0500,9.5400,9.3700,7156826,66787630.9000,3.634563,1,1.814302,1853.690119,5.335447,15.852921,-24.428666,0
2019-04-01,sz.002213,9.5800,9.9400,9.5000,9.8800,9.5400,7275701,71046568.8100,3.694934,1,3.563943,1919.754547,5.525599,16.417910,-25.299289,0
2019-04-02,sz.002213,9.9800,10.2400,9.8800,10.0300,9.8800,8042004,80779218.9600,4.084097,1,1.518215,1948.900618,5.609490,16.667169,-25.683388,0
2019-04-03,sz.002213,9.9300,10.2800,9.8500,10.2100,10.0300,6014205,61032636.8200,3.054288,1,1.794619,1983.875903,5.710158,16.966281,-26.144306,0
2019-04-04,sz.002213,10.3700,10.4400,10.0500,10.0600,10.2100,6496001,66184990.8700,3.298966,1,-1.469144,1954.729832,5.626268,16.717021,-25.760207,0
2019-04-08,sz.002213,10.0500,10.4100,10.0100,10.3300,10.0600,8177018,83636570.1600,4.152664,1,2.683892,2007.192760,5.777271,17.165689,-26.451585,0
2019-04-09,sz.002213,10.3000,11.1300,10.1500,10.9300,10.3300,14729189,157025361.5800,7.480155,1,5.808329,2123.777044,6.112834,18.162728,-27.987979,0
2019-04-10,sz.002213,10.7500,10.9800,10.5300,10.6600,10.9300,9751446,104788061.6100,4.952230,1,-2.470269,2071.314116,5.961830,17.714060,-27.296601,0
2019-04-11,sz.002213,10.6700,11.2300,10.5500,10.5600,10.6600,9889049,106981129.1900,5.022111,1,-0.938081,2051.883402,5.905903,17.547887,-27.040536,0
2019-04-12,sz.002213,10.5000,10.6800,10.3500,10.4900,10.5600,6243902,65490218.9000,3.170939,1,-0.662885,2038.281902,5.866754,17.431566,-26.861290,0
2019-04-15,sz.002213,10.6000,10.9600,10.5300,10.7800,10.4900,8954207,96190343.8600,4.547356,1,2.764537,2094.630973,6.028943,17.913468,-27.603880,0
2019-04-16,sz.002213,10.7600,10.8600,10.5000,10.8400,10.7800,8377702,89544469.2200,4.254580,1,0.556590,2106.289401,6.062499,18.013172,-27.757520,0
2019-04-17,sz.002213,10.8200,11.2800,10.7800,11.2800,10.8400,14766609,163636624.8900,7.499159,1,4.059037,2191.784543,6.308578,18.744334,-28.884209,0
2019-04-18,sz.002213,11.0800,11.1800,10.8000,10.8800,11.2800,9676803,105932378.5600,4.914323,1,-3.546096,2114.061687,6.084870,18.079641,-27.859946,0
2019-04-19,sz.002213,10.8800,10.9400,10.5200,10.7200,10.8800,6874303,73259023.8300,3.491085,1,-1.470587,2082.972545,5.995387,17.813764,-27.450241,0
2019-04-22,sz.002213,10.8500,10.9200,10.5400,10.6200,10.7200,6132102,65543436.2800,2.976749,1,-0.932839,-2677.435512,6.005265,17.841720,-67.701815,0
2019-04-23,sz.002213,10.7000,10.7000,10.1900,10.1900,10.6200,5262903,54953235.3000,2.554807,1,-4.048967,-2569.027107,5.762114,17.119316,-64.960593,0
2019-04-24,sz.002213,10.2800,10.4800,10.1100,10.4600,10.1900,4568167,47199593.8400,2.217557,1,2.649661,-2637.097501,5.914790,17.572919,-66.681825,0
2019-04-25,sz.002213,10.3800,10.3900,9.6000,9.6700,10.4600,6826901,68258173.4300,3.314030,1,-7.552580,-2437.928569,5.468071,16.245710,-61.645626,0
2019-04-26,sz.002213,9.6600,9.8100,9.3500,9.6800,9.6700,4025062,38412249.1200,1.953914,1,0.103415,-2440.449695,5.473726,16.262510,-61.709376,0
2019-04-29,sz.002213,9.6800,9.7800,9.0300,9.0900,9.6800,5611001,52388943.5800,2.723787,1,-6.095043,-2291.703278,5.140100,15.271303,-57.948164,0
2019-04-30,sz.002213,9.1100,9.2600,9.0900,9.1200,9.0900,3802866,34908902.1200,1.846051,1,0.330030,-2299.266655,5.157064,15.321703,-58.139412,0
2019-05-06,sz.002213,8.5000,8.7900,8.2100,8.2100,9.1200,4586300,38529676.0000,2.226359,1,-9.978068,-2069.844214,4.642488,13.792893,-52.338221,0
2019-05-07,sz.002213,8.1200,8.3800,7.9300,8.1000,8.2100,4567500,37199883.0000,2.217233,1,-1.339825,-2042.111831,4.580287,13.608092,-51.636978,0
2019-05-08,sz.002213,7.9600,8.2200,7.6200,8.1000,8.1000,5112800,41426852.0000,2.481942,1,0.000000,-2042.111831,4.580287,13.608092,-51.636978,0
2019-05-09,sz.002213,8.0500,8.2800,8.0500,8.1000,8.1000,3322564,27063540.3000,1.612895,1,0.000000,-2042.111831,4.580287,13.608092,-51.636978,0
2019-05-10,sz.002213,8.1500,8.4500,7.8400,8.4400,8.1000,4219872,34945205.8400,2.048482,1,4.197521,-2127.830106,4.772546,14.179296,-53.804456,0
2019-05-13,sz.002213,8.4000,8.4900,8.2700,8.4100,8.4400,2869500,24050887.0000,1.392961,1,-0.355447,-2120.266729,4.755582,14.128895,-53.613208,0
2019-05-14,sz.002213,8.3300,8.5100,8.1800,8.2700,8.4100,2394272,19963178.4200,1.162268,1,-1.664678,-2084.970969,4.676417,13.893694,-52.720717,0
2019-05-15,sz.002213,8.3800,8.5300,8.3100,8.4300,8.2700,3118500,26253585.3600,1.513835,1,1.934702,-2125.308980,4.766891,14.162496,-53.740706,0
2019-05-16,sz.002213,8.4800,8.6900,8.4300,8.4600,8.4300,2617001,22326478.4500,1.270389,1,0.355869,-2132.872357,4.783855,14.212896,-53.931954,0
2019-05-17,sz.002213,8.5400,8.6000,8.0000,8.1100,8.4600,4579836,38238174.7600,2.223221,1,-4.137120,-2044.632957,4.585942,13.624892,-51.700727,0
2019-05-20,sz.002213,8.2200,8.3100,7.8100,8.2600,8.1100,2969850,24046356.0000,1.441675,1,1.849576,-2082.449843,4.670762,13.876894,-52.656967,0
2019-05-21,sz.002213,8.1100,8.4600,8.0800,8.3100,8.2600,2508335,20915758.7800,1.217638,1,0.605329,-2095.055472,4.699035,13.960894,-52.975714,0
2019-05-22,sz.002213,8.3000,8.4500,8.1100,8.2100,8.3100,1967300,16267964.0000,0.955000,1,-1.203374,-2069.844214,4.642488,13.792893,-52.338221,0
2019-05-23,sz.002213,8.2100,8.2600,7.9400,8.0800,8.2100,2461960,19894683.6600,1.195126,1,-1.583436,-2037.069580,4.568978,13.574492,-51.509479,0
2019-05-24,sz.002213,8.0100,8.1000,7.8500,7.8600,8.0800,2701090,21446807.7800,1.311209,1,-2.722770,-1981.604814,4.444575,13.204889,-50.106993,0
2019-05-27,sz.002213,7.8800,8.2600,7.8800,8.2300,7.8600,3259912,26456199.4400,1.582482,1,4.707371,-2074.886466,4.653798,13.826493,-52.465719,0
2019-05-28,sz.002213,8.2300,8.4900,8.2300,8.3000,8.2300,3094031,25873120.3100,1.501957,1,0.850555,-2092.534346,4.693381,13.944094,-52.911965,0
2019-05-29,sz.002213,8.3600,8.4300,8.2400,8.2800,8.3000,2360449,19651398.8700,1.145849,1,-0.240969,-2087.492094,4.682071,13.910494,-52.784466,0
2019-05-30,sz.002213,8.3400,8.3400,8.1300,8.2200,8.2800,2518700,20722747.0000,1.222670,1,-0.724631,-2072.365340,4.648143,13.809693,-52.401970,0
2019-05-31,sz.002213,8.3200,8.4400,7.9500,8.0300,8.2200,3605412,29446005.5600,1.750200,1,-2.311442,-2024.463951,4.540704,13.490491,-51.190732,0
2019-06-03,sz.002213,8.1000,8.1900,7.8600,7.9500,8.0300,3107232,24912081.5700,1.508365,1,-0.996263,-2004.294946,4.495467,13.356090,-50.680737,0
2019-06-04,sz.002213,7.9100,7.9600,7.6400,7.6600,7.9500,3116731,24144097.9000,1.512976,1,-3.647798,-1931.182300,4.331481,12.868887,-48.832006,0
2019-06-05,sz.002213,7.7200,7.8800,7.6500,7.6900,7.6600,1826497,14100803.8400,0.886649,1,0.391648,-1938.745677,4.348445,12.919287,-49.023254,0
2019-06-06,sz.002213,7.7100,7.7700,7.2700,7.2800,7.6900,2503899,18647519.8100,1.215485,1,-5.331597,-1835.379523,4.116604,12.230483,-46.409531,0
2019-06-10,sz.002213,7.3700,7.8700,7.3100,7.7000,7.2800,3315488,25202776.6600,1.609460,1,5.769225,-1941.266803,4.354100,12.936087,-49.087003,0
2019-06-11,sz.002213,7.7000,7.9300,7.6100,7.8800,7.7000,2879210,22515258.6200,1.397675,1,2.337667,-1986.647066,4.455884,13.238489,-50.234492,0
2019-06-12,sz.002213,8.0200,8.0200,7.6300,7.7200,7.8800,2746851,21505592.9700,1.333423,1,-2.030461,-1946.309054,4.365409,12.969688,-49.214502,0
2019-06-13,sz.002213,7.7200,7.8100,7.6600,7.7300,7.7200,1917300,14821041.2200,0.930728,1,0.129537,-1948.830180,4.371064,12.986488,-49.278251,0
2019-06-14,sz.002213,7.7700,7.7800,7.4000,7.5400,7.7300,3029731,22979304.5700,1.470743,1,-2.457957,-1900.928791,4.263625,12.667285,-48.067014,0
2019-06-17,sz.002213,7.5400,7.6300,6.8200,7.4400,7.5400,2348101,17529281.4700,1.139855,1,-1.326259,-1875.717534,4.207078,12.499284,-47.429520,0
2019-06-18,sz.002213,7.5300,7.7200,7.4100,7.7000,7.4400,3273763,24822908.1800,1.589205,1,3.494620,-1941.266803,4.354100,12.936087,-49.087003,0
2019-06-19,sz.002213,7.7400,7.9500,7.6600,7.6700,7.7000,3234300,25180834.0000,1.570049,1,-0.389607,-1933.703426,4.337136,12.885687,-48.895755,0
2019-06-20,sz.002213,7.6600,7.8200,7.4200,7.7600,7.6700,2537852,19561645.7600,1.231967,1,1.173405,-1956.393557,4.388028,13.036888,-49.469500,0
2019-06-21,sz.002213,8.2100,8.5400,7.9000,7.9200,7.7600,6311253,51204118.2900,3.063715,1,2.061854,-1996.731569,4.478503,13.305690,-50.489489,0
2019-06-24,sz.002213,8.0200,8.1400,7.7700,7.8700,7.9200,3772665,29916159.1000,1.831391,1,-0.631316,-1984.125940,4.450230,13.221689,-50.170742,0
2019-06-25,sz.002213,7.8900,7.9100,7.5200,7.6800,7.8700,2984783,22870825.8900,1.448924,1,-2.414232,-1936.224551,4.342791,12.902487,-48.959505,0
2019-06-26,sz.002213,7.6600,7.8200,7.5700,7.8000,7.6800,2473861,19127465.4100,1.200903,1,1.562505,-1966.478060,4.410647,13.104088,-49.724497,0
2019-06-27,sz.002213,7.8200,7.9300,7.6600,7.7100,7.8000,2590491,20111632.5100,1.257520,1,-1.153848,-1943.787928,4.359755,12.952887,-49.150753,0
2019-06-28,sz.002213,7.6800,7.7200,7.4200,7.5600,7.7100,2091627,15757797.9900,1.015353,1,-1.945526,-1905.971043,4.274935,12.700886,-48.194512,0
2019-07-01,sz.002213,7.6600,7.7600,7.6000,7.7500,7.5600,2421732,18703585.3700,1.175598,1,2.513228,-1953.872431,4.382373,13.020088,-49.405750,0
2019-07-02,sz.002213,7.7100,7.9300,7.6900,7.8600,7.7500,2851263,22239106.8000,1.384108,1,1.419357,-1981.604814,4.444575,13.204889,-50.106993,0
2019-07-03,sz.002213,7.8600,7.8600,7.5100,7.5500,7.8600,3073483,23335629.9200,1.491982,1,-3.944020,-1903.449917,4.269280,12.684086,-48.130763,0
2019-07-04,sz.002213,7.5800,7.6700,7.5100,7.6000,7.5500,2025632,15378297.0400,0.983317,1,0.662248,-1916.055546,4.297553,12.768086,-48.449510,0
2019-07-05,sz.002213,7.5800,7.6900,7.5400,7.6400,7.6000,1308641,9975427.1100,0.635263,1,0.526315,-1926.140048,4.320172,12.835287,-48.704507,0
2019-07-08,sz.002213,7.6300,7.6400,7.3200,7.3900,7.6400,2469284,18242833.1100,1.198682,1,-3.272251,-1863.111906,4.178805,12.415284,-47.110773,0
2019-07-09,sz.002213,7.4000,7.5900,7.3400,7.5600,7.3900,1601739,11968013.5300,0.777543,1,2.300407,-1905.971043,4.274935,12.700886,-48.194512,0
2019-07-10,sz.002213,7.5600,7.6600,7.5100,7.5200,7.5600,1936500,14704966.0000,0.940049,1,-0.529100,-1895.886540,4.252316,12.633685,-47.939515,0
2019-07-11,sz.002213,7.5400,7.7400,7.5300,7.6700,7.5200,1927600,14761038.0000,0.935728,1,1.994682,-1933.703426,4.337136,12.885687,-48.895755,0
2019-07-12,sz.002213,7.6900,7.6900,7.5100,7.5900,7.6700,1092700,8322803.0000,0.530437,1,-1.043024,-1913.534420,4.291899,12.751286,-48.385761,0
2019-07-15,sz.002213,7.6000,7.7200,7.3900,7.7100,7.5900,1919300,14601653.0000,0.931699,1,1.581026,-1943.787928,4.359755,12.952887,-49.150753,0
2019-07-16,sz.002213,7.7000,7.7800,7.6600,7.7600,7.7100,1754114,13521425.6600,0.851512,1,0.648511,-1956.393557,4.388028,13.036888,-49.469500,0
2019-07-17,sz.002213,7.7300,7.7900,7.7100,7.7900,7.7600,2058247,15953791.7800,0.999149,1,0.386595,-1963.956934,4.404992,13.087288,-49.660748,0
2019-07-18,sz.002213,7.7900,7.8500,7.6100,7.8400,7.7900,2468900,19121625.0000,1.198495,1,0.641851,-1976.562563,4.433266,13.171289,-49.979494,0
2019-07-19,sz.002213,7.7200,7.8500,7.4800,7.4800,7.8400,4407073,33789478.2400,2.139356,1,-4.591838,-1885.802037,4.229697,12.566485,-47.684518,0
2019-07-22,sz.002213,7.5700,7.6000,6.9900,7.0400,7.4800,3228985,23190706.3600,1.567468,1,-5.882354,-1774.872505,3.980891,11.827280,-44.879546,0
2019-07-23,sz.002213,7.0200,7.1600,6.9200,7.1200,7.0400,1662385,11773396.5900,0.806983,1,1.136363,-1795.041511,4.026129,11.961681,-45.389541,0
2019-07-24,sz.002213,7.1000,7.5200,7.1000,7.4500,7.1200,3244380,23926012.8400,1.574942,1,4.634830,-1878.238660,4.212733,12.516084,-47.493270,0
2019-07-25,sz.002213,7.5700,7.7700,7.4700,7.6000,7.4500,3560234,26954631.8300,1.728269,1,2.013424,-1916.055546,4.297553,12.768086,-48.449510,0
2019-07-26,sz.002213,7.5300,7.5700,7.3800,7.4900,7.6000,1864573,13944366.5500,0.905100,1,-1.447400,-1888.323163,4.235352,12.583285,-47.748267,0
2019-07-29,sz.002213,7.4600,7.6400,7.4000,7.5000,7.4900,1461913,11011020.8900,0.709667,1,0.133514,-1890.844288,4.241007,12.600085,-47.812016,0
2019-07-30,sz.002213,7.4800,7.6800,7.4800,7.6400,7.5000,2312866,17637865.5600,1.122800,1,1.866700,-1926.140048,4.320172,12.835287,-48.704507,0
2019-07-31,sz.002213,7.6400,7.7500,7.5800,7.6800,7.6400,2345300,18050830.0000,1.138500,1,0.523600,-1936.224551,4.342791,12.902487,-48.959505,0
2019-08-01,sz.002213,7.6800,7.8500,7.4800,7.7500,7.6800,2378577,18408941.1300,1.154600,1,0.911500,-1953.872431,4.382373,13.020088,-49.405750,0
2019-08-02,sz.002213,7.6700,7.6700,7.4600,7.5700,7.7500,1969900,14883231.0000,0.956300,1,-2.322600,-1908.492168,4.280589,12.717686,-48.258262,0
2019-08-05,sz.002213,7.5600,7.9300,7.4900,7.8100,7.5700,3010035,23422940.8100,1.461200,1,3.170400,-1968.999186,4.416301,13.120889,-49.788246,0
2019-08-06,sz.002213,7.6800,7.6800,7.2300,7.3600,7.8100,2930101,21735326.7400,1.422400,1,-5.761800,-1855.548528,4.161841,12.364883,-46.919525,0
2019-08-07,sz.002213,7.4500,7.5800,7.2600,7.4800,7.3600,1731461,12871628.1300,0.840500,1,1.630400,-1885.802037,4.229697,12.566485,-47.684518,0
2019-08-08,sz.002213,7.4000,7.5500,7.3900,7.3900,7.4800,1610675,11995078.2500,0.781900,1,-1.203200,-1863.111906,4.178805,12.415284,-47.110773,0
2019-08-09,sz.002213,7.4000,7.4700,7.1100,7.2000,7.3900,1780800,12920403.0000,0.864500,1,-2.571000,-1815.210517,4.071366,12.096082,-45.899536,0
2019-08-12,sz.002213,7.2800,7.3300,7.1600,7.2900,7.2000,1337800,9703115.0000,0.649400,1,1.250000,-1837.900648,4.122258,12.247283,-46.473280,0
2019-08-13,sz.002213,7.2900,7.3100,7.1500,7.2200,7.2900,1202431,8674113.9600,0.583700,1,-0.960200,-1820.252768,4.082676,12.129682,-46.027034,0
2019-08-14,sz.002213,7.2700,7.4500,7.2100,7.2100,7.2200,1533000,11218842.2500,0.744200,1,-0.138500,-1817.731643,4.077021,12.112882,-45.963285,0
2019-08-15,sz.002213,6.9900,7.2000,6.8300,7.1600,7.2100,2124300,15019971.0000,1.031200,1,-0.693500,-1805.126014,4.048748,12.028881,-45.644538,0
2019-08-16,sz.002213,7.1600,7.3600,7.1300,7.2600,7.1600,2053800,14913395.0000,0.997000,1,1.396700,-1830.337271,4.105294,12.196882,-46.282032,0
2019-08-19,sz.002213,7.4500,7.7900,7.4000,7.6500,7.2600,3951729,29959702.2100,1.918300,1,5.371900,-1928.661174,4.325827,12.852087,-48.768257,0
2019-08-20,sz.002213,7.6300,8.3300,7.6200,7.7300,7.6500,6987878,55058033.7600,3.392200,1,1.045800,-1948.830180,4.371064,12.986488,-49.278251,0
2019-08-21,sz.002213,7.6400,7.8300,7.5900,7.6100,7.7300,3479300,26728031.0000,1.689000,1,-1.552400,-1918.576671,4.303208,12.784886,-48.513259,0
2019-08-22,sz.002213,7.6400,8.3700,7.6000,8.3700,7.6100,5853184,47731710.0600,2.841400,1,9.986900,-262.377375,4.767955,14.175861,9.206464,0
2019-08-23,sz.002213,8.6500,9.2100,8.5400,9.2100,8.3700,20091249,182535931.6800,9.753000,1,10.035800,-288.709154,5.246459,15.598528,10.130410,0
2019-08-26,sz.002213,9.9000,10.1300,9.5900,10.1300,9.2100,15077733,150482499.5000,7.319300,1,9.989100,-317.548722,5.770535,17.156687,11.142352,0
2019-08-27,sz.002213,10.5000,11.1400,10.3100,11.1400,10.1300,42078215,460289667.2000,20.426300,1,9.970400,-349.209553,6.345880,18.867275,12.253287,0
2019-08-28,sz.002213,11.7000,12.1900,10.2900,10.3200,11.1400,44963340,501608647.8600,21.826900,1,-7.360900,-323.504720,5.878768,17.478481,11.351339,0
2019-08-29,sz.002213,10.1500,11.2800,10.1400,10.6600,10.3200,40393647,433454725.1300,19.608600,1,3.294600,-334.162821,6.072449,18.054322,11.725318,0
2019-08-30,sz.002213,10.2800,10.3400,9.5900,9.5900,10.6600,32461064,316738228.3300,15.757800,1,-10.037500,-300.621150,5.462925,16.242115,10.548386,0
2019-09-02,sz.002213,9.2000,9.3700,8.9500,9.3000,9.5900,22584766,207267719.8900,10.963500,1,-3.024000,-291.530416,5.297727,15.750956,10.229405,0
2019-09-03,sz.002213,9.2800,9.4200,9.0800,9.3100,9.3000,18193494,168134224.5200,8.831800,1,0.107500,-291.843890,5.303424,15.767893,10.240404,0
2019-09-04,sz.002213,9.2300,9.6400,9.1500,9.5400,9.3100,21317528,200436021.5800,10.348300,1,2.470500,-299.053782,5.434443,16.157433,10.493389,0
2019-09-05,sz.002213,9.4700,9.7700,9.3000,9.3200,9.5400,18940951,179452732.5400,9.194600,1,-2.306100,-292.157364,5.309120,15.784829,10.251403,0
2019-09-06,sz.002213,9.3200,9.5800,9.1600,9.4100,9.3200,13635069,128142121.6400,6.619000,1,0.965700,-294.978626,5.360389,15.937258,10.350398,0
2019-09-09,sz.002213,9.4900,9.7400,9.2300,9.6200,9.4100,15129923,144258682.3000,7.344600,1,2.231700,-301.561571,5.480015,16.292925,10.581384,0
2019-09-10,sz.002213,9.4900,9.8500,9.4300,9.8500,9.6200,13512908,130231724.7500,6.559700,1,2.390900,-308.771463,5.611034,16.682465,10.834369,0
2019-09-11,sz.002213,9.8000,10.3900,9.6200,9.8300,9.8500,19173595,189877088.3300,9.307600,1,-0.203100,-308.144515,5.599641,16.648592,10.812371,0
2019-09-12,sz.002213,9.6200,9.7900,9.3300,9.4900,9.8300,12111614,115408069.2000,5.879400,1,-3.458800,-297.486414,5.405960,16.072750,10.438392,0
2019-09-16,sz.002213,9.4600,9.7500,9.4100,9.7000,9.4900,10375509,99398721.7600,5.036700,1,2.212900,-304.069359,5.525587,16.428417,10.669379,0
2019-09-17,sz.002213,9.6500,10.5600,9.5700,10.2100,9.7000,23487690,237845711.2600,11.401800,1,5.257700,-320.056511,5.816107,17.292179,11.230346,0
2019-09-18,sz.002213,10.0000,10.6600,9.9100,10.3400,10.2100,17102795,174840315.9300,8.302300,1,1.273300,-324.131667,5.890161,17.512354,11.373338,0
2019-09-19,sz.002213,10.2400,10.2900,10.0100,10.0900,10.3400,10601261,107318190.2300,5.146200,1,-2.417800,-316.294828,5.747749,17.088941,11.098354,0
2019-09-20,sz.002213,10.0600,10.1500,9.8700,9.9900,10.0900,6786052,67680368.5200,3.294200,1,-0.991100,-313.160092,5.690785,16.919576,10.988360,0
2019-09-23,sz.002213,10.0500,10.4200,9.9100,10.4200,9.9900,9894520,101090407.1800,4.803200,1,4.304300,-326.639456,5.935733,17.647846,11.461333,0
2019-09-24,sz.002213,10.2900,10.4000,10.1000,10.1400,10.4200,9215096,94123731.7300,4.473300,1,-2.687100,-317.862196,5.776232,17.173623,11.153351,0
2019-09-25,sz.002213,10.0000,10.0000,9.4000,9.5200,10.1400,8793531,85145201.2600,4.268700,1,-6.114400,-298.426835,5.423050,16.123560,10.471391,0
2019-09-26,sz.002213,9.2800,9.6800,8.9400,8.9400,9.5200,6386699,58888127.9500,3.100300,1,-6.092400,-280.245368,5.092654,15.141242,9.833428,0
2019-09-27,sz.002213,8.9900,9.2200,8.9200,9.2000,8.9400,3555841,32427571.8300,1.726100,1,2.908300,-288.395681,5.240763,15.581591,10.119411,0
2019-09-30,sz.002213,9.1500,9.3000,9.0300,9.0600,9.2000,1983522,18141447.1600,0.962900,1,-1.521700,-284.007051,5.161012,15.344480,9.965420,0
2019-10-08,sz.002213,9.1200,9.5900,9.1200,9.4200,9.0600,3404510,31871192.8000,1.652700,1,3.973500,-295.292099,5.366085,15.954195,10.361397,0
2019-10-09,sz.002213,9.4200,9.4500,9.2500,9.4400,9.4200,2250610,21117930.2000,1.092500,1,0.212300,-295.919046,5.377478,15.988068,10.383396,0
2019-10-10,sz.002213,9.4700,9.7700,9.4400,9.7300,9.4400,3781411,36508250.8800,1.835600,1,3.072000,-305.009780,5.542676,16.479226,10.702377,0
2019-10-11,sz.002213,9.7000,9.8100,9.5500,9.7200,9.7300,3129429,30323917.7200,1.519100,1,-0.102800,-304.696306,5.536980,16.462290,10.691378,0
2019-10-14,sz.002213,9.7800,10.3500,9.7700,10.1500,9.7200,8018551,81283373.6200,3.892500,1,4.423900,-318.175670,5.781928,17.190560,11.164350,0
2019-10-15,sz.002213,10.2500,10.4000,9.9600,10.3000,10.1500,6542701,66803935.1200,3.176100,1,1.477800,-322.877773,5.867375,17.444608,11.329341,0
2019-10-16,sz.002213,10.1300,10.6000,10.1300,10.3800,10.3000,5771000,60047353.9000,2.801500,1,0.776700,-325.385562,5.912947,17.580100,11.417335,0
2019-10-17,sz.002213,10.3500,10.5900,10.1500,10.2600,10.3800,4868600,50289303.0000,2.363400,1,-1.156100,-321.623879,5.844590,17.376862,11.285343,0
2019-10-18,sz.002213,10.3100,10.5500,10.1500,10.2400,10.2600,5415301,56085525.4300,2.628800,1,-0.194900,-320.996932,5.833197,17.342989,11.263344,0
2019-10-21,sz.002213,10.3500,10.4500,9.9700,10.3000,10.2400,4378612,44876367.8800,2.125500,1,0.585900,-322.877773,5.867375,17.444608,11.329341,0
2019-10-22,sz.002213,10.4500,11.2300,10.3100,10.8100,10.3000,6428112,69378291.1800,3.120400,1,4.951500,-338.864925,6.157896,18.308370,11.890308,0
2019-10-23,sz.002213,10.8700,10.9700,10.5300,10.7000,10.8100,5000801,53634918.6400,2.427600,1,-1.017600,-335.416716,6.095235,18.122068,11.769315,0
2019-10-24,sz.002213,10.4800,10.6400,10.3300,10.4000,10.7000,3915500,40879911.0000,1.900700,1,-2.803700,-326.012509,5.924340,17.613973,11.439334,0
2019-10-25,sz.002213,10.3700,10.7500,10.3500,10.5800,10.4000,3518000,37163175.0000,1.707800,1,1.730800,-405.496775,6.004711,15.783631,26.835386,0
2019-10-28,sz.002213,10.8900,10.8900,10.0700,10.5000,10.5800,3414128,35964685.3400,1.657300,1,-0.756100,-402.430636,5.959306,15.664284,26.632472,0
2019-10-29,sz.002213,10.5600,10.6000,10.2200,10.2800,10.5000,2733996,28276664.2800,1.327200,1,-2.095200,-393.998756,5.834445,15.336080,26.074458,0
2019-10-30,sz.002213,10.1400,10.3700,10.0300,10.3500,10.2800,1947400,19921363.0000,0.945300,1,0.680900,-396.681627,5.874173,15.440509,26.252008,0
2019-10-31,sz.002213,10.3000,10.3500,9.7100,10.0300,10.3500,3626798,36541640.9200,1.760600,1,-3.091800,-384.417075,5.692556,14.963121,25.440352,0
2019-11-01,sz.002213,10.1500,10.5300,10.0500,10.4500,10.0300,4001500,41244843.9700,1.942500,1,4.187400,-400.514300,5.930929,15.589693,26.505650,0
2019-11-04,sz.002213,10.5600,10.5600,10.0500,10.0500,10.4500,3868100,39434307.0000,1.877700,1,-3.827700,-385.183609,5.703907,14.992958,25.491080,0
2019-11-05,sz.002213,10.0600,10.2500,10.0300,10.1700,10.0500,1827101,18556145.0900,0.886900,1,1.194000,-389.782816,5.772014,15.171978,25.795451,0
2019-11-06,sz.002213,10.2300,10.2300,9.8500,9.9800,10.1700,1827400,18254662.0000,0.887100,1,-1.868200,-382.500738,5.664179,14.888529,25.313530,0
2019-11-07,sz.002213,9.9800,10.1200,9.9100,9.9900,9.9800,1414100,14149993.0000,0.686500,1,0.100200,-382.884005,5.669854,14.903448,25.338894,0
2019-11-08,sz.002213,9.9800,10.1200,9.9400,10.0000,9.9900,1205300,12035391.0000,0.585100,1,0.100100,-383.267273,5.675530,14.918366,25.364259,0
2019-11-11,sz.002213,9.9800,10.0000,9.5000,9.6400,10.0000,2682500,25974161.0000,1.302200,1,-3.600000,-369.469651,5.471211,14.381305,24.451145,0
2019-11-12,sz.002213,9.6300,9.9800,9.3900,9.8800,9.6400,2988700,29158492.0000,1.450800,1,2.489600,-378.668065,5.607423,14.739346,25.059888,0
2019-11-13,sz.002213,9.9800,10.1500,9.7700,10.1500,9.8800,2333000,23306937.0000,1.132500,1,2.732800,-389.016282,5.760663,15.142142,25.744723,0
2019-11-14,sz.002213,10.1600,10.1900,9.7000,9.8400,10.1500,3071000,30226268.0000,1.490800,1,-3.054200,-377.134996,5.584721,14.679672,24.958431,0
2019-11-15,sz.002213,9.7900,9.9800,9.5800,9.8600,9.8400,1833400,18014604.0000,0.890000,1,0.203200,-377.901531,5.596072,14.709509,25.009159,0
2019-11-18,sz.002213,9.8500,10.1500,9.6500,10.0600,9.8600,2113900,21173288.0000,1.026200,1,2.028400,-385.566876,5.709583,15.007876,25.516444,0
2019-11-19,sz.002213,10.1900,10.1900,9.9600,10.0100,10.0600,2016400,20252279.0000,0.978800,1,-0.497000,-383.650540,5.681205,14.933284,25.389623,0
2019-11-20,sz.002213,10.0000,10.2500,9.9000,9.9600,10.0100,2601600,26126543.0000,1.262900,1,-0.499500,-381.734204,5.652828,14.858693,25.262802,0
2019-11-21,sz.002213,9.8900,10.2000,9.7000,10.1300,9.9600,2255900,22665419.0000,1.095100,1,1.706800,-388.249747,5.749312,15.112305,25.693994,0
2019-11-22,sz.002213,10.1600,10.2000,9.7700,9.8600,10.1300,2851200,28334119.0000,1.384100,1,-2.665400,-377.901531,5.596072,14.709509,25.009159,0
2019-11-25,sz.002213,9.9600,9.9600,9.7400,9.7900,9.8600,1474901,14535151.8500,0.716000,1,-0.709900,-375.218660,5.556344,14.605080,24.831609,0
2019-11-26,sz.002213,9.6900,10.1100,9.6900,10.0000,9.7900,2072835,20687296.4000,1.006200,1,2.145000,-383.267273,5.675530,14.918366,25.364259,0
2019-11-27,sz.002213,10.0300,10.1800,9.8200,10.1400,10.0000,2032000,20439351.0000,0.986400,1,1.400000,-388.633015,5.754987,15.127223,25.719358,0
2019-11-28,sz.002213,10.1100,10.4000,9.9600,9.9800,10.1400,2223700,22474242.0000,1.079500,1,-1.577900,-382.500738,5.664179,14.888529,25.313530,0
2019-11-29,sz.002213,9.9200,10.1900,9.9200,10.1800,9.9800,2351600,23780765.0000,1.141600,1,2.004000,-390.166084,5.777689,15.186897,25.820815,0
2019-12-02,sz.002213,10.1800,10.2900,9.9500,10.1000,10.1800,2066100,20904916.0000,1.003000,1,-0.785900,-387.099945,5.732285,15.067550,25.617901,0
2019-12-03,sz.002213,10.1000,10.2200,9.9900,10.2000,10.1000,1467100,14846004.0000,0.712200,1,0.990100,-390.932618,5.789040,15.216733,25.871544,0
2019-12-04,sz.002213,10.1800,10.2800,10.1300,10.2200,10.2000,1393602,14224214.4700,0.676500,1,0.196100,-391.699153,5.800391,15.246570,25.922272,0
2019-12-05,sz.002213,10.2100,10.5800,10.1800,10.5400,10.2200,4433501,46368555.4900,2.152200,1,3.131100,-403.963705,5.982008,15.723958,26.733929,0
2019-12-06,sz.002213,10.5300,10.7900,10.3700,10.7500,10.5400,3613500,38399129.0000,1.754100,1,1.992400,-412.012318,6.101195,16.037244,27.266578,0
2019-12-09,sz.002213,10.7000,10.7500,10.4700,10.5100,10.7500,2920500,30953630.0000,1.417700,1,-2.232600,-402.813904,5.964982,15.679203,26.657836,0
2019-12-10,sz.002213,10.4500,10.5000,10.2900,10.4100,10.5100,2481002,25801951.7800,1.204400,1,-0.951500,-398.981231,5.908227,15.530019,26.404193,0
2019-12-11,sz.002213,10.3600,10.5400,10.2000,10.2800,10.4100,2206500,22749125.0000,1.071100,1,-1.248800,-393.998756,5.834445,15.336080,26.074458,0
2019-12-12,sz.002213,10.2700,10.4100,10.1600,10.2400,10.2800,1963100,20229064.0000,0.953000,1,-0.389100,-392.465687,5.811743,15.276407,25.973001,0
2019-12-13,sz.002213,10.2900,10.3500,10.1000,10.1900,10.2400,3453202,35234075.5200,1.676300,1,-0.488300,-390.549351,5.783365,15.201815,25.846180,0
2019-12-16,sz.002213,10.1900,10.5000,10.1900,10.4800,10.1900,4009401,41682729.3600,1.946300,1,2.845900,-401.664102,5.947955,15.634448,26.581743,0
2019-12-17,sz.002213,10.5200,10.6400,10.4500,10.5300,10.4800,3178808,33488628.1300,1.543100,1,0.477100,-403.580438,5.976333,15.709039,26.708564,0
2019-12-18,sz.002213,10.4900,11.2200,10.4900,10.9500,10.5300,7483130,81680425.3000,3.632600,1,3.988600,-419.677664,6.214705,16.335611,27.773863,0
2019-12-19,sz.002213,10.9200,11.1000,10.7700,10.9900,10.9500,4666621,51072938.1800,2.265400,1,0.365300,-421.210733,6.237407,16.395284,27.875320,0
2019-12-20,sz.002213,10.9600,12.0900,10.8900,12.0900,10.9900,8544255,99304806.2500,4.147700,1,10.009100,-463.370133,6.861716,18.036305,30.665389,0
2019-12-23,sz.002213,13.1000,13.1000,11.0000,11.2200,12.0900,12806691,153577271.7000,6.216800,1,-7.196000,-430.025880,6.367944,16.738407,28.458698,0
2019-12-24,sz.002213,10.8500,11.5900,10.6100,11.3200,11.2200,6325634,70519426.3100,3.070700,1,0.891300,-433.858553,6.424700,16.887590,28.712341,0
2019-12-25,sz.002213,11.3200,11.4700,10.8800,11.0900,11.3200,4684406,51620097.9900,2.274000,1,-2.031800,-425.043405,6.294163,16.544468,28.128963,0
2019-12-26,sz.002213,11.0600,12.2000,10.8000,11.8800,11.0900,8605202,100631539.9400,4.177300,1,7.123500,-455.321520,6.742529,17.723019,30.132739,0
2019-12-27,sz.002213,11.8800,12.0800,11.6100,11.6500,11.8800,7262602,85725793.3100,3.525500,1,-1.936000,-446.506373,6.611992,17.379896,29.549361,0
2019-12-30,sz.002213,11.6400,12.4700,11.5300,12.1200,11.6500,7647170,93673854.4000,3.712200,1,4.034300,-464.519935,6.878742,18.081060,30.741482,0
2019-12-31,sz.002213,12.2100,12.8100,12.0100,12.4500,12.1200,6167385,76890511.2300,2.993900,1,2.722800,-477.167755,7.066035,18.573366,31.578502,0
2020-01-02,sz.002213,12.4400,13.2800,12.2100,12.7500,12.4500,6424629,81475142.9800,3.118800,1,2.409600,-488.665773,7.236301,19.020917,32.339430,0
2020-01-03,sz.002213,12.7400,13.0000,12.3900,12.4500,12.7500,4355302,54864058.9300,2.114200,1,-2.352900,-477.167755,7.066035,18.573366,31.578502,0
2020-01-06,sz.002213,12.2400,12.6000,12.1500,12.4500,12.4500,3572601,44365336.9000,1.734300,1,0.000000,-477.167755,7.066035,18.573366,31.578502,0
2020-01-07,sz.002213,12.7000,13.7000,12.6200,13.7000,12.4500,9081285,121842138.9900,4.408400,1,10.040200,-525.076164,7.775476,20.438162,34.749034,0
2020-01-08,sz.002213,13.5700,14.3200,13.4300,13.7000,13.7000,9265587,127798668.2200,4.497900,1,0.000000,-525.076164,7.775476,20.438162,34.749034,0
2020-01-09,sz.002213,13.6700,14.1500,13.4000,13.4900,13.7000,5622922,77002791.5000,2.729600,1,-1.532800,-517.027551,7.656290,20.124876,34.216385,0
2020-01-10,sz.002213,13.6700,13.8300,13.4200,13.5400,13.4900,3216600,43645044.0000,1.561500,1,0.370600,-518.943887,7.684667,20.199468,34.343206,0
2020-01-13,sz.002213,13.8000,13.9000,13.2900,13.6400,13.5400,4541522,61683095.7600,2.204600,1,0.738600,-522.776560,7.741423,20.348651,34.596849,0
2020-01-14,sz.002213,13.6400,13.6600,13.3900,13.4300,13.6400,3519300,47475071.0000,1.708400,1,-1.539600,-514.727947,7.622237,20.035366,34.064199,0
2020-01-15,sz.002213,13.6000,13.6000,12.9900,13.1000,13.4300,4779151,62825986.2500,2.320000,1,-2.457200,-502.080127,7.434944,19.543060,33.227179,0
2020-01-16,sz.002213,13.1700,13.2700,12.9100,12.9900,13.1000,3928801,51352876.9100,1.907200,1,-0.839700,-497.864187,7.372513,19.378958,32.948172,0
2020-01-17,sz.002213,13.0200,13.2200,12.8100,13.0600,12.9900,3715499,48493973.4600,1.803600,1,0.538900,-500.547058,7.412242,19.483386,33.125722,0
2020-01-20,sz.002213,12.8200,13.3600,12.6600,13.1300,13.0600,3357600,43916162.0200,1.629900,1,0.536000,-503.229929,7.451971,19.587815,33.303272,0
2020-01-21,sz.002213,13.1100,13.2900,12.8500,12.9500,13.1300,2516750,32819318.0000,1.221700,1,-1.370900,-496.331118,7.349811,19.319284,32.846715,0
2020-01-22,sz.002213,12.9000,13.1800,12.7100,13.0300,12.9500,2788300,36129311.0000,1.353500,1,0.617800,-499.397256,7.395215,19.438631,33.049629,0
2020-01-23,sz.002213,13.0100,13.0100,12.0100,12.2200,13.0300,4062700,50534630.0000,1.972200,1,-6.216400,-468.352607,6.935497,18.230243,30.995124,0
2020-02-03,sz.002213,11.0000,11.0000,11.0000,11.0000,12.2200,177900,1956900.0000,0.086400,1,-9.983600,-421.594000,6.243083,16.410203,27.900685,0
2020-02-04,sz.002213,9.9000,11.2400,9.9000,10.7200,11.0000,4965900,52879768.9900,2.410600,1,-2.545500,-410.862516,6.084168,15.992488,27.190485,0
2020-02-05,sz.002213,10.7200,11.6600,10.6000,11.0700,10.7200,2992458,33549372.9200,1.452600,1,3.264900,-424.276871,6.282812,16.514631,28.078234,0
2020-02-06,sz.002213,11.1100,11.2800,10.9100,11.1100,11.0700,2208459,24633019.8600,1.072100,1,0.361300,-425.809940,6.305514,16.574305,28.179691,0
2020-02-07,sz.002213,11.0800,11.2800,10.9000,11.0800,11.1100,2165601,23934243.0000,1.051300,1,-0.270000,-424.660138,6.288487,16.529550,28.103599,0
2020-02-10,sz.002213,11.0500,12.0600,11.0400,11.8700,11.0800,4724182,54487853.2400,2.293300,1,7.130000,-454.938253,6.736854,17.708101,30.107375,0
2020-02-11,sz.002213,11.6700,12.2200,11.6700,11.9000,11.8700,2698000,32299466.9800,1.309700,1,0.252700,-456.088055,6.753881,17.752856,30.183468,0
2020-02-12,sz.002213,12.0200,12.0800,11.7200,11.8800,11.9000,1798527,21304462.2200,0.873100,1,-0.168100,-455.321520,6.742529,17.723019,30.132739,0
2020-02-13,sz.002213,11.9300,12.1000,11.5400,11.6300,11.8800,2229100,26186083.0000,1.082100,1,-2.104400,-445.739838,6.600641,17.350060,29.498633,0
2020-02-14,sz.002213,11.6300,11.8300,11.5600,11.8000,11.6300,1463000,17092520.0000,0.710200,1,1.461700,-452.255382,6.697125,17.603672,29.929825,0
2020-02-17,sz.002213,11.7800,12.1900,11.7100,12.1300,11.8000,2684159,32334288.0800,1.303000,1,2.796600,-464.903202,6.884418,18.095978,30.766846,0
2020-02-18,sz.002213,12.1600,12.4400,12.0800,12.4200,12.1300,2314400,28431712.0000,1.123500,1,2.390800,-476.017953,7.049008,18.528611,31.502409,0
2020-02-19,sz.002213,12.3000,13.5000,12.3000,12.8800,12.4200,4117501,53468060.0600,1.998800,1,3.703700,-493.648247,7.310082,19.214856,32.669165,0
2020-02-20,sz.002213,12.7200,13.4900,12.7000,13.2200,12.8800,3756502,49685737.1900,1.823500,1,2.639800,-506.679335,7.503050,19.722080,33.531550,0
2020-02-21,sz.002213,13.1200,13.6800,13.1000,13.4100,13.2200,3841409,51502055.3300,1.864800,1,1.437200,-513.961413,7.610886,20.005529,34.013471,0
2020-02-24,sz.002213,13.2900,13.8000,13.1700,13.4700,13.4100,2684700,36125877.9900,1.303300,1,0.447400,-516.261016,7.644939,20.095039,34.165657,0
2020-02-25,sz.002213,13.1900,13.5100,12.8900,13.4400,13.4700,3829922,50819488.4200,1.859200,1,-0.222700,-515.111215,7.627912,20.050284,34.089564,0
2020-02-26,sz.002213,13.3500,13.9900,13.0000,13.7200,13.4400,4773300,65245665.0800,2.317100,1,2.083300,1725.332607,7.786827,14.964076,34.799763,0
2020-02-27,sz.002213,13.7800,14.7700,13.5900,14.7600,13.7200,5815983,83302657.6000,2.823300,1,7.580200,1856.115836,8.377082,16.098379,37.437646,0
2020-02-28,sz.002213,14.2400,14.5000,13.2800,13.4700,14.7600,6500977,90606496.7100,3.155800,1,-8.739800,1693.894330,7.644939,14.691407,34.165657,0
2020-03-02,sz.002213,13.1100,14.0500,13.1100,13.7900,13.4700,4449353,61406050.4600,2.159900,1,2.375600,1734.135324,7.826556,15.040424,34.977313,0
2020-03-03,sz.002213,13.8100,14.4500,13.5300,13.7400,13.7900,5050910,70346763.3000,2.451900,1,-0.362600,1727.847669,7.798178,14.985890,34.850491,0
2020-03-04,sz.002213,13.6100,14.0500,13.5000,13.9800,13.7400,2627032,36181320.7800,1.275300,1,1.746700,1758.028414,7.934391,15.247652,35.459234,0
2020-03-05,sz.002213,14.0900,15.3800,14.0900,15.3800,13.9800,7881044,117463290.9300,3.825700,1,10.014300,1934.082762,8.728965,16.774599,39.010230,0
2020-03-06,sz.002213,15.3000,15.6400,14.8500,15.2000,15.3800,5470722,82937817.2300,2.655700,1,-1.170400,1911.447203,8.626805,16.578277,38.553673,0
2020-03-09,sz.002213,15.0600,15.3300,14.2100,14.3800,15.2000,4175018,61574636.1000,2.026700,1,-5.394700,1808.329656,8.161412,15.683922,36.473804,0
2020-03-10,sz.002213,14.1800,15.3800,14.0500,15.1600,14.3800,4686333,69218302.4300,2.274900,1,5.424200,1906.417078,8.604103,16.534650,38.452216,0
2020-03-11,sz.002213,15.3600,15.5000,15.0100,15.0800,15.1600,2949845,44756189.6400,1.432000,1,-0.527700,1896.356830,8.558699,16.447396,38.249302,0
2020-03-12,sz.002213,15.0000,15.2000,14.6300,14.9000,15.0800,2912216,43302309.2400,1.413700,1,-1.193600,1873.721271,8.456539,16.251074,37.792746,0
2020-03-13,sz.002213,14.9000,15.0700,14.0200,14.8000,14.9000,3283834,48415074.7800,1.594100,1,-0.671100,1861.145960,8.399784,16.142006,37.539103,0
2020-03-16,sz.002213,14.7800,15.2500,14.1500,14.3000,14.8000,3011400,43934063.0000,1.461800,1,-3.378400,1798.269408,8.116008,15.596668,36.270890,0
2020-03-17,sz.002213,14.4100,14.5800,13.5600,14.3500,14.3000,3525201,50001479.8000,1.711300,1,0.349700,1804.557063,8.144385,15.651202,36.397711,0
2020-03-18,sz.002213,14.5400,15.3800,14.3500,14.5900,14.3500,4317302,64589531.9900,2.095800,1,1.672500,1834.737808,8.280598,15.912964,37.006453,0
2020-03-19,sz.002213,14.6300,14.9800,14.3800,14.9000,14.5900,2380500,34922221.0000,1.155600,1,2.124700,1873.721271,8.456539,16.251074,37.792746,0
2020-03-20,sz.002213,15.0900,15.3500,14.6100,14.8000,14.9000,2258539,33619246.3700,1.096400,1,-0.671100,1861.145960,8.399784,16.142006,37.539103,0
2020-03-23,sz.002213,14.5500,15.0500,14.3000,14.6300,14.8000,2303632,33742966.5000,1.118300,1,-1.148600,1839.767933,8.303300,15.956592,37.107911,0
2020-03-24,sz.002213,14.7000,15.0500,14.4600,14.7800,14.6300,2029801,29979740.9000,0.985300,1,1.025300,1858.630898,8.388433,16.120193,37.488374,0
2020-03-25,sz.002213,15.0600,15.1900,14.8100,14.9400,14.7800,2829200,42446897.0000,1.373400,1,1.082500,1878.751395,8.479242,16.294701,37.894203,0
2020-03-26,sz.002213,14.8600,15.8200,14.7000,15.2400,14.9400,3517439,53450670.0100,1.707500,1,2.008000,1916.477327,8.649507,16.621904,38.655130,0
2020-03-27,sz.002213,15.2500,15.3600,14.8500,14.9900,15.2400,2580300,38772609.0000,1.252600,1,-1.640400,1885.039050,8.507619,16.349235,38.021024,0
2020-03-30,sz.002213,14.9000,14.9600,14.3100,14.8800,14.9900,2314744,33905056.7100,1.123700,1,-0.733800,1871.206209,8.445188,16.229261,37.742017,0
2020-03-31,sz.002213,14.8600,15.1400,14.7600,15.0200,14.8800,1996767,29869380.6300,0.969300,1,0.940900,1888.811644,8.524646,16.381955,38.097117,0
2020-04-01,sz.002213,14.9400,15.3500,14.8600,15.1400,15.0200,3084570,46673899.5000,1.497400,1,0.798900,1903.902016,8.592752,16.512836,38.401488,0
2020-04-02,sz.002213,14.8000,15.6900,14.8000,15.6100,15.1400,3058037,46788127.0900,1.484500,1,3.104400,1963.005976,8.859502,17.025454,39.593608,0
2020-04-03,sz.002213,15.7100,16.9900,15.6100,16.6200,15.6100,5404535,88268441.2100,2.623600,1,6.470200,2090.016612,9.432731,18.127037,42.155398,0
2020-04-07,sz.002213,16.8300,17.4700,16.5300,17.1800,16.6200,5981000,102097997.6000,2.903400,1,3.369400,2160.438351,9.750560,18.737816,43.575797,0
2020-04-08,sz.002213,16.8700,17.2600,16.6900,17.0800,17.1800,2935027,49734087.9700,1.424800,1,-0.582100,2147.863041,9.693805,18.628748,43.322154,0
2020-04-09,sz.002213,17.1700,17.3300,16.8900,17.2100,17.0800,1973403,33825655.8900,0.958000,1,0.761100,2164.210945,9.767587,18.770536,43.651889,0
2020-04-10,sz.002213,17.4200,17.4200,16.8900,16.9600,17.2100,1823703,31154362.3000,0.885300,1,-1.452600,2132.772668,9.625699,18.497867,43.017783,0
2020-04-13,sz.002213,17.0000,17.0000,16.5300,16.7000,16.9600,2320903,38849357.4300,1.126700,1,-1.533000,2100.076861,9.478135,18.214291,42.358312,0
2020-04-14,sz.002213,16.7600,16.8500,16.6200,16.7900,16.7000,1826100,30568301.0000,0.886500,1,0.538900,2111.394640,9.529215,18.312452,42.586590,0
2020-04-15,sz.002213,16.4500,16.8600,16.4500,16.6800,16.7900,1814002,30225590.0400,0.880600,1,-0.655200,2097.561799,9.466784,18.192478,42.307584,0
2020-04-16,sz.002213,16.3600,16.6400,16.3500,16.5400,16.6800,1481910,24405653.6000,0.719400,1,-0.839300,2079.956364,9.387326,18.039783,41.952484,0
2020-04-17,sz.002213,16.5300,17.8500,16.5300,17.6100,16.5400,3985030,69569949.2400,1.934500,1,6.469200,2214.512187,9.994608,19.206806,44.666460,0
2020-04-20,sz.002213,17.5200,18.5000,17.1100,18.3000,17.6100,3382107,61167402.8800,1.641800,1,3.918200,2301.281829,10.386220,19.959373,46.416593,0
2020-04-21,sz.002213,18.2800,18.6500,18.1000,18.5400,18.3000,2916081,53603582.4200,1.415600,1,1.311500,2331.462575,10.522432,20.221135,47.025336,0
2020-04-22,sz.002213,18.5200,18.5300,17.9800,18.0800,18.5400,2652189,48367115.1300,1.287500,1,-2.481100,2273.616146,10.261358,19.719424,45.858580,0
2020-04-23,sz.002213,18.3100,18.5900,17.8200,17.9800,18.0800,2004473,36308027.2200,0.973000,1,-0.553100,2261.040836,10.204603,19.610356,45.604937,0
2020-04-24,sz.002213,17.6700,18.2000,17.6700,17.9400,17.9800,1498100,26888420.0100,0.727200,1,-0.222500,774.133123,10.013271,16.399844,20.672115,0
2020-04-27,sz.002213,17.8700,18.1600,17.6700,17.7400,17.9400,1531700,27266628.0000,0.743600,1,-1.114800,765.502877,9.901640,16.217014,20.441657,0
2020-04-28,sz.002213,17.7600,17.8100,16.6500,17.3600,17.7400,2274502,39340653.9000,1.104100,1,-2.142000,749.105408,9.689542,15.869638,20.003786,0
2020-04-29,sz.002213,17.3100,17.7900,16.8800,17.7800,17.3600,2035150,35684230.0000,0.987900,1,2.419400,767.228926,9.923966,16.253580,20.487749,0
2020-04-30,sz.002213,17.7700,18.3700,17.6100,18.3000,17.7800,2019959,36691546.9800,0.980600,1,2.924600,789.667567,10.214206,16.728938,21.086940,0
2020-05-06,sz.002213,18.0000,18.3800,17.8500,18.3000,18.3000,1706929,30972966.0900,0.828600,1,0.000000,789.667567,10.214206,16.728938,21.086940,0
2020-05-07,sz.002213,18.2100,18.6000,17.9500,18.1300,18.3000,2113421,38372191.7900,1.025900,1,-0.929000,782.331857,10.119320,16.573533,20.891051,0
2020-05-08,sz.002213,18.0800,18.0800,17.6600,17.8500,18.1300,2239555,39866041.5500,1.087200,1,-1.544400,770.249512,9.963037,16.317571,20.568409,0
2020-05-11,sz.002213,17.8500,18.2200,17.5000,17.6000,17.8500,1299300,23037759.0000,0.630700,1,-1.400600,759.461704,9.823498,16.089033,20.280336,0
2020-05-12,sz.002213,17.6000,18.1500,17.5000,18.1200,17.6000,1837759,32943840.7200,0.892100,1,2.954500,781.900345,10.113738,16.564391,20.879528,0
2020-05-13,sz.002213,17.8500,18.1700,17.7000,17.7800,18.1200,1551876,27701457.7700,0.753300,1,-1.876400,767.228926,9.923966,16.253580,20.487749,0
2020-05-14,sz.002213,17.6600,17.8600,16.7800,17.0000,17.7800,3152488,54301927.0600,1.530400,1,-4.387000,733.570964,9.488606,15.540544,19.588961,0
2020-05-15,sz.002213,17.1100,17.1100,16.3000,16.5600,17.0000,3121864,51779756.0800,1.515500,1,-2.588200,714.584421,9.243019,15.138318,19.081953,0
2020-05-18,sz.002213,16.3700,16.8100,16.0700,16.1800,16.5600,2141802,35208475.2000,1.039700,1,-2.294700,698.186953,9.030921,14.790941,18.644082,0
2020-05-19,sz.002213,16.1800,16.9600,16.1800,16.8000,16.1800,2608004,43348322.8400,1.266000,1,3.831900,724.940717,9.376976,15.357714,19.358503,0
2020-05-20,sz.002213,16.8300,17.5500,16.8300,16.8600,16.8000,2962800,50859432.2500,1.438300,1,0.357200,727.529791,9.410465,15.412563,19.427640,0
2020-05-21,sz.002213,17.0900,17.2900,16.7500,17.2000,16.8600,1463600,24969732.0000,0.710500,1,2.016600,742.201211,9.600237,15.723374,19.819419,0
2020-05-22,sz.002213,17.1800,17.2900,16.3800,16.5200,17.2000,1694500,28459488.0000,0.822600,1,-3.953500,712.858372,9.220693,15.101752,19.035861,0
2020-05-25,sz.002213,16.3500,16.8200,16.2600,16.6800,16.5200,1765005,29177280.1200,0.856800,1,0.968500,719.762569,9.309997,15.248016,19.220228,0
2020-05-26,sz.002213,16.5700,17.5500,16.5100,17.4500,16.6800,2842900,49087428.9600,1.380100,1,4.616300,752.989019,9.739775,15.951911,20.107492,0
2020-05-27,sz.002213,17.5100,18.0000,17.3200,17.6800,17.4500,2774500,49004664.8800,1.346900,1,1.318000,762.913803,9.868151,16.162165,20.372519,0
2020-05-28,sz.002213,17.6700,17.8600,17.0000,17.3200,17.6800,1879200,32593019.9800,0.912200,1,-2.036200,747.379359,9.667215,15.833072,19.957694,0
2020-05-29,sz.002213,17.2300,17.5500,17.0000,17.2500,17.3200,2282000,39278095.0000,1.107800,1,-0.404200,744.358772,9.628145,15.769081,19.877034,0
2020-06-01,sz.002213,17.2500,17.5000,17.2100,17.4000,17.2500,2401568,41637777.1600,1.165800,1,0.869600,750.831457,9.711868,15.906204,20.049878,0
2020-06-02,sz.002213,17.2500,18.6800,17.2500,18.3300,17.4000,5847072,106672832.8800,2.838400,1,5.344800,790.962104,10.230950,16.756363,21.121509,0
2020-06-03,sz.002213,18.3200,18.5200,18.1500,18.3100,18.3300,4131501,75765442.4100,2.005600,1,-0.109100,790.099079,10.219787,16.738080,21.098463,0
2020-06-04,sz.002213,18.4600,20.1000,18.4600,19.9100,18.3100,7451913,143704031.6700,3.617500,1,8.738400,859.141053,11.112833,18.200719,22.942130,0
2020-06-05,sz.002213,19.9100,19.9500,17.9200,17.9200,19.9100,8801577,160648177.9700,4.272700,1,-9.995000,773.270098,10.002107,16.381561,20.649070,0
2020-06-08,sz.002213,17.6000,17.8800,16.4300,17.1900,17.9200,7243173,122634314.5600,3.516100,1,-4.073700,741.769698,9.594656,15.714232,19.807896,0
2020-06-09,sz.002213,17.0000,17.5400,16.7100,16.9900,17.1900,2861001,48487567.8900,1.388900,1,-1.163500,733.139452,9.483025,15.531402,19.577438,0
2020-06-10,sz.002213,16.9900,17.1000,16.4400,16.7300,16.9900,2365501,39378377.6100,1.148300,1,-1.530300,721.920131,9.337905,15.293723,19.277842,0
2020-06-11,sz.002213,16.7800,17.0600,16.6200,16.8800,16.7300,2081184,35023046.3200,1.010300,1,0.896600,728.392816,9.421628,15.430846,19.450686,0
2020-06-12,sz.002213,16.7100,16.8500,16.2300,16.6600,16.8800,2467700,40946869.0000,1.197900,1,-1.303300,718.899545,9.298834,15.229733,19.197182,0
2020-06-15,sz.002213,16.6300,16.8100,16.1500,16.1500,16.6600,2917501,47763875.3800,1.416300,1,-3.061200,696.892416,9.014176,14.763516,18.609513,0
2020-06-16,sz.002213,16.1200,16.3600,16.0800,16.1700,16.1500,2427095,39272234.8900,1.178200,1,0.123800,697.755440,9.025339,14.781799,18.632559,0
2020-06-17,sz.002213,16.1800,16.4700,15.3000,16.3500,16.1700,5223495,83009134.2500,2.535700,1,1.113200,705.522662,9.125807,14.946346,18.839971,0
2020-06-18,sz.002213,16.3000,16.8000,16.1500,16.7000,16.3500,3477897,57807725.9500,1.688300,1,2.140700,720.625594,9.321160,15.266299,19.243273,0
2020-06-19,sz.002213,16.6500,17.1600,16.5000,17.0300,16.7000,2598922,43947237.4200,1.261600,1,1.976000,734.865501,9.505351,15.567968,19.623530,0
2020-06-22,sz.002213,17.0300,17.4500,17.0000,17.1900,17.0300,2519822,43518614.3000,1.223200,1,0.939500,741.769698,9.594656,15.714232,19.807896,0
2020-06-23,sz.002213,17.3300,17.4600,17.0000,17.0500,17.1900,1549600,26594700.0000,0.752200,1,-0.814400,735.728526,9.516514,15.586251,19.646576,0
2020-06-24,sz.002213,17.1700,17.6800,17.0700,17.6800,17.0500,2852601,49848867.3900,1.384800,1,3.695000,762.913803,9.868151,16.162165,20.372519,0
2020-06-29,sz.002213,17.5900,18.1700,17.5000,18.0800,17.6800,2697200,48371305.0000,1.309300,1,2.262400,780.174296,10.091412,16.527825,20.833436,0
2020-06-30,sz.002213,18.0700,18.2000,17.8700,17.9500,18.0800,1746020,31384424.6000,0.847600,1,-0.719000,774.564635,10.018852,16.408986,20.683638,0
2020-07-01,sz.002213,17.9500,18.1500,17.6000,17.7600,17.9500,1715802,30487452.6100,0.832900,1,-1.058500,766.365901,9.912803,16.235297,20.464703,0
2020-07-02,sz.002213,17.7800,17.9600,17.3900,17.9100,17.7600,2332610,41411950.9000,1.132300,1,0.844600,772.838586,9.996526,16.372420,20.637547,0
2020-07-03,sz.002213,17.8900,18.0400,17.6700,17.7800,17.9100,1708401,30409380.8000,0.829300,1,-0.725800,767.228926,9.923966,16.253580,20.487749,0
2020-07-06,sz.002213,17.7100,18.0000,17.5500,17.8000,17.7800,3930701,69762043.8600,1.908100,1,0.112500,768.091951,9.935129,16.271863,20.510794,0
2020-07-07,sz.002213,18.0200,18.4900,17.7100,18.3700,17.8000,3962102,72101099.3700,1.923400,1,3.202300,792.688153,10.253276,16.792929,21.167601,0
2020-07-08,sz.002213,18.4900,18.4900,17.9300,18.2000,18.3700,3545905,64298944.0100,1.721300,1,-0.925400,785.352444,10.158390,16.637523,20.971711,0
2020-07-09,sz.002213,18.4000,18.9200,18.0500,18.9000,18.2000,6218026,115502803.7000,3.018500,1,3.846100,815.558307,10.549098,17.277428,21.778316,0
2020-07-10,sz.002213,18.8900,19.9100,18.6500,19.1000,18.9000,6642990,128256966.0600,3.224800,1,1.058200,824.188554,10.660728,17.460258,22.008774,0
2020-07-13,sz.002213,19.2800,19.7800,19.2800,19.4000,19.1000,5913599,115406931.7900,2.870700,1,1.570700,837.133924,10.828174,17.734503,22.354461,0
2020-07-14,sz.002213,19.6100,19.6100,18.6500,18.9900,19.4000,4752973,90344008.8400,2.307300,1,-2.113400,819.441918,10.599332,17.359701,21.882022,0
2020-07-15,sz.002213,19.3600,19.3600,17.4000,17.8000,18.9900,5096804,92495779.2100,2.474200,1,-6.266500,768.091951,9.935129,16.271863,20.510794,0
2020-07-16,sz.002213,17.8000,18.1900,16.7000,17.3000,17.8000,3677076,63594702.6200,1.785000,1,-2.809000,746.516334,9.656052,15.814789,19.934649,0
2020-07-17,sz.002213,17.1300,17.5000,16.8500,16.9900,17.3000,2046005,34925377.1700,0.993200,1,-1.791900,733.139452,9.483025,15.531402,19.577438,0
2020-07-20,sz.002213,17.0000,18.1000,17.0000,17.9900,16.9900,2734497,48089343.9100,1.327400,1,5.885800,776.290685,10.041178,16.445552,20.729730,0
2020-07-21,sz.002213,17.9900,18.4300,17.7400,18.1000,17.9900,2157489,39002266.1600,1.047300,1,0.611500,781.037320,10.102575,16.546108,20.856482,0
2020-07-22,sz.002213,18.0800,18.3500,17.7500,17.8400,18.1000,1661302,29821496.0200,0.806500,1,-1.436500,769.818000,9.957455,16.308429,20.556886,0
2020-07-23,sz.002213,17.6900,19.0000,17.2400,18.7300,17.8400,4772252,86499195.4000,2.316700,1,4.988800,808.222597,10.454212,17.122023,21.582426,0
2020-07-24,sz.002213,18.7200,18.8600,17.0100,17.1800,18.7300,3415362,61035236.5200,1.658000,1,-8.275500,741.338186,9.589074,15.705091,19.796374,0
2020-07-27,sz.002213,17.0200,17.4000,16.6600,16.8400,17.1800,2871677,48646137.5800,1.394000,1,-1.979000,726.666767,9.399302,15.394280,19.404594,0
2020-07-28,sz.002213,16.8400,17.9300,16.8400,17.4200,16.8400,2607376,45474386.4200,1.265700,1,3.444200,751.694482,9.723031,15.924487,20.072924,0
2020-07-29,sz.002213,17.3100,17.5000,16.8700,17.3000,17.4200,2560700,43977317.0000,1.243100,1,-0.688900,746.516334,9.656052,15.814789,19.934649,0
2020-07-30,sz.002213,17.3000,17.4800,16.7400,16.8600,17.3000,2976239,50565054.7600,1.444800,1,-2.543400,727.529791,9.410465,15.412563,19.427640,0
2020-07-31,sz.002213,16.8900,17.0200,16.5100,16.9000,16.8600,1868601,31452204.8800,0.907100,1,0.237200,729.255841,9.432791,15.449129,19.473732,0
2020-08-03,sz.002213,17.0600,17.7700,17.0600,17.2000,16.9000,3668152,63646572.0400,1.780700,1,1.775100,742.201211,9.600237,15.723374,19.819419,0
2020-08-04,sz.002213,17.2300,17.3800,16.7000,16.8700,17.2000,3156461,53285700.1800,1.532300,1,-1.918600,727.961304,9.416047,15.421704,19.439163,0
2020-08-05,sz.002213,16.9100,16.9500,16.6400,16.9000,16.8700,1938352,32521600.5200,0.941000,1,0.177800,729.255841,9.432791,15.449129,19.473732,0
2020-08-06,sz.002213,16.8600,17.0600,16.6700,16.7000,16.9000,1626100,27263419.0000,0.789400,1,-1.183400,720.625594,9.321160,15.266299,19.243273,0
2020-08-07,sz.002213,16.6400,16.7200,16.1800,16.4300,16.7000,2065900,33848137.0000,1.002900,1,-1.616800,708.974761,9.170459,15.019478,18.932155,0
2020-08-10,sz.002213,16.4000,16.9000,16.4000,16.6400,16.4300,1911474,31837866.3600,0.927900,1,1.278100,718.036520,9.287671,15.211450,19.174136,0
2020-08-11,sz.002213,16.6300,16.7200,16.2000,16.2600,16.6400,2013300,33096199.0000,0.977300,1,-2.283700,701.639051,9.075573,14.864073,18.736265,0
2020-08-12,sz.002213,16.3000,16.4000,15.6100,16.1100,16.2600,2083802,33126386.7500,1.011600,1,-0.922500,695.166366,8.991850,14.726950,18.563421,0
2020-08-13,sz.002213,16.1600,16.7600,16.0600,16.7100,16.1100,2808074,45894991.4600,1.363200,1,3.724400,721.057106,9.326742,15.275440,19.254796,0
2020-08-14,sz.002213,16.5500,17.0800,16.4000,16.7500,16.7100,2350675,39073355.3700,1.141100,1,0.239400,722.783156,9.349068,15.312006,19.300888,0
2020-08-17,sz.002213,16.7000,16.7700,16.5100,16.7100,16.7500,1396502,23262871.3400,0.677900,1,-0.238800,721.057106,9.326742,15.275440,19.254796,0
2020-08-18,sz.002213,16.7500,16.8500,16.5100,16.5800,16.7100,1426100,23697704.0000,0.692300,1,-0.778000,715.447446,9.254182,15.156601,19.104998,0
2020-08-19,sz.002213,16.5700,16.7000,16.2200,16.2200,16.5800,2010100,33166875.0000,0.975800,1,-2.171300,699.913002,9.053247,14.827507,18.690173,0
2020-08-20,sz.002213,16.2900,16.6500,15.6500,16.5000,16.2200,1733808,28245203.3600,0.841700,1,1.726300,711.995347,9.209530,15.083469,19.012815,0
2020-08-21,sz.002213,16.5100,16.9800,16.5000,16.8600,16.5000,1914602,32072408.6000,0.929400,1,2.181800,727.529791,9.410465,15.412563,19.427640,0
2020-08-24,sz.002213,16.8600,16.8600,16.3500,16.4200,16.8600,1678053,27729023.0800,0.814600,1,-2.609700,708.543249,9.164878,15.010337,18.920632,0
2020-08-25,sz.002213,16.3900,17.5200,16.3100,17.5200,16.4200,4493214,76732615.0500,2.181300,1,6.699100,756.009605,9.778846,16.015901,20.188153,0
2020-08-26,sz.002213,17.4900,18.1800,17.1500,17.9900,17.5200,7043131,125350656.7800,3.419200,1,2.682600,493.225251,10.039377,15.019262,-69.376356,0
2020-08-27,sz.002213,17.9800,18.5000,17.7000,17.7300,17.9900,4045100,72961425.9400,1.963700,1,-1.445200,486.096926,9.894283,14.802197,-68.373696,0
2020-08-28,sz.002213,17.8000,18.4900,17.8000,18.0000,17.7300,3144381,57029414.3300,1.526500,1,1.522800,493.499417,10.044957,15.027611,-69.414920,0
2020-08-31,sz.002213,17.9600,18.1000,17.5900,17.7400,18.0000,2364401,42040271.7000,1.147800,1,-1.444400,486.371092,9.899863,14.810545,-68.412260,0
2020-09-01,sz.002213,17.6000,18.0000,17.3900,17.9400,17.7400,1801207,31890691.7800,0.874400,1,1.127400,491.854419,10.011474,14.977519,-69.183537,0
2020-09-02,sz.002213,17.8000,18.1700,17.6900,17.7100,17.9400,1736107,31034306.0200,0.842800,1,-1.282100,485.548593,9.883122,14.785499,-68.296568,0
2020-09-03,sz.002213,17.8500,18.2600,17.4200,17.6000,17.7100,2516900,44895662.0000,1.221900,1,-0.621100,482.532763,9.821736,14.693664,-67.872366,0
2020-09-04,sz.002213,17.4000,17.9700,17.0200,17.4900,17.6000,1273400,22230956.0900,0.618200,1,-0.625000,479.516933,9.760350,14.601828,-67.448164,0
2020-09-07,sz.002213,17.5000,17.6600,17.0000,17.0700,17.4900,1571400,27147147.0000,0.762900,1,-2.401400,468.001947,9.525968,14.251184,-65.828482,0
2020-09-08,sz.002213,17.0200,17.2200,16.6700,16.8000,17.0700,1954469,32941351.5600,0.948800,1,-1.581700,460.599456,9.375293,14.025770,-64.787258,0
2020-09-09,sz.002213,16.6900,16.6900,16.0400,16.2300,16.8000,2033807,33157599.4000,0.987300,1,-3.392900,444.971974,9.057203,13.549896,-62.589119,0
2020-09-10,sz.002213,16.2300,16.5000,15.8000,15.8000,16.2300,1777260,28517483.8000,0.862800,1,-2.649400,433.182821,8.817240,13.190903,-60.930874,0
2020-09-11,sz.002213,15.8000,16.3500,15.6300,16.1400,15.8000,1082801,17357251.8600,0.525700,1,2.151900,442.504477,9.006978,13.474758,-62.242045,0
2020-09-14,sz.002213,16.1400,16.5100,16.0100,16.4000,16.1400,991101,16144282.1800,0.481100,1,1.610900,449.632802,9.152072,13.691823,-63.244704,0
2020-09-15,sz.002213,16.1900,16.4200,16.0700,16.1000,16.4000,881500,14280011.0000,0.427900,1,-1.829300,441.407812,8.984656,13.441363,-62.087789,0
2020-09-16,sz.002213,16.0600,16.1900,15.8200,15.9000,16.1000,880557,14022695.7900,0.427500,1,-1.242200,435.924485,8.873045,13.274389,-61.316512,0
2020-09-17,sz.002213,15.9800,16.2000,15.7100,16.1000,15.9000,642900,10248215.0000,0.312100,1,1.257900,441.407812,8.984656,13.441363,-62.087789,0
2020-09-18,sz.002213,16.0500,16.3900,15.9500,16.3400,16.1000,727910,11804410.5000,0.353400,1,1.490700,447.987804,9.118589,13.641731,-63.013321,0
2020-09-21,sz.002213,16.3400,16.5000,15.8800,15.8800,16.3400,1002000,16136900.0000,0.486400,1,-2.815200,435.376152,8.861884,13.257692,-61.239385,0
2020-09-22,sz.002213,15.6800,16.1300,15.6800,15.9000,15.8800,667100,10590357.0000,0.323800,1,0.125900,435.924485,8.873045,13.274389,-61.316512,0
2020-09-23,sz.002213,15.7200,16.1300,15.7200,15.8100,15.9000,702300,11154005.0000,0.340900,1,-0.566000,433.456988,8.822821,13.199251,-60.969438,0
2020-09-24,sz.002213,15.7700,15.7800,15.2800,15.3500,15.8100,1294500,19989736.0000,0.628400,1,-2.909600,420.845336,8.566116,12.815212,-59.195501,0
2020-09-25,sz.002213,15.3500,15.8300,15.3200,15.4500,15.3500,1073500,16643212.0000,0.521100,1,0.651500,423.586999,8.621921,12.898699,-59.581139,0
2020-09-28,sz.002213,15.3100,15.6000,15.2100,15.3100,15.4500,685476,10526250.9200,0.332800,1,-0.906100,419.748671,8.543794,12.781818,-59.041245,0
2020-09-29,sz.002213,15.2800,15.4900,15.1800,15.3100,15.3100,522500,8008609.0000,0.253700,1,0.000000,419.748671,8.543794,12.781818,-59.041245,0
2020-09-30,sz.002213,15.2600,15.5000,15.1700,15.5000,15.3100,804060,12303672.8000,0.390300,1,1.241000,424.957831,8.649824,12.940443,-59.773959,0
2020-10-09,sz.002213,15.4900,16.3900,15.4900,16.1700,15.5000,1425200,22776970.0000,0.691900,1,4.322600,443.326976,9.023720,13.499804,-62.357736,0
2020-10-12,sz.002213,16.2300,16.6500,16.2300,16.4800,16.1700,1558265,25632862.4300,0.756500,1,1.917100,451.826133,9.196716,13.758612,-63.553215,0
2020-10-13,sz.002213,16.4600,16.8000,16.2500,16.7200,16.4800,1885526,31185192.7400,0.915300,1,1.456300,458.406125,9.330649,13.958981,-64.478747,0
2020-10-14,sz.002213,16.7100,17.4700,16.7100,16.9900,16.7200,1729861,29516104.2600,0.839800,1,1.614800,465.808616,9.481323,14.184395,-65.519971,0
2020-10-15,sz.002213,17.1600,17.2800,16.7100,16.7500,16.9900,1141650,19353078.0000,0.554200,1,-1.412600,459.228624,9.347391,13.984027,-64.594439,0
2020-10-16,sz.002213,16.6000,16.8700,16.5100,16.6400,16.7500,1169539,19494069.3500,0.567800,1,-0.656700,456.212794,9.286005,13.892191,-64.170237,0
2020-10-19,sz.002213,16.5900,16.9000,16.3400,16.3800,16.6400,944500,15706265.0000,0.458500,1,-1.562500,449.084469,9.140911,13.675126,-63.167577,0
2020-10-20,sz.002213,16.0900,17.3000,16.0900,16.5100,16.3800,1121800,18399056.2800,0.544600,1,0.793700,452.648632,9.213458,13.783658,-63.668907,0
2020-10-21,sz.002213,16.3400,16.5400,16.0600,16.1000,16.5100,762326,12363454.7200,0.370100,1,-2.483300,441.407812,8.984656,13.441363,-62.087789,0
2020-10-22,sz.002213,16.0600,16.4700,16.0100,16.2200,16.1000,662601,10741748.2600,0.321700,1,0.745300,444.697808,9.051622,13.541547,-62.550555,0
2020-10-23,sz.002213,16.2000,16.7000,15.9400,16.0500,16.2200,1068600,17352415.4600,0.518800,1,-1.048100,440.036980,8.956753,13.399620,-61.894970,0
2020-10-26,sz.002213,15.9500,16.3500,15.9500,16.1700,16.0500,954822,15425598.0800,0.463500,1,0.747700,443.326976,9.023720,13.499804,-62.357736,0
2020-10-27,sz.002213,16.1400,16.4300,16.0000,16.1800,16.1700,811500,13103937.0000,0.394000,1,0.061800,443.601142,9.029300,13.508152,-62.396300,0
2020-10-28,sz.002213,16.0500,16.5800,16.0300,16.3200,16.1800,1883700,30490301.0000,0.914500,1,0.865300,405.389863,9.055561,10.015969,-183.295042,0
2020-10-29,sz.002213,16.0000,16.5400,15.7600,16.4100,16.3200,1251403,20396619.5000,0.607500,1,0.551500,407.625469,9.105499,10.071204,-184.305860,0
2020-10-30,sz.002213,16.4000,16.6500,16.0500,16.1700,16.4100,1678300,27447664.0000,0.814700,1,-1.462500,401.663854,8.972329,9.923910,-181.610345,0
2020-11-02,sz.002213,16.1200,16.3400,15.8300,16.1000,16.1700,1680200,26919258.0000,0.815700,1,-0.432900,399.925049,8.933488,9.880949,-180.824153,0
2020-11-03,sz.002213,16.0500,16.2400,15.7100,15.7200,16.1000,1256926,19966089.7200,0.610200,1,-2.360200,390.485824,8.722636,9.647734,-176.556254,0
2020-11-04,sz.002213,15.7200,15.9500,15.3000,15.4800,15.7200,1175300,18281059.0000,0.570600,1,-1.526700,384.524209,8.589466,9.500441,-173.860738,0
2020-11-05,sz.002213,15.4100,16.1400,15.3300,16.1400,15.4800,1815922,28529339.1900,0.881600,1,4.263600,400.918652,8.955683,9.905498,-181.273406,0
2020-11-06,sz.002213,16.1100,16.4500,15.3800,15.6000,16.1400,1915201,29929170.4500,0.929800,1,-3.345700,387.505017,8.656051,9.574088,-175.208496,0
2020-11-09,sz.002213,15.4600,15.9900,15.4600,15.6500,15.6000,1227000,19225924.0000,0.595700,1,0.320500,388.747020,8.683794,9.604774,-175.770062,0
2020-11-10,sz.002213,15.6000,15.6600,15.2000,15.4600,15.6500,1311900,20226259.0000,0.636900,1,-1.214100,384.027407,8.578368,9.488166,-173.636112,0
2020-11-11,sz.002213,15.5000,15.6000,15.3000,15.5000,15.4600,744900,11495724.0000,0.361600,1,0.258700,385.021010,8.600563,9.512715,-174.085365,0
2020-11-12,sz.002213,15.3700,15.4700,15.1600,15.1700,15.5000,678451,10374790.8300,0.329400,1,-2.129000,376.823788,8.417454,9.310186,-170.379031,0
2020-11-13,sz.002213,15.1600,15.4000,15.0200,15.3100,15.1700,844300,12844964.0000,0.409900,1,0.922900,380.301398,8.495137,9.396108,-171.951415,0
2020-11-16,sz.002213,15.1200,15.3200,15.0600,15.2500,15.3100,733210,11128102.5000,0.355900,1,-0.391900,378.810994,8.461844,9.359284,-171.277536,0
2020-11-17,sz.002213,15.1900,15.4900,15.1400,15.2800,15.2500,1065400,16289676.0000,0.517200,1,0.196700,379.556196,8.478491,9.377696,-171.614476,0
2020-11-18,sz.002213,15.2100,15.5500,15.0500,15.4700,15.2800,753500,11584858.0000,0.365800,1,1.243500,384.275808,8.583917,9.494304,-173.748425,0
2020-11-19,sz.002213,15.4100,15.7500,15.3800,15.7000,15.4700,928100,14467803.0000,0.450600,1,1.486700,389.989023,8.711538,9.635460,-176.331628,0
2020-11-20,sz.002213,15.6500,16.6000,15.6500,16.5500,15.7000,3049400,49573608.0000,1.480400,1,5.414000,411.103078,9.183182,10.157125,-185.878244,0
2020-11-23,sz.002213,16.7300,17.0300,16.6500,16.7300,16.5500,2665900,44835076.0000,1.294200,1,1.087600,415.574290,9.283059,10.267595,-187.899881,0
2020-11-24,sz.002213,16.9300,16.9300,16.2100,16.3100,16.7300,2044201,33801002.4500,0.992400,1,-2.510500,422.308481,9.073048,10.009831,41.369106,0
2020-11-25,sz.002213,16.4000,16.4000,15.8600,15.8800,16.3100,1604101,25797645.8900,0.778700,1,-2.636400,411.174658,8.833845,9.745930,40.278443,0
2020-11-26,sz.002213,15.8000,16.0700,15.4200,15.5500,15.8800,1158800,18108106.0000,0.562600,1,-2.078100,402.630096,8.650270,9.543401,39.441422,0
2020-11-27,sz.002213,15.4100,15.6600,15.2900,15.6300,15.5500,1010526,15614668.5400,0.490600,1,0.514500,404.701505,8.694773,9.592499,39.644336,0
2020-11-30,sz.002213,15.5500,15.8700,15.4500,15.6300,15.6300,1333001,20795476.5400,0.647100,1,0.000000,404.701505,8.694773,9.592499,39.644336,0
2020-12-01,sz.002213,15.5000,15.8900,15.3500,15.8300,15.6300,961676,15053752.5200,0.466900,1,1.279600,409.880027,8.806030,9.715244,40.151622,0
2020-12-02,sz.002213,15.8200,16.5500,15.7400,16.4600,15.8300,2055800,33390233.9800,0.998000,1,3.979800,426.192372,9.156492,10.101890,41.749570,0
2020-12-03,sz.002213,16.4600,16.7500,16.1500,16.3900,16.4600,1750501,28637982.3300,0.849800,1,-0.425300,424.379889,9.117551,10.058929,-184.081234,0
2020-12-04,sz.002213,16.3600,16.7000,16.1600,16.4800,16.3900,1023974,16898159.8500,0.497100,1,0.549100,426.710224,9.167617,10.114164,-185.092052,0
2020-12-07,sz.002213,16.4000,16.6900,16.2100,16.3100,16.4800,1369401,22475605.3600,0.664800,1,-1.031600,422.308481,9.073048,10.009831,-183.182729,0
2020-12-08,sz.002213,16.2700,16.7500,16.2000,16.5100,16.3100,1383900,22836287.3500,0.671800,1,1.226200,427.487003,9.184306,10.132576,-185.428992,0
2020-12-09,sz.002213,16.4000,16.8400,16.2700,16.3300,16.5100,1343910,22144562.5000,0.652400,1,-1.090200,422.826333,9.084174,10.022106,-183.407355,0
2020-12-10,sz.002213,16.2700,16.4800,16.1200,16.3200,16.3300,1283400,20859417.0000,0.623000,1,-0.061200,422.567407,9.078611,10.015969,-183.295042,0
2020-12-11,sz.002213,16.2600,16.3300,15.7900,16.0300,16.3200,1329856,21260999.1000,0.645600,1,-1.777000,415.058550,8.917288,9.837989,-180.037961,0
2020-12-14,sz.002213,15.8700,16.2700,15.8500,16.0100,16.0300,1034800,16600787.0000,0.502400,1,-0.124800,414.540697,8.906162,9.825714,-179.813335,0
2020-12-15,sz.002213,16.3000,16.8500,15.9900,16.0300,16.0100,2633715,43175243.5300,1.278600,1,0.124900,415.058550,8.917288,9.837989,-180.037961,0
2020-12-16,sz.002213,15.9800,16.1500,15.7000,15.7000,16.0300,1216200,19248814.0000,0.590400,1,-2.058600,406.513988,8.733713,9.635460,-176.331628,0
2020-12-17,sz.002213,15.7000,16.2500,15.7000,16.1900,15.7000,1418000,22783593.0000,0.688400,1,3.121000,419.201367,9.006294,9.936185,-181.834971,0
2020-12-18,sz.002213,16.1100,16.4500,14.7100,15.4500,16.1900,4650111,71270235.8000,2.257400,1,-4.570700,400.040835,8.594641,9.482029,-173.523799,0
2020-12-21,sz.002213,15.3200,16.0000,14.8500,15.9100,15.4500,2821401,44288719.9100,1.369700,1,2.977300,411.951436,8.850533,9.764342,-178.690203,0
2020-12-22,sz.002213,15.8700,15.8700,15.1900,15.2200,15.9100,1711500,26490853.0000,0.830900,1,-4.336900,394.085535,8.466695,9.340873,-170.940597,0
2020-12-23,sz.002213,15.0100,15.4000,14.8800,14.9600,15.2200,1361800,20492124.0000,0.661100,1,-1.708300,387.353456,8.322060,9.181305,-168.020455,0
2020-12-24,sz.002213,14.8900,15.0500,14.2800,14.2800,14.9600,1804852,26351618.4800,0.876200,1,-4.545500,369.746481,7.943785,8.763972,-160.383162,0
2020-12-25,sz.002213,14.0000,14.4900,13.8900,14.3600,14.2800,1450152,20645614.9200,0.704000,1,0.560200,371.817890,7.988288,8.813070,-161.281667,0
2020-12-28,sz.002213,14.3200,14.7500,14.1800,14.3900,14.3600,1337900,19293088.0000,0.649500,1,0.208900,372.594668,8.004976,8.831482,-161.618606,0
2020-12-29,sz.002213,14.3000,14.5500,13.9100,14.0200,14.3900,1424400,20187448.0000,0.691500,1,-2.571200,363.014402,7.799150,8.604404,-157.463020,0
2020-12-30,sz.002213,13.9800,14.2300,13.4900,13.7900,14.0200,1515652,20906513.0000,0.735800,1,-1.640500,357.059102,7.671204,8.463248,-154.879818,0
2020-12-31,sz.002213,13.6500,13.8900,12.9500,12.9800,13.7900,4730781,62387127.0000,2.296600,1,-5.873800,336.086087,7.220611,7.966132,-145.782454,0
2021-01-04,sz.002213,13.0000,14.1000,13.0000,13.9700,12.9800,3347946,45537879.1600,1.625300,1,7.627100,361.719772,7.771336,8.573718,-156.901455,0
2021-01-05,sz.002213,13.9000,13.9100,13.3600,13.4700,13.9700,2073610,28185477.5000,1.006700,1,-3.579100,348.773466,7.493192,8.266856,-151.285798,0
2021-01-06,sz.002213,13.4700,13.6300,12.8600,13.0800,13.4700,3026023,39656583.6500,1.469000,1,-2.895300,338.675348,7.276240,8.027504,-146.905585,0
2021-01-07,sz.002213,12.6400,13.1000,12.3900,12.5600,13.0800,2902645,36661909.0000,1.409100,1,-3.975500,325.211190,6.986970,7.708368,-141.065302,0
2021-01-08,sz.002213,12.0100,12.7000,11.8300,12.0600,12.5600,3061946,37331041.6200,1.486400,1,-3.980900,312.264885,6.708827,7.401506,-135.449645,0
2021-01-11,sz.002213,12.0600,12.3500,11.9300,12.1200,12.0600,1985800,24092905.0000,0.964000,1,0.497500,313.818442,6.742204,7.438330,-136.123524,0
2021-01-12,sz.002213,12.1000,12.8600,11.8200,12.4200,12.1200,1964710,24474459.5000,0.953800,1,2.475200,321.586225,6.909090,7.622447,-139.492918,0
2021-01-13,sz.002213,12.4000,12.4500,11.6800,12.1500,12.4200,1483300,17933093.0000,0.720100,1,-2.173900,314.595220,6.758893,7.456741,-136.460463,0
2021-01-14,sz.002213,12.0500,12.6500,12.0000,12.4000,12.1500,1268700,15613170.4300,0.615900,1,2.057600,321.068373,6.897964,7.610172,-139.268292,0
2021-01-15,sz.002213,12.4000,13.0500,12.1500,12.9900,12.4000,2125701,27149290.7900,1.031900,1,4.758100,336.345013,7.226174,7.972269,-145.894767,0
2021-01-18,sz.002213,12.7200,13.7600,12.7200,13.6400,12.9900,2139400,28939646.0000,1.038600,1,5.003800,353.175210,7.587761,8.371189,-153.195121,0
2021-01-19,sz.002213,13.6500,14.2900,13.6200,14.1400,13.6400,2065900,28963226.0000,1.002900,1,3.665700,366.121515,7.865905,8.678051,-158.810778,0
2021-01-20,sz.002213,14.1100,14.2500,13.8300,14.1700,14.1400,1379000,19420494.0000,0.669400,1,0.212200,366.898294,7.882593,8.696463,-159.147717,0
2021-01-21,sz.002213,14.1000,14.2100,13.8500,13.9600,14.1700,1096300,15333973.0000,0.532200,1,-1.482000,361.460845,7.765773,8.567581,-156.789141,0
2021-01-22,sz.002213,13.8600,14.1500,13.3900,14.0300,13.9600,1710000,23739459.0000,0.830100,1,0.501400,363.273328,7.804713,8.610542,-157.575333,0
2021-01-25,sz.002213,14.0300,14.4800,13.7400,13.8600,14.0300,1532885,21290894.0100,0.744200,1,-1.211700,358.871584,7.710144,8.506209,-155.666010,0
2021-01-26,sz.002213,13.7800,14.2000,13.7800,14.0900,13.8600,965902,13561436.3000,0.468900,1,1.659500,364.826885,7.838090,8.647365,-158.249212,0
2021-01-27,sz.002213,14.0000,14.1000,13.6400,13.6700,14.0900,1030800,14273185.0300,0.500400,1,-2.980800,353.951988,7.604450,8.389601,-153.532060,0
2021-01-28,sz.002213,13.5100,13.8800,13.2900,13.2900,13.6700,1199700,16296947.0000,0.582400,1,-2.779800,344.112796,7.393060,8.156386,-149.264161,0
2021-01-29,sz.002213,13.3000,13.6600,13.0400,13.2900,13.2900,930502,12391241.7200,0.451700,1,0.000000,344.112796,7.393060,8.156386,-149.264161,0
2021-02-01,sz.002213,13.2500,13.5500,11.9600,12.9500,13.2900,1811002,23447045.9200,0.879200,1,-2.558300,335.309309,7.203923,7.947720,-145.445514,0
2021-02-02,sz.002213,12.8000,13.3800,12.4000,13.1600,12.9500,2088100,27055758.0000,1.013700,1,1.621600,340.746757,7.320743,8.076602,-147.804090,0
2021-02-03,sz.002213,13.1000,13.4200,12.5200,12.7800,13.1600,2206700,28157494.2000,1.071300,1,-2.887500,330.907565,7.109354,7.843387,-143.536191,0
2021-02-04,sz.002213,12.6500,12.7800,12.2100,12.6100,12.7800,1319400,16443462.0000,0.640500,1,-1.330200,326.505821,7.014785,7.739054,-141.626868,0
2021-02-05,sz.002213,12.6400,12.7000,12.2200,12.4200,12.6100,1109700,13809244.0000,0.538700,1,-1.506700,321.586225,6.909090,7.622447,-139.492918,0
2021-02-08,sz.002213,12.4500,12.4700,11.8200,11.8700,12.4200,1608800,19441220.0000,0.781000,1,-4.428300,307.345289,6.603132,7.284899,-133.315695,0
2021-02-09,sz.002213,11.8300,12.3500,11.8300,12.2100,11.8700,1144923,13928468.9800,0.555800,1,2.864400,316.148777,6.792270,7.493565,-137.134342,0
2021-02-10,sz.002213,12.2100,12.6000,12.2000,12.4100,12.2100,1016103,12580672.3200,0.493300,1,1.638000,321.327299,6.903527,7.616309,-139.380605,0
2021-02-18,sz.002213,12.4300,13.0600,12.4300,12.9000,12.4100,899300,11511855.0000,0.436600,1,3.948400,334.014678,7.176108,7.917034,-144.883949,0
2021-02-19,sz.002213,12.8500,13.0000,12.6500,12.7300,12.9000,1249457,15974856.4800,0.606600,1,-1.317800,329.612934,7.081539,7.812701,-142.974625,0
2021-02-22,sz.002213,12.7300,13.1200,12.7300,12.9000,12.7300,1347656,17484753.2400,0.654200,1,1.335400,334.014678,7.176108,7.917034,-144.883949,0
2021-02-23,sz.002213,12.9000,12.9300,12.3000,12.3200,12.9000,1478423,18558982.5700,0.717700,1,-4.496100,318.996964,6.853461,7.561074,-138.369787,0
2021-02-24,sz.002213,12.2300,12.5100,12.0900,12.2100,12.3200,947700,11652817.0000,0.460100,1,-0.892900,316.148777,6.792270,7.493565,-137.134342,0
2021-02-25,sz.002213,12.2100,12.3500,12.0000,12.0800,12.2100,1107979,13425902.9200,0.537900,1,-1.064700,312.782737,6.719952,7.413781,-135.674271,0
2021-02-26,sz.002213,12.1700,12.1800,11.5800,11.8000,12.0800,1661300,19619417.0000,0.806500,1,-2.317900,305.532806,6.564192,7.241938,-132.529503,0
2021-03-01,sz.002213,11.9500,12.1000,11.7400,12.1000,11.8000,1649357,19646190.7400,0.800700,1,2.542400,313.300590,6.731078,7.426055,-135.898898,0
2021-03-02,sz.002213,12.1500,12.2900,11.7800,11.9600,12.1000,1844301,21987264.9700,0.895300,1,-1.157000,309.675624,6.653198,7.340134,-134.326514,0
2021-03-03,sz.002213,11.9900,12.0200,11.8100,11.9700,11.9600,1043946,12441983.5400,0.506800,1,0.083600,309.934550,6.658761,7.346271,-134.438827,0
2021-03-04,sz.002213,12.0100,12.2100,11.9300,12.1000,11.9700,1511000,18236866.9800,0.733500,1,1.086000,313.300590,6.731078,7.426055,-135.898898,0
2021-03-05,sz.002213,12.1200,12.4900,11.9900,12.3100,12.1000,2228100,27309273.5100,1.081700,1,1.735500,318.738038,6.847899,7.554937,-138.257474,0
2021-03-08,sz.002213,12.2300,12.5400,12.1600,12.1900,12.3100,1294500,15980826.0000,0.628400,1,-0.974800,315.630925,6.781144,7.481290,-136.909716,0
2021-03-09,sz.002213,12.1500,12.2200,11.6800,11.7400,12.1900,1503400,17852726.0000,0.729800,1,-3.691600,303.979250,6.530815,7.205115,-131.855625,0
2021-03-10,sz.002213,11.7400,12.0400,11.5700,11.6400,11.7400,1007700,11754433.9700,0.489200,1,-0.851800,301.389989,6.475186,7.143742,-130.732493,0
2021-03-11,sz.002213,11.6900,11.8400,11.4900,11.7000,11.6400,1032010,11993993.3000,0.501000,1,0.515500,302.943545,6.508563,7.180566,-131.406372,0
2021-03-12,sz.002213,11.6500,11.7400,11.4400,11.6100,11.7000,1046610,12089851.4000,0.508100,1,-0.769200,300.613210,6.458497,7.125331,-130.395554,0
2021-03-15,sz.002213,11.6000,12.4000,11.5300,12.3500,11.6100,2536210,30522572.0000,1.231200,1,6.373800,319.773742,6.870150,7.579486,-138.706726,0
2021-03-16,sz.002213,12.5300,13.5900,12.2800,13.4000,12.3500,4405611,57741101.3800,2.138700,1,8.502000,346.960983,7.454252,8.223896,-150.499606,0
2021-03-17,sz.002213,13.1300,13.6100,13.1300,13.3000,13.4000,2650768,35425525.0600,1.286800,1,-0.746300,344.371722,7.398623,8.162523,-149.376474,0
2021-03-18,sz.002213,13.3000,13.5800,13.1800,13.2400,13.3000,1762400,23517496.0000,0.855600,1,-0.451100,342.818166,7.365246,8.125700,-148.702595,0
2021-03-19,sz.002213,13.0500,13.4100,13.0100,13.1100,13.2400,1734400,22889195.0000,0.842000,1,-0.981900,339.452126,7.292929,8.045916,-147.242525,0
2021-03-22,sz.002213,13.0700,13.2200,12.7100,13.0000,13.1100,1731085,22363098.6200,0.840400,1,-0.839100,336.603939,7.231737,7.978406,-146.007080,0
2021-03-23,sz.002213,12.7300,12.9000,11.7000,11.7000,13.0000,3976500,48138299.0000,1.930400,1,-10.000000,302.943545,6.508563,7.180566,-131.406372,0
2021-03-24,sz.002213,11.7100,12.3700,11.6800,11.7900,11.7000,2973402,35711136.1600,1.443500,1,0.769200,305.273880,6.558629,7.235801,-132.417190,0
2021-03-25,sz.002213,11.8000,11.8000,11.2900,11.5800,11.7900,1913900,22121725.0000,0.929100,1,-1.781200,299.836432,6.441809,7.106919,-130.058614,0
2021-03-26,sz.002213,11.5400,11.6400,11.4000,11.5000,11.5800,1944500,22330755.0000,0.944000,1,-0.690800,297.765023,6.397306,7.057821,-129.160109,0
2021-03-29,sz.002213,11.5400,11.5800,11.3200,11.5100,11.5000,1141923,13074147.3500,0.554400,1,0.087000,298.023949,6.402869,7.063958,-129.272422,0
2021-03-30,sz.002213,11.5000,12.2800,11.4500,12.0200,11.5100,2721100,32152057.0000,1.321000,1,4.430900,311.229181,6.686575,7.376957,-135.000393,0
2021-03-31,sz.002213,12.5400,12.5400,11.3400,11.3400,12.0200,3987801,46117257.7200,1.935900,1,-5.657200,293.622205,6.308300,6.959625,-127.363099,0
2021-04-01,sz.002213,11.3400,11.6000,11.1300,11.3900,11.3400,2802373,31814181.1200,1.360400,1,0.440900,294.916836,6.336114,6.990311,-127.924665,0
2021-04-02,sz.002213,11.3500,11.4400,11.2900,11.4300,11.3900,2168904,24610184.3400,1.052900,1,0.351200,295.952540,6.358366,7.014860,-128.373917,0
2021-04-06,sz.002213,11.4200,11.5700,11.2300,11.5600,11.4300,2229600,25361664.0000,1.082400,1,1.137400,299.318580,6.430683,7.094644,-129.833988,0
2021-04-07,sz.002213,11.9000,11.9000,11.4500,11.5700,11.5600,1864702,21656647.6400,0.905200,1,0.086500,299.577506,6.436246,7.100782,-129.946301,0
2021-04-08,sz.002213,11.5200,11.6300,11.3500,11.5200,11.5700,1067063,12235836.1600,0.518000,1,-0.432200,298.282875,6.408431,7.070095,-129.384736,0
2021-04-09,sz.002213,11.4800,11.5800,11.3900,11.5400,11.5200,991961,11401161.4200,0.481600,1,0.173600,298.800728,6.419557,7.082370,-129.609362,0
2021-04-12,sz.002213,11.5400,11.5400,11.3200,11.3200,11.5400,1060500,12087197.0000,0.514800,1,-1.906400,293.104353,6.297174,6.947351,-127.138473,0
2021-04-13,sz.002213,11.3100,11.8400,11.1300,11.7400,11.3200,1926678,22224866.0000,0.935300,1,3.710200,303.979250,6.530815,7.205115,-131.855625,0
2021-04-14,sz.002213,11.6700,12.1000,11.6700,11.9700,11.7400,1978817,23565095.4000,0.960600,1,1.959100,274.172328,6.658761,6.361002,-134.438827,0
2021-04-15,sz.002213,11.7900,12.0800,11.7800,11.7900,11.9700,1089078,12935797.0000,0.528700,1,-1.503800,270.049436,6.558629,6.265348,-132.417190,0
2021-04-16,sz.002213,11.7700,12.8200,11.7100,12.6800,11.7900,4059201,50190687.1000,1.970600,1,7.548800,290.434847,7.053725,6.738305,-142.413060,0
2021-04-19,sz.002213,12.6000,13.0600,12.6000,12.7100,12.6800,3063391,39373107.1200,1.487200,1,0.236600,291.121996,7.070414,6.754247,-142.749999,0
2021-04-20,sz.002213,12.6200,13.4700,12.6200,13.1200,12.7100,3430392,44918423.4400,1.665300,1,3.225800,300.513028,7.298491,6.972126,-147.354838,0
2021-04-21,sz.002213,12.9700,13.6300,12.9300,13.5400,13.1200,3609385,48539480.6300,1.752200,1,3.201200,310.133109,7.532132,7.195319,-152.071990,0
2021-04-22,sz.002213,13.4800,14.8200,13.4600,14.5200,13.5400,6278255,90106923.8500,3.047800,1,7.237800,332.579967,8.077294,7.716103,-163.078677,0
2021-04-23,sz.002213,14.5000,14.9900,14.0300,14.1900,14.5200,7037946,102281985.5000,3.416600,1,-2.272700,325.021331,7.893719,7.540737,-159.372344,0
2021-04-26,sz.002213,14.1400,14.6300,13.9600,14.2200,14.1900,3901249,55966078.9500,1.893900,1,0.211400,325.708480,7.910408,7.556679,-159.709283,0
2021-04-27,sz.002213,14.2500,15.2800,14.1800,15.0300,14.2200,7082175,104176894.2000,3.438100,1,5.696200,344.261494,8.361000,7.987123,-168.806647,0
2021-04-28,sz.002213,15.2100,15.7800,15.0400,15.6400,15.0300,6060477,94227783.0600,2.942100,1,4.058500,358.233518,8.700336,8.311284,-175.657749,0
2021-04-29,sz.002213,15.8000,16.3000,15.4700,15.7300,15.6400,5076991,80507533.9600,2.464600,1,0.575400,332.565412,8.570976,6.842748,-28.316814,0
2021-04-30,sz.002213,15.7400,16.0000,15.2000,15.6100,15.7300,3882057,60554091.6400,1.884500,1,-0.762900,330.028359,8.505590,6.790546,-28.100792,0
2021-05-06,sz.002213,15.9000,15.9000,15.0000,15.2000,15.6100,3370699,51595259.5100,1.636300,1,-2.626500,321.360093,8.282189,6.612191,-27.362719,0
2021-05-07,sz.002213,15.3800,15.5600,14.7500,15.0000,15.2000,2456500,36737170.0000,1.192500,1,-1.315800,317.131671,8.173213,6.525189,-27.002683,0
2021-05-10,sz.002213,15.0000,15.4300,14.7000,15.0700,15.0000,2834404,42793880.0400,1.375900,1,0.466700,318.611619,8.211355,6.555640,-27.128696,0
2021-05-11,sz.002213,15.1000,15.1000,14.5300,14.8600,15.0700,2278400,33665423.4600,1.106000,1,-1.393500,314.171775,8.096930,6.464287,-26.750658,0
2021-05-12,sz.002213,14.8900,15.5800,14.6700,15.5000,14.8600,3452635,52845636.0500,1.676000,1,4.306900,327.702727,8.445653,6.742695,-27.902773,0
2021-05-13,sz.002213,15.5200,15.8800,15.2900,15.3900,15.5000,3243802,50726266.9800,1.574700,1,-0.709700,325.377094,8.385717,6.694844,-27.704753,0
2021-05-14,sz.002213,15.5700,16.9300,15.1100,16.3700,15.3900,8690944,141394230.1400,4.218900,1,6.367800,346.096363,8.919700,7.121156,-29.468928,0
2021-05-17,sz.002213,16.0000,16.0000,14.7300,14.7300,16.3700,2222300,33798440.3600,1.078800,1,-10.018300,311.423301,8.026095,6.407735,-26.516635,0
2021-05-18,sz.002213,13.2900,14.6800,13.2900,14.5000,14.7300,7696197,108088440.0000,3.736000,1,-1.561400,306.560615,7.900773,6.307682,-26.102594,0
2021-05-19,sz.002213,14.5600,14.8800,14.2000,14.4700,14.5000,3182526,46109762.8900,1.544900,1,-0.206900,305.926352,7.884426,6.294632,-26.048588,0
2021-05-20,sz.002213,14.3000,14.8500,14.1500,14.5500,14.4700,2652615,38374759.6100,1.287700,1,0.552900,307.617721,7.928017,6.329433,-26.192603,0
2021-05-21,sz.002213,14.5600,15.3300,14.5600,15.2000,14.5500,2722034,41006902.0300,1.321400,1,4.467400,321.360093,8.282189,6.612191,-27.362719,0
2021-05-24,sz.002213,15.1400,16.4900,15.1400,16.2500,15.2000,5124578,82645555.0300,2.487700,1,6.907900,343.559310,8.854314,7.068954,-29.252907,0
2021-05-25,sz.002213,16.2800,16.8300,16.1600,16.6500,16.2500,4006933,66432239.0400,1.945100,1,2.461500,352.016155,9.072266,7.242959,-29.972978,0
2021-05-26,sz.002213,16.6100,16.9200,16.3000,16.3300,16.6500,2657376,43826364.1600,1.290000,1,-1.921900,345.250679,8.897905,7.103755,-29.396921,0
2021-05-27,sz.002213,16.3500,16.4700,16.0700,16.2800,16.3300,1867300,30404960.0000,0.906500,1,-0.306200,344.193573,8.870661,7.082005,-29.306912,0
2021-05-28,sz.002213,16.1000,16.3000,15.9300,16.2800,16.2800,2441400,39362343.0000,1.185100,1,0.000000,344.193573,8.870661,7.082005,-29.306912,0
2021-05-31,sz.002213,15.9300,16.4500,15.6900,15.8000,16.2800,5061078,81142469.4000,2.456800,1,-2.948400,334.045360,8.609118,6.873199,-28.442826,0
2021-06-01,sz.002213,15.9600,16.4200,15.8000,16.1100,15.8000,3781100,61191200.0000,1.835500,1,1.962000,340.599414,8.778031,7.008053,-29.000882,0
2021-06-02,sz.002213,16.1400,16.3800,15.8000,16.1200,16.1100,3226200,51959739.0000,1.566100,1,0.062100,340.810836,8.783480,7.012403,-29.018883,0
2021-06-03,sz.002213,16.1300,16.4500,15.9000,16.3000,16.1200,5905677,95942545.6900,2.866800,1,1.116600,344.616416,8.881558,7.090705,-29.342916,0
2021-06-04,sz.002213,16.1900,16.3500,15.9100,16.0000,16.3000,1681857,27015590.0100,0.816400,1,-1.840500,338.273782,8.718094,6.960201,-28.802862,0
2021-06-07,sz.002213,16.0700,16.1100,15.7200,15.9500,16.0000,1477400,23481198.9900,0.717200,1,-0.312500,337.216677,8.690850,6.938451,-28.712853,0
2021-06-08,sz.002213,16.1000,16.1600,15.5400,15.9000,15.9500,1948807,30864348.2700,0.946000,1,-0.313500,336.159571,8.663606,6.916700,-28.622844,0
2021-06-09,sz.002213,15.9000,15.9000,15.5100,15.5500,15.9000,957600,14967957.0000,0.464900,1,-2.201300,328.759832,8.472898,6.764446,-27.992781,0
2021-06-10,sz.002213,15.6500,16.3900,15.5000,16.0900,15.5500,3023102,48342637.5100,1.467500,1,3.472700,340.176572,8.767133,6.999352,-28.964878,0
2021-06-11,sz.002213,16.1000,16.4500,15.7200,16.3800,16.0900,4317751,69772108.1300,2.096000,1,1.802400,346.307785,8.925149,7.125506,-29.486930,0
2021-06-15,sz.002213,16.6000,16.6000,14.7400,14.7400,16.3800,7669864,115837002.2900,3.723200,1,-10.012200,311.634722,8.031544,6.412085,-26.534637,0
2021-06-16,sz.002213,14.5000,14.8200,14.1000,14.2200,14.7400,3970678,56860952.9400,1.927500,1,-3.527800,300.640824,7.748206,6.185879,-25.598544,0
2021-06-17,sz.002213,14.2300,15.1800,14.1700,14.9400,14.2200,3457360,50670780.2000,1.678300,1,5.063300,315.863144,8.140520,6.499088,-26.894672,0
2021-06-18,sz.002213,15.2500,15.2500,14.2200,14.4400,14.9400,5145110,74735164.8200,2.497600,1,-3.346700,305.292088,7.868080,6.281582,-25.994583,0
2021-06-21,sz.002213,14.3000,14.4000,14.1500,14.2500,14.4400,2526200,36037446.6000,1.226300,1,-1.315800,301.275087,7.764552,6.198929,-25.652549,0
2021-06-22,sz.002213,14.2900,14.2900,13.7300,13.9000,14.2500,2577975,35835664.3800,1.251400,1,-2.456100,293.875348,7.573844,6.046675,-25.022486,0
2021-06-23,sz.002213,13.8600,14.0500,13.7800,13.9300,13.9000,1842200,25573918.0000,0.894300,1,0.215800,294.509612,7.590191,6.059725,-25.076492,0
2021-06-24,sz.002213,13.9400,13.9900,13.4700,13.5800,13.9300,2292810,31214855.9000,1.113000,1,-2.512600,287.109873,7.399482,5.907471,-24.446429,0
2021-06-25,sz.002213,13.6300,13.8400,13.3600,13.5600,13.5800,2430500,32863848.0000,1.179900,1,-0.147300,286.687030,7.388585,5.898771,-24.410425,0
2021-06-28,sz.002213,13.6400,14.1200,13.2200,13.8300,13.5600,4119000,56403297.0000,1.999500,1,1.991200,292.395401,7.535702,6.016224,-24.896474,0
2021-06-29,sz.002213,13.8300,13.9200,13.6000,13.8200,13.8300,1903100,26268094.0000,0.923800,1,-0.072300,292.183979,7.530254,6.011874,-24.878472,0
2021-06-30,sz.002213,13.8300,13.9700,13.6500,13.8800,13.8100,1740459,24096600.6600,0.844900,1,0.506900,293.452506,7.562946,6.037975,-24.986483,0
2021-07-01,sz.002213,13.8100,13.9200,13.6700,13.7600,13.8800,1609902,22137513.4800,0.781500,1,-0.864600,290.915453,7.497561,5.985773,-24.770461,0
2021-07-02,sz.002213,13.6400,14.1000,13.5600,14.1000,13.7600,1170000,16016332.0000,0.568000,1,2.470900,298.103771,7.682820,6.133677,-25.382522,0
2021-07-05,sz.002213,13.9900,13.9900,13.7100,13.8200,14.1000,1867300,25774786.4300,0.906500,1,-1.985800,292.183979,7.530254,6.011874,-24.878472,0
2021-07-06,sz.002213,13.8400,13.8400,13.4500,13.6800,13.8200,1815502,24712990.3400,0.881300,1,-1.013000,289.224084,7.453970,5.950972,-24.626447,0
2021-07-07,sz.002213,13.6800,13.6800,13.3000,13.5400,13.6800,1592500,21571727.0000,0.773100,1,-1.023400,286.264188,7.377687,5.890070,-24.374422,0
2021-07-08,sz.002213,13.6300,14.0800,13.3500,13.6800,13.5400,2772101,37655849.0700,1.345700,1,1.034000,289.224084,7.453970,5.950972,-24.626447,0
2021-07-09,sz.002213,13.5000,13.6400,13.3200,13.5700,13.6800,1264800,17052280.0000,0.614000,1,-0.804100,286.898452,7.394033,5.903121,-24.428427,0
2021-07-12,sz.002213,13.6900,13.6900,13.5100,13.6000,13.5700,1518240,20623582.9700,0.737000,1,0.221100,287.532715,7.410380,5.916171,-24.482433,0
2021-07-13,sz.002213,13.8000,14.1000,13.2100,13.7900,13.6000,5200201,71014618.3200,2.524400,1,1.397100,291.549716,7.513907,5.998823,-24.824467,0
2021-07-14,sz.002213,13.7600,13.7600,13.3600,13.5900,13.7900,2395915,32258583.3300,1.163100,1,-1.450300,287.321294,7.404931,5.911821,-24.464431,0
2021-07-15,sz.002213,13.5300,13.5300,13.2500,13.3800,13.5900,2049078,27342382.4000,0.994700,1,-1.545300,282.881450,7.290506,5.820468,-24.086393,0
2021-07-16,sz.002213,13.3000,13.5000,13.1700,13.4600,13.3800,2132600,28326773.4000,1.035200,1,0.597900,284.572819,7.334097,5.855269,-24.230408,0
2021-07-19,sz.002213,13.4000,13.4000,13.0100,13.1100,13.4600,1320700,17355940.9900,0.641100,1,-2.600300,277.173080,7.143388,5.703015,-23.600345,0
2021-07-20,sz.002213,13.0000,13.0000,12.4400,12.6500,13.1100,3107102,39214628.3500,1.508300,1,-3.508800,267.447709,6.892743,5.502909,-22.772263,0
2021-07-21,sz.002213,12.6500,12.9900,12.3800,12.9800,12.6500,2325907,29806449.7500,1.129100,1,2.608700,274.424606,7.072554,5.646463,-23.366322,0
2021-07-22,sz.002213,13.0000,14.2300,12.7900,13.9000,12.9800,5361979,73016216.4700,2.602900,1,7.087800,293.875348,7.573844,6.046675,-25.022486,0
2021-07-23,sz.002213,13.9500,14.3000,13.6000,13.9500,13.9000,3900063,54352345.5300,1.893200,1,0.359700,294.932454,7.601088,6.068425,-25.112495,0
2021-07-26,sz.002213,13.9500,13.9900,13.1600,13.4200,13.9500,2689257,36339058.8000,1.305500,1,-3.799300,283.727135,7.312301,5.837869,-24.158400,0
2021-07-27,sz.002213,13.4200,13.6000,12.7300,12.7300,13.4200,3696700,48184725.0000,1.794500,1,-5.141600,269.139078,6.936333,5.537710,-22.916277,0
2021-07-28,sz.002213,12.6500,12.6900,11.8800,12.2000,12.7300,2202763,27099337.2300,1.069300,1,-4.163400,257.933759,6.647547,5.307153,-21.962182,0
2021-07-29,sz.002213,12.2800,13.3400,12.2100,13.0600,12.2000,3962666,50794762.4800,1.923600,1,7.049200,276.115975,7.116144,5.681264,-23.510336,0
2021-07-30,sz.002213,13.3500,14.3000,12.9100,14.0900,13.0600,5181201,71665580.0000,2.515100,1,7.886700,297.892349,7.677371,6.129327,-25.364520,0
2021-08-02,sz.002213,14.2900,15.3000,13.6200,15.0900,14.0900,10140942,150676511.6800,4.922800,1,7.097200,319.034461,8.222252,6.564340,-27.164699,0
2021-08-03,sz.002213,15.0900,15.2300,14.4500,14.5500,15.0900,6764018,100615194.1200,3.283500,1,-3.578500,307.617721,7.928017,6.329433,-26.192603,0
2021-08-04,sz.002213,14.2300,15.1100,14.2300,14.8800,14.5500,4645300,68992173.0000,2.255000,1,2.268000,314.594617,8.107827,6.472987,-26.786662,0
2021-08-05,sz.002213,15.0300,16.1100,14.6700,15.3700,14.8800,8814300,136541061.0000,4.278800,1,3.293000,324.954252,8.374819,6.686143,-27.668749,0
2021-08-06,sz.002213,15.5900,16.0800,15.1800,15.8600,15.3700,7130315,112651010.5000,3.461300,1,3.188000,335.313887,8.641811,6.899299,-28.550837,0
2021-08-09,sz.002213,15.8100,16.0800,15.2800,15.5400,15.8600,6271100,97996103.0000,3.044200,1,-2.017700,328.548411,8.467449,6.760095,-27.974780,0
2021-08-10,sz.002213,15.5300,16.4600,15.5300,15.7500,15.5400,6612161,105673581.1800,3.209800,1,1.351400,332.988254,8.581874,6.851448,-28.352817,0
2021-08-11,sz.002213,15.7300,15.7900,15.3700,15.6000,15.7500,4486840,69694073.3700,2.178100,1,-0.952400,329.816938,8.500142,6.786196,-28.082790,0
2021-08-12,sz.002213,15.6800,15.9100,15.3000,15.4400,15.6000,4854501,75651767.5700,2.356600,1,-1.025600,326.434200,8.412961,6.716594,-27.794762,0
2021-08-13,sz.002213,15.4500,15.7900,15.1100,15.2000,15.4400,3773400,57894486.0000,1.831700,1,-1.554400,321.360093,8.282189,6.612191,-27.362719,0
2021-08-16,sz.002213,15.3900,15.4300,14.4000,14.4900,15.2000,5912757,87469819.8600,2.870300,1,-4.671100,306.349194,7.895324,6.303332,-26.084592,0
2021-08-17,sz.002213,14.5700,14.6400,13.6400,13.8200,14.4900,6847301,96649416.1900,3.323900,1,-4.623900,292.183979,7.530254,6.011874,-24.878472,0
2021-08-18,sz.002213,13.8000,13.9900,13.4000,13.5500,13.8200,3236819,44085473.8000,1.571300,1,-1.953700,286.475609,7.383136,5.894420,-24.392424,0
2021-08-19,sz.002213,13.4800,13.6200,13.0000,13.1600,13.5500,4651501,61631120.5100,2.258000,1,-2.878200,278.230186,7.170632,5.724765,-23.690354,0
2021-08-20,sz.002213,13.0900,14.4800,12.8000,14.4800,13.1600,8296900,114321882.0000,4.027600,1,10.030400,306.137773,7.889875,6.298982,-26.066590,0
2021-08-23,sz.002213,14.9900,15.9300,14.9700,15.3600,14.4800,10334600,159756188.0000,5.016800,1,6.077300,324.742831,8.369370,6.681793,-27.650747,0
2021-08-24,sz.002213,15.5700,15.6000,13.8800,14.1500,15.3600,10266100,150391480.0000,4.983500,1,-7.877600,299.160876,7.710064,6.155428,-25.472531,0
2021-08-25,sz.002213,14.1300,15.2100,14.1300,14.9100,14.1500,10393400,152796640.0000,5.045300,1,5.371000,315.228881,8.124174,6.486038,-26.840667,0
2021-08-26,sz.002213,14.5600,15.0900,14.3800,14.4700,14.9100,6654109,97130843.1400,3.230200,1,-2.951000,249.271175,7.881934,4.867750,-32.035228,0
2021-08-27,sz.002213,14.4300,15.4500,14.1000,15.2100,14.4700,8572910,127437301.0000,4.161600,1,5.114000,262.018975,8.285018,5.116689,-33.673519,0
2021-08-30,sz.002213,15.2200,15.3500,14.4000,14.5500,15.2100,6826650,99995733.0500,3.313900,1,-4.339300,250.649316,7.925511,4.894663,-32.212340,0
2021-08-31,sz.002213,14.5000,16.0100,13.9800,16.0100,14.5500,22011263,341413887.9600,10.685100,1,10.034400,275.800381,8.720785,5.385811,-35.444644,0
2021-09-01,sz.002213,15.9700,17.0200,15.5000,16.5200,16.0100,26170860,428902990.1300,12.704300,1,3.185500,284.586027,8.998587,5.557377,-36.573736,0
2021-09-02,sz.002213,16.4300,16.6000,15.9000,16.3000,16.5200,10567438,171585896.4400,5.129800,1,-1.331700,280.796141,8.878751,5.483368,-36.086677,0
2021-09-03,sz.002213,16.2900,16.4800,14.9000,15.2200,16.3000,11038705,171465507.7800,5.358600,1,-6.625800,262.191243,8.290465,5.120053,-33.695658,0
2021-09-06,sz.002213,15.2200,15.5400,14.2900,15.3000,15.2200,9887969,146997265.5300,4.800000,1,0.525600,263.569384,8.334042,5.146965,-33.872770,0
2021-09-07,sz.002213,15.1500,15.5400,14.9200,15.3300,15.3000,5913083,90496603.7700,2.870400,1,0.196100,264.086186,8.350383,5.157057,-33.939187,0
2021-09-08,sz.002213,15.3200,15.4600,15.0200,15.2200,15.3300,4452953,67857795.5400,2.161600,1,-0.717500,262.191243,8.290465,5.120053,-33.695658,0
2021-09-09,sz.002213,15.0600,15.6500,15.0100,15.4800,15.2200,3990501,61249469.4500,1.937100,1,1.708300,266.670200,8.432090,5.207517,-34.271273,0
2021-09-10,sz.002213,15.4800,15.4800,14.7200,14.8200,15.4800,5429054,81286350.7000,2.635500,1,-4.263600,255.300540,8.072582,4.985492,-32.810095,0
2021-09-13,sz.002213,14.8100,14.8900,14.4000,14.7400,14.8200,3517821,51416428.4000,1.707700,1,-0.539800,253.922400,8.029005,4.958579,-32.632982,0
2021-09-14,sz.002213,14.6500,14.9500,14.3300,14.4000,14.7400,4167700,60815266.0000,2.023200,1,-2.306600,248.065302,7.843804,4.844202,-31.880254,0
2021-09-15,sz.002213,14.3800,14.5000,14.1200,14.1800,14.4000,3178400,45307329.0000,1.542900,1,-1.527800,244.275416,7.723968,4.770194,-31.393195,0
2021-09-16,sz.002213,14.2700,14.4400,13.7500,13.8200,14.1800,4492355,63122276.8900,2.180800,1,-2.538800,238.073783,7.527873,4.649089,-30.596188,0
2021-09-17,sz.002213,13.8200,14.3300,13.7000,14.0600,13.8200,3062248,42928299.1900,1.486500,1,1.736600,242.208205,7.658603,4.729825,-31.127526,0
2021-09-22,sz.002213,13.8100,14.0400,13.6800,13.8500,14.0600,2447300,33770282.3200,1.188000,1,-1.493600,238.590586,7.544215,4.659181,-30.662606,0
2021-09-23,sz.002213,13.8700,14.4500,13.8100,14.2500,13.8500,2698777,38259444.9100,1.310100,1,2.888100,245.481289,7.762098,4.793742,-31.548168,0
2021-09-24,sz.002213,14.2200,14.3600,13.7500,13.8000,14.2500,3252177,45449329.6500,1.578700,1,-3.157900,237.729248,7.516979,4.642361,-30.551910,0
2021-09-27,sz.002213,13.7800,14.1000,13.1900,13.5400,13.8000,2510200,33947265.0000,1.218500,1,-1.884100,233.250291,7.375355,4.554896,-29.976295,0
2021-09-28,sz.002213,13.3900,13.6800,13.3100,13.6300,13.5400,1758305,23733121.3500,0.853500,1,0.664700,234.800699,7.424379,4.585172,-30.175546,0
2021-09-29,sz.002213,13.6300,13.6900,13.1000,13.1300,13.6300,2161700,28661460.0000,1.049400,1,-3.668400,226.187321,7.152024,4.416971,-29.068593,0
2021-09-30,sz.002213,13.1500,13.5700,13.0000,13.4500,13.1300,2117700,28120933.0000,1.028000,1,2.437200,231.699883,7.326331,4.524620,-29.777043,0
2021-10-08,sz.002213,13.4500,13.7500,13.3300,13.4400,13.4500,1538600,20849391.0000,0.746900,1,-0.074300,231.527615,7.320884,4.521255,-29.754904,0
2021-10-11,sz.002213,13.3700,13.5800,13.1600,13.4400,13.4400,2999400,39882076.0000,1.456000,1,0.000000,231.527615,7.320884,4.521255,-29.754904,0
2021-10-12,sz.002213,13.4400,13.5900,13.2500,13.3500,13.4400,1345506,18026322.1800,0.653200,1,-0.669600,229.977207,7.271860,4.490979,-29.555652,0
2021-10-13,sz.002213,13.3500,13.5300,13.2400,13.4000,13.3500,1219300,16285283.0000,0.591900,1,0.374500,230.838545,7.299096,4.507799,-29.666348,0
2021-10-14,sz.002213,13.3600,14.3000,13.3500,14.2000,13.4000,4013700,55895832.0000,1.948400,1,5.970100,244.619951,7.734863,4.776922,-31.437473,0
2021-10-15,sz.002213,14.1800,14.3500,14.0000,14.0500,14.2000,2281600,32310108.0000,1.107600,1,-1.056300,242.035937,7.653156,4.726461,-31.105387,0
2021-10-18,sz.002213,14.0200,14.1000,13.5500,13.6500,14.0500,2041002,28055228.2400,0.990800,1,-2.847000,235.145234,7.435273,4.591900,-30.219824,0
2021-10-19,sz.002213,13.5900,13.8400,13.4100,13.5600,13.6500,1630602,22240541.1200,0.791600,1,-0.659300,233.594826,7.386249,4.561624,-30.020573,0
2021-10-20,sz.002213,13.5600,14.0000,13.4100,13.8700,13.5600,3123811,42735806.6700,1.516400,1,2.286100,238.935121,7.555109,4.665909,-30.706884,0
2021-10-21,sz.002213,13.9000,14.0400,13.4000,13.4900,13.8700,3100702,42066096.8600,1.505200,1,-2.739700,232.388953,7.348119,4.538076,-29.865599,0
2021-10-22,sz.002213,13.4200,13.6600,13.3300,13.5000,13.4900,1420400,19123419.0000,0.689500,1,0.074100,232.561221,7.353567,4.541440,-29.887738,0
2021-10-25,sz.002213,13.5000,13.9600,13.3600,13.7500,13.5000,2557197,35200821.6300,1.241400,1,1.851900,236.867910,7.489744,4.625540,-30.441215,0
2021-10-26,sz.002213,13.8000,13.8800,13.5000,13.6000,13.7500,1779955,24276253.7000,0.864100,1,-1.090900,234.283897,7.408037,4.575080,-30.109129,0
2021-10-27,sz.002213,13.5900,13.7000,13.2700,13.5200,13.6000,1812401,24403091.8000,0.879800,1,-0.588200,190.547148,7.273242,3.852098,-72.909541,0
2021-10-28,sz.002213,13.5100,13.5200,13.1200,13.1600,13.5200,1612100,21407162.0000,0.782600,1,-2.662700,185.473408,7.079575,3.749527,-70.968163,0
2021-10-29,sz.002213,13.1700,13.4500,13.1600,13.4100,13.1600,1430800,19045869.0000,0.694600,1,1.899700,188.996839,7.214066,3.820757,-72.316342,0
2021-11-01,sz.002213,13.3800,14.5700,13.3000,14.4300,13.4100,6818958,97073273.6200,3.310200,1,7.606300,203.372437,7.762787,4.111373,-77.816914,0
2021-11-02,sz.002213,14.4300,14.8000,14.3200,14.6000,14.4300,4330000,63013913.0000,2.101900,1,1.178100,205.768370,7.854240,4.159810,-78.733676,0
2021-11-03,sz.002213,14.5600,15.0000,14.4000,14.6600,14.6000,3383000,49695409.9900,1.642200,1,0.411000,206.613994,7.886518,4.176905,-79.057239,0
2021-11-04,sz.002213,14.6600,14.7400,14.0900,14.1800,14.6600,4576301,65678561.2000,2.221500,1,-3.274200,199.849006,7.628296,4.040144,-76.468735,0
2021-11-05,sz.002213,14.1800,14.2400,13.9500,14.0500,14.1800,2660800,37513087.0000,1.291700,1,-0.916800,198.016822,7.558361,4.003104,-75.767681,0
2021-11-08,sz.002213,14.1000,14.5500,13.7700,14.3900,14.0500,4512463,63952183.1200,2.190500,1,2.419900,202.808688,7.741268,4.099977,-77.601205,0
2021-11-09,sz.002213,14.3000,14.9700,14.0000,14.6600,14.3900,3893501,56647086.5500,1.890000,1,1.876300,206.613994,7.886518,4.176905,-79.057239,0
2021-11-10,sz.002213,14.6600,14.9400,14.6000,14.9100,14.6600,3471800,51406954.0000,1.685300,1,1.705300,210.137425,8.021008,4.248134,-80.405418,0
2021-11-11,sz.002213,14.8900,14.9600,14.6300,14.7400,14.9100,2067600,30513451.2500,1.003700,1,-1.140200,207.741492,7.929555,4.199698,-79.488656,0
2021-11-12,sz.002213,14.7400,15.6900,14.6100,15.4500,14.7400,6425920,97795180.6000,3.119400,1,4.816800,217.748036,8.311508,4.401990,-83.317486,0
2021-11-15,sz.002213,15.9600,16.3600,15.3800,15.8800,15.4500,9664300,153075021.4500,4.691400,1,2.783200,223.808337,8.542831,4.524505,-85.636354,0
2021-11-16,sz.002213,15.5600,16.1700,15.5600,15.7600,15.8800,5522200,87778086.0000,2.680700,1,-0.755700,222.117090,8.478276,4.490315,-84.989228,0
2021-11-17,sz.002213,15.8300,16.3000,15.8000,15.9200,15.7600,4878000,78163670.0000,2.368000,1,1.015200,224.372086,8.564350,4.535902,-85.852063,0
2021-11-18,sz.002213,15.9200,16.1000,15.6600,15.7000,15.9200,3181500,50418158.0000,1.544400,1,-1.381900,221.271467,8.445998,4.473220,-84.665665,0
2021-11-19,sz.002213,15.7700,15.9600,15.3400,15.3700,15.7000,3281600,50880352.0000,1.593000,1,-2.101900,216.620538,8.268471,4.379197,-82.886068,0
2021-11-22,sz.002213,15.3700,15.8200,15.3000,15.7500,15.3700,2863700,44651599.0000,1.390100,1,2.472300,221.976153,8.472896,4.487466,-84.935301,0
2021-11-23,sz.002213,15.6900,16.1400,15.5700,16.0300,15.7500,3334200,53005508.0000,1.618500,1,1.777800,225.922396,8.623525,4.567243,-86.445262,0
2021-11-24,sz.002213,16.0300,16.0800,15.4100,15.5100,16.0300,3922000,61600631.0000,1.903900,1,-3.243900,218.593659,8.343785,4.419085,-83.641049,0
2021-11-25,sz.002213,15.6200,16.5500,15.5000,16.3000,15.5100,8138727,131159114.2100,3.950800,1,5.093500,229.727701,8.768775,4.644171,-87.901296,0
2021-11-26,sz.002213,16.2000,16.6800,15.9800,16.4000,16.3000,5824527,95470676.8000,2.827400,1,0.613500,231.137073,8.822571,4.672663,-88.440568,0
2021-11-29,sz.002213,16.1300,16.3800,16.0400,16.3100,16.4000,3665100,59417140.0000,1.779200,1,-0.548800,229.868638,8.774155,4.647020,-87.955223,0
2021-11-30,sz.002213,16.2000,16.5500,16.2000,16.3100,16.3100,2947000,48230470.0000,1.430600,1,0.000000,229.868638,8.774155,4.647020,-87.955223,0
2021-12-01,sz.002213,16.2000,17.9400,16.1200,17.9400,16.3100,12889556,224401118.3800,6.257100,1,9.993900,252.841408,9.651032,5.111437,-96.745353,0
2021-12-02,sz.002213,17.8600,18.5200,17.4600,17.5100,17.9400,14617056,262214405.7700,7.095700,1,-2.396900,246.781107,9.419709,4.988922,-94.426484,0
2021-12-03,sz.002213,17.7000,18.2000,17.4000,17.5400,17.5100,7722075,136768831.5000,3.748600,1,0.171300,247.203919,9.435847,4.997470,-94.588266,0
2021-12-06,sz.002213,17.7300,17.7300,16.4000,16.8600,17.5400,8826000,148788944.3700,4.284500,1,-3.876900,237.620186,9.070034,4.803725,-90.921218,0
2021-12-07,sz.002213,17.1500,17.1500,16.0900,16.2500,16.8600,5749100,94601842.0000,2.790800,1,-3.618000,229.023015,8.741877,4.629925,-87.631660,0
2021-12-08,sz.002213,16.2200,16.4800,15.8400,16.1500,16.2500,4782200,76812310.0000,2.321500,1,-0.615400,227.613642,8.688081,4.601433,-87.092388,0
2021-12-09,sz.002213,16.1000,16.3200,15.5600,15.8400,16.1500,4851901,76463314.7800,2.355300,1,-1.919500,223.244588,8.521313,4.513108,-85.420646,0
2021-12-10,sz.002213,15.8000,17.3000,15.5700,16.9600,15.8400,7834562,129596171.5900,3.803200,1,7.070700,239.029559,9.123830,4.832217,-91.460489,0
2021-12-13,sz.002213,16.7100,16.9400,16.1900,16.2200,16.9600,4634799,75928876.4000,2.249900,1,-4.363200,228.600203,8.725738,4.621377,-87.469878,0
2021-12-14,sz.002213,16.2100,16.4600,15.9700,16.0800,16.2200,2636100,42676512.7000,1.279700,1,-0.863100,226.627082,8.650423,4.581489,-86.714898,0
2021-12-15,sz.002213,16.0800,16.2800,15.9500,16.0700,16.0800,2506900,40299521.0000,1.216900,1,-0.062200,226.486144,8.645044,4.578640,-86.660971,0
2021-12-16,sz.002213,16.0000,17.6800,15.9600,17.6800,16.0700,8437100,145161197.0000,4.095700,1,10.018700,249.177040,9.511162,5.037358,-95.343246,0
2021-12-17,sz.002213,17.4700,17.7500,16.7600,17.0100,17.6800,9167500,156299351.0000,4.450200,1,-3.789600,239.734245,9.150728,4.846463,-91.730125,0
2021-12-20,sz.002213,17.0900,17.3000,16.3900,16.5100,17.0100,6539400,109986639.0000,3.174500,1,-2.939400,232.687383,8.881747,4.704004,-89.033766,0
2021-12-21,sz.002213,16.4000,18.1600,15.9000,17.5800,16.5100,15461965,273201577.9000,7.505800,1,6.480900,247.767668,9.457366,5.008867,-94.803974,0
2021-12-22,sz.002213,17.8000,17.8400,17.0600,17.1600,17.5800,8349300,144487436.0000,4.053100,1,-2.389100,241.848304,9.231422,4.889201,-92.539033,0
2021-12-23,sz.002213,17.3700,17.5500,16.7400,16.9500,17.1600,6501149,110557224.2400,3.155900,1,-1.223800,238.888622,9.118450,4.829368,-91.406562,0
2021-12-24,sz.002213,16.9500,17.3300,16.6800,16.9800,16.9500,5429472,91926864.9900,2.635700,1,0.177000,239.311433,9.134589,4.837915,-91.568344,0
2021-12-27,sz.002213,16.7100,17.2500,16.4800,16.7000,16.9800,4728702,79501998.1900,2.295500,1,-1.649000,235.365191,8.983960,4.758138,-90.058383,0
2021-12-28,sz.002213,16.7500,17.1500,16.5300,16.9300,16.7000,2375323,40061764.6700,1.153100,1,1.377200,238.606747,9.107691,4.823670,-91.298708,0
2021-12-29,sz.002213,16.9300,17.2500,16.6000,16.8100,16.9300,2938701,49622650.6700,1.426600,1,-0.708800,236.915500,9.043135,4.789479,-90.651582,0
2021-12-30,sz.002213,16.9000,17.6500,16.4900,17.4100,16.8100,5662100,98002916.0000,2.748600,1,3.569300,245.371735,9.365912,4.960430,-93.887212,0
2021-12-31,sz.002213,17.5500,18.2400,17.2200,18.0500,17.4100,7227207,129778225.1000,3.508400,1,3.676000,254.391718,9.710208,5.142778,-97.338551,0
2022-01-04,sz.002213,18.1500,18.2000,17.5000,17.6800,18.0500,4711800,83640640.0000,2.287300,1,-2.049900,249.177040,9.511162,5.037358,-95.343246,0
2022-01-05,sz.002213,17.7500,18.6300,17.5000,17.8000,17.6800,7187000,129490139.3700,3.488800,1,0.678700,250.868287,9.575717,5.071549,-95.990372,0
2022-01-06,sz.002213,17.9100,18.7400,17.7500,18.7000,17.8000,6970375,127773810.5000,3.383700,1,5.056200,263.552639,10.059883,5.327975,-100.843818,0
2022-01-07,sz.002213,18.7100,19.6000,18.7000,18.9100,18.7000,7250300,138329593.0000,3.519600,1,1.123000,266.512321,10.172855,5.387808,-101.976289,0
2022-01-10,sz.002213,18.7900,19.5800,18.3300,19.4300,18.9100,5903596,113580808.5400,2.865800,1,2.749900,273.841057,10.452595,5.535966,-104.780502,0
2022-01-11,sz.002213,19.2800,20.1200,19.2100,19.7200,19.4300,5602266,111028509.5800,2.719500,1,1.492500,277.928237,10.608604,5.618592,-106.344390,0
2022-01-12,sz.002213,19.9800,20.3500,19.6500,20.2800,19.7200,5147784,103128014.0500,2.498900,1,2.839800,285.820722,10.909862,5.778146,-109.364312,0
2022-01-13,sz.002213,20.4900,22.1000,19.9000,21.2900,20.2800,10021952,212346945.5700,4.865000,1,4.980300,300.055384,11.453204,6.065914,-114.810956,0
2022-01-14,sz.002213,21.3000,22.0000,20.8200,21.1100,21.2900,7832918,166686855.8900,3.802400,1,-0.845500,297.518513,11.356371,6.014629,-113.840267,0
2022-01-17,sz.002213,21.0100,21.6500,20.2300,20.4500,21.1100,9072932,188820821.3500,4.404300,1,-3.126500,288.216656,11.001316,5.826583,-110.281074,0
2022-01-18,sz.002213,20.6500,20.6500,19.8000,19.8600,20.4500,6605559,132111041.4200,3.206600,1,-2.885100,279.901358,10.683919,5.658481,-107.099370,0
2022-01-19,sz.002213,19.8500,21.2000,19.8400,20.6600,19.8600,6817814,140471891.0400,3.309600,1,4.028200,291.176338,11.114288,5.886415,-111.413544,0
2022-01-20,sz.002213,20.7600,20.8100,19.6000,19.7600,20.6600,4959494,99521222.3600,2.407500,1,-4.356200,278.491986,10.630122,5.629989,-106.560098,0
2022-01-21,sz.002213,19.8000,20.5200,19.5700,20.1200,19.7600,3696600,74020305.0000,1.794500,1,1.821900,283.565727,10.823789,5.732559,-108.501477,0
2022-01-24,sz.002213,20.1100,21.3700,20.0000,20.1300,20.1200,6609094,136438763.5200,3.208300,1,0.049700,283.706664,10.829168,5.735409,-108.555404,0
2022-01-25,sz.002213,19.8900,20.3100,19.1100,19.1600,20.1300,5373184,105100066.4000,2.608300,1,-4.818700,270.035752,10.307345,5.459038,-103.324468,0
2022-01-26,sz.002213,19.2200,19.6400,17.9300,18.1100,19.1600,7758821,142048351.0600,3.766400,1,-5.480200,255.237341,9.742486,5.159873,-97.662115,0
2022-01-27,sz.002213,18.1100,18.5000,17.0900,17.1100,18.1100,6209842,108368699.7400,3.014500,1,-5.521800,241.143617,9.204524,4.874955,-92.269397,0
2022-01-28,sz.002213,17.3400,18.1000,17.1300,17.3600,17.1100,4743129,83393760.9400,2.302500,1,1.461100,244.667048,9.339014,4.946184,-93.617576,0
2022-02-07,sz.002213,18.0000,18.5100,17.5000,17.9200,17.3600,4320084,78202633.1200,2.097100,1,3.225800,252.559534,9.640273,5.105739,-96.637498,0
2022-02-08,sz.002213,18.1900,18.2000,17.1700,17.7600,17.9200,4589700,81141927.0000,2.228000,1,-0.892900,250.304538,9.554199,5.060152,-95.774663,0
2022-02-09,sz.002213,17.8000,18.0500,17.5000,17.9300,17.7600,3175401,56394648.5300,1.541500,1,0.957200,252.700471,9.645653,5.108588,-96.691425,0
2022-02-10,sz.002213,17.9300,17.9800,16.5500,17.0000,17.9300,7134500,121358564.0000,3.463300,1,-5.186800,239.593308,9.145348,4.843614,-91.676198,0
2022-02-11,sz.002213,16.9300,16.9300,15.6500,15.7300,17.0000,5246400,84321910.7600,2.546800,1,-7.470600,221.694278,8.462137,4.481767,-84.827447,0
2022-02-14,sz.002213,15.7900,15.8500,15.3200,15.4700,15.7300,3257400,50701773.0000,1.581300,1,-1.652900,218.029910,8.322267,4.407689,-83.425340,0
2022-02-15,sz.002213,15.5200,15.7500,15.1500,15.3500,15.4700,2805100,43017163.0000,1.361700,1,-0.775700,216.338663,8.257711,4.373498,-82.778214,0
2022-02-16,sz.002213,15.3300,15.6000,15.2200,15.3700,15.3500,2436354,37488961.9800,1.182700,1,0.130300,216.620538,8.268471,4.379197,-82.886068,0
2022-02-17,sz.002213,15.3000,15.4900,15.1000,15.3500,15.3700,3581300,54770027.9200,1.738500,1,-0.130100,216.338663,8.257711,4.373498,-82.778214,0
2022-02-18,sz.002213,15.2600,15.2700,14.8100,15.0400,15.3500,3256675,48784674.0000,1.580900,1,-2.019500,211.969609,8.090943,4.285174,-81.106472,0
2022-02-21,sz.002213,15.0400,15.1900,14.7700,15.0600,15.0400,3062623,45834000.0000,1.486700,1,0.133000,212.251483,8.101703,4.290872,-81.214326,0
2022-02-22,sz.002213,15.0400,15.0400,14.3100,14.4000,15.0600,5350407,77739537.2900,2.597300,1,-4.382500,202.949625,7.746648,4.102826,-77.655132,0
2022-02-23,sz.002213,14.4600,14.9200,14.4000,14.7900,14.4000,3648907,53500847.3200,1.771300,1,2.708300,208.446178,7.956453,4.213944,-79.758292,0
2022-02-24,sz.002213,14.7900,15.3400,14.2500,14.6100,14.7900,5662684,83801783.1900,2.748900,1,-1.217000,205.909307,7.859620,4.162659,-78.787603,0
2022-02-25,sz.002213,14.6600,15.2500,14.5900,14.6800,14.6100,3740799,55641635.8100,1.815900,1,0.479100,206.895868,7.897277,4.182603,-79.165093,0
2022-02-28,sz.002213,14.6600,14.6600,14.2500,14.3300,14.6800,3300300,47356523.0000,1.602100,1,-2.384200,201.963065,7.708991,4.082882,0.000000,0
2022-03-01,sz.002213,14.3600,14.7700,14.3000,14.5700,14.3300,3524400,51081194.0000,1.710900,1,1.674800,205.345558,7.838101,4.151262,-78.571894,0
2022-03-02,sz.002213,14.5100,14.6900,14.3700,14.5100,14.5700,1816900,26361989.0000,0.882000,1,-0.411800,204.499935,7.805824,4.134167,-78.248331,0
2022-03-03,sz.002213,14.4900,14.6000,14.2000,14.2900,14.5100,2257000,32322264.0000,1.095600,1,-1.516200,201.399316,7.687472,4.071485,-77.061934,0
2022-03-04,sz.002213,14.2900,14.3000,13.9200,14.0800,14.2900,3005002,42261089.0000,1.458700,1,-1.469600,198.439634,7.574500,4.011652,-75.929463,0
2022-03-07,sz.002213,14.0500,14.0700,13.5000,13.6400,14.0800,3134279,42887406.0000,1.521500,1,-3.125000,192.238395,7.337797,3.886288,-73.556667,0
2022-03-08,sz.002213,13.6600,13.8000,12.9300,12.9500,13.6400,4194729,55537034.0000,2.036300,1,-5.058700,182.513726,6.966603,3.689694,-69.835692,0
2022-03-09,sz.002213,12.9200,13.1700,12.3000,12.9000,12.9500,3805194,48687337.0000,1.847200,1,-0.386100,181.809039,6.939705,3.675448,-69.566056,0
2022-03-10,sz.002213,13.2000,13.3800,13.0900,13.1000,12.9000,2408687,31768455.0000,1.169300,1,1.550400,184.627784,7.047298,3.732432,-70.644600,0
2022-03-11,sz.002213,13.0000,13.0500,12.6000,12.9600,13.1000,3416844,43868316.0000,1.658700,1,-1.068700,182.654663,6.971983,3.692543,-69.889619,0
2022-03-14,sz.002213,12.8000,12.9100,12.4000,12.4000,12.9600,3541100,44456798.0000,1.719000,1,-4.321000,174.762177,6.670725,3.532989,-66.869697,0
2022-03-15,sz.002213,12.4100,12.5200,11.5000,11.6100,12.4000,4560137,54521078.0000,2.213700,1,-6.371000,163.628135,6.245735,3.307903,-62.609451,0
2022-03-16,sz.002213,11.7700,12.0500,11.0000,11.9600,11.6100,5505798,64412425.0000,2.672700,1,3.014600,168.560939,6.434021,3.407625,-64.496902,0
2022-03-17,sz.002213,12.0600,12.5900,12.0200,12.3200,11.9600,4138000,51041540.0000,2.008700,1,3.010000,173.634680,6.627688,3.510195,-66.438280,0
2022-03-18,sz.002213,12.3200,12.5900,12.2700,12.4900,12.3200,2686000,33466823.0000,1.303900,1,1.379900,176.030613,6.719141,3.558632,-67.355042,0
2022-03-21,sz.002213,12.4900,12.7400,12.4000,12.6800,12.4900,2393558,30081748.4800,1.161900,1,1.521200,178.708420,6.821354,3.612766,-68.379658,0
2022-03-22,sz.002213,12.6400,12.8700,12.4800,12.6200,12.6800,2722300,34440987.0000,1.321500,1,-0.473200,177.862797,6.789076,3.595671,-68.056095,0
2022-03-23,sz.002213,12.7000,13.6800,12.6000,13.3000,12.6200,5844115,77546840.3800,2.836900,1,5.388300,187.446529,7.154890,3.789416,-71.723143,0
2022-03-24,sz.002213,13.4300,13.4900,12.7300,12.8400,13.3000,3976700,51535212.0000,1.930400,1,-3.458600,180.963416,6.907428,3.658353,-69.242493,0
2022-03-25,sz.002213,12.8400,13.4500,12.8200,13.0900,12.8400,4409500,58111373.0000,2.140500,1,1.947000,184.486847,7.041918,3.729583,-70.590672,0
2022-03-28,sz.002213,13.1500,13.1700,12.7000,12.7800,13.0900,2494900,32022357.0000,1.211100,1,-2.368200,180.117793,6.875150,3.641258,-68.918930,0
2022-03-29,sz.002213,12.8300,12.9700,12.5800,12.6600,12.7800,1959800,24933378.0000,0.951400,1,-0.939000,178.426546,6.810595,3.607068,-68.271804,0
2022-03-30,sz.002213,12.7000,12.8500,12.5200,12.7700,12.6600,2243735,28486722.6000,1.089200,1,0.868900,179.976855,6.869770,3.638409,-68.865003,0
2022-03-31,sz.002213,12.8300,12.8300,12.4700,12.5500,12.7700,2064766,25990682.1300,1.002300,1,-1.722800,176.876236,6.751419,3.575727,-67.678605,0
2022-04-01,sz.002213,12.4000,12.6700,12.2400,12.3100,12.5500,2039400,25167531.0000,0.990000,1,-1.912400,173.493742,6.622308,3.507346,-66.384353,0
2022-04-06,sz.002213,12.3100,12.9800,12.3000,12.5600,12.3100,4345800,55092642.0000,2.109600,1,2.030900,177.017173,6.756798,3.578576,-67.732532,0
2022-04-07,sz.002213,12.5900,12.7200,12.1500,12.2800,12.5600,3019800,37130736.0000,1.465900,1,-2.229300,173.070931,6.606169,3.498799,-66.222571,0
2022-04-08,sz.002213,12.2900,12.4000,11.8300,12.1900,12.2800,2071400,24882724.0000,1.005500,1,-0.732900,171.802495,6.557753,3.473156,-65.737227,0
2022-04-11,sz.002213,11.9500,12.1900,11.5000,11.6200,12.1900,2121477,25029656.4600,1.029800,1,-4.676000,163.769073,6.251114,3.310752,-62.663378,0
2022-04-12,sz.002213,11.6000,12.1500,11.4700,12.1200,11.6200,2250001,26434950.0700,1.092200,1,4.302900,170.815935,6.520095,3.453212,-65.359736,0
2022-04-13,sz.002213,12.0100,12.1800,11.7500,11.9300,12.1200,2190600,26126111.0000,1.063400,1,-1.567700,158.767239,6.417883,2.866359,-64.335120,0
2022-04-14,sz.002213,11.9200,12.1200,11.8600,11.9000,11.9300,1613399,19263399.1000,0.783200,1,-0.251500,158.367992,6.401744,2.859151,-64.173339,0
2022-04-15,sz.002213,11.8400,11.8400,11.3700,11.5200,11.9000,2876101,33201798.4000,1.396200,1,-3.193300,153.310863,6.197318,2.767850,-62.124106,0
2022-04-18,sz.002213,11.5200,11.8600,11.2200,11.8100,11.5200,1989200,23107039.0000,0.965600,1,2.517400,157.170251,6.353327,2.837527,-63.687994,0
2022-04-19,sz.002213,11.9900,12.0700,11.5900,11.7400,11.8100,1599000,18870650.0000,0.776200,1,-0.592700,156.238674,6.315670,2.820709,-63.310504,0
2022-04-20,sz.002213,11.7300,11.9400,11.3800,11.5800,11.7400,1750964,20396408.5200,0.850000,1,-1.362900,154.109357,6.229596,2.782266,-62.447669,0
2022-04-21,sz.002213,11.3800,11.5000,10.5000,10.7500,11.5800,4606300,50139868.4500,2.236100,1,-7.167500,143.063522,5.783088,2.582847,-57.971713,0
2022-04-22,sz.002213,10.5000,10.7800,10.3100,10.5200,10.7500,2668300,28140980.0000,1.295300,1,-2.139500,140.002628,5.659357,2.527586,-56.731388,0
2022-04-25,sz.002213,10.5200,10.5200,9.4700,9.4700,10.5200,4108599,40571237.9000,1.994500,1,-9.981000,126.028982,5.094497,2.275308,-51.069035,0
2022-04-26,sz.002213,9.4600,9.6000,8.7700,8.9300,9.4700,3999024,36582125.0800,1.941300,1,-5.702200,118.842535,4.803998,2.145565,-48.156968,0
2022-04-27,sz.002213,8.8600,9.1400,8.4000,9.1000,8.9300,3869796,34041927.3200,1.878500,1,1.903700,113.500515,5.375911,2.134063,-45.390579,0
2022-04-28,sz.002213,9.0800,9.1400,8.6400,8.7800,9.1000,3436292,30459826.6800,1.668100,1,-3.516500,109.509288,5.186868,2.059019,-43.794426,0
2022-04-29,sz.002213,8.8700,9.5800,8.8700,9.5100,8.7800,4133378,38450784.6000,2.006500,1,8.314400,118.614275,5.618122,2.230213,-47.435649,0
2022-05-05,sz.002213,9.4600,9.8300,9.3100,9.5400,9.5100,2759331,26455440.1100,1.339500,1,0.315500,118.988452,5.635845,2.237248,-47.585288,0
2022-05-06,sz.002213,9.4500,9.4900,9.0500,9.2800,9.5400,2980841,27671227.0500,1.447000,1,-2.725400,115.745581,5.482247,2.176275,-46.288414,0
2022-05-09,sz.002213,9.3000,9.5500,9.2500,9.2900,9.2800,1878700,17633223.0000,0.912000,1,0.107800,115.870306,5.488155,2.178620,-46.338294,0
2022-05-10,sz.002213,9.1500,9.4400,9.0100,9.3700,9.2900,1835300,17033285.0000,0.890900,1,0.861100,116.868113,5.535416,2.197381,-46.737332,0
2022-05-11,sz.002213,9.3600,9.8800,9.2100,9.5000,9.3700,3069701,29675145.5900,1.490100,1,1.387400,118.489549,5.612215,2.227868,-47.385769,0
2022-05-12,sz.002213,9.5000,10.0900,9.4500,9.7400,9.5000,3436174,33666244.4700,1.668000,1,2.526300,121.482969,5.753997,2.284151,-48.582883,0
2022-05-13,sz.002213,9.7400,10.0600,9.7400,10.0000,9.7400,3638600,36127819.0000,1.766300,1,2.669400,124.725841,5.907594,2.345124,-49.879757,0
2022-05-16,sz.002213,10.1100,10.2700,9.9200,10.0000,10.0000,2672000,26939618.0000,1.297100,1,0.000000,124.725841,5.907594,2.345124,-49.879757,0
2022-05-17,sz.002213,10.0000,10.1100,9.9200,10.0000,10.0000,1710998,17125188.1600,0.830600,1,0.000000,124.725841,5.907594,2.345124,-49.879757,0
2022-05-18,sz.002213,10.0000,10.3500,9.9800,10.2600,10.0000,3069503,31391394.7700,1.490100,1,2.600000,127.968713,6.061192,2.406097,-51.176630,0
2022-05-19,sz.002213,10.1200,10.3100,10.0200,10.2500,10.2600,2033800,20734527.0000,0.987300,1,-0.097500,127.843987,6.055284,2.403752,-51.126751,0
2022-05-20,sz.002213,10.2500,10.6600,10.2100,10.3100,10.2500,2703900,27944449.0000,1.312600,1,0.585400,128.592342,6.090730,2.417823,-51.426029,0
2022-05-23,sz.002213,10.3100,10.8900,10.3100,10.7300,10.3100,3666400,38771313.7400,1.779800,1,4.073700,133.830827,6.338849,2.516318,-53.520979,0
2022-05-24,sz.002213,10.7300,10.9600,10.1200,10.1300,10.7300,4336826,45421266.1400,2.105300,1,-5.591800,126.347277,5.984393,2.375611,-50.528194,0
2022-05-25,sz.002213,10.1500,10.6800,10.0600,10.5900,10.1300,3773526,39115043.5600,1.831800,1,4.541000,132.084666,6.256142,2.483486,-52.822662,0
2022-05-26,sz.002213,10.6200,11.6500,10.6200,11.6500,10.5900,3424900,38547069.0000,1.662600,1,10.009400,145.305605,6.882347,2.732070,-58.109917,0
2022-05-27,sz.002213,12.7700,12.8200,12.2000,12.8200,11.6500,14152947,180049533.5400,6.870400,1,10.042900,159.898528,7.573536,3.006449,-63.945848,0
2022-05-30,sz.002213,13.2600,14.1000,12.4300,12.8900,12.8200,26338226,350384393.4200,12.785500,1,0.546000,160.771609,7.614889,3.022865,-64.295006,0
2022-05-31,sz.002213,12.5100,13.8800,11.8800,13.3300,12.8900,19659608,250882491.8700,9.543500,1,3.413500,166.259546,7.874823,3.126050,-66.489716,0
2022-06-01,sz.002213,13.0600,13.8000,12.8000,13.5600,13.3300,13804333,183950873.6300,6.701100,1,1.725400,169.128241,8.010698,3.179988,-67.636950,0
2022-06-02,sz.002213,13.2200,13.4000,12.8400,12.9700,13.5600,9852508,128484681.5000,4.782800,1,-4.351000,161.769416,7.662150,3.041626,-64.694044,0
2022-06-06,sz.002213,13.1600,13.9800,12.8500,13.6500,12.9700,11918105,160963851.0200,5.785500,1,5.242900,170.250773,8.063866,3.201094,-68.085868,0
2022-06-07,sz.002213,13.8800,13.9000,13.1500,13.2600,13.6500,7290760,97374305.9500,3.539200,1,-2.857100,165.386465,7.833470,3.109635,-66.140557,0
2022-06-08,sz.002213,13.2600,13.3300,12.6900,13.1100,13.2600,7043553,91310265.7500,3.419200,1,-1.131200,163.515578,7.744856,3.074458,-65.392361,0
2022-06-09,sz.002213,13.1100,13.1100,12.5600,12.6100,13.1100,4475100,56942162.0000,2.172400,1,-3.813900,157.279286,7.449476,2.957201,-62.898373,0
2022-06-10,sz.002213,12.5000,13.5900,12.4000,13.3100,12.6100,7120799,93783266.6700,3.456700,1,5.551100,166.010095,7.863008,3.121360,-66.389956,0
2022-06-13,sz.002213,13.5700,14.3500,13.4000,13.9200,13.3100,9833219,136601399.7800,4.773400,1,4.583000,173.618371,8.223371,3.264413,-69.432621,0
2022-06-14,sz.002213,13.7800,14.6300,12.5300,14.4500,13.9200,9731665,136170380.7400,4.724100,1,3.807500,180.228840,8.536474,3.388704,-72.076248,0
2022-06-15,sz.002213,14.4500,15.1900,14.3600,14.9000,14.4500,11157300,165698483.0800,5.416200,1,3.114200,185.841503,8.802315,3.494235,-74.320838,0
2022-06-16,sz.002213,14.8000,15.0800,14.4000,14.7200,14.9000,5909301,86720212.8000,2.868600,1,-1.208100,183.596438,8.695979,3.452023,-73.423002,0
2022-06-17,sz.002213,14.7200,14.7700,14.2100,14.6000,14.7200,3489800,50569409.0000,1.694100,1,-0.815200,182.099728,8.625088,3.423881,-72.824445,0
2022-06-20,sz.002213,14.5500,14.9400,14.2600,14.8300,14.6000,4617401,67776512.5200,2.241500,1,1.575300,184.968422,8.760962,3.477819,-73.971679,0
2022-06-21,sz.002213,14.7500,14.8900,14.2000,14.3500,14.8300,3661300,52942149.0000,1.777300,1,-3.236700,178.981582,8.477398,3.365253,-71.577451,0
2022-06-22,sz.002213,14.4200,14.7500,14.2800,14.4200,14.3500,3204100,46674120.0000,1.555400,1,0.487800,179.854663,8.518751,3.381669,-71.926609,0
2022-06-23,sz.002213,14.3300,15.1500,14.3000,15.0100,14.4200,6534220,97191108.0000,3.172000,1,4.091500,187.213487,8.867299,3.520031,-74.869515,0
2022-06-24,sz.002213,15.0100,15.8600,14.9800,15.7500,15.0100,8406600,130681863.0000,4.080900,1,4.930000,196.443200,9.304461,3.693570,-78.560617,0
2022-06-27,sz.002213,15.7500,16.3100,15.4400,16.0400,15.7500,7724400,121810250.0000,3.749700,1,1.841300,200.060249,9.475781,3.761579,-80.007130,0
2022-06-28,sz.002213,16.0400,16.3500,15.8300,16.1000,16.0400,3651291,58639499.1400,1.772500,1,0.374100,200.808604,9.511227,3.775650,-80.306408,0
2022-06-29,sz.002213,16.0300,16.1900,15.1500,15.2000,16.1000,4876401,75710411.4800,2.367200,1,-5.590100,189.583278,8.979543,3.564589,-75.817230,0
2022-06-30,sz.002213,15.0600,15.5000,14.8700,14.8700,15.2000,2951200,44450737.0000,1.432600,1,-2.171100,185.467326,8.784593,3.487200,-74.171198,0
2022-07-01,sz.002213,14.8900,16.3000,14.7800,16.2000,14.8700,6876700,107566627.0000,3.338200,1,8.944200,202.055863,9.570303,3.799101,-80.805206,0
2022-07-04,sz.002213,16.2200,16.6800,15.7800,16.2400,16.2000,5033595,81567323.9000,2.443500,1,0.246900,202.554766,9.593933,3.808482,-81.004725,0
2022-07-05,sz.002213,16.1500,16.8600,16.0000,16.7000,16.2400,5207493,86572802.9600,2.527900,1,2.832500,208.292155,9.865682,3.916357,-83.299194,0
2022-07-06,sz.002213,16.6100,16.7800,16.3800,16.6300,16.7000,3506200,57999797.0000,1.702000,1,-0.419200,207.419074,9.824329,3.899941,-82.950035,0
2022-07-07,sz.002213,16.6100,16.8100,16.2500,16.4400,16.6300,3150100,52121918.9000,1.529200,1,-1.142500,205.049283,9.712085,3.855384,-82.002320,0
2022-07-08,sz.002213,16.4500,16.6700,16.2100,16.2500,16.4400,2458390,40253394.9500,1.193400,1,-1.155700,202.679492,9.599841,3.810827,-81.054605,0
2022-07-11,sz.002213,16.0100,16.5800,15.6500,15.8400,16.2500,3455402,55363283.8800,1.677400,1,-2.523100,197.565732,9.357629,3.714677,-79.009535,0
2022-07-12,sz.002213,15.8400,15.9800,14.7300,14.7900,15.8400,5233701,79264165.0000,2.540600,1,-6.628800,184.469519,8.737332,3.468438,-73.772160,0
2022-07-13,sz.002213,15.2500,15.7000,14.5000,14.9600,14.7900,5243571,79301054.2900,2.545400,1,1.149400,186.589858,8.837761,3.508306,-74.620116,0
2022-07-14,sz.002213,14.9600,15.5900,14.7300,15.1800,14.9600,4062300,62200498.0000,1.972000,1,1.470600,189.333827,8.967728,3.559898,-75.717471,0
2022-07-15,sz.002213,15.1700,15.5500,15.0000,15.2700,15.1800,3651175,55850240.2300,1.772400,1,0.592900,190.456359,9.020896,3.581004,-76.166389,0
2022-07-18,sz.002213,15.3100,15.7000,15.1400,15.3700,15.2700,3381753,51939301.0800,1.641600,1,0.654900,191.703618,9.079972,3.604456,-76.665186,0
2022-07-19,sz.002213,15.3700,16.2700,15.2600,16.1500,15.3700,6964817,111382404.7300,3.381000,1,5.074800,201.432233,9.540765,3.787375,-80.555807,0
2022-07-20,sz.002213,16.0600,16.2400,15.7000,16.0000,16.1500,3997763,63809735.2200,1.940700,1,-0.928800,199.561346,9.452151,3.752199,-79.807611,0
2022-07-21,sz.002213,16.0000,16.7400,15.8100,16.3400,16.0000,4207500,68800034.0000,2.042500,1,2.125000,203.802024,9.653009,3.831933,-81.503522,0
2022-07-22,sz.002213,16.8600,16.8600,15.7100,15.9600,16.3400,5951700,95486553.0000,2.889200,1,-2.325600,199.062442,9.428520,3.742818,-79.608092,0
2022-07-25,sz.002213,15.8200,16.0000,15.4200,15.6100,15.9600,4048080,63433069.6500,1.965100,1,-2.193000,194.697038,9.221755,3.660739,-77.862300,0
2022-07-26,sz.002213,15.7100,16.0900,15.4600,15.9500,15.6100,2856639,45206208.1100,1.386700,1,2.178100,198.937717,9.422613,3.740473,-79.558212,0
2022-07-27,sz.002213,15.9600,16.0700,15.2300,15.4900,15.9500,3781400,58835635.0000,1.835600,1,-2.884000,193.200328,9.150863,3.632597,-77.263743,0
2022-07-28,sz.002213,15.4900,15.9000,15.4000,15.4600,15.4900,3032400,47325144.0000,1.472000,1,-0.193700,192.826150,9.133141,3.625562,-77.114104,0
2022-07-29,sz.002213,15.4400,15.7800,15.2000,15.5500,15.4600,3048386,47187598.1500,1.479800,1,0.582100,193.948683,9.186309,3.646668,-77.563022,0
2022-08-01,sz.002213,15.4800,15.6000,14.9700,15.4000,15.5500,3038500,46240713.0000,1.475000,1,-0.964600,192.077795,9.097695,3.611491,-76.814825,0
2022-08-02,sz.002213,15.1900,15.2900,14.3300,14.5500,15.4000,6716385,98515907.5500,3.260400,1,-5.519500,181.476099,8.595550,3.412156,-72.575046,0
2022-08-03,sz.002213,14.1600,15.1800,14.1600,14.3100,14.5500,5905605,86885714.5100,2.866800,1,-1.649500,178.482679,8.453767,3.355873,-71.377932,0
2022-08-04,sz.002213,14.3000,14.7300,14.1900,14.4800,14.3100,3536428,50966964.4700,1.716700,1,1.188000,180.603018,8.554196,3.395740,-72.225888,0
2022-08-05,sz.002213,14.4800,14.9500,14.4800,14.7100,14.4800,2853143,41781728.3600,1.385000,1,1.588400,183.471712,8.690071,3.449678,-73.373122,0
2022-08-08,sz.002213,14.7100,16.1800,14.3200,16.1800,14.7100,7837555,124421089.3200,3.804600,1,9.993200,201.806411,9.558487,3.794411,-80.705446,0
2022-08-09,sz.002213,16.6800,16.6800,15.8900,15.9900,16.1800,11327768,183551257.1400,5.498900,1,-1.174300,199.436620,9.446243,3.749853,-79.757731,0
2022-08-10,sz.002213,16.0400,17.5900,15.8600,17.5900,15.9900,15970895,276889924.9900,7.752900,1,10.006300,219.392754,10.391458,4.125073,-87.738492,0
2022-08-11,sz.002213,17.9400,19.3500,17.6600,18.1300,17.5900,37647030,696789960.8100,18.275300,1,3.069900,226.127950,10.710468,4.251710,-90.431999,0
2022-08-12,sz.002213,17.9600,18.1100,16.8100,17.1000,18.1300,23687523,409329005.4300,11.498800,1,-5.681200,213.281188,10.101986,4.010162,-85.294384,0
2022-08-15,sz.002213,17.1900,18.0000,16.4400,17.9000,17.1000,17287908,300173681.2200,8.392200,1,4.678400,223.259256,10.574594,4.197772,-89.284765,0
2022-08-16,sz.002213,17.7900,19.0000,17.4400,18.0100,17.9000,18436658,335028948.1100,8.949800,1,0.614500,224.631240,10.639577,4.223568,-89.833442,0
2022-08-17,sz.002213,17.7600,18.2300,17.5000,17.8600,18.0100,9541986,169578767.0200,4.632000,1,-0.832900,222.760352,10.550963,4.188392,-89.085246,0
2022-08-18,sz.002213,17.7000,18.1300,17.4400,17.9400,17.8600,6982582,124289291.9400,3.389600,1,0.447900,223.758159,10.598224,4.207153,-89.484284,0
2022-08-19,sz.002213,18.0500,18.1800,17.2500,17.2900,17.9400,5299528,93299673.2800,2.572600,1,-3.623200,215.650979,10.214230,4.054720,-86.242099,0
2022-08-22,sz.002213,16.8900,17.4000,16.6300,16.8700,17.2900,6848723,115393454.4700,3.324600,1,-2.429100,210.412494,9.966111,3.956224,-84.147150,0
2022-08-23,sz.002213,16.8700,17.5400,16.7300,17.3800,16.8700,6408882,109570303.0000,3.111100,1,3.023100,216.773512,10.267399,4.075826,-86.691017,0
2022-08-24,sz.002213,17.2900,17.4000,16.4700,16.6000,17.3800,6278800,105227413.7200,3.048000,1,-4.487900,207.044896,9.806606,3.892906,-82.800396,0
2022-08-25,sz.002213,16.7700,16.8800,15.6200,16.1000,16.6000,7086125,113356993.6000,3.439900,1,-3.012000,200.808604,9.511227,3.775650,-80.306408,0
2022-08-26,sz.002213,16.2900,16.4200,16.0000,16.0800,16.1000,3234201,52354460.3000,1.570000,1,-0.124200,200.559152,9.499411,3.770960,-80.206649,0
2022-08-29,sz.002213,15.9100,16.4000,15.4900,15.7100,16.0800,3205100,50912465.0000,1.555900,1,-2.301000,195.944296,9.280831,3.684190,-78.361098,0
2022-08-30,sz.002213,16.2500,16.6000,15.6100,15.7200,15.7100,5712478,91383925.9000,2.773000,1,0.063700,196.069022,9.286738,3.686535,-78.410978,0
2022-08-31,sz.002213,15.7100,15.7300,14.8500,14.8900,15.7200,5371698,81101733.5200,2.607600,1,-5.279900,156.851119,8.619245,3.408812,117.311985,0
2022-09-01,sz.002213,14.8600,15.5800,14.8600,15.1200,14.8900,4228200,64286131.0000,2.052500,1,1.544700,159.273937,8.752383,3.461467,119.124057,0
2022-09-02,sz.002213,15.2400,15.6800,14.9300,15.4900,15.1200,3297200,50569361.0000,1.600600,1,2.447100,163.171513,8.966561,3.546172,122.039130,0
2022-09-05,sz.002213,15.5900,17.0400,15.5200,16.5800,15.4900,13347279,221781620.4000,6.479300,1,7.036800,174.653563,9.597520,3.795709,130.626777,0
2022-09-06,sz.002213,16.5500,17.0500,16.3000,16.9300,16.5800,8413800,140717402.0000,4.084400,1,2.111000,178.340459,9.800122,3.875836,133.384279,0
2022-09-07,sz.002213,17.0000,17.5000,16.7700,17.0600,16.9300,6189500,106566015.0000,3.004600,1,0.767900,179.709878,9.875374,3.905597,134.408493,0
2022-09-08,sz.002213,17.1500,17.1600,16.6000,16.6200,17.0600,3807700,63977394.0000,1.848400,1,-2.579100,175.074922,9.620675,3.804867,130.941920,0
2022-09-09,sz.002213,16.6500,16.8800,16.1100,16.4300,16.6200,3612974,59216777.0200,1.753900,1,-1.143200,173.073464,9.510691,3.761369,129.444991,0
2022-09-13,sz.002213,16.5400,17.1100,16.1300,16.3500,16.4300,4265798,70118189.1400,2.070800,1,-0.486900,172.230745,9.464382,3.743055,128.814705,0
2022-09-14,sz.002213,16.1000,16.3900,15.7700,15.8700,16.3500,3290500,52501885.0000,1.597300,1,-2.935800,167.174429,9.186529,3.633167,125.032989,0
2022-09-15,sz.002213,15.8900,16.1300,14.2800,14.2900,15.8700,7877780,116952838.0000,3.824200,1,-9.955900,150.530724,8.271928,3.271453,112.584840,0
2022-09-16,sz.002213,14.2900,14.8000,14.0300,14.1000,14.2900,5378202,77015171.9300,2.610800,1,-1.329600,148.529266,8.161944,3.227955,111.087911,0
2022-09-19,sz.002213,14.1000,14.2800,13.5000,13.5800,14.1000,5805392,80042309.2000,2.818200,1,-3.687900,143.051591,7.860936,3.108910,106.991052,0
2022-09-20,sz.002213,13.7200,14.1100,13.7000,13.9000,13.5800,4014810,55846182.5000,1.948900,1,2.356400,146.422468,8.046172,3.182169,109.512196,0
2022-09-21,sz.002213,13.8900,14.1200,13.5900,14.0200,13.9000,3598600,50072720.0000,1.746900,1,0.863300,147.686547,8.115635,3.209641,110.457625,0
2022-09-22,sz.002213,13.9300,14.1500,13.7700,13.8200,14.0200,2809600,39120652.0000,1.363900,1,-1.426500,145.579749,7.999863,3.163854,108.881910,0
2022-09-23,sz.002213,13.7700,13.8800,13.0500,13.1800,13.8200,5262910,70295033.9000,2.554800,1,-4.631000,138.837995,7.629392,3.017337,103.839622,0
2022-09-26,sz.002213,13.2900,13.4600,12.9400,13.1200,13.1800,3777945,49633439.8600,1.834000,1,-0.455200,138.205956,7.594660,3.003601,103.366907,0
2022-09-27,sz.002213,13.2100,13.6500,13.1700,13.3600,13.1200,3193310,42706737.5400,1.550200,1,1.829300,140.734113,7.733587,3.058545,105.257765,0
2022-09-28,sz.002213,13.3500,13.4900,12.6400,12.8200,13.3600,3613234,46657941.4000,1.754000,1,-4.041900,135.045758,7.421002,2.934921,101.003334,0
2022-09-29,sz.002213,12.9800,13.0500,12.3800,12.4700,12.8200,5817558,73287189.0400,2.824100,1,-2.730100,131.358862,7.218400,2.854795,98.245833,0
2022-09-30,sz.002213,12.4600,12.5300,11.8700,11.9100,12.4700,5638903,68206611.8000,2.737300,1,-4.490800,125.459827,6.894238,2.726592,93.833831,0
2022-10-10,sz.002213,11.9500,12.2000,11.6600,11.8600,11.9100,3921486,46769864.5400,1.903600,1,-0.419800,124.933128,6.865295,2.715145,93.439902,0
2022-10-11,sz.002213,11.8600,12.0100,11.6700,11.7100,11.8600,2795020,32992493.2000,1.356800,1,-1.264800,123.353029,6.778466,2.680805,92.258116,0
2022-10-12,sz.002213,11.8600,12.1200,11.4000,12.1000,11.7100,4617809,54250512.1700,2.241700,1,3.330500,127.461285,7.004222,2.770089,95.330760,0
2022-10-13,sz.002213,12.1000,12.2700,11.9800,12.0900,12.1000,3636553,44157304.6500,1.765300,1,-0.082600,127.355945,6.998433,2.767800,95.251975,0
2022-10-14,sz.002213,12.3000,12.4000,12.1200,12.3200,12.0900,3023990,37099047.1800,1.468000,1,1.902400,129.778763,7.131571,2.820455,97.064047,0
2022-10-17,sz.002213,12.3100,12.4800,12.0900,12.4200,12.3200,3198380,39249233.3600,1.552600,1,0.811700,130.832162,7.189457,2.843348,97.851904,0
2022-10-18,sz.002213,12.4900,13.6600,12.3500,13.6600,12.4200,7283774,95577514.8000,3.535800,1,9.983900,143.894310,7.907245,3.127225,107.621338,0
2022-10-19,sz.002213,13.4900,13.5500,13.0300,13.2300,13.6600,13161873,174162431.5500,6.389300,1,-3.147900,139.364695,7.658335,3.028784,104.233550,0
2022-10-20,sz.002213,13.0900,14.1600,12.6000,13.8500,13.2300,15598219,209591441.3400,7.572000,1,4.686300,145.895769,8.017229,3.170722,109.118267,0
2022-10-21,sz.002213,13.5400,13.8000,13.0300,13.4600,13.8500,11094354,148636794.7600,5.385600,1,-2.815900,141.787512,7.791473,3.081438,106.045623,0
2022-10-24,sz.002213,13.5800,13.5800,13.1200,13.1700,13.4600,7324473,97634003.1300,3.555600,1,-2.154500,138.732655,7.623603,3.015048,103.760836,0
2022-10-25,sz.002213,13.0500,13.1600,12.6300,12.9900,13.1700,5632004,72563387.3800,2.734000,1,-1.366700,136.836537,7.519408,2.973840,102.342692,0
2022-10-26,sz.002213,13.0800,13.9600,13.0700,13.7200,12.9900,10565192,143696218.9600,5.128700,1,5.619700,144.526350,7.941977,3.140961,108.094052,0
2022-10-27,sz.002213,13.6000,14.1400,13.2000,13.7000,13.7200,9579590,132373624.1700,4.650300,1,-0.145800,138.194274,7.750110,3.045267,47.062586,0
2022-10-28,sz.002213,13.7000,13.8400,13.0800,13.1500,13.7000,5928971,79848768.2100,2.878100,1,-4.014600,132.646329,7.438975,2.923012,45.173212,0
2022-10-31,sz.002213,13.1600,13.4800,13.0300,13.1400,13.1500,4640400,61114345.0000,2.252600,1,-0.076000,132.545457,7.433318,2.920789,45.138860,0
2022-11-01,sz.002213,13.1400,13.3700,13.0700,13.2900,13.1400,5897600,77947135.0000,2.862900,1,1.141600,134.058533,7.518173,2.954131,45.654144,0
2022-11-02,sz.002213,13.3000,14.1300,13.2800,14.1000,13.2900,10695501,147654751.6800,5.192000,1,6.094800,142.229143,7.976391,3.134180,48.436676,0
2022-11-03,sz.002213,13.9000,15.5100,13.8500,14.5300,14.1000,14340736,210203978.9600,6.961500,1,3.049600,146.566628,8.219643,3.229761,49.913823,0
2022-11-04,sz.002213,14.5500,14.8000,14.2600,14.6400,14.5300,8971022,130481093.7000,4.354900,1,0.757100,147.676217,8.281870,3.254212,50.291698,0
2022-11-07,sz.002213,15.0100,15.6000,14.2100,14.4000,14.6400,14528750,213868194.3300,7.052800,1,-1.639300,145.255295,8.146102,3.200865,49.467244,0
2022-11-08,sz.002213,14.5400,14.6000,13.9600,14.0500,14.4000,8210200,115849675.9000,3.985500,1,-2.430600,141.724785,7.948106,3.123066,48.264915,0
2022-11-09,sz.002213,13.9300,14.4700,13.8600,14.1900,14.0500,6000667,85019704.6700,2.912900,1,0.996400,143.136989,8.027304,3.154185,48.745847,0
2022-11-10,sz.002213,14.0800,14.4500,13.9000,14.0200,14.1900,6056500,85457324.2100,2.940000,1,-1.198000,141.422169,7.931135,3.116397,48.161858,0
2022-11-11,sz.002213,14.1400,14.6500,14.0300,14.6300,14.0200,10246625,147215373.1200,4.974100,1,4.350900,147.575345,8.276213,3.251990,50.257346,0
2022-11-14,sz.002213,14.6300,14.6700,14.0700,14.2000,14.6300,6849976,98117355.6300,3.325200,1,-2.939200,143.237861,8.032961,3.156408,48.780199,0
2022-11-15,sz.002213,14.1500,14.5500,13.8400,14.4400,14.2000,7159440,102481079.9100,3.475500,1,1.690100,145.658782,8.168730,3.209756,49.604653,0
2022-11-16,sz.002213,14.3300,14.4800,14.0000,14.0900,14.4400,6015751,85090019.7000,2.920300,1,-2.423800,142.128271,7.970734,3.131957,48.402324,0
2022-11-17,sz.002213,13.9900,14.3100,13.6300,14.2600,14.0900,6975607,97596092.4800,3.386200,1,1.206500,143.843091,8.066903,3.169745,48.986312,0
2022-11-18,sz.002213,14.4000,15.6900,14.2500,15.6900,14.2600,21577376,334223243.7800,10.474500,1,10.028100,158.267749,8.875856,3.487609,53.898684,0
2022-11-21,sz.002213,15.6700,16.5300,15.1500,15.4200,15.6900,27680039,437040361.3400,13.436900,1,-1.720800,155.544212,8.723117,3.427593,52.971174,0
2022-11-22,sz.002213,15.4500,15.8000,15.3000,15.5200,15.4200,11839626,183778673.8800,5.747400,1,0.648500,156.552929,8.779687,3.449821,53.314696,0
2022-11-23,sz.002213,15.3100,15.5800,14.7500,15.1600,15.5200,9579900,144541098.0000,4.650400,1,-2.319600,152.921547,8.576035,3.369799,52.078015,0
2022-11-24,sz.002213,15.0000,15.7600,15.0000,15.6800,15.1600,10386111,160234390.2300,5.041800,1,3.430100,158.166877,8.870199,3.485386,53.864332,0
2022-11-25,sz.002213,15.5300,15.5400,14.9800,14.9900,15.6800,7098410,107689844.3000,3.445800,1,-4.400500,151.206727,8.479865,3.332011,51.494027,0
2022-11-28,sz.002213,14.5100,14.7900,14.0800,14.2700,14.9900,7157900,102377506.4000,3.474700,1,-4.803200,143.943963,8.072560,3.171968,49.020665,0
2022-11-29,sz.002213,14.0800,14.4900,13.9800,14.3100,14.2700,4984400,70938480.0000,2.419600,1,0.280300,144.347450,8.095188,3.180859,49.158074,0
2022-11-30,sz.002213,14.3100,14.6200,14.1700,14.4600,14.3100,4552383,65589795.7500,2.209900,1,1.048200,145.860526,8.180044,3.214202,49.673357,0
2022-12-01,sz.002213,14.6400,15.9100,14.6400,15.9100,14.4600,8507375,134095044.1100,4.129800,1,10.027700,160.486927,9.000311,3.536511,54.654434,0
2022-12-02,sz.002213,16.2200,16.9900,15.6500,15.8000,15.9100,25698691,418302898.7400,12.475100,1,-0.691400,159.377338,8.938084,3.512060,54.276559,0
2022-12-05,sz.002213,15.5200,16.3900,15.4600,15.6800,15.8000,12868358,201630332.4800,6.246800,1,-0.759500,158.166877,8.870199,3.485386,53.864332,0
2022-12-06,sz.002213,15.5000,15.9800,15.4100,15.6500,15.6800,10841496,171036390.9200,5.262900,1,-0.191300,157.864262,8.853228,3.478717,53.761275,0
2022-12-07,sz.002213,15.6600,16.0200,15.4000,15.9100,15.6500,9367838,147560945.3200,4.547500,1,1.661300,160.486927,9.000311,3.536511,54.654434,0
2022-12-08,sz.002213,16.0100,16.6600,15.8100,16.2100,15.9100,13523420,219207492.1500,6.564800,1,1.885600,163.513079,9.170021,3.603196,55.685002,0
2022-12-09,sz.002213,15.9300,16.2300,15.7800,16.1800,16.2100,6638496,106530285.0000,3.222600,1,-0.185100,163.210464,9.153050,3.596527,55.581945,0
2022-12-12,sz.002213,16.2600,16.5800,15.9500,16.1800,16.1800,4750873,76986544.9800,2.306200,1,0.000000,163.210464,9.153050,3.596527,55.581945,0
2022-12-13,sz.002213,16.3000,16.7100,16.1600,16.4400,16.1800,7757996,127852660.2800,3.766000,1,1.606900,165.833129,9.300133,3.654320,56.475103,0
2022-12-14,sz.002213,17.1100,17.1100,15.7200,15.8000,16.4400,10187923,166585364.5000,4.945600,1,-3.892900,159.377338,8.938084,3.512060,54.276559,0
2022-12-15,sz.002213,15.7700,16.4900,15.5300,16.2400,15.8000,6526764,105032816.3200,3.168300,1,2.784800,163.815694,9.186992,3.609864,55.788058,0
2022-12-16,sz.002213,16.1300,16.1300,15.2900,15.5000,16.2400,7483614,116542556.2600,3.632800,1,-4.556700,156.351186,8.768373,3.445375,53.245992,0
2022-12-19,sz.002213,15.5000,15.6800,15.3600,15.5400,15.5000,3285044,50915353.2400,1.594700,1,0.258100,156.754673,8.791001,3.454266,53.383401,0
2022-12-20,sz.002213,15.4000,15.6400,15.0800,15.1800,15.5400,3065500,46727072.0000,1.488100,1,-2.316600,153.123290,8.587349,3.374245,52.146720,0
2022-12-21,sz.002213,15.2500,15.2600,14.7500,14.9800,15.1800,3380800,50558822.0000,1.641200,1,-1.317500,151.105856,8.474208,3.329788,51.459674,0
2022-12-22,sz.002213,15.0100,15.2500,14.8400,14.8500,14.9800,2872195,43114669.7500,1.394300,1,-0.867800,149.794523,8.400667,3.300892,51.013095,0
2022-12-23,sz.002213,14.7100,14.9800,14.5600,14.9000,14.8500,3031400,44744511.0000,1.471600,1,0.336700,150.298882,8.428952,3.312006,51.184856,0
2022-12-26,sz.002213,14.8000,15.3600,14.8000,15.3400,14.9000,2978579,45203092.1200,1.445900,1,2.953000,154.737238,8.677861,3.409810,52.696356,0
2022-12-27,sz.002213,15.4800,15.4800,14.8200,15.2100,15.3400,4024207,60772653.2100,1.953500,1,-0.847500,175.769484,9.857376,3.873279,59.858967,0
2022-12-28,sz.002213,15.1500,15.2500,14.8600,14.8800,15.2100,2312300,34723103.0000,1.122500,1,-2.169600,171.955945,9.643508,3.789244,58.560252,0
2022-12-29,sz.002213,16.3700,16.3700,15.6100,15.6800,14.8800,23864186,386408220.6100,11.584600,1,5.376300,181.200888,10.161976,3.992966,61.708652,0
2022-12-30,sz.002213,15.9000,16.5700,15.2000,16.0400,15.6800,22193857,353814586.7900,10.773700,1,2.295900,185.361113,10.395287,4.084642,63.125433,0
2023-01-03,sz.002213,15.6800,15.8500,14.8800,15.4100,16.0400,14834687,228135406.2800,7.201300,1,-3.927700,178.080720,9.986993,3.924210,60.646067,0
2023-01-04,sz.002213,15.2100,15.2900,14.7000,14.9300,15.4100,11267505,168569989.8000,5.469700,1,-3.114900,172.533754,9.675912,3.801976,58.757027,0
2023-01-05,sz.002213,14.9200,16.4200,14.8600,16.0700,14.9300,37544425,608524948.4100,18.225400,1,7.635600,185.707798,10.414729,4.092281,63.243498,0
2023-01-06,sz.002213,15.6000,15.6500,15.0300,15.1900,16.0700,26029201,398612237.3000,12.635500,1,-5.476000,175.538360,9.844414,3.868186,59.780257,0
2023-01-09,sz.002213,15.1300,16.3200,15.1300,15.7200,15.1900,22998910,362388411.7000,11.164500,1,3.489100,181.663135,10.187899,4.003153,61.866072,0
2023-01-10,sz.002213,16.1000,16.2600,15.7300,16.0400,15.7200,17123357,274013205.4500,8.312300,1,2.035600,185.361113,10.395287,4.084642,63.125433,0
2023-01-11,sz.002213,16.4000,16.4600,15.6800,15.6800,16.0400,14489400,233128020.0000,7.033700,1,-2.244400,181.200888,10.161976,3.992966,61.708652,0
2023-01-12,sz.002213,15.8500,16.1000,15.6900,15.8000,15.6800,8791301,139271744.7700,4.267600,1,0.765300,182.587630,10.239746,4.023525,62.180912,0
2023-01-13,sz.002213,15.5200,15.8900,15.3600,15.5300,15.8000,8203700,127469790.0000,3.982400,1,-1.708900,179.467461,10.064763,3.954768,61.118327,0
2023-01-16,sz.002213,15.6000,15.9400,15.3000,15.7900,15.5300,7028400,110292675.7400,3.411800,1,1.674200,182.472068,10.233265,4.020978,62.141557,0
2023-01-17,sz.002213,15.7700,16.0100,15.5500,15.8400,15.7900,7158411,113008149.7500,3.475000,1,0.316700,183.049877,10.265670,4.033711,62.338332,0
2023-01-18,sz.002213,15.8100,16.1000,15.6500,15.7200,15.8400,6385995,101374976.7000,3.100000,1,-0.757600,181.663135,10.187899,4.003153,61.866072,0
2023-01-19,sz.002213,15.6100,15.8800,15.5300,15.8500,15.7200,4903900,77244659.0000,2.380500,1,0.827000,183.165439,10.272151,4.036257,62.377688,0
2023-01-20,sz.002213,15.8500,16.1500,15.7800,16.0600,15.8500,8271183,132248306.3800,4.015100,1,1.324900,185.592236,10.408248,4.089735,63.204143,0
2023-01-30,sz.002213,16.3600,16.3600,16.0200,16.0800,16.0600,9230800,149458414.2700,4.481000,1,0.124500,185.823360,10.421210,4.094828,63.282853,0
2023-01-31,sz.002213,15.9900,16.3000,15.8800,16.2900,16.0800,6734800,109025906.0000,3.269300,1,1.306000,188.250157,10.557308,4.148305,64.109308,0
2023-02-01,sz.002213,16.3100,16.8300,16.2000,16.7600,16.2900,10898000,180912466.0000,5.290300,1,2.885200,193.681562,10.861908,4.267992,65.958993,0
2023-02-02,sz.002213,16.8500,18.4400,16.6200,17.4600,16.7600,22984096,405068746.0800,11.157300,1,4.176600,201.770887,11.315568,4.446250,68.713844,0
2023-02-03,sz.002213,17.3000,17.5300,16.8500,17.0700,17.4600,14076806,241200842.3800,6.833400,1,-2.233700,197.263977,11.062814,4.346935,67.178998,0
2023-02-06,sz.002213,17.0600,17.1200,16.6200,16.7100,17.0700,7778996,130431535.1600,3.776200,1,-2.109000,193.103753,10.829504,4.255259,65.762218,0
2023-02-07,sz.002213,16.9500,17.0000,16.5400,16.9100,16.7100,7913300,133119216.0000,3.841400,1,1.196900,195.414988,10.959121,4.306190,66.549318,0
2023-02-08,sz.002213,16.8000,17.0400,16.7300,16.9700,16.9100,6349458,107170422.9400,3.082300,1,0.354800,196.108359,10.998006,4.321469,66.785448,0
2023-02-09,sz.002213,16.8200,17.2800,16.7500,17.1800,16.9700,6586410,112352441.5000,3.197300,1,1.237500,198.535157,11.134104,4.374947,67.611904,0
2023-02-10,sz.002213,17.2200,17.4700,17.0000,17.3000,17.1800,8053202,138941008.4800,3.909300,1,0.698500,199.921898,11.211874,4.405505,68.084164,0
2023-02-13,sz.002213,17.4200,17.5000,17.1300,17.1900,17.3000,6293000,108640332.0000,3.054900,1,-0.635800,198.650719,11.140585,4.377493,67.651259,0
2023-02-14,sz.002213,17.0500,17.1300,16.5900,16.8200,17.1900,8502856,142842267.0300,4.127600,1,-2.152400,194.374932,10.900793,4.283271,66.195123,0
2023-02-15,sz.002213,16.9200,16.9200,16.4600,16.5200,16.8200,6982413,115976256.5100,3.389500,1,-1.783600,190.908079,10.706368,4.206875,65.014473,0
2023-02-16,sz.002213,16.4400,16.5700,15.7200,15.9000,16.5200,6979100,113148581.4600,3.387900,1,-3.753000,183.743248,10.304555,4.048990,62.574463,0
2023-02-17,sz.002213,15.8400,16.0500,15.3900,15.4300,15.9000,6606800,103506679.0000,3.207200,1,-2.956000,178.311843,9.999955,3.929303,60.724777,0
2023-02-20,sz.002213,15.4800,15.8000,15.2300,15.6500,15.4300,5479773,84649130.4700,2.660100,1,1.425800,180.854203,10.142533,3.985327,61.590587,0
2023-02-21,sz.002213,15.7300,15.7300,15.4700,15.6000,15.6500,3334148,52046798.7200,1.618500,1,-0.319500,180.276394,10.110129,3.972594,61.393812,0
2023-02-22,sz.002213,15.5600,15.5600,15.3100,15.4100,15.6000,3037400,46807659.0000,1.474500,1,-1.217900,178.080720,9.986993,3.924210,60.646067,0
2023-02-23,sz.002213,15.4900,15.7000,15.4200,15.6400,15.4100,3591300,56017523.0000,1.743300,1,1.492500,180.738641,10.136053,3.982780,61.551232,0
2023-02-24,sz.002213,15.6400,15.7400,15.2700,15.3400,15.6400,3670407,56662073.8000,1.781800,1,-1.918200,177.271787,9.941627,3.906384,60.370582,0
2023-02-27,sz.002213,15.3400,15.6500,15.1400,15.4600,15.3400,2658300,41054173.0000,1.290400,1,0.782300,178.658529,10.019397,3.936943,60.842842,0
2023-02-28,sz.002213,15.4600,15.7300,15.4600,15.7100,15.4600,2759075,43175082.2500,1.339400,1,1.617100,181.547574,10.181419,4.000606,61.826717,0
2023-03-01,sz.002213,15.8000,15.8000,15.6000,15.7300,15.7100,2524684,39571393.6000,1.225600,1,0.127300,181.778697,10.194380,4.005699,61.905427,0
2023-03-02,sz.002213,15.6500,15.7500,15.4800,15.5800,15.7300,2576100,40167541.0000,1.250500,1,-0.953600,180.045270,10.097168,3.967501,61.315102,0
2023-03-03,sz.002213,15.6000,15.8700,15.5600,15.7400,15.5800,3346142,52739252.4600,1.624300,1,1.027000,181.894259,10.200861,4.008246,61.944782,0
2023-03-06,sz.002213,15.6600,15.7100,15.3700,15.5400,15.7400,3100700,48145292.0000,1.505200,1,-1.270600,179.583023,10.071244,3.957315,61.157682,0
2023-03-07,sz.002213,15.5500,15.5500,14.9300,14.9800,15.5400,4510100,68565863.0000,2.189400,1,-3.603600,173.111563,9.708316,3.814709,58.953802,0
2023-03-08,sz.002213,14.9900,15.1600,14.9900,15.0900,14.9800,2005000,30222527.0000,0.973300,1,0.734300,174.382743,9.779606,3.842721,59.386707,0
2023-03-09,sz.002213,15.1500,15.1900,14.9900,15.0800,15.0900,1395800,21024715.0000,0.677600,1,-0.066300,174.267181,9.773125,3.840174,59.347352,0
2023-03-10,sz.002213,15.0400,15.1500,14.4500,14.4800,15.0800,3629900,53248658.0000,1.762100,1,-3.978800,167.333473,9.384274,3.687382,56.986051,0
2023-03-13,sz.002213,14.4100,14.6200,14.3000,14.6000,14.4800,2692900,38959940.0500,1.307200,1,0.828700,168.720215,9.462044,3.717941,57.458312,0
2023-03-14,sz.002213,14.6700,14.7500,14.3300,14.5900,14.6000,3059300,44387423.0000,1.485100,1,-0.068500,168.604653,9.455563,3.715394,57.418957,0
2023-03-15,sz.002213,14.6000,14.9000,14.6000,14.6400,14.5900,2829300,41735146.0000,1.373400,1,0.342700,169.182462,9.487967,3.728127,57.615732,0
2023-03-16,sz.002213,14.5100,14.8200,14.4100,14.5100,14.6400,2482600,36317580.0000,1.205100,1,-0.888000,167.680159,9.403716,3.695022,57.104116,0
2023-03-17,sz.002213,14.6000,14.7000,14.0800,14.2100,14.5100,4494700,64441523.0000,2.181900,1,-2.067500,164.213305,9.209291,3.618626,55.923466,0
2023-03-20,sz.002213,14.2000,14.3500,13.8500,14.2400,14.2100,3755500,52958509.0000,1.823100,1,0.211100,164.559990,9.228733,3.626265,56.041531,0
2023-03-21,sz.002213,14.2300,14.4200,14.1300,14.4100,14.2400,2354400,33680567.0000,1.142900,1,1.193800,166.524541,9.338908,3.669557,56.710566,0
2023-03-22,sz.002213,14.4500,14.6000,14.2700,14.3500,14.4100,3061000,44057429.9500,1.485900,1,-0.416400,165.831170,9.300023,3.654277,56.474436,0
2023-03-23,sz.002213,14.3300,14.4200,14.2000,14.3000,14.3500,3265200,46712426.0000,1.585000,1,-0.348400,165.253361,9.267618,3.641545,56.277661,0
2023-03-24,sz.002213,14.3000,14.5900,14.2500,14.2700,14.3000,3341901,48100591.3500,1.622300,1,-0.209800,164.906676,9.248176,3.633905,56.159596,0
2023-03-27,sz.002213,14.3300,14.3800,14.1400,14.1600,14.2700,2839400,40379650.0000,1.378300,1,-0.770800,163.635496,9.176887,3.605893,55.726691,0
2023-03-28,sz.002213,14.1600,14.2000,13.7900,13.8400,14.1600,3772903,52702301.5100,1.831500,1,-2.259900,159.937519,8.969499,3.524404,54.467331,0
2023-03-29,sz.002213,13.8500,13.9100,13.6400,13.6400,13.8400,2635002,36287886.3400,1.279100,1,-1.445100,157.626283,8.839882,3.473473,53.680231,0
2023-03-30,sz.002213,13.6400,15.0000,13.5700,15.0000,13.6400,15037443,222671527.7400,7.299700,1,9.970700,173.342686,9.721278,3.819802,59.032512,0
2023-03-31,sz.002213,14.6700,15.3700,14.4800,15.0000,15.0000,19555805,292938479.1000,9.493100,1,0.000000,173.342686,9.721278,3.819802,59.032512,0
2023-04-03,sz.002213,15.4000,15.7400,15.1300,15.4700,15.0000,15804240,243430946.4000,7.672000,1,3.133300,178.774091,10.025878,3.939489,60.882197,0
2023-04-04,sz.002213,15.3200,15.4700,15.0800,15.1700,15.4700,10297862,156896042.9200,4.999000,1,-1.939200,175.307237,9.831453,3.863093,59.701547,0
2023-04-06,sz.002213,15.0000,15.4900,15.0000,15.2600,15.1700,9867402,150910587.2400,4.790000,1,0.593300,176.347293,9.889780,3.886012,60.055742,0
2023-04-07,sz.002213,15.2000,15.3900,15.0600,15.1900,15.2600,6246000,94839027.0000,3.032000,1,-0.458700,175.538360,9.844414,3.868186,59.780257,0
2023-04-10,sz.002213,15.2700,15.4500,15.0000,15.0800,15.1900,7005940,106443169.4400,3.400900,1,-0.724200,174.267181,9.773125,3.840174,59.347352,0
2023-04-11,sz.002213,15.1900,15.4000,14.9000,15.4000,15.0800,8959243,136861718.3300,4.349100,1,2.122000,177.965158,9.980512,3.921663,60.606712,0
2023-04-12,sz.002213,15.7000,15.7500,15.2500,15.2600,15.4000,8864956,136342927.4500,4.303400,1,-0.909100,225.378109,5.359252,4.298222,11.090098,0
2023-04-13,sz.002213,15.1000,15.3700,14.9700,15.0100,15.2600,6152062,92879861.8800,2.986400,1,-1.638300,221.685807,5.271453,4.227805,10.908412,0
2023-04-14,sz.002213,15.0000,15.4900,14.9800,15.4000,15.0100,8254510,125993299.3800,4.007000,1,2.598300,227.445798,5.408420,4.337655,11.191842,0
2023-04-17,sz.002213,15.4500,15.6700,15.1000,15.1900,15.4000,5764000,88023052.0000,2.798100,1,-1.363600,224.344264,5.334668,4.278505,11.039226,0
2023-04-18,sz.002213,15.0800,15.4500,14.9200,15.2900,15.1900,6006658,91249033.3000,2.915900,1,0.658300,225.821185,5.369788,4.306672,11.111900,0
2023-04-19,sz.002213,15.2700,15.4500,15.0900,15.1000,15.2900,5328800,81191198.0000,2.586800,1,-1.242600,223.015035,5.303061,4.253155,10.973819,0
2023-04-20,sz.002213,14.9800,15.2300,14.9100,15.0600,15.1000,4375500,65831751.9000,2.124000,1,-0.264900,222.424267,5.289013,4.241888,10.944749,0
2023-04-21,sz.002213,15.1300,15.4200,13.9000,13.9000,15.0600,9017300,131280747.8400,4.377300,1,-7.702500,205.291986,4.881625,3.915156,10.101727,0
2023-04-24,sz.002213,13.7500,13.7700,12.9100,13.3200,13.9000,6743800,89630960.0000,3.273700,1,-4.172700,196.725846,4.677932,3.751790,9.680216,0
2023-04-25,sz.002213,13.3500,13.4000,12.5200,12.6800,13.3200,6144801,78841202.5500,2.982900,1,-4.804800,187.273553,4.453166,3.571524,9.215101,0
2023-04-26,sz.002213,12.6600,13.0700,12.6100,12.9600,12.6800,3170800,40955761.0000,1.539200,1,2.208200,191.408931,4.551501,3.650390,9.418589,0
2023-04-27,sz.002213,12.7800,13.0800,12.7000,12.7200,12.9600,2876800,36963807.0000,1.396500,1,-1.851900,203.972766,4.464419,3.833579,9.808644,0
2023-04-28,sz.002213,12.5800,13.0200,12.5800,13.0100,12.7200,2424700,31272622.0000,1.177000,1,2.279900,208.623088,4.566202,3.920980,10.032269,0
2023-05-04,sz.002213,13.0000,13.1400,12.8000,12.8600,13.0100,2926700,37904057.0000,1.420700,1,-1.153000,206.217749,4.513556,3.875773,9.916601,0
2023-05-05,sz.002213,12.9100,12.9900,12.4800,12.5300,12.8600,2830302,35664611.0200,1.373900,1,-2.566100,200.926003,4.397733,3.776317,9.662131,0
2023-05-08,sz.002213,12.5200,12.6600,12.3500,12.4200,12.5300,2772500,34616032.0000,1.345900,1,-0.877900,199.162087,4.359126,3.743165,9.577308,0
2023-05-09,sz.002213,12.4200,12.4200,12.0000,12.0200,12.4200,3935739,47971518.8000,1.910600,1,-3.220600,192.747849,4.218735,3.622612,9.268860,0
2023-05-10,sz.002213,12.0200,12.3600,11.9500,12.2700,12.0200,2554900,31117109.0000,1.240200,1,2.079900,196.756748,4.306480,3.697958,9.461640,0
2023-05-11,sz.002213,12.2500,12.5200,12.1800,12.4100,12.2700,1768600,21915966.0000,0.858500,1,1.141000,199.001731,4.355616,3.740151,9.569597,0
2023-05-12,sz.002213,12.3300,12.5000,12.1500,12.1800,12.4100,1765800,21716159.0000,0.857200,1,-1.853300,195.313545,4.274892,3.670833,9.392240,0
2023-05-15,sz.002213,12.2600,12.4200,12.1200,12.3600,12.1800,2312194,28413178.5400,1.122400,1,1.477800,198.199952,4.338067,3.725082,9.531041,0
2023-05-16,sz.002213,12.4300,12.6300,12.2300,12.5000,12.3600,2946200,36743417.0000,1.430200,1,1.132700,200.444935,4.387204,3.767275,9.638998,0
2023-05-17,sz.002213,12.5100,12.8600,12.3500,12.4300,12.5000,4446402,55796265.7800,2.158400,1,-0.560000,199.322443,4.362636,3.746179,9.585020,0
2023-05-18,sz.002213,12.3400,12.5900,12.3200,12.5200,12.4300,2746789,34257825.6000,1.333400,1,0.724100,200.765647,4.394224,3.773303,9.654420,0
2023-05-19,sz.002213,12.5000,13.7700,12.4100,13.7700,12.5200,5598314,75515154.7800,2.717600,1,9.984000,220.810140,4.832944,4.150031,10.618320,0
2023-05-22,sz.002213,14.3600,14.3600,13.7500,13.8500,13.7700,14886944,208487201.2500,7.226700,1,0.581000,222.092988,4.861022,4.174141,10.680010,0
2023-05-23,sz.002213,13.6700,13.9200,13.4800,13.6000,13.8500,8332681,113986057.0800,4.045000,1,-1.805100,218.084089,4.773278,4.098796,10.487230,0
2023-05-24,sz.002213,13.6000,14.8400,13.5500,14.0900,13.6000,14553376,206376168.3400,7.064700,1,3.602900,225.941531,4.945256,4.246473,10.865078,0
2023-05-25,sz.002213,14.1900,15.5000,14.0200,15.5000,14.0900,33192499,502006675.7800,16.112900,1,10.007100,248.551719,5.440133,4.671422,11.952357,0
2023-05-26,sz.002213,15.1000,15.8000,14.3900,14.6800,15.5000,28977542,432420036.4200,14.066800,1,-5.290300,235.402532,5.152332,4.424288,11.320039,0
2023-05-29,sz.002213,14.8000,15.4800,14.4500,14.6000,14.6800,17281345,255505999.6400,8.389000,1,-0.545000,234.119684,5.124254,4.400178,11.258350,0
2023-05-30,sz.002213,14.6000,14.7000,14.1100,14.5600,14.6000,12795245,183714060.4600,6.211300,1,-0.274000,233.478260,5.110215,4.388122,11.227505,0
2023-05-31,sz.002213,14.3500,15.0300,14.2500,14.7700,14.5600,13956013,203943175.5100,6.774800,1,1.442300,236.845735,5.183920,4.451413,11.389440,0
2023-06-01,sz.002213,14.4000,15.1300,14.2900,14.8500,14.7700,15864845,233527765.9400,7.701400,1,0.541600,238.128583,5.211998,4.475523,11.451130,0
2023-06-02,sz.002213,14.7100,14.9100,14.6100,14.7800,14.8500,8021048,118529124.0800,3.893700,1,-0.471400,237.006091,5.187430,4.454426,11.397151,0
2023-06-05,sz.002213,14.8800,15.0600,14.2300,14.4200,14.7800,13411059,195086132.6800,6.510200,1,-2.435700,231.233277,5.061079,4.345929,11.119548,0
2023-06-06,sz.002213,14.4200,14.6000,14.1800,14.2900,14.4200,7372601,106172418.2400,3.578900,1,-0.901500,229.148650,5.015452,4.306749,11.019302,0
2023-06-07,sz.002213,14.3200,14.8900,14.2200,14.6700,14.2900,10156358,148382738.5000,4.930300,1,2.659200,235.242176,5.148823,4.421274,11.312328,0
2023-06-08,sz.002213,14.6000,15.2200,14.3700,14.4400,14.6700,6845800,100181684.0000,3.323200,1,-1.567800,231.553989,5.068098,4.351957,11.134970,0
2023-06-09,sz.002213,14.4300,15.8400,14.2600,15.5100,14.4400,20237410,305163557.6400,9.824000,1,7.410000,248.712075,5.443643,4.674435,11.960069,0
2023-06-12,sz.002213,15.0800,16.0000,15.0200,15.3000,15.5100,19705098,306625381.9600,9.565600,1,-1.354000,245.344600,5.369938,4.611145,11.798133,0
2023-06-13,sz.002213,15.1900,16.8300,15.1500,16.8300,15.3000,40050359,656561042.4400,19.441900,1,10.000000,269.879060,5.906932,5.072260,12.977947,0
2023-06-14,sz.002213,17.9000,18.5100,16.4000,16.8100,16.8300,59448495,1049723225.2700,28.858500,1,-0.118800,269.558348,5.899912,5.066232,12.962524,0
2023-06-15,sz.002213,16.0200,17.2900,15.5900,17.2000,16.8100,40749491,664566107.4200,19.781300,1,2.320000,275.812230,6.036793,5.183771,13.263261,0
2023-06-16,sz.002213,17.2600,17.6800,15.9000,16.2200,17.2000,42449607,701936175.8200,20.606600,1,-5.697700,260.097348,5.692836,4.888417,12.507564,0
2023-06-19,sz.002213,15.8300,17.3600,15.6000,16.6400,16.2200,31888205,525489173.9800,15.479700,1,2.589400,266.832297,5.840246,5.014997,12.831434,0
2023-06-20,sz.002213,16.4000,16.9600,16.2200,16.4600,16.6400,22163048,367533932.8800,10.758800,1,-1.081700,263.945890,5.777070,4.960748,12.692632,0
2023-06-21,sz.002213,16.4600,16.6600,15.3800,15.4600,16.4600,22456560,357911407.1200,10.901200,1,-6.075300,247.910295,5.426094,4.659366,11.921513,0
2023-06-26,sz.002213,15.2400,15.6300,15.1400,15.1800,15.4600,11619731,178374015.3200,5.640600,1,-1.811100,243.420329,5.327821,4.574979,11.705599,0
2023-06-27,sz.002213,15.1900,15.5800,15.0200,15.5000,15.1800,8601349,131939924.5300,4.175400,1,2.108000,248.551719,5.440133,4.671422,11.952357,0
2023-06-28,sz.002213,15.3900,15.8200,15.1500,15.7000,15.5000,10371203,161072615.8600,5.034600,1,1.290300,251.758838,5.510328,4.731698,12.106581,0
2023-06-29,sz.002213,15.8600,16.4500,15.7600,16.2600,15.7000,15454648,250658806.0000,7.502300,1,3.566900,260.738771,5.706875,4.900472,12.538408,0
2023-06-30,sz.002213,16.0300,16.2600,15.8000,16.0500,16.2600,9818400,157733424.0000,4.766200,1,-1.291500,257.371296,5.633170,4.837182,12.376473,0
2023-07-03,sz.002213,15.9300,16.1400,15.8500,15.9300,16.0500,6639699,105937817.1100,3.223200,1,-0.747700,255.447025,5.591053,4.801016,12.283939,0
2023-07-04,sz.002213,15.8500,16.3200,15.8100,16.2300,15.9300,9169900,148302249.0100,4.451400,1,1.883200,260.257703,5.696346,4.891430,12.515275,0
2023-07-05,sz.002213,16.1300,16.3400,15.4400,15.8200,16.2300,7836400,125118663.0000,3.804100,1,-2.526200,253.683110,5.552446,4.767864,12.199116,0
2023-07-06,sz.002213,15.7000,16.7500,15.6500,16.5000,15.8200,17028600,277785191.0000,8.266300,1,4.298400,264.587314,5.791109,4.972804,12.723477,0
2023-07-07,sz.002213,16.3200,16.7200,16.0700,16.1500,16.5000,10498842,170924628.8800,5.096500,1,-2.121200,258.974856,5.668268,4.867320,12.453585,0
2023-07-10,sz.002213,16.2200,16.2500,15.7000,15.7600,16.1500,8695000,138012415.0000,4.220900,1,-2.414900,252.720974,5.531387,4.749781,12.152849,0
2023-07-11,sz.002213,15.6000,16.4900,15.5800,16.4500,15.7600,14564200,236778512.0000,7.070000,1,4.378200,263.785534,5.773561,4.957734,12.684921,0
2023-07-12,sz.002213,16.3500,16.6900,16.0900,16.1800,16.4500,10146400,165814409.0000,4.925400,1,-1.641300,259.455924,5.678797,4.876361,12.476719,0
2023-07-13,sz.002213,16.3100,17.8000,16.0100,17.4600,16.1800,33216643,572071789.5800,16.124600,1,7.911000,279.981485,6.128047,5.262130,13.463752,0
2023-07-14,sz.002213,17.1700,17.6000,16.9100,17.0400,17.4600,20812946,357783019.0000,10.103400,1,-2.405500,273.246535,5.980637,5.135550,13.139882,0
2023-07-17,sz.002213,17.3000,17.9500,16.2500,16.6900,17.0400,32409946,556186161.8200,15.733000,1,-2.054000,267.634077,5.857795,5.030066,12.869990,0
2023-07-18,sz.002213,17.1700,18.3600,16.8500,17.6800,16.6900,55359658,996299487.5200,26.873600,1,5.931700,283.509316,6.205261,5.328434,13.633399,0
2023-07-19,sz.002213,16.8900,17.6500,16.8000,16.8100,17.6800,39845121,679704705.7200,19.342300,1,-4.920800,269.558348,5.899912,5.066232,12.962524,0
2023-07-20,sz.002213,16.8600,17.2800,15.8200,15.8200,16.8100,29134496,476843280.2300,14.143000,1,-5.889400,253.683110,5.552446,4.767864,12.199116,0
2023-07-21,sz.002213,15.8800,16.1400,15.2700,15.3200,15.8200,14869885,231332895.5500,7.218400,1,-3.160600,245.665312,5.376957,4.617173,11.813556,0
2023-07-24,sz.002213,15.2000,15.6800,14.9800,15.0600,15.3200,10414443,159038846.6400,5.055600,1,-1.697100,241.496058,5.285703,4.538813,11.613065,0
2023-07-25,sz.002213,15.1600,15.4500,14.9200,15.3000,15.0600,9333800,142088538.0000,4.531000,1,1.593600,245.344600,5.369938,4.611145,11.798133,0
2023-07-26,sz.002213,15.2200,15.3000,14.6800,14.7400,15.3000,10519201,157126651.9000,5.106400,1,-3.660100,236.364667,5.173391,4.442371,11.366306,0
2023-07-27,sz.002213,14.7500,15.2000,14.6800,14.7700,14.7400,7944300,118115746.0000,3.856500,1,0.203500,236.845735,5.183920,4.451413,11.389440,0
2023-07-28,sz.002213,14.6800,14.8500,14.3100,14.8100,14.7700,6598800,96574212.0000,3.203300,1,0.270800,237.487159,5.197959,4.463468,11.420285,0
2023-07-31,sz.002213,14.7000,14.9800,14.6300,14.8300,14.8100,5608700,83246830.1200,2.722700,1,0.135000,237.807871,5.204979,4.469496,11.435707,0
2023-08-01,sz.002213,14.7700,14.7900,14.5000,14.5800,14.8300,5588900,81645532.0000,2.713100,1,-1.685800,233.798972,5.117235,4.394150,11.242927,0
2023-08-02,sz.002213,14.4600,14.7200,14.4000,14.6000,14.5800,3741300,54373295.0000,1.816200,1,0.137200,234.119684,5.124254,4.400178,11.258350,0
2023-08-03,sz.002213,14.6000,14.8000,14.4000,14.5000,14.6000,4434900,64520000.0000,2.152900,1,-0.684900,232.516124,5.089157,4.370039,11.181238,0
2023-08-04,sz.002213,14.5400,14.7500,14.5300,14.6900,14.5000,4197000,61522267.0000,2.037400,1,1.310300,235.562887,5.155842,4.427302,11.327750,0
2023-08-07,sz.002213,14.7000,14.9700,14.6500,14.8300,14.6900,4447200,65915840.0000,2.158800,1,0.953000,237.807871,5.204979,4.469496,11.435707,0
2023-08-08,sz.002213,14.9100,14.9200,14.6000,14.6700,14.8300,3730900,55050325.0000,1.811100,1,-1.078900,235.242176,5.148823,4.421274,11.312328,0
2023-08-09,sz.002213,14.5500,14.6600,14.4000,14.4900,14.6700,2392800,34709089.0000,1.161600,1,-1.227000,232.355769,5.085647,4.367026,11.173526,0
2023-08-10,sz.002213,14.4800,14.5500,14.3600,14.4700,14.4900,2418100,34930154.0000,1.173800,1,-0.138000,232.035057,5.078627,4.360998,11.158104,0
2023-08-11,sz.002213,14.4700,14.4700,13.9600,14.0400,14.4700,4599700,64970490.0000,2.232900,1,-2.971700,225.139751,4.927708,4.231404,10.826522,0
2023-08-14,sz.002213,13.9500,14.1900,13.8800,14.1800,14.0400,2776200,39080707.0000,1.347700,1,0.997200,227.384734,4.976844,4.273597,10.934479,0
2023-08-15,sz.002213,14.1500,14.3200,14.0300,14.1000,14.1800,1834300,25982607.0000,0.890400,1,-0.564200,226.101887,4.948766,4.249487,10.872790,0
2023-08-16,sz.002213,13.9600,14.1200,13.8600,13.8600,14.1000,2172000,30244495.0000,1.054400,1,-1.702100,222.253344,4.864532,4.177155,10.687721,0
2023-08-17,sz.002213,13.8600,14.2100,13.7000,14.1600,13.8600,2663200,37336480.0000,1.292800,1,2.164500,227.064022,4.969825,4.267570,10.919057,0
2023-08-18,sz.002213,14.1100,14.3900,13.9500,13.9500,14.1600,2289100,32490838.0000,1.111200,1,-1.483100,223.696547,4.896120,4.204279,10.757122,0
2023-08-21,sz.002213,13.9600,14.1300,13.8100,13.8100,13.9500,1812300,25303546.0000,0.879800,1,-1.003600,221.451564,4.846983,4.162086,10.649165,0
2023-08-22,sz.002213,13.8000,13.9900,13.4900,13.8800,13.8100,3207400,44037835.0000,1.557000,1,0.506900,222.574056,4.871551,4.183183,10.703143,0
2023-08-23,sz.002213,13.8000,14.0000,13.7000,13.7500,13.8800,2748110,38148344.5000,1.334000,1,-0.936600,220.489428,4.825925,4.144003,10.602898,0
2023-08-24,sz.002213,13.7000,14.0000,13.4600,13.9000,13.7500,3118600,43032357.9000,1.513900,1,1.090900,222.894768,4.878571,4.189210,10.718566,0
2023-08-25,sz.002213,13.7500,13.7500,13.0600,13.1900,13.9000,5474780,72606721.4000,2.657700,1,-5.107900,-130.424116,4.850855,4.642824,11.356424,0
2023-08-28,sz.002213,13.8800,14.1600,12.9700,12.9800,13.1900,4674400,63155038.0000,2.269100,1,-1.592100,-128.347614,4.773624,4.568905,11.175616,0
2023-08-29,sz.002213,12.9300,13.5400,12.8900,13.5000,12.9800,4154000,55588038.0000,2.016500,1,4.006200,-133.489429,4.964863,4.751942,11.623330,0
2023-08-30,sz.002213,13.5100,14.1500,13.5100,13.8800,13.5000,4636600,64506168.0000,2.250800,1,2.814800,-137.246909,5.104615,4.885701,11.950505,0
2023-08-31,sz.002213,13.7400,13.9500,13.6800,13.8800,13.8800,2231700,30872550.0000,1.083300,1,0.000000,-137.246909,5.104615,4.885701,11.950505,0
2023-09-01,sz.002213,13.8900,14.2000,13.8300,14.0000,13.8800,2810200,39267967.0000,1.364200,1,0.864600,-138.433482,5.148747,4.927940,12.053824,0
2023-09-04,sz.002213,14.0100,14.0900,13.8600,14.0900,14.0000,2500400,34967616.0000,1.213800,1,0.642900,-139.323412,5.181846,4.959620,12.131312,0
2023-09-05,sz.002213,14.0800,15.5000,14.0000,14.9500,14.0900,23607400,356623823.8000,11.459900,1,6.103600,-147.827183,5.498127,5.262336,12.871762,0
2023-09-06,sz.002213,14.6800,15.0900,14.4100,14.7300,14.9500,18628407,273743383.1000,9.042900,1,-1.471600,-145.651799,5.417218,5.184897,12.682344,0
2023-09-07,sz.002213,14.5300,14.7000,13.9000,14.0000,14.7300,11835405,168166515.6800,5.745300,1,-4.955900,-138.433482,5.148747,4.927940,12.053824,0
2023-09-08,sz.002213,13.9600,14.2000,13.9300,14.0300,14.0000,5716200,80287376.0000,2.774900,1,0.214300,-138.730125,5.159780,4.938500,12.079653,0
2023-09-11,sz.002213,13.9700,14.0000,13.6000,13.8500,14.0300,5434846,75023373.5800,2.638300,1,-1.283000,-136.950266,5.093582,4.875141,11.924675,0
2023-09-12,sz.002213,13.8800,14.1800,13.7900,14.0700,13.8500,5330446,74779602.1000,2.587600,1,1.588400,-139.125650,5.174491,4.952580,12.114093,0
2023-09-13,sz.002213,13.9900,14.1900,13.7200,13.8500,14.0700,4605200,64040424.0000,2.235500,1,-1.563600,-136.950266,5.093582,4.875141,11.924675,0
2023-09-14,sz.002213,13.7500,13.8900,13.5500,13.6300,13.8500,3369500,46028593.0000,1.635700,1,-1.588400,-134.774883,5.012673,4.797702,11.735258,0
2023-09-15,sz.002213,13.6600,13.9500,13.5000,13.6900,13.6300,3363300,46100707.0000,1.632700,1,0.440200,-135.368169,5.034739,4.818822,11.786917,0
2023-09-18,sz.002213,13.6700,13.8900,13.5200,13.6900,13.6900,3159000,43383409.0000,1.533500,1,0.000000,-135.368169,5.034739,4.818822,11.786917,0
2023-09-19,sz.002213,13.5800,13.7100,13.3000,13.4300,13.6900,3594700,48410175.0000,1.745000,1,-1.899200,-132.797262,4.939120,4.727303,11.563061,0
2023-09-20,sz.002213,13.3600,13.8400,13.3600,13.3600,13.4300,3306742,44674406.0000,1.605200,1,-0.521200,-132.105094,4.913376,4.702663,11.502792,0
2023-09-21,sz.002213,13.2200,13.4000,13.1200,13.1800,13.3600,2528000,33475777.0000,1.227200,1,-1.347300,-130.922854,4.869405,4.660578,11.399850,0
2023-09-22,sz.002213,13.1000,13.5200,13.0900,13.4900,13.1800,2906636,38839124.0200,1.411000,1,2.352000,-134.002223,4.983936,4.770197,11.667980,0
2023-09-25,sz.002213,13.4800,13.6500,13.3500,13.6200,13.4900,3163942,42781037.6200,1.535900,1,0.963700,-135.293571,5.031965,4.816166,11.780422,0
2023-09-26,sz.002213,14.5000,14.5900,13.8600,13.8800,13.6200,11197500,157454967.1900,5.435700,1,1.909000,-137.876268,5.128023,4.908105,12.005305,0
2023-09-27,sz.002213,13.8800,13.9700,13.5500,13.6000,13.8800,4717610,64434466.2000,2.290100,1,-2.017300,-135.094902,5.024576,4.809094,11.763123,0
2023-09-28,sz.002213,13.6000,13.8500,13.5400,13.7900,13.6000,3313125,45568180.9300,1.608300,1,1.397100,-136.982258,5.094772,4.876280,11.927461,0
2023-10-09,sz.002213,13.7300,14.0200,13.7300,13.9200,13.7900,3690424,51401478.5200,1.791500,1,0.942700,-138.273606,5.142801,4.922249,12.039903,0
2023-10-10,sz.002213,13.9200,14.1700,13.8000,14.1100,13.9200,6228446,87406887.4000,3.023500,1,1.364900,-140.160961,5.212997,4.989435,12.204240,0
2023-10-11,sz.002213,14.0600,14.0800,13.8400,14.0100,14.1100,4733931,66031287.9000,2.298000,1,-0.708700,-139.167616,5.176052,4.954074,12.117747,0
2023-10-12,sz.002213,14.0500,14.0800,13.8700,13.9300,14.0100,2924325,40765303.2500,1.419600,1,-0.571000,-138.372940,5.146496,4.925785,12.048552,0
2023-10-13,sz.002213,13.9000,14.0000,13.7800,13.8400,13.9300,2925130,40630611.0000,1.420000,1,-0.646100,-137.478930,5.113245,4.893960,11.970708,0
2023-10-16,sz.002213,13.6900,13.7800,13.4700,13.6000,13.8400,3209031,43646273.6000,1.557800,1,-1.734100,-135.094902,5.024576,4.809094,11.763123,0
2023-10-17,sz.002213,13.5800,13.6900,13.3900,13.6500,13.6000,2641200,35784182.0000,1.282100,1,0.367600,-135.591575,5.043048,4.826774,11.806370,0
2023-10-18,sz.002213,13.6000,13.6900,13.4800,13.5300,13.6500,2227800,30209921.0000,1.081500,1,-0.879100,-134.399561,4.998714,4.784341,11.702578,0
2023-10-19,sz.002213,13.5300,14.4600,13.4100,14.0300,13.5300,11630187,162913282.8200,5.645700,1,3.695500,-139.366285,5.183441,4.961146,12.135046,0
2023-10-20,sz.002213,13.8100,13.9400,13.4400,13.5200,14.0300,7468924,101834389.4000,3.625700,1,-3.635100,-134.300226,4.995019,4.780805,11.693928,0
2023-10-23,sz.002213,13.4000,13.4800,12.8200,12.8800,13.5200,4897800,63815880.0000,2.377600,1,-4.733700,-127.942819,4.758569,4.554495,11.140370,0
2023-10-24,sz.002213,12.8800,13.3400,12.8600,13.2700,12.8800,4274340,56380923.8000,2.074900,1,3.028000,-131.816864,4.902656,4.692403,11.477695,0
2023-10-25,sz.002213,13.3300,13.4800,13.2100,13.4000,13.2700,2718501,36255353.2800,1.319700,1,0.979700,-133.108213,4.950685,4.738372,11.590136,0
2023-10-26,sz.002213,13.2800,13.4800,13.2200,13.4400,13.4000,2998703,39965358.1100,1.455700,1,0.298500,-133.505551,4.965463,4.752516,11.624734,0
2023-10-27,sz.002213,13.3100,13.7600,13.3100,13.6700,13.4400,4672900,63628862.0000,2.268400,1,1.711300,-102.500107,5.068675,4.504825,13.928324,0
2023-10-30,sz.002213,13.5500,14.4600,13.5100,14.2400,13.6700,10472757,147601983.1800,5.083900,1,4.169700,-106.774069,5.280024,4.692663,14.509095,0
2023-10-31,sz.002213,15.0000,15.3800,14.0600,14.3700,14.2400,12768188,185353128.1300,6.198100,1,0.912900,-107.748832,5.328227,4.735503,14.641552,0
2023-11-01,sz.002213,14.3300,14.5800,14.3100,14.4500,14.3700,8582160,124079159.2000,4.166100,1,0.556700,-108.348687,5.357890,4.761867,14.723064,0
2023-11-02,sz.002213,14.5000,15.9000,14.5000,15.4200,14.4500,39804612,616853327.3500,19.322600,1,6.712800,-115.621920,5.717554,5.081521,15.711394,0
2023-11-03,sz.002213,15.4100,15.6000,14.7000,15.3100,15.4200,30964514,466792950.7300,15.031300,1,-0.713400,-114.797120,5.676768,5.045272,15.599315,0
2023-11-06,sz.002213,15.1500,15.2000,14.7600,15.0800,15.3100,21236002,317662000.7300,10.308700,1,-1.502300,-113.072539,5.591486,4.969477,15.364969,0
2023-11-07,sz.002213,15.1400,15.3600,14.9800,15.2000,15.0800,15816702,238871978.2000,7.678000,1,0.795800,-113.972321,5.635981,5.009022,15.487236,0
2023-11-08,sz.002213,14.9900,15.2600,14.8700,15.0000,15.2000,12003800,180106580.0000,5.827100,1,-1.315800,-112.472685,5.561823,4.943114,15.283457,0
2023-11-09,sz.002213,15.1200,15.1700,14.7300,14.8500,15.0000,10018000,149525599.0000,4.863100,1,-1.000000,-111.347958,5.506205,4.893683,15.130622,0
2023-11-10,sz.002213,14.8800,15.3000,14.7800,15.1000,14.8500,11418800,171757015.0000,5.543100,1,1.683500,-113.222503,5.598902,4.976068,15.385347,0
2023-11-13,sz.002213,15.1500,15.4500,14.9900,15.0800,15.1000,8568100,129444684.0000,4.159300,1,-0.132500,-113.072539,5.591486,4.969477,15.364969,0
2023-11-14,sz.002213,15.0600,15.3900,14.9800,15.2300,15.0800,10243310,155678147.6000,4.972500,1,0.994700,-114.197266,5.647105,5.018909,15.517803,0
2023-11-15,sz.002213,15.3500,15.6000,15.0900,15.4400,15.2300,13856900,212933015.0000,6.726700,1,1.378900,-115.771884,5.724970,5.088112,15.731772,0
2023-11-16,sz.002213,15.3900,15.8100,15.0300,15.4800,15.4400,14356110,222001692.9000,6.969000,1,0.259100,-116.071811,5.739802,5.101294,15.772528,0
2023-11-17,sz.002213,15.2800,15.9000,15.2800,15.8300,15.4800,15463200,242250337.2000,7.506400,1,2.261000,-118.696174,5.869578,5.216633,16.129142,0
2023-11-20,sz.002213,15.8900,16.1400,15.5100,15.8700,15.8300,14318080,226541656.8000,6.950500,1,0.252700,-118.996101,5.884409,5.229815,16.169897,0
2023-11-21,sz.002213,15.7200,15.9900,15.2700,15.5900,15.8700,14663850,228248589.6000,7.118400,1,-1.764300,-116.896611,5.780588,5.137543,15.884606,0
2023-11-22,sz.002213,15.5000,15.5700,15.2200,15.3200,15.5900,6890200,105931229.0000,3.344800,1,-1.731900,-114.872102,5.680476,5.048567,15.609504,0
2023-11-23,sz.002213,15.1800,15.6000,15.1700,15.4700,15.3200,5499480,84829546.0000,2.669700,1,0.979100,-115.996829,5.736094,5.097998,15.762339,0
2023-11-24,sz.002213,15.4000,15.4500,15.0000,15.0400,15.4700,5918600,89766251.0000,2.873100,1,-2.779600,-112.772612,5.576655,4.956296,15.324213,0
2023-11-27,sz.002213,14.9900,15.2300,14.9100,15.1800,15.0400,3294000,49840798.0000,1.599000,1,0.930900,-113.822357,5.628565,5.002432,15.466858,0
2023-11-28,sz.002213,15.1400,15.4200,15.1000,15.2600,15.1800,3760730,57385530.6600,1.825600,1,0.527000,-114.422212,5.658228,5.028795,15.548370,0
2023-11-29,sz.002213,15.1800,15.5600,15.1800,15.3500,15.2600,6938600,106594796.0000,3.368300,1,0.589800,-115.097048,5.691599,5.058454,15.640071,0
2023-11-30,sz.002213,15.2000,15.2300,14.7000,14.8200,15.3500,5987000,89376828.0000,2.906300,1,-3.452800,-111.123013,5.495082,4.883797,15.100055,0
2023-12-01,sz.002213,14.7400,15.0000,14.7000,14.9600,14.8200,3472100,51537928.0000,1.685500,1,0.944700,-112.172758,5.546992,4.929933,15.242701,0
2023-12-04,sz.002213,15.0500,15.1900,14.9100,14.9700,14.9600,3047800,45814070.0000,1.479500,1,0.066800,-112.247740,5.550700,4.933228,15.252890,0
2023-12-05,sz.002213,14.8900,14.9600,14.5400,14.5400,14.9700,2950400,43429077.0000,1.432200,1,-2.872400,-109.023523,5.391261,4.791525,14.814764,0
2023-12-06,sz.002213,14.5300,14.9000,14.4800,14.6700,14.5400,4544400,67054047.0000,2.206000,1,0.894100,-109.998286,5.439463,4.834366,14.947221,0
2023-12-07,sz.002213,14.6600,14.6700,14.3100,14.4600,14.6700,3306300,47810522.0000,1.605000,1,-1.431500,-108.423668,5.361598,4.765162,14.733252,0
2023-12-08,sz.002213,14.4600,14.6900,14.3000,14.3500,14.4600,3190700,46169379.0000,1.548900,1,-0.760700,-107.598869,5.320811,4.728913,14.621174,0
2023-12-11,sz.002213,14.1900,14.5000,14.1800,14.4200,14.3500,3205200,46114450.0000,1.555900,1,0.487800,-108.123741,5.346766,4.751980,14.692497,0
2023-12-12,sz.002213,14.3800,14.5300,14.3600,14.3700,14.4200,2100750,30318989.5000,1.019800,1,-0.346700,-107.748832,5.328227,4.735503,14.641552,0
2023-12-13,sz.002213,14.3100,14.4600,14.1400,14.1600,14.3700,2483754,35407049.9200,1.205700,1,-1.461400,-106.174215,5.250361,4.666300,14.427583,0
2023-12-14,sz.002213,14.4000,14.4000,14.1600,14.1600,14.1600,2098600,29924530.0000,1.018700,1,0.000000,-106.174215,5.250361,4.666300,14.427583,0
2023-12-15,sz.002213,14.1700,14.3100,14.0500,14.1000,14.1600,2224299,31440675.8500,1.079800,1,-0.423700,-105.724324,5.228114,4.646527,14.366450,0
2023-12-18,sz.002213,14.0100,14.1700,13.8300,13.8700,14.1000,3001201,42017319.8400,1.456900,1,-1.631200,-103.999743,5.142833,4.570733,14.132103,0
2023-12-19,sz.002213,13.8700,14.0600,13.8100,13.9400,13.8700,2185400,30465398.0000,1.060900,1,0.504700,-104.524615,5.168788,4.593801,14.203426,0
2023-12-20,sz.002213,13.9500,14.1300,13.8800,13.8800,13.9400,2254700,31571252.0000,1.094500,1,-0.430400,-104.074725,5.146541,4.574028,14.142292,0
2023-12-21,sz.002213,13.8200,14.0500,13.7300,13.9500,13.8800,2359700,32782224.0000,1.145500,1,0.504300,-104.599597,5.172496,4.597096,14.213615,0
2023-12-22,sz.002213,13.9800,14.1200,13.7400,13.8000,13.9500,2273500,31571351.0000,1.103600,1,-1.075300,-103.474870,5.116878,4.547665,14.060780,0
2023-12-25,sz.002213,13.8700,13.8700,13.5200,13.6100,13.8000,2508500,34186667.0000,1.217700,1,-1.376800,-102.050216,5.046428,4.485052,13.867190,0
2023-12-26,sz.002213,13.6000,13.6700,13.2900,13.3300,13.6100,2959800,39730465.0000,1.436800,1,-2.057300,-100.021468,4.946105,4.395890,13.591512,0
2023-12-27,sz.002213,13.3300,13.6200,13.2900,13.5700,13.3300,2238650,30178593.5000,1.086700,1,1.800500,-101.822305,5.035157,4.475036,13.836220,0
2023-12-28,sz.002213,13.5500,14.0800,13.4300,13.8400,13.5700,3001200,41443936.0000,1.456900,1,1.989700,-103.848246,5.135341,4.564075,14.111517,0
2023-12-29,sz.002213,13.8400,14.0800,13.8100,14.0700,13.8400,1917900,26858178.0000,0.931000,1,1.661800,-105.574048,5.220683,4.639923,14.346029,0
2024-01-02,sz.002213,14.1400,14.1800,14.0000,14.1600,14.0700,2043800,28845788.0000,0.992100,1,0.639700,-106.249362,5.254077,4.669602,14.437795,0
2024-01-03,sz.002213,14.1700,14.1700,13.8700,13.9300,14.1600,2153700,30053539.0000,1.045500,1,-1.624300,-104.523560,5.168736,4.593754,14.203283,0
2024-01-04,sz.002213,13.9700,14.0600,13.9100,13.9400,13.9300,1628701,22757865.9600,0.790600,1,0.071800,-104.598595,5.172446,4.597052,14.213479,0
2024-01-05,sz.002213,13.9900,15.3300,13.9800,14.2800,13.9400,16612492,241708895.4100,8.064300,1,2.439000,-107.149780,5.298603,4.709175,14.560149,0
2024-01-08,sz.002213,14.3400,14.5500,13.5500,13.5500,14.2800,12589142,174858583.0800,6.111200,1,-5.112000,-101.672235,5.027736,4.468440,13.815828,0
2024-01-09,sz.002213,14.0900,14.3300,13.3300,13.5200,13.5500,10414151,143697047.5300,5.055400,1,-0.221400,-101.447131,5.016605,4.458547,13.785239,0
2024-01-10,sz.002213,13.5500,13.5800,12.9600,13.2400,13.5200,7765800,102767692.0000,3.769800,1,-2.071000,-99.346155,4.912711,4.366210,13.499746,0
2024-01-11,sz.002213,13.2700,13.7400,13.1000,13.5600,13.2400,5672801,76121301.2700,2.753800,1,2.416900,-101.747270,5.031447,4.471738,13.826024,0
2024-01-12,sz.002213,13.5500,13.6400,13.1100,13.1700,13.5600,3846900,51395085.0000,1.867400,1,-2.876100,-98.820911,4.886737,4.343126,13.428373,0
2024-01-15,sz.002213,13.1400,13.3300,12.9000,13.2000,13.1700,2992795,39336285.1500,1.452800,1,0.227800,-99.046015,4.897869,4.353019,13.458961,0
2024-01-16,sz.002213,13.2200,13.2200,12.8900,13.0600,13.2000,2987090,38818605.9000,1.450000,1,-1.060600,-97.995527,4.845922,4.306851,13.316215,0
2024-01-17,sz.002213,13.0000,13.0800,12.6800,12.6800,13.0600,2839700,36513553.0000,1.378500,1,-2.909600,-95.144202,4.704922,4.181537,12.928760,0
2024-01-18,sz.002213,12.5000,12.6800,12.1100,12.4800,12.6800,3802094,46983161.0200,1.845700,1,-1.577300,-93.643505,4.630712,4.115582,12.724836,0
2024-01-19,sz.002213,12.7300,12.7300,12.3300,12.3900,12.4800,2019800,25164862.0000,0.980500,1,-0.721200,-92.968191,4.597318,4.085902,12.633070,0
2024-01-22,sz.002213,12.3900,12.4600,11.3000,11.4500,12.3900,4542880,54041549.4000,2.205300,1,-7.586800,-85.914915,4.248530,3.775914,11.674629,0
2024-01-23,sz.002213,11.5100,11.5500,11.1800,11.4500,11.4500,3316000,37683393.0000,1.609700,1,0.000000,-85.914915,4.248530,3.775914,11.674629,0
2024-01-24,sz.002213,11.5800,11.6500,11.0400,11.4500,11.4500,3173800,35980889.0000,1.540700,1,0.000000,-85.914915,4.248530,3.775914,11.674629,0
2024-01-25,sz.002213,11.4200,11.8800,11.3000,11.8300,11.4500,3652800,42744943.0000,1.773200,1,3.318800,-88.766239,4.389529,3.901229,12.062084,0
2024-01-26,sz.002213,11.9600,11.9600,11.7000,11.7800,11.8300,2340600,27619177.0000,1.136200,1,-0.422700,-88.391065,4.370977,3.884740,12.011103,0
2024-01-29,sz.002213,11.7800,11.9400,11.2700,11.3000,11.7800,2564100,29449217.0000,1.244700,1,-4.074700,-84.789392,4.192872,3.726448,11.521687,0
2024-01-30,sz.002213,11.1500,11.3000,10.7600,10.8500,11.3000,2366200,26151569.0000,1.148600,1,-3.982300,-81.412823,4.025900,3.578050,11.062858,0
2024-01-31,sz.002213,10.8300,10.8300,9.8700,9.9900,10.8500,4675100,48007255.0000,2.269500,1,-7.926300,-74.959825,3.706796,3.294444,10.185987,0
2024-02-01,sz.002213,9.9300,10.1700,9.6200,9.8100,9.9900,3751800,37083747.0000,1.821300,1,-1.801800,-73.609198,3.640007,3.235085,10.002455,0
2024-02-02,sz.002213,9.8500,10.1200,8.9100,9.1900,9.8100,4406550,41679874.7000,2.139100,1,-6.320100,-68.957036,3.409956,3.030625,9.370292,0
2024-02-05,sz.002213,9.0700,9.0900,8.2700,8.2700,9.1900,4957800,41576782.0000,2.406700,1,-10.010900,-62.053829,3.068589,2.727233,8.432243,0
2024-02-06,sz.002213,8.0000,8.3800,7.4400,7.8800,8.2700,7623980,58511410.0300,3.701000,1,-4.715800,-59.127470,2.923879,2.598621,8.034592,0
2024-02-07,sz.002213,7.8800,7.9200,7.0900,7.1600,7.8800,9544780,70975112.5300,4.633400,1,-9.137100,-53.724960,2.656723,2.361183,7.300467,0
2024-02-08,sz.002213,7.1900,7.8800,6.8000,7.8400,7.1600,8856328,66171576.9200,4.299200,1,9.497200,-58.827330,2.909037,2.585430,7.993807,0
2024-02-19,sz.002213,7.9700,8.6200,7.9700,8.6200,7.8400,2907121,24707137.0200,1.411200,1,9.949000,-64.680049,3.198457,2.842653,8.789110,0
2024-02-20,sz.002213,8.7700,9.0800,8.3300,9.0200,8.6200,9454621,83274754.3500,4.589600,1,4.640400,-67.681444,3.346877,2.974563,9.196957,0
2024-02-21,sz.002213,9.1000,9.3100,8.8800,9.1300,9.0200,7109835,65061828.7000,3.451400,1,1.219500,-68.506827,3.387693,3.010838,9.309115,0
2024-02-22,sz.002213,9.0000,9.5000,9.0000,9.4900,9.1300,6300437,58719976.7300,3.058500,1,3.943000,-71.208082,3.521271,3.129557,9.676177,0
2024-02-23,sz.002213,9.6500,10.1100,9.5500,10.0400,9.4900,6828501,67300838.7000,3.314800,1,5.795600,-75.334999,3.725349,3.310933,10.236967,0
2024-02-26,sz.002213,10.0200,10.5000,9.9500,10.1800,10.0400,6325600,64508400.8000,3.070700,1,1.394400,-76.385487,3.777296,3.357101,10.379714,0
2024-02-27,sz.002213,10.1800,10.8600,10.1000,10.8500,10.1800,6040501,63733622.3300,2.932300,1,6.581500,-81.412823,4.025900,3.578050,11.062858,0
2024-02-28,sz.002213,10.8900,11.2400,9.7700,9.7800,10.8500,12245913,127662846.3400,5.944600,1,-9.861800,-73.384093,3.628875,3.225192,9.971867,0
2024-02-29,sz.002213,9.4800,10.1800,9.2800,10.1300,9.7800,6131480,61155644.4000,2.976400,1,3.578700,-76.010313,3.758743,3.340613,10.328733,0
2024-03-01,sz.002213,10.2500,10.6500,10.1000,10.5900,10.1300,7189794,74873602.7200,3.490200,1,4.541000,-79.461917,3.929426,3.492309,10.797758,0
2024-03-04,sz.002213,10.6100,11.2000,10.2900,10.8700,10.5900,8646500,92899085.0000,4.197300,1,2.644000,-81.562893,4.033321,3.584645,11.083251,0
2024-03-05,sz.002213,10.7300,10.9500,10.4700,10.5700,10.8700,5410700,57766757.0000,2.626600,1,-2.759900,-79.311847,3.922005,3.485713,10.777365,0
2024-03-06,sz.002213,10.4400,11.3600,10.3600,10.9700,10.5700,8791100,95663405.0000,4.267500,1,3.784300,-82.313241,4.070426,3.617623,11.185212,0
2024-03-07,sz.002213,10.9500,11.3600,10.7100,10.8800,10.9700,7123100,77875313.0000,3.457800,1,-0.820400,-81.637928,4.037031,3.587943,11.093447,0
2024-03-08,sz.002213,10.7800,11.4900,10.7100,11.2100,10.8800,13156500,146826843.0000,6.386700,1,3.033100,-84.114078,4.159478,3.696769,11.429921,0
2024-03-11,sz.002213,10.9800,11.1500,10.8500,11.1000,11.2100,8490000,93344630.0000,4.121400,1,-0.981300,-83.288695,4.118662,3.660493,11.317763,0
2024-03-12,sz.002213,11.1800,11.6300,10.9900,11.3500,11.1000,9866100,111126246.0000,4.789400,1,2.252300,-85.164566,4.211425,3.742937,11.572667,0
2024-03-13,sz.002213,11.3900,11.4800,11.1100,11.2100,11.3500,6034900,67843863.0000,2.929600,1,-1.233500,-84.114078,4.159478,3.696769,11.429921,0
2024-03-14,sz.002213,11.1400,11.3000,10.8400,11.0500,11.2100,7514400,83153889.0000,3.647800,1,-1.427300,-82.913520,4.100110,3.644005,11.266782,0
2024-03-15,sz.002213,10.9900,11.1800,10.9000,11.1200,11.0500,5126300,56668075.0000,2.488500,1,0.633500,-83.438764,4.126083,3.667089,11.338155,0
2024-03-18,sz.002213,11.1900,11.8900,11.1400,11.6500,11.1200,9900745,113814756.8000,4.806200,1,4.766200,-87.415612,4.322740,3.841869,11.878553,0
2024-03-19,sz.002213,11.6500,12.0700,11.4800,11.9300,11.6500,8800099,104503584.0800,4.271900,1,2.403400,-89.516588,4.426634,3.934206,12.164046,0
2024-03-20,sz.002213,12.0700,12.9200,11.8000,12.6700,11.9300,14954100,184167401.7000,7.259300,1,6.202800,-95.069168,4.701212,4.178239,12.918564,0
2024-03-21,sz.002213,13.9400,13.9400,13.6000,13.9400,12.6700,36700746,509937280.6400,17.815900,1,10.023700,-104.598595,5.172446,4.597052,14.213479,0
2024-03-22,sz.002213,14.4700,15.3300,14.3500,15.3300,13.9400,37220191,564413659.6300,18.068100,1,9.971300,-115.028440,5.688207,5.055438,15.630748,0
2024-03-25,sz.002213,14.3100,14.5700,13.8000,13.8000,15.3300,13739546,193082786.9100,6.669700,1,-9.980400,-103.548107,5.120499,4.550884,14.070732,0
2024-03-26,sz.002213,12.4700,13.2000,12.4200,12.4200,13.8000,38666609,489994459.3000,18.770200,1,-10.000000,-93.193296,4.608449,4.095795,12.663659,0
2024-03-27,sz.002213,11.9900,12.3200,11.4000,11.5000,12.4200,23793896,280816823.6000,11.550400,1,-7.407400,-86.290089,4.267083,3.792403,11.725610,0
2024-03-28,sz.002213,11.5000,12.2500,11.3300,12.0400,11.5000,19191580,227814882.7300,9.316300,1,4.695700,-90.341971,4.467450,3.970481,12.276204,0
2024-03-29,sz.002213,11.8500,12.3900,11.6500,12.2000,12.0400,17862386,215358792.0900,8.671100,1,1.328900,-91.542529,4.526818,4.023245,12.439343,0
2024-04-01,sz.002213,12.0400,12.2400,11.8700,12.1800,12.2000,12080970,145536328.8000,5.864500,1,-0.163900,-91.392459,4.519397,4.016650,12.418951,0
2024-04-02,sz.002213,12.5500,12.7800,11.8700,11.9600,12.1800,15102635,185223518.6200,7.331400,1,-1.806200,-89.741693,4.437766,3.944099,12.194635,0
2024-04-03,sz.002213,11.9400,13.1600,11.6000,13.1600,11.9600,30052035,384332951.0000,14.588400,1,10.033400,-98.745876,4.883027,4.339828,13.418177,0
2024-04-08,sz.002213,13.2000,13.7700,12.5000,12.5000,13.1600,40017276,529902799.6800,19.425900,1,-5.015200,-93.793575,4.638133,4.122177,12.745228,0
2024-04-09,sz.002213,12.3000,13.3000,12.1600,13.1000,12.5000,28908515,366569049.6900,14.033300,1,4.800000,-98.295667,4.860764,4.320042,13.356999,0
2024-04-10,sz.002213,12.9500,13.2300,12.4300,12.4700,13.1000,20469068,260258824.3700,9.936400,1,-4.809200,-93.568470,4.627002,4.112284,12.714640,0
2024-04-11,sz.002213,12.2500,12.7800,12.0100,12.0300,12.4700,17505717,216266941.2900,8.497900,1,-3.528500,-90.266937,4.463739,3.967183,12.266008,0
2024-04-12,sz.002213,11.8800,12.2300,11.6700,11.7500,12.0300,13662200,162491365.2000,6.632100,1,-2.327500,-41.840803,4.589877,3.804776,-16.132641,0
2024-04-15,sz.002213,11.3000,11.4400,10.5800,10.5800,11.7500,12915900,139738295.0000,6.269900,1,-9.957400,-37.674527,4.132843,3.425917,-14.526242,0
2024-04-16,sz.002213,10.1500,10.1800,9.5200,9.5200,10.5800,10013400,97069559.0000,4.860900,1,-10.018900,-33.899952,3.718777,3.082678,-13.070872,0
2024-04-17,sz.002213,9.5200,10.4700,9.4800,10.4700,9.5200,14873700,149920195.0000,7.220200,1,9.979000,-37.282826,4.089874,3.390298,-14.375213,0
2024-04-18,sz.002213,10.4700,10.5500,10.0200,10.1900,10.4700,10361600,106604018.0000,5.029900,1,-2.674300,-36.285768,3.980498,3.299631,-13.990776,0
2024-04-19,sz.002213,10.1800,10.2500,9.8600,10.0500,10.1900,8081000,80990637.0000,3.922800,1,-1.373900,-35.787240,3.925810,3.254297,-13.798557,0
2024-04-22,sz.002213,9.8400,10.0900,9.6100,9.7900,10.0500,7085200,69666966.0000,3.439400,1,-2.587100,-34.861401,3.824247,3.170107,-13.441580,0
2024-04-23,sz.002213,9.8800,10.7700,9.8700,10.2900,9.7900,15986900,167757054.0000,7.760600,1,5.107300,-36.641860,4.019561,3.332012,-14.128075,0
2024-04-24,sz.002213,10.3000,10.9000,10.3000,10.5500,10.2900,15138130,159608291.7000,7.348600,1,2.526700,-37.567699,4.121124,3.416203,-14.485053,0
2024-04-25,sz.002213,10.5600,11.2000,10.4800,11.0200,10.5500,13689900,148144889.0000,6.645600,1,4.455000,-39.241331,4.304719,3.568394,-15.130358,0
2024-04-26,sz.002213,10.9000,11.4300,10.7700,11.2300,11.0200,13934300,155829054.0000,6.764200,1,1.905600,-37.938007,4.398514,2.812370,-16.546074,0
2024-04-29,sz.002213,11.2000,11.3300,11.1100,11.2500,11.2300,9961400,112052251.0000,4.835600,1,0.178100,-38.005573,4.406347,2.817378,-16.575542,0
2024-04-30,sz.002213,11.2600,11.3500,10.9700,11.0900,11.2500,6253200,69695764.0000,3.035500,1,-1.422200,-37.465049,4.343679,2.777309,-16.339801,0
2024-05-06,sz.002213,11.1800,11.4300,11.1500,11.2900,11.0900,6045130,68318268.4000,2.934500,1,1.803400,-38.140704,4.422015,2.827396,-16.634477,0
2024-05-07,sz.002213,11.3000,11.3800,11.0700,11.1400,11.2900,5911900,66170109.4000,2.869900,1,-1.328600,-37.633963,4.363263,2.789831,-16.413470,0
2024-05-08,sz.002213,11.1400,11.3700,10.9800,11.1600,11.1400,6352400,71164541.0000,3.083700,1,0.179500,-37.701528,4.371097,2.794839,-16.442938,0
2024-05-09,sz.002213,11.2400,11.6000,11.1900,11.2300,11.1600,7642500,86644225.0000,3.710000,1,0.627200,-37.938007,4.398514,2.812370,-16.546074,0
2024-05-10,sz.002213,11.1800,11.3000,10.9000,10.9200,11.2300,5924600,65223335.0000,2.876000,1,-2.760500,-36.890742,4.277095,2.734735,-16.089326,0
2024-05-13,sz.002213,10.7100,10.8300,10.4300,10.5000,10.9200,5670000,59987350.0000,2.752400,1,-3.846200,-35.471868,4.112591,2.629553,-15.470506,0
2024-05-14,sz.002213,10.5100,10.9900,10.5100,10.8200,10.5000,5263100,56841854.0000,2.554900,1,3.047600,-36.552915,4.237927,2.709692,-15.941988,0
2024-05-15,sz.002213,10.7500,11.0700,10.6300,10.8000,10.8200,5057505,55101734.0500,2.455100,1,-0.184800,-36.485350,4.230094,2.704683,-15.912520,0
2024-05-16,sz.002213,10.7500,11.0200,10.7400,10.8900,10.8000,4259700,46427932.0000,2.067800,1,0.833300,-36.789394,4.265344,2.727222,-16.045125,0
2024-05-17,sz.002213,10.8400,11.0000,10.7200,10.9500,10.8900,3684500,40108149.0000,1.788600,1,0.551000,-36.992091,4.288845,2.742248,-16.133528,0
2024-05-20,sz.002213,10.9300,11.0800,10.8000,10.8500,10.9500,4405900,48042345.0000,2.138800,1,-0.913200,-36.654263,4.249677,2.717205,-15.986189,0
2024-05-21,sz.002213,10.8000,10.8800,10.6500,10.7100,10.8500,3059400,32751544.0000,1.485100,1,-1.290300,-36.181305,4.194843,2.682144,-15.779916,0
2024-05-22,sz.002213,10.7100,10.8300,10.5600,10.7500,10.7100,2882600,30904118.0000,1.399300,1,0.373500,-36.316436,4.210510,2.692162,-15.838851,0
2024-05-23,sz.002213,10.7400,10.8500,10.5000,10.5500,10.7500,3747400,39877247.0000,1.819100,1,-1.860500,-35.640781,4.132175,2.642075,-15.544175,0
2024-05-24,sz.002213,10.6000,10.6800,10.2600,10.2800,10.5500,3444600,35898320.0000,1.672100,1,-2.559200,-34.728648,4.026422,2.574458,-15.146362,0
2024-05-27,sz.002213,10.3500,10.4500,10.0300,10.4400,10.2800,3674730,37579990.8000,1.783800,1,1.556400,-35.269171,4.089090,2.614527,-15.382103,0
2024-05-28,sz.002213,10.5000,11.4100,10.3600,10.6700,10.4400,12369500,134237153.0000,6.004600,1,2.203100,-36.046174,4.179176,2.672127,-15.720981,0
2024-05-29,sz.002213,10.4500,10.7200,10.3700,10.4800,10.6700,8123167,85311123.8100,3.943300,1,-1.780700,-35.404302,4.104757,2.624545,-15.441038,0
2024-05-30,sz.002213,10.4700,10.7800,10.2300,10.6700,10.4800,7499767,79410834.5200,3.640700,1,1.813000,-36.046174,4.179176,2.672127,-15.720981,0
2024-05-31,sz.002213,10.5800,11.1200,10.5800,10.8600,10.6700,9998800,109398880.0000,4.853800,1,1.780700,-36.688046,4.253594,2.719709,-16.000923,0
2024-06-03,sz.002213,10.9200,11.2700,10.7800,11.0400,10.8600,12057300,133110671.0000,5.853100,1,1.657500,-37.296135,4.324096,2.764787,-16.266132,0
2024-06-04,sz.002213,10.8200,10.8200,10.2000,10.4000,11.0400,10962323,114605179.8500,5.321500,1,-5.797100,-35.134040,4.073423,2.604510,-15.323168,0
2024-06-05,sz.002213,10.2300,10.5600,10.0500,10.1300,10.4000,5474600,56242824.0000,2.657600,1,-2.596200,-34.221907,3.967671,2.536893,-14.925355,0
2024-06-06,sz.002213,10.2200,10.6700,9.5700,9.6300,10.1300,8503417,84913984.9400,4.127900,1,-4.935800,-32.532770,3.771833,2.411676,-14.188664,0
2024-06-07,sz.002213,9.7900,10.0500,9.7000,9.7500,9.6300,5732400,56436965.0000,2.782700,1,1.246100,-32.938163,3.818834,2.441728,-14.365470,0
2024-06-11,sz.002213,9.8500,10.2000,9.5000,10.0800,9.7500,7082600,70479277.0000,3.438200,1,3.384600,-34.052993,3.948087,2.524371,-14.851686,0
2024-06-12,sz.002213,10.0800,11.0000,10.0700,10.5600,10.0800,11554400,121218692.0000,5.608900,1,4.761900,-35.674564,4.136092,2.644579,-15.558909,0
2024-06-13,sz.002213,10.5600,10.7600,10.4600,10.5500,10.5600,8734000,92653712.0000,4.239800,1,-0.094700,-35.640781,4.132175,2.642075,-15.544175,0
2024-06-14,sz.002213,10.4300,10.6100,10.2600,10.4400,10.5500,6001800,62598061.0000,2.913500,1,-1.042700,-35.269171,4.089090,2.614527,-15.382103,0
2024-06-17,sz.002213,10.4000,10.5000,10.2300,10.3700,10.4400,4834300,50189667.0000,2.346700,1,-0.670500,-35.032692,4.061673,2.596997,-15.278966,0
2024-06-18,sz.002213,10.3000,10.6400,10.2600,10.5700,10.3700,5413900,56789378.0000,2.628100,1,1.928600,-35.708347,4.140008,2.647084,-15.573643,0
2024-06-19,sz.002213,10.6300,10.9300,10.5300,10.7200,10.5700,7633001,82030170.7400,3.705300,1,1.419100,-36.215088,4.198760,2.684649,-15.794650,0
2024-06-20,sz.002213,10.7200,10.8700,10.3500,10.3900,10.7200,6586856,70050262.7200,3.197500,1,-3.078400,-35.100258,4.069507,2.602006,-15.308434,0
2024-06-21,sz.002213,10.2900,10.3600,9.9400,10.2400,10.3900,5150400,52358102.0000,2.500200,1,-1.443700,-34.593517,4.010755,2.564440,-15.087427,0
2024-06-24,sz.002213,10.2200,10.2200,9.5500,9.6100,10.2400,6053100,59412753.0000,2.938400,1,-6.152300,-32.465205,3.764000,2.406667,-14.159196,0
2024-06-25,sz.002213,9.6100,9.6900,9.2300,9.3100,9.6100,4823100,45461366.0000,2.341300,1,-3.121700,-31.451723,3.646497,2.331537,-13.717182,0
2024-06-26,sz.002213,9.2500,9.8200,9.0700,9.8200,9.3100,5058200,47752192.0000,2.455400,1,5.478000,-33.174642,3.846252,2.459258,-14.468606,0
2024-06-27,sz.002213,9.8100,10.0600,9.6000,9.6400,9.8200,5201600,51118134.0000,2.525000,1,-1.833000,-32.566553,3.775750,2.414180,-14.203398,0
2024-06-28,sz.002213,9.6400,9.9200,9.4800,9.7500,9.6400,3601800,35234402.0000,1.526200,1,1.141100,-32.938163,3.818834,2.441728,-14.365470,0
2024-07-01,sz.002213,9.6600,9.7900,9.4900,9.6500,9.7500,3536130,34018217.3000,1.498400,1,-1.025600,-32.600336,3.779667,2.416685,-14.218132,0
2024-07-02,sz.002213,9.7800,9.8800,9.6700,9.7300,9.6500,2973100,29052478.0000,1.259800,1,0.829000,-32.870597,3.811001,2.436719,-14.336002,0
2024-07-03,sz.002213,9.7300,9.7300,9.5100,9.6300,9.7300,3049000,29283552.0000,1.291900,1,-1.027700,-32.532770,3.771833,2.411676,-14.188664,0
2024-07-04,sz.002213,9.5300,9.6600,9.1900,9.2900,9.6300,3444600,32343751.0000,1.459600,1,-3.530600,-31.384157,3.638664,2.326529,-13.687714,0
2024-07-05,sz.002213,9.2200,9.3800,9.0500,9.3000,9.2900,2754306,25345253.8000,1.167100,1,0.107600,-31.417940,3.642581,2.329033,-13.702448,0
2024-07-08,sz.002213,9.2000,9.3500,9.0400,9.0500,9.3000,2982200,27253933.0000,1.263600,1,-2.688200,-30.573372,3.544662,2.266424,-13.334103,0
2024-07-09,sz.002213,9.0400,9.4000,8.9500,9.3900,9.0500,4330755,39812338.9500,1.835100,1,3.756900,-31.721985,3.677831,2.351572,-13.835052,0
2024-07-10,sz.002213,9.3900,9.6000,9.3000,9.3800,9.3900,2969305,28070806.1200,1.258200,1,-0.106500,-31.688202,3.673915,2.349068,-13.820319,0
2024-07-11,sz.002213,9.5700,9.9000,9.5000,9.9000,9.3800,6243999,60965280.4800,2.645800,1,5.543700,-33.444904,3.877586,2.479293,-14.586477,0
2024-07-12,sz.002213,9.8000,9.9200,9.7500,9.8700,9.9000,3893210,38336860.2000,1.649700,1,-0.303000,-33.343556,3.865836,2.471780,-14.542276,0
2024-07-15,sz.002213,9.7700,10.0200,9.3900,9.5300,9.8700,4077100,39221504.0000,1.727600,1,-3.444800,-32.194943,3.732666,2.386633,-14.041326,0
2024-07-16,sz.002213,9.4300,9.6500,9.3500,9.5800,9.5300,3125800,29722614.0000,1.324500,1,0.524700,-32.363856,3.752250,2.399154,-14.114995,0
2024-07-17,sz.002213,9.6700,9.6800,9.2700,9.3000,9.5800,3629200,34206078.0000,1.537800,1,-2.922800,-31.417940,3.642581,2.329033,-13.702448,0
2024-07-18,sz.002213,9.2100,9.2800,8.7200,9.0700,9.3000,5902300,52828921.0000,2.501000,1,-2.473100,-30.640937,3.552495,2.271433,-13.363570,0
2024-07-19,sz.002213,9.0000,9.5200,8.9400,9.4100,9.0700,4862000,45330017.0000,2.060200,1,3.748600,-31.789550,3.685665,2.356581,-13.864520,0
2024-07-22,sz.002213,9.5000,9.8000,9.3700,9.6100,9.4100,4489800,43000353.0000,1.902500,1,2.125400,-32.465205,3.764000,2.406667,-14.159196,0
2024-07-23,sz.002213,9.5900,9.6500,9.2800,9.3000,9.6100,3907106,37066167.0400,1.655600,1,-3.225800,-31.417940,3.642581,2.329033,-13.702448,0
2024-07-24,sz.002213,9.2500,9.4400,9.0400,9.1400,9.3000,3509400,32400499.0000,1.487000,1,-1.720400,-30.877416,3.579913,2.288963,-13.466707,0
2024-07-25,sz.002213,9.0700,9.2400,8.8000,9.1100,9.1400,3496764,31534924.2000,1.481700,1,-0.328200,-30.776068,3.568162,2.281450,-13.422506,0
2024-07-26,sz.002213,9.0100,9.2500,9.0100,9.2300,9.1100,2747706,25248237.1400,1.164300,1,1.317200,-31.181461,3.615163,2.311503,-13.599311,0
2024-07-29,sz.002213,9.2900,9.5500,9.1300,9.2600,9.2300,4503630,42075673.0000,1.908300,1,0.325000,-31.282809,3.626914,2.319016,-13.643513,0
2024-07-30,sz.002213,9.1800,9.3700,9.1000,9.2900,9.2600,3137300,28973829.0000,1.329400,1,0.324000,-31.384157,3.638664,2.326529,-13.687714,0
2024-07-31,sz.002213,9.3100,9.6700,9.3100,9.6700,9.2900,4609300,43946829.0000,1.953100,1,4.090400,-32.667901,3.787500,2.421693,-14.247599,0
2024-08-01,sz.002213,9.6500,10.2900,9.6100,10.0400,9.6700,8365200,83319971.0000,3.544600,1,3.826300,-33.917862,3.932420,2.514354,-14.792750,0
2024-08-02,sz.002213,9.8900,9.9700,9.6100,9.6600,10.0400,5605600,55002198.0000,2.375300,1,-3.784900,-32.634118,3.783584,2.419189,-14.232865,0
2024-08-05,sz.002213,9.5100,9.7200,9.1800,9.2200,9.6600,4639700,43695456.0000,1.966000,1,-4.554900,-31.147678,3.611247,2.308998,-13.584578,0
2024-08-06,sz.002213,9.4000,9.4400,9.1900,9.2800,9.2200,3173100,29421187.0000,1.344500,1,0.650800,-31.350375,3.634747,2.324024,-13.672980,0
2024-08-07,sz.002213,9.3000,9.4300,9.2600,9.2900,9.2800,2661100,24864542.0000,1.127600,1,0.107800,-31.384157,3.638664,2.326529,-13.687714,0
2024-08-08,sz.002213,9.2800,9.3200,9.0100,9.1200,9.2900,3535100,32323249.0000,1.497900,1,-1.829900,-30.809851,3.572079,2.283955,-13.437239,0
2024-08-09,sz.002213,9.2400,9.3500,9.1300,9.1400,9.1200,2769600,25505378.0000,1.173600,1,0.219300,-30.877416,3.579913,2.288963,-13.466707,0
2024-08-12,sz.002213,9.0600,9.1600,8.9500,9.0200,9.1400,3073100,27791486.0000,1.302200,1,-1.312900,-30.472024,3.532912,2.258911,-13.289901,0
2024-08-13,sz.002213,9.1200,9.2100,8.9200,9.1400,9.0200,2561200,23226138.0000,1.085300,1,1.330400,-30.877416,3.579913,2.288963,-13.466707,0
2024-08-14,sz.002213,9.1800,9.2400,9.1100,9.1900,9.1400,2600547,23879043.1700,1.101900,1,0.547000,-31.046330,3.599496,2.301485,-13.540376,0
2024-08-15,sz.002213,9.1600,9.3800,9.1100,9.2900,9.1900,3199000,29695304.5300,1.355500,1,1.088100,-31.384157,3.638664,2.326529,-13.687714,0
2024-08-16,sz.002213,9.3400,9.5000,9.3000,9.3900,9.2900,3671900,34609869.0000,1.555900,1,1.076400,-31.721985,3.677831,2.351572,-13.835052,0
2024-08-19,sz.002213,9.4300,9.4400,9.1300,9.1600,9.3900,3213400,29686053.0000,1.361600,1,-2.449400,-30.944982,3.587746,2.293972,-13.496175,0
2024-08-20,sz.002213,9.1800,9.2700,9.0400,9.0600,9.1600,3062200,27927796.5300,1.297500,1,-1.091700,-30.607154,3.548579,2.268929,-13.348837,0
2024-08-21,sz.002213,9.0300,9.2500,9.0100,9.0900,9.0600,2660600,24326035.0000,1.127400,1,0.331100,-30.708503,3.560329,2.276442,-13.393038,0
2024-08-22,sz.002213,9.1700,9.1700,8.8800,8.8800,9.0900,2750300,24695700.0000,1.165400,1,-2.310200,-29.999065,3.478077,2.223851,-13.083628,0
2024-08-23,sz.002213,8.9900,9.0300,8.7200,8.8100,8.8800,2987900,26426554.5300,1.266100,1,-0.788300,-47.141755,3.483343,1.936154,-11.659319,0
2024-08-26,sz.002213,8.8000,9.1400,8.7800,9.0800,8.8100,3403500,30714363.0000,1.442200,1,3.064700,-48.586508,3.590097,1.995491,-12.016642,0
2024-08-27,sz.002213,9.0900,9.1000,8.8200,8.8300,9.0800,2594300,23147797.0000,1.099300,1,-2.753300,-47.248774,3.491250,1.940549,-11.685788,0
2024-08-28,sz.002213,8.8700,8.9700,8.7200,8.8500,8.8300,1968900,17418234.0000,0.834300,1,0.226500,-47.355793,3.499158,1.944945,-11.712256,0
2024-08-29,sz.002213,8.8600,9.0900,8.7900,9.0200,8.8500,2538800,22764683.0000,1.075800,1,1.920900,-48.265452,3.566374,1.982305,-11.937237,0
2024-08-30,sz.002213,9.0200,9.4700,9.0000,9.3500,9.0200,5188400,48405198.0000,2.198500,1,3.658500,-50.031261,3.696851,2.054829,-12.373966,0
2024-09-02,sz.002213,9.3500,9.4800,9.2200,9.2400,9.3500,3492500,32647443.0000,1.479900,1,-1.176500,-49.442658,3.653358,2.030654,-12.228389,0
2024-09-03,sz.002213,9.2500,9.4200,9.2000,9.3100,9.2400,2267700,21121550.0000,0.960900,1,0.757600,-49.817224,3.681035,2.046038,-12.321029,0
2024-09-04,sz.002213,9.2800,9.3400,9.1800,9.3100,9.3100,2235702,20723806.5600,0.947300,1,0.000000,-49.817224,3.681035,2.046038,-12.321029,0
2024-09-05,sz.002213,9.3800,9.3900,9.2700,9.3000,9.3100,1724602,16068368.5800,0.730800,1,-0.107400,-49.763714,3.677081,2.043840,-12.307795,0
2024-09-06,sz.002213,9.3200,9.3600,9.0100,9.0100,9.3000,3310300,30207463.0000,1.402700,1,-3.118300,-48.211943,3.562420,1.980108,-11.924003,0
2024-09-09,sz.002213,9.0000,9.1200,8.8900,9.0700,9.0100,2555100,23025460.0000,1.082700,1,0.665900,-48.532999,3.586143,1.993294,-12.003408,0
2024-09-10,sz.002213,9.1100,9.6300,9.0500,9.5300,9.0700,5825502,54494917.3000,2.468400,1,5.071700,-50.994430,3.768020,2.094387,-12.612181,0
2024-09-11,sz.002213,9.4800,9.9700,9.3900,9.8100,9.5300,7995347,77928863.4300,3.387900,1,2.938100,-52.492692,3.878728,2.155922,-12.982738,0
2024-09-12,sz.002213,9.7500,10.0600,9.6800,9.8200,9.8100,6048802,59839947.6600,2.563100,1,0.101900,-52.546202,3.882682,2.158120,-12.995972,0
2024-09-13,sz.002213,9.8000,9.8700,9.5800,9.5900,9.8200,4226424,40951083.1600,1.790900,1,-2.342200,-51.315486,3.791743,2.107573,-12.691586,0
2024-09-18,sz.002213,9.5800,9.6700,9.2300,9.4000,9.5900,3267300,30743562.0000,1.384400,1,-1.981200,-50.298808,3.716620,2.065817,-12.440136,0
2024-09-19,sz.002213,9.3900,9.5700,9.2800,9.4600,9.4000,3331202,31431236.9200,1.411500,1,0.638300,-50.619864,3.740343,2.079003,-12.519542,0
2024-09-20,sz.002213,9.4000,9.5600,9.3500,9.4400,9.4600,2245101,21209646.4500,0.951300,1,-0.211400,-50.512845,3.732435,2.074608,-12.493073,0
2024-09-23,sz.002213,9.4300,10.2000,9.3600,9.7600,9.4400,8222800,80754299.0000,3.479900,1,3.389800,-52.225145,3.858959,2.144934,-12.916567,0
2024-09-24,sz.002213,9.7400,9.8600,9.5100,9.8000,9.7600,7298200,70870602.0000,3.088600,1,0.409800,-52.439183,3.874774,2.153724,-12.969504,0
2024-09-25,sz.002213,9.8100,10.0500,9.7500,9.8300,9.8000,6111700,60625349.1000,2.586500,1,0.306100,-52.599711,3.886635,2.160317,-13.009207,0
2024-09-26,sz.002213,9.8800,10.0200,9.7900,10.0200,9.8300,6766100,67160700.0000,2.863400,1,1.932900,-53.616389,3.961759,2.202073,-13.260656,0
2024-09-27,sz.002213,10.1500,10.6800,10.0200,10.4700,10.0200,9307790,95976166.3000,3.939000,1,4.491000,-56.024311,4.139682,2.300969,-13.856195,0
2024-09-30,sz.002213,10.7000,11.4000,10.5000,11.3700,10.4700,16263000,179936379.6600,6.882500,1,8.596000,-60.840154,4.495529,2.498760,-15.047271,0
2024-10-08,sz.002213,12.5100,12.5100,11.7000,12.5100,11.3700,22782955,280876901.2500,9.641700,1,10.026400,-66.940222,4.946268,2.749295,-16.555969,0
2024-10-09,sz.002213,12.6800,12.8000,11.5600,11.6200,12.5100,22910901,279897608.6300,9.695800,1,-7.114300,-62.177888,4.594375,2.553702,-15.378126,0
2024-10-10,sz.002213,11.9800,12.2500,11.5000,11.6800,11.6200,14864700,175778727.0000,6.290700,1,0.516400,-62.498944,4.618098,2.566888,-15.457531,0
2024-10-11,sz.002213,11.4500,11.4500,10.6600,10.8300,11.6800,11219100,123213356.3200,4.747900,1,-7.277400,-57.950648,4.282021,2.380085,-14.332625,0
2024-10-14,sz.002213,10.8300,11.0900,10.5100,11.0700,10.8300,8376158,90942189.4000,3.544800,1,2.216100,-59.234873,4.376913,2.432829,-14.650246,0
2024-10-15,sz.002213,11.0800,11.3100,10.9500,11.0000,11.0700,8427669,93793895.0100,3.566600,1,-0.632300,-58.860307,4.349236,2.417446,-14.557607,0
2024-10-16,sz.002213,10.8000,11.0700,10.7100,11.0400,11.0000,5338400,58480051.0000,2.259200,1,0.363600,-59.074345,4.365051,2.426236,-14.610543,0
2024-10-17,sz.002213,11.0600,11.3600,10.9900,11.0400,11.0400,5313900,59182549.0000,2.248800,1,0.000000,-59.074345,4.365051,2.426236,-14.610543,0
2024-10-18,sz.002213,11.0400,11.8500,10.9300,11.7300,11.0400,11773040,135368309.3200,4.982300,1,6.250000,-62.766491,4.637867,2.577876,-15.523702,0
2024-10-21,sz.002213,11.7800,12.3900,11.7800,12.3500,11.7300,18128732,220005397.2800,7.672000,1,5.285600,-66.084072,4.883006,2.714132,-16.344222,0
2024-10-22,sz.002213,12.3500,12.4800,11.9400,12.1000,12.3500,11814200,142889594.0000,4.999700,1,-2.024300,-64.746338,4.784160,2.659190,-16.013367,0
2024-10-23,sz.002213,12.0300,12.2800,11.8700,12.0900,12.1000,10392500,124920070.0000,4.398100,1,-0.082600,-64.692829,4.780206,2.656992,-16.000133,0
2024-10-24,sz.002213,12.0900,12.2100,11.8600,12.1200,12.0900,9178000,110542137.0000,3.884100,1,0.248100,-64.853357,4.792067,2.663585,-16.039836,0
2024-10-25,sz.002213,12.3300,12.3700,11.8800,12.2200,12.1200,11325300,138505072.0000,4.792800,1,0.825100,-49.669008,4.950888,2.865593,-15.078635,0
2024-10-28,sz.002213,12.2200,12.3400,11.8800,12.2800,12.2200,11197811,136077752.0500,4.738900,1,0.491000,-49.912882,4.975197,2.879663,-15.152671,0
2024-10-29,sz.002213,12.3300,12.3600,12.0200,12.1500,12.2800,8748300,106614004.0000,3.702300,1,-1.058600,-49.384488,4.922528,2.849178,-14.992260,0
2024-10-30,sz.002213,12.1500,12.3500,11.9400,12.1400,12.1500,9589400,115656302.0000,4.058200,1,-0.082300,-49.343843,4.918477,2.846833,-14.979920,0
2024-10-31,sz.002213,12.1500,12.2300,11.8500,12.1400,12.1400,10222333,123149188.3200,4.326100,1,0.000000,-49.343843,4.918477,2.846833,-14.979920,0
2024-11-01,sz.002213,12.1700,12.2600,11.6000,11.6900,12.1400,11406200,135960059.6700,4.827100,1,-3.706800,-47.514787,4.736161,2.741308,-14.424651,0
2024-11-04,sz.002213,11.7800,11.9800,11.5800,11.8100,11.6900,6284130,74195442.4000,2.659400,1,1.026500,-48.002535,4.784778,2.769448,-14.572723,0
2024-11-05,sz.002213,11.9100,11.9900,11.6000,11.9100,11.8100,8571030,101178457.1700,3.627200,1,0.846700,-48.408992,4.825293,2.792898,-14.696116,0
2024-11-06,sz.002213,12.0000,12.0900,11.7100,11.9100,11.9100,9164500,108911754.0000,3.878400,1,0.000000,-48.408992,4.825293,2.792898,-14.696116,0
2024-11-07,sz.002213,11.9800,11.9800,11.7200,11.9400,11.9100,8685431,103046255.7300,3.675700,1,0.251900,-48.530929,4.837448,2.799933,-14.733134,0
2024-11-08,sz.002213,12.1800,12.7500,12.1400,12.4100,11.9400,17474830,216676679.3800,7.395300,1,3.936300,-50.441276,5.027866,2.910148,-15.313082,0
2024-11-11,sz.002213,12.4200,12.9700,12.4200,12.8700,12.4100,17419100,222659369.0000,7.371700,1,3.706700,-52.310976,5.214234,3.018018,-15.880690,0
2024-11-12,sz.002213,12.8900,13.6000,12.5700,13.0000,12.8700,20930588,272208262.2600,8.857800,1,1.010100,-52.839370,5.266903,3.048503,-16.041101,0
2024-11-13,sz.002213,13.1500,13.1500,12.3000,12.7500,13.0000,12611454,159081306.9400,5.337100,1,-1.923100,-51.823228,5.165616,2.989878,-15.732618,0
2024-11-14,sz.002213,12.9600,13.0100,12.1800,12.3000,12.7500,10367575,129112435.8800,5.032900,1,-3.529400,-49.974154,4.981305,2.883198,-15.171272,0
2024-11-15,sz.002213,12.4000,12.4000,11.7000,11.9000,12.3000,13290201,159270742.7800,6.451700,1,-3.252000,-48.348979,4.819311,2.789436,-14.677897,0
2024-11-18,sz.002213,12.0000,12.0800,11.0700,11.3900,11.9000,11167810,127541185.7300,5.421400,1,-4.285700,-46.276880,4.612769,2.669888,-14.048844,0
2024-11-19,sz.002213,11.3900,11.6800,11.0800,11.6700,11.3900,10513501,119517339.1400,5.103800,1,2.458300,-47.414503,4.726165,2.735522,-14.394207,0
2024-11-20,sz.002213,11.7900,12.0400,11.5000,12.0400,11.6700,12643352,148988465.8400,6.137700,1,3.170500,-48.917790,4.876009,2.822253,-14.850578,0
2024-11-21,sz.002213,12.0600,12.1500,11.7600,12.0000,12.0400,10467700,124841805.0000,5.081500,1,-0.332200,-48.755273,4.859810,2.812876,-14.801241,0
2024-11-22,sz.002213,12.0000,12.0500,11.1800,11.1800,12.0000,9463800,109777830.0000,4.594200,1,-6.833300,-45.423662,4.527723,2.620663,-13.789823,0
2024-11-25,sz.002213,11.3700,11.7000,11.1200,11.4700,11.1800,7784800,88457730.4800,3.779100,1,2.593900,-46.601915,4.645168,2.688641,-14.147519,0
2024-11-26,sz.002213,11.6000,11.8300,11.3000,11.4500,11.4700,8006952,91939813.3800,3.887000,1,-0.174400,-46.520656,4.637068,2.683953,-14.122851,0
2024-11-27,sz.002213,11.5800,11.6000,11.0000,11.4300,11.4500,9588000,107704768.5000,4.654500,1,-0.174700,-46.439397,4.628969,2.679265,-14.098182,0
2024-11-28,sz.002213,11.4400,11.5900,11.2600,11.3900,11.4300,7437390,84747564.1000,3.610500,1,-0.350000,-46.276880,4.612769,2.669888,-14.048844,0
2024-11-29,sz.002213,11.2200,11.6500,11.1100,11.5200,11.3900,8440400,96159348.9600,4.097400,1,1.141400,-46.805062,4.665417,2.700361,-14.209191,0
2024-12-02,sz.002213,11.5500,11.7900,11.5300,11.7500,11.5200,7428600,86655836.0000,3.606200,1,1.996500,-47.739538,4.758564,2.754275,-14.492882,0
2024-12-03,sz.002213,11.8500,12.1200,11.7600,11.9400,11.7500,10390200,123873399.0000,5.043900,1,1.617000,-48.511496,4.835510,2.798812,-14.727235,0
2024-12-04,sz.002213,13.1300,13.1300,13.1300,13.1300,11.9400,10450400,137213752.0000,5.073100,1,9.966500,-53.346394,5.317442,3.077755,-16.195024,0
2024-12-05,sz.002213,13.6600,14.4400,13.4300,14.4400,13.1300,40022905,566021952.3000,19.429100,1,9.977200,-58.668845,5.847971,3.384828,-17.810827,0
2024-12-06,sz.002213,15.0000,15.8800,13.7200,14.5300,14.4400,73637790,1086385304.4100,35.747400,1,0.623300,-59.034509,5.884419,3.405924,-17.921836,0
2024-12-09,sz.002213,13.3600,14.1800,13.0800,13.1100,14.5300,39073305,528952726.5600,18.968100,1,-9.772900,-53.265135,5.309342,3.073067,-16.170356,0
2024-12-10,sz.002213,13.4300,13.6000,12.8300,12.9000,13.1100,28645253,377166646.1600,13.905800,1,-1.601800,-52.411918,5.224295,3.023842,-15.911334,0
2024-12-11,sz.002213,12.7400,13.2900,12.7200,13.1900,12.9000,21093506,274555337.6400,10.239800,1,2.248100,-53.590171,5.341741,3.091820,-16.269031,0
2024-12-12,sz.002213,13.0300,13.4500,12.9000,13.0400,13.1900,20174462,263543183.2200,9.793700,1,-1.137200,-52.980730,5.280993,3.056659,-16.084015,0
2024-12-13,sz.002213,12.9200,13.2200,12.6600,12.7800,13.0400,19325344,249088798.5900,9.381500,1,-1.993900,-51.924365,5.175697,2.995713,-15.763322,0
2024-12-16,sz.002213,12.7800,12.8600,12.3500,12.4400,12.7800,14610073,183590061.7300,7.092400,1,-2.660400,-50.542966,5.038003,2.916015,-15.343953,0
2024-12-17,sz.002213,12.4100,12.5100,11.8600,11.9000,12.4400,13932782,167940438.9200,6.763700,1,-4.340800,-48.348979,4.819311,2.789436,-14.677897,0
2024-12-18,sz.002213,11.9200,12.6600,11.6000,12.4400,11.9000,20004383,245742230.6900,9.711100,1,4.537800,-50.542966,5.038003,2.916015,-15.343953,0
2024-12-19,sz.002213,12.2100,12.8300,12.2100,12.5500,12.4400,19258272,241791173.1600,9.348900,1,0.884200,-50.989889,5.082551,2.941800,-15.479631,0
2024-12-20,sz.002213,12.5000,13.4000,12.4300,13.0800,12.5500,29951372,392562615.5900,14.539900,1,4.223100,-53.143247,5.297192,3.066035,-16.133353,0
2024-12-23,sz.002213,12.9000,13.1900,12.4900,12.5400,13.0800,17252100,220402015.0000,8.375000,1,-4.128400,-50.949260,5.078501,2.939456,-15.467297,0
2024-12-24,sz.002213,12.5400,12.7600,11.9600,12.4100,12.5400,14091700,173348035.1000,6.840800,1,-1.036700,-50.421078,5.025853,2.908983,-15.306950,0
2024-12-25,sz.002213,12.3400,12.3800,11.7700,11.8500,12.4100,10696802,128130206.9400,5.192800,1,-4.512500,-48.145832,4.799062,2.777715,-14.616225,0
2024-12-26,sz.002213,11.8500,13.0400,11.7500,13.0400,11.8500,12602003,158121908.1500,6.117600,1,10.042200,-52.980730,5.280993,3.056659,-16.084015,0
2024-12-27,sz.002213,13.1700,13.7800,13.1100,13.3000,13.0400,38034402,508924156.7400,18.463800,1,1.993900,-54.037094,5.386289,3.117605,-16.404709,0
2024-12-30,sz.002213,13.2000,13.4300,12.9200,13.1900,13.3000,18554700,244603526.5400,9.007400,1,-0.827100,-53.590171,5.341741,3.091820,-16.269031,0
2024-12-31,sz.002213,13.2000,13.8800,13.0600,13.5700,13.1900,34121515,460752759.0800,16.564300,1,2.881000,-55.134088,5.495635,3.180894,-16.737737,0
2025-01-02,sz.002213,13.4500,13.4500,12.5700,12.9500,13.5700,20683965,268558281.0500,10.041000,1,-4.568900,-52.615065,5.244544,3.035562,-15.973006,0
2025-01-03,sz.002213,12.8000,14.2500,12.3600,14.2500,12.9500,29416122,408535376.4900,14.280000,1,10.038600,-57.896886,5.771024,3.340291,-17.576474,0
2025-01-06,sz.002213,14.2500,15.4300,13.8300,14.4500,14.2500,58223664,847338752.7700,28.264600,1,1.403500,-58.709474,5.852021,3.387172,-17.823161,0
2025-01-07,sz.002213,13.9800,15.9000,13.9800,15.9000,14.4500,57741597,869858871.5200,28.030600,1,10.034600,-64.600736,6.439248,3.727061,-19.611644,0
2025-01-08,sz.002213,15.0000,15.9500,14.3100,14.7500,15.9000,55231492,824415696.8100,26.812100,1,-7.232700,-59.928356,5.973516,3.457494,-18.193192,0
2025-01-09,sz.002213,14.2400,15.7800,14.0000,15.0200,14.7500,47654166,719324879.2800,23.133700,1,1.830500,-61.025350,6.082862,3.520784,-18.526220,0
2025-01-10,sz.002213,14.3400,15.4900,13.9500,14.0200,15.0200,42291175,629609001.5700,20.530200,1,-6.657800,-56.962410,5.677877,3.286377,-17.292783,0
2025-01-13,sz.002213,13.3000,13.7000,12.6600,13.1800,14.0200,33410976,436706353.6800,16.219300,1,-5.991400,-53.549541,5.337691,3.089476,-16.256696,0
2025-01-14,sz.002213,13.7800,14.5000,13.7000,14.2800,13.1800,46575638,665815711.3400,22.610100,1,8.346000,-58.018774,5.783173,3.347323,-17.613477,0
2025-01-15,sz.002213,14.2600,14.6500,13.7400,13.7800,14.2800,35622467,501024849.6400,17.292900,1,-3.501400,-55.987305,5.580681,3.230120,-16.996758,0
2025-01-16,sz.002213,14.0000,14.2000,13.2100,13.4700,13.7800,26891301,365662118.1000,13.054400,1,-2.249600,-54.727794,5.455136,3.157454,-16.614393,0
2025-01-17,sz.002213,13.4000,14.3600,12.8500,13.9600,13.4700,37625717,510980937.0100,18.265400,1,3.637700,-56.718634,5.653578,3.272313,-17.218777,0
2025-01-20,sz.002213,14.0000,15.3600,13.7400,15.3600,13.9600,53659958,799398496.1800,26.049200,1,10.028700,-62.406749,6.220556,3.600482,-18.945588,0
2025-01-21,sz.002213,15.5900,16.2000,14.9200,15.6200,15.3600,60270248,942154271.5200,29.258100,1,1.692700,-63.463113,6.325852,3.661427,-19.266282,0
2025-01-22,sz.002213,15.1900,15.4100,14.8300,14.9800,15.6200,31795414,478091821.0700,15.435100,1,-4.097300,-60.862832,6.066662,3.511407,-18.476882,0
2025-01-23,sz.002213,15.1200,15.2500,14.3600,14.4000,14.9800,28502000,419639201.0000,13.836300,1,-3.871800,-58.506327,5.831771,3.375452,-17.761489,0
2025-01-24,sz.002213,14.1700,14.8500,14.0100,14.5200,14.4000,25372815,364596231.2000,12.317200,1,0.833300,-58.993880,5.880370,3.403580,-17.909501,0
2025-01-27,sz.002213,14.5200,14.5300,13.6500,13.6500,14.5200,19281900,268611075.8000,9.360400,1,-5.991700,-55.459123,5.528033,3.199647,-16.836412,0
2025-02-05,sz.002213,13.9100,15.0200,13.6500,15.0200,13.6500,27875115,403009274.6500,13.531900,1,10.036600,-61.025350,6.082862,3.520784,-18.526220,0
2025-02-06,sz.002213,14.8500,16.5200,14.7400,16.5200,15.0200,56070423,880493745.9500,27.219300,1,9.986700,-67.119759,6.690338,3.872393,-20.376375,0
2025-02-07,sz.002213,18.1700,18.1700,17.3100,18.1700,16.5200,70271502,1267176091.0100,34.113200,1,9.987900,-73.823609,7.358562,4.259164,-22.411546,0
2025-02-10,sz.002213,18.3000,19.9500,17.6500,17.8400,18.1700,97941920,1817212322.2800,47.545800,1,-1.816200,-72.482839,7.224917,4.181809,-22.004511,0
2025-02-11,sz.002213,17.5800,17.8900,16.4500,16.5800,17.8400,62067205,1048733983.6900,30.130500,1,-7.062800,-67.363535,6.714637,3.886457,-20.450381,0
2025-02-12,sz.002213,16.2100,17.0200,16.2100,16.8500,16.5800,47266700,785762527.3400,22.945600,1,1.628500,-68.460529,6.823983,3.949747,-20.783409,0
2025-02-13,sz.002213,16.8600,17.5300,16.6100,17.1900,16.8500,52223903,892344640.1400,25.352000,1,2.017800,-69.841928,6.961677,4.029445,-21.202778,0
2025-02-14,sz.002213,16.6200,17.4500,16.2000,17.2400,17.1900,40252303,671909903.6600,19.540400,1,0.290900,-70.045075,6.981926,4.041166,-21.264449,0
2025-02-17,sz.002213,16.8800,18.6600,16.8000,17.9100,17.2400,51296504,895068672.2100,24.901800,1,3.886300,-72.767244,7.253266,4.198218,-22.090852,0
2025-02-18,sz.002213,17.5100,17.6900,16.2200,16.7300,17.9100,35599305,610132495.2200,17.281600,1,-6.588500,-67.972976,6.775384,3.921618,-20.635397,0
2025-02-19,sz.002213,16.7300,18.4000,16.6100,18.4000,16.7300,37011578,667733952.5200,17.967200,1,9.982100,-74.758085,7.451708,4.313077,-22.695236,0
2025-02-20,sz.002213,18.2000,19.9400,17.9900,19.1900,18.4000,71880541,1346056321.9700,34.894300,1,4.293500,-77.967807,7.771645,4.498258,-23.669651,0
2025-02-21,sz.002213,18.6000,20.8400,18.2500,19.6300,19.1900,68098483,1315708634.9900,33.058300,1,2.292900,-79.755500,7.949838,4.601397,-24.212363,0
2025-02-24,sz.002213,19.1000,20.2500,18.6800,19.0300,19.6300,40037500,773565177.6100,19.436200,1,-3.056500,-77.317737,7.706848,4.460753,-23.472301,0
2025-02-25,sz.002213,18.4500,19.4500,18.1000,19.0100,19.0300,31007240,587569698.4700,15.052400,1,-0.105100,-77.236478,7.698748,4.456065,-23.447632,0
2025-02-26,sz.002213,19.1900,19.2900,18.6800,19.1400,19.0100,27960583,530462289.8100,13.573400,1,0.683900,-77.764660,7.751396,4.486538,-23.607979,0
2025-02-27,sz.002213,19.1400,19.9900,18.6000,19.0300,19.1400,33726383,646486857.9700,16.372400,1,-0.574700,-77.317737,7.706848,4.460753,-23.472301,0
2025-02-28,sz.002213,18.6200,19.7200,17.5800,18.0000,19.0300,37349585,694471642.8800,18.131300,1,-5.412500,-73.132909,7.289714,4.219314,-22.201861,0
2025-03-03,sz.002213,17.7700,18.0400,16.8000,17.0700,18.0000,25385301,441609189.6400,12.323300,1,-5.166700,-69.354375,6.913079,4.001317,-21.054765,0
2025-03-04,sz.002213,16.9500,18.6000,16.8400,17.8900,17.0700,31300586,552901494.4100,15.194800,1,4.803700,-72.685986,7.245166,4.193530,-22.066183,0
2025-03-05,sz.002213,17.9200,18.1600,17.5100,17.8400,17.8900,21225800,377877875.0000,10.304000,1,-0.279500,-72.482839,7.224917,4.181809,-22.004511,0
2025-03-06,sz.002213,17.8800,18.6000,17.8000,18.1500,17.8400,32290403,585322051.4900,15.675300,1,1.737700,-73.742350,7.350462,4.254475,-22.386877,0
2025-03-07,sz.002213,17.9700,18.2800,17.4100,17.4700,18.1500,22218900,394741707.4000,10.786100,1,-3.746600,-70.979551,7.075073,4.095079,-21.548140,0
2025-03-10,sz.002213,17.3000,17.7700,17.1100,17.1700,17.4700,18077300,313469886.9400,8.775600,1,-1.717200,-69.760669,6.953577,4.024757,-21.178109,0
2025-03-11,sz.002213,16.9000,17.2000,16.7800,16.9700,17.1700,15948240,269698020.0000,7.742100,1,-1.164800,-68.948081,6.872581,3.977876,-20.931421,0
2025-03-12,sz.002213,17.0000,17.3600,17.0000,17.1600,16.9700,15511900,267120278.0000,7.530200,1,1.119600,-69.720040,6.949528,4.022413,-21.165774,0
2025-03-13,sz.002213,17.2000,17.2000,16.0900,16.1900,17.1600,19580218,322048482.2600,9.505200,1,-5.652700,-65.778989,6.556693,3.795039,-19.969341,0
2025-03-14,sz.002213,16.2200,16.6000,16.0500,16.5200,16.1900,14149103,231990839.5400,6.868700,1,2.038300,-67.119759,6.690338,3.872393,-20.376375,0
2025-03-17,sz.002213,16.6000,16.6500,16.2500,16.5500,16.5200,10822201,178556760.0300,5.253600,1,0.181600,-67.241647,6.702487,3.879425,-20.413378,0
2025-03-18,sz.002213,16.6600,17.2800,16.6300,16.8400,16.5500,17187983,290460557.7000,8.343900,1,1.752300,-68.419899,6.819933,3.947403,-20.771075,0
2025-03-19,sz.002213,16.6700,16.9800,16.3700,16.4600,16.8400,14014702,232110576.7600,6.803400,1,-2.256500,-66.875982,6.666039,3.858329,-20.302369,0
2025-03-20,sz.002213,16.4300,16.9500,16.2200,16.5300,16.4600,13628300,226477529.0000,6.615800,1,0.425300,-67.160388,6.694388,3.874737,-20.388709,0
2025-03-21,sz.002213,16.5000,16.5000,15.7000,15.7400,16.5300,15415578,246113800.4000,7.483500,1,-4.779200,-63.950666,6.374450,3.689556,-19.414294,0
2025-03-24,sz.002213,15.7000,15.7600,14.7500,15.2400,15.7400,15322101,233019547.9600,7.438100,1,-3.176600,-61.919196,6.171958,3.572353,-18.797576,0
2025-03-25,sz.002213,15.2000,15.2000,14.6900,14.7700,15.2400,10826600,161139430.0000,5.255800,1,-3.084000,-60.009615,5.981616,3.462182,-18.217861,0
2025-03-26,sz.002213,14.7600,15.1500,14.7000,14.9600,14.7700,8223300,123506958.0000,3.992000,1,1.286400,-60.781573,6.058563,3.506719,-18.452214,0
2025-03-27,sz.002213,14.9600,15.2900,14.6200,15.0600,14.9600,10861100,163492533.0000,5.272500,1,0.668400,-61.187867,6.099061,3.530160,-18.575557,0
2025-03-28,sz.002213,14.9800,15.2700,14.7200,14.7300,15.0600,8813400,131725222.0000,4.278500,1,-2.191200,-59.847097,5.965416,3.452806,-18.168523,0
2025-03-31,sz.002213,14.5000,14.8000,14.2800,14.7800,14.7300,10144100,146982271.0000,4.924400,1,0.339400,-60.050244,5.985665,3.464526,-18.230195,0
2025-04-01,sz.002213,14.8000,15.0800,14.7800,14.8600,14.7800,7112900,106336997.0000,3.453000,1,0.541300,-60.375279,6.018064,3.483278,-18.328870,0
2025-04-02,sz.002213,14.8300,14.9800,14.7700,14.8400,14.8600,4867200,72398856.0000,2.362800,1,-0.134600,-60.294021,6.009964,3.478590,-18.304201,0
2025-04-03,sz.002213,14.5600,14.9100,14.4300,14.6100,14.8400,6062502,88790200.4400,2.943000,1,-1.549900,-59.359544,5.916818,3.424677,-18.020511,0
2025-04-07,sz.002213,13.4500,13.6400,13.1500,13.1500,14.6100,6532300,86414423.0000,3.171100,1,-9.993200,-53.427653,5.325541,3.082444,-16.219693,0
2025-04-08,sz.002213,13.0000,13.1000,11.8400,12.0000,13.1500,17755400,217193381.9400,8.619300,1,-8.745200,-48.755273,4.859810,2.812876,-14.801241,0
2025-04-09,sz.002213,11.5000,12.8400,10.8000,12.7700,12.0000,21828900,260790727.0000,10.596800,1,6.416700,-51.883736,5.171647,2.993369,-15.750987,0
2025-04-10,sz.002213,13.0900,13.3600,13.0200,13.0800,12.7700,14114100,186162808.0000,6.851700,1,2.427600,-53.143247,5.297192,3.066035,-16.133353,0
2025-04-11,sz.002213,13.0100,14.2600,12.8800,13.8800,13.0800,23750400,327099864.4800,11.520300,1,6.116200,-68.048372,5.828211,3.146002,88.617666,0
2025-04-14,sz.002213,14.1500,14.3000,13.7500,13.8100,13.8800,18732233,260383487.7400,9.086200,1,-0.504300,-67.705189,5.798818,3.130136,88.170747,0
2025-04-15,sz.002213,13.9200,14.0000,13.6500,13.7700,13.8100,9389900,129374268.6700,4.554600,1,-0.289600,-67.509084,5.782022,3.121069,87.915365,0
2025-04-16,sz.002213,13.7500,13.9300,13.3000,13.5800,13.7700,8847100,120370410.0000,4.291300,1,-1.379800,-66.577586,5.702241,3.078004,86.702299,0
2025-04-17,sz.002213,13.4000,14.0400,13.4000,13.6300,13.5800,9789933,135151798.4300,4.748700,1,0.368200,-66.822717,5.723236,3.089337,87.021526,0
2025-04-18,sz.002213,13.6300,13.6800,13.4000,13.4600,13.6300,6355800,85869303.0000,3.082900,1,-1.247200,-65.989272,5.651853,3.050806,85.936152,0
2025-04-21,sz.002213,13.5700,13.7400,13.3500,13.7300,13.4600,5633300,76805212.0000,2.732500,1,2.005900,-67.312979,5.765226,3.112003,87.659982,0
2025-04-22,sz.002213,13.7300,13.8700,13.6100,13.7700,13.7300,6348900,87228027.0000,3.079600,1,0.291300,-67.509084,5.782022,3.121069,87.915365,0
2025-04-23,sz.002213,13.8200,14.2400,13.7600,14.0000,13.7700,11758800,164788779.0000,5.703700,1,1.670300,-68.636687,5.878599,3.173200,89.383813,0
2025-04-24,sz.002213,14.1400,14.1400,13.7300,13.8100,14.0000,8271602,115118792.8600,4.012200,1,-1.357100,-67.705189,5.798818,3.130136,88.170747,0
2025-04-25,sz.002213,13.8100,14.0700,13.6700,13.8100,13.8100,7038300,97515088.0000,3.414000,1,0.000000,-68.985992,5.791078,3.081874,127.584448,0
2025-04-28,sz.002213,13.8200,13.8200,13.5000,13.5500,13.8100,5029500,68426404.0000,2.439600,1,-1.882700,-67.687197,5.682050,3.023851,125.182423,0
2025-04-29,sz.002213,13.4600,14.0600,13.4000,13.8900,13.5500,8503900,118012692.0000,4.124900,1,2.509200,-69.385621,5.824625,3.099727,128.323532,0
2025-04-30,sz.002213,13.9000,14.2000,13.7600,14.1800,13.8900,7060800,99622775.0000,3.424900,1,2.087800,-70.834277,5.946234,3.164444,131.002713,0
2025-05-06,sz.002213,14.2300,14.6900,14.2300,14.6900,14.1800,8279900,120105197.0000,4.016200,1,3.596600,-73.381914,6.160097,3.278257,135.714376,0
2025-05-07,sz.002213,14.8100,14.9200,14.3700,14.5500,14.6900,9780100,142822393.0000,4.743900,1,-0.953000,-72.682562,6.101389,3.247014,134.420978,0
2025-05-08,sz.002213,14.4600,14.6800,14.4300,14.6100,14.5500,5510500,80488658.0000,2.672900,1,0.412400,-72.982284,6.126550,3.260404,134.975292,0
2025-05-09,sz.002213,14.5500,14.5500,14.2000,14.3100,14.6100,5079836,72821506.3200,2.463400,1,-2.053400,-71.483675,6.000748,3.193455,132.203725,0
2025-05-12,sz.002213,14.4700,14.5900,14.3800,14.5300,14.3100,5119500,74232284.0000,2.482600,1,1.537400,-72.582655,6.093003,3.242551,134.236207,0
2025-05-13,sz.002213,14.7100,15.2600,14.4100,14.6200,14.5300,17008947,250944539.7300,8.248200,1,0.619400,-73.032238,6.130743,3.262635,135.067677,0
2025-05-14,sz.002213,14.6300,14.8300,14.2900,14.4600,14.6200,12262267,177538910.7400,5.946400,1,-1.094400,-72.232980,6.063649,3.226929,133.589508,0
2025-05-15,sz.002213,14.5100,14.5500,14.0700,14.1000,14.4600,6965100,98750829.0000,3.377600,1,-2.489600,-70.434648,5.912687,3.146591,130.263629,0
2025-05-16,sz.002213,14.1000,14.3200,14.0000,14.1400,14.1000,5491462,78121657.2000,2.663000,1,0.283700,-70.634463,5.929460,3.155517,130.633171,0
2025-05-19,sz.002213,14.1500,14.4200,13.9400,14.3200,14.1400,6950600,98861998.0000,3.370600,1,1.273000,-71.533628,6.004941,3.195686,132.296111,0
2025-05-20,sz.002213,14.3800,14.7800,14.2000,14.7000,14.3200,10321600,150437650.0000,5.005300,1,2.653600,-73.431867,6.164290,3.280488,135.806762,0
2025-05-21,sz.002213,14.6000,14.6800,14.3400,14.4400,14.7000,6266600,90566477.0000,3.038900,1,-1.768700,-72.133072,6.055262,3.222466,133.404737,0
2025-05-22,sz.002213,14.4000,15.0700,14.3600,14.5200,14.4400,17241000,253297916.0000,8.360700,1,0.554000,-72.532701,6.088809,3.240319,134.143822,0
2025-05-23,sz.002213,14.5200,14.5300,14.1000,14.1300,14.5200,10878100,155353245.0000,5.275100,1,-2.686000,-70.584509,5.925267,3.153286,130.540785,0
2025-05-26,sz.002213,14.1300,14.3700,14.0700,14.3500,14.1300,6643600,94733243.0000,3.221700,1,1.557000,-71.683489,6.017521,3.202381,132.573267,0
2025-05-27,sz.002213,14.2800,14.3900,14.0300,14.1900,14.3300,5835100,82619695.0000,2.829600,1,-0.977000,-70.884231,5.950427,3.166675,131.095099,0
2025-05-28,sz.002213,14.2000,14.3900,13.8500,13.9000,14.1900,7424900,104335138.0000,3.600600,1,-2.043700,-69.435575,5.828819,3.101958,128.415918,0
2025-05-29,sz.002213,13.9500,14.5000,13.8700,14.4100,13.9000,9270600,132915012.0000,4.495600,1,3.669100,-71.983211,6.042682,3.215771,133.127581,0
2025-05-30,sz.002213,14.3500,14.4600,13.8800,13.8900,14.4100,9004100,126077276.0000,4.366400,1,-3.608600,-69.385621,5.824625,3.099727,128.323532,0
2025-06-03,sz.002213,13.7200,14.0000,13.6200,13.8100,13.8900,4294400,59573602.0000,2.082500,1,-0.576000,-68.985992,5.791078,3.081874,127.584448,0
2025-06-04,sz.002213,13.8900,14.5000,13.8200,14.2100,13.8100,8996200,127512062.0000,4.362500,1,2.896500,-70.984138,5.958814,3.171139,131.279870,0
2025-06-05,sz.002213,14.4000,15.2000,14.1900,14.9900,14.2100,25819900,382342150.0000,12.520900,1,5.489100,-74.880523,6.285899,3.345205,138.485943,0
2025-06-06,sz.002213,15.6700,16.4900,15.2000,16.4900,14.9900,21709450,347599512.2400,10.527600,1,10.006700,-82.373571,6.914908,3.679949,152.343776,0
2025-06-09,sz.002213,16.6500,16.9800,16.0400,16.0500,16.4900,41298954,674114705.4200,20.027200,1,-2.668300,-80.175610,6.730399,3.581757,148.278811,0
2025-06-10,sz.002213,15.9800,16.0200,15.3200,15.6200,16.0500,24408954,382437978.8400,11.836700,1,-2.679100,-78.027603,6.550083,3.485798,144.306232,0
2025-06-11,sz.002213,15.6200,16.4000,15.4600,16.1000,15.6200,33079352,527356003.7200,16.041200,1,3.073000,-80.425378,6.751366,3.592916,148.740739,0
2025-06-12,sz.002213,15.7700,15.9900,15.4800,15.6100,16.1000,18772900,293717335.0000,9.103600,1,-3.043500,-77.977649,6.545889,3.483566,144.213847,0
2025-06-13,sz.002213,15.3800,15.5900,15.0000,15.1200,15.6100,16538900,252120742.0000,8.020200,1,-3.139000,-75.529921,6.340413,3.374216,139.686955,0
2025-06-16,sz.002213,14.9700,15.8500,14.9500,15.3600,15.1200,14499700,223971517.0000,7.031400,1,1.587300,-76.728808,6.441054,3.427775,141.904208,0
2025-06-17,sz.002213,15.6500,16.9000,15.3100,16.4700,15.3600,45327673,743887832.0400,21.980800,1,7.226600,-82.273663,6.906521,3.675486,152.159004,0
2025-06-18,sz.002213,16.4100,18.1200,16.1600,18.1200,16.4700,49969926,853536544.5400,24.232000,1,10.018200,-90.516016,7.598431,4.043704,167.402621,0
2025-06-19,sz.002213,18.2100,19.6600,17.8000,18.2500,18.1200,78023683,1462277118.8600,37.836200,1,0.717400,-91.165413,7.652945,4.072715,168.603633,0
2025-06-20,sz.002213,18.4500,19.1600,17.3800,17.4000,18.2500,60038432,1096351069.2600,29.114500,1,-4.657500,-86.919353,7.296507,3.883027,160.750861,0
2025-06-23,sz.002213,17.2800,19.1400,16.3600,19.1400,17.4000,49251932,912351877.5200,23.883800,1,10.000000,-95.611288,8.026158,4.271329,176.825947,0
2025-06-24,sz.002213,19.7700,20.6100,19.2500,19.3000,19.1400,88534388,1758082665.4800,42.933100,1,0.835900,-96.410547,8.093252,4.307035,178.304116,0
2025-06-25,sz.002213,19.4300,20.4500,18.6800,19.4000,19.3000,76854189,1500084258.2800,37.269000,1,0.518100,-96.910083,8.135186,4.329352,179.227971,0
2025-06-26,sz.002213,18.9200,19.1800,18.1100,18.6900,19.4000,58890685,1099231499.3300,28.558000,1,-3.659800,-93.363374,7.837455,4.170906,172.668597,0
2025-06-27,sz.002213,18.8400,19.1700,18.0000,18.7100,18.6900,53813152,1002180641.4000,26.095700,1,0.107000,-93.463281,7.845842,4.175370,172.853368,0
2025-06-30,sz.002213,18.9100,19.3700,18.6000,19.3100,18.7100,49393700,941086793.3500,23.952600,1,3.206800,-96.460500,8.097445,4.309267,178.396501,0
2025-07-01,sz.002213,19.2000,21.2400,18.9000,20.0000,19.3100,81447214,1664676561.3500,39.496300,1,3.573300,-99.907302,8.386790,4.463249,184.771104,0
2025-07-02,sz.002213,19.2700,19.9900,18.0900,18.2000,20.0000,57707424,1087790610.1600,27.984200,1,-9.000000,-90.915645,7.631978,4.061557,168.141705,0
2025-07-03,sz.002213,18.2000,20.0200,18.2000,20.0200,18.2000,44156109,878166989.8200,21.412700,1,10.000000,-100.007210,8.395176,4.467712,184.955875,0
2025-07-04,sz.002213,20.1000,20.2000,18.8100,19.1500,20.0200,62728955,1211699755.4000,30.419300,1,-4.345700,-95.661242,8.030351,4.273561,176.918332,0
2025-07-07,sz.002213,18.9800,19.1900,18.3500,18.6200,19.1500,34671911,647085263.9300,16.813500,1,-2.767600,-93.013698,7.808101,4.155285,172.021898,0
2025-07-08,sz.002213,18.9100,19.2600,18.6000,18.6700,18.6200,44998206,851248412.1600,21.821100,1,0.268500,-93.263467,7.829068,4.166443,172.483826,0
2025-07-09,sz.002213,18.4100,18.6300,17.6500,17.9200,18.6700,43178310,776666571.9500,20.930700,1,-4.017100,-89.523148,7.515084,3.999348,165.566385,0
2025-07-10,sz.002213,17.7600,17.9100,17.2200,17.5700,17.9200,26163836,457269515.8800,12.682900,1,-1.953100,-87.774649,7.368305,3.921236,162.332667,0
2025-07-11,sz.002213,17.3000,17.6900,17.0000,17.4300,17.5700,25002741,432869936.8500,12.120100,1,-0.796800,-87.075249,7.309594,3.889991,161.039179,0
2025-07-14,sz.002213,17.4100,17.4500,17.1000,17.1900,17.4300,15885800,273454701.0000,7.700600,1,-1.376900,-85.876278,7.208945,3.836429,158.821772,0
2025-07-15,sz.002213,17.1100,17.1800,16.7600,16.9200,17.1900,17014200,287834159.0000,8.247600,1,-1.570700,-84.527436,7.095716,3.776171,156.327189,0
2025-07-16,sz.002213,17.0900,17.3800,16.9900,17.1400,16.9200,17374106,298791861.6000,8.422100,1,1.300200,-85.626493,7.187977,3.825270,158.359812,0
2025-07-17,sz.002213,17.0000,17.3100,16.8300,17.2900,17.1400,16568400,283789651.0000,8.031500,1,0.875100,-86.375850,7.250882,3.858746,159.745692,0
2025-07-18,sz.002213,17.3400,17.4700,17.0600,17.1900,17.2900,13586300,234089556.0000,6.586000,1,-0.578400,-85.876278,7.208945,3.836429,158.821772,0
2025-07-21,sz.002213,17.0600,17.2100,16.9600,17.0600,17.1900,11320900,193326579.0000,5.487800,1,-0.756300,-85.226836,7.154427,3.807415,157.620677,0
2025-07-22,sz.002213,17.0700,17.1100,16.7900,16.8000,17.0600,14833806,250295873.9800,7.190700,1,-1.524000,-83.927951,7.045392,3.749389,155.218486,0
2025-07-23,sz.002213,16.7000,16.8100,16.5400,16.6000,16.8000,12547587,208915971.3200,6.082400,1,-1.190500,-82.928809,6.961518,3.704754,153.370647,0
2025-07-24,sz.002213,16.6400,17.5500,16.6100,17.4900,16.6000,28899285,496037967.2500,14.008900,1,5.361400,-87.374992,7.334756,3.903382,161.593531,0
2025-07-25,sz.002213,17.5000,17.5500,17.1100,17.3400,17.4900,18127400,313159776.1900,8.787200,1,-0.857600,-86.625635,7.271851,3.869905,160.207652,0
2025-07-28,sz.002213,17.3400,17.3600,17.1400,17.2100,17.3400,9965700,171534149.0000,4.830900,1,-0.749700,-85.976193,7.217333,3.840892,159.006556,0
2025-07-29,sz.002213,17.1700,17.6600,17.1000,17.3600,17.2100,17626700,306739613.0000,8.544500,1,0.871600,-86.725549,7.280238,3.874369,160.392435,0
2025-07-30,sz.002213,17.5000,18.1900,17.1400,17.8700,17.3600,30178206,535737547.9700,14.628900,1,2.937800,-89.273362,7.494116,3.988190,165.104425,0
2025-07-31,sz.002213,17.5700,17.8700,17.2100,17.2700,17.8700,19959000,349454162.0000,9.675100,1,-3.357600,-86.275935,7.242495,3.854283,159.560908,0
2025-08-01,sz.002213,17.2000,17.4900,16.8400,16.8500,17.2700,13846000,235100749.0000,6.711800,1,-2.432000,-84.177737,7.066360,3.760548,155.680446,0
2025-08-04,sz.002213,16.6000,16.9500,16.5700,16.9300,16.8500,8447400,142338332.0000,4.094900,1,0.474800,-84.577394,7.099909,3.778402,156.419581,0
2025-08-05,sz.002213,16.9000,17.0500,16.8500,16.9100,16.9300,8913300,150855273.0000,4.320700,1,-0.118100,-84.477479,7.091522,3.773939,156.234797,0
2025-08-06,sz.002213,16.9100,17.1800,16.8000,17.1500,16.9100,10945100,186385872.0000,5.305600,1,1.419300,-85.676450,7.192170,3.827501,158.452204,0
2025-08-07,sz.002213,17.1600,18.8700,17.1600,18.8700,17.1500,70607119,1303529639.6300,34.226800,1,10.029200,-94.269074,7.913484,4.211368,174.343621,0
2025-08-08,sz.002213,18.5800,18.7800,18.0800,18.2600,18.8700,53852493,987511371.8800,26.105000,1,-3.232600,-91.221690,7.657670,4.075229,168.707711,0
2025-08-11,sz.002213,18.5100,18.5800,18.2400,18.5200,18.2600,30528905,562918399.8800,14.798900,1,1.423900,-92.520575,7.766705,4.133255,171.109902,0
2025-08-12,sz.002213,19.2500,19.6600,18.4900,18.9600,18.5200,56489304,1068270789.9600,27.383200,1,2.375800,-94.718688,7.951228,4.231454,175.175148,0
2025-08-13,sz.002213,18.7700,18.8800,18.3800,18.5500,18.9600,34519605,640059828.9800,16.733400,1,-2.162400,-92.670446,7.779286,4.139951,171.387078,0
2025-08-14,sz.002213,18.5600,19.3700,18.2500,18.3000,18.5500,35876308,671599615.9200,17.391000,1,-1.347700,-91.421518,7.674444,4.084156,169.077279,0
2025-08-15,sz.002213,18.1300,18.7200,18.1300,18.6700,18.3000,27935287,514787770.2000,13.541600,1,2.021900,-93.269931,7.829611,4.166732,172.495782,0
2025-08-18,sz.002213,18.6800,19.1400,18.4900,19.0000,18.6700,34166183,646119644.9200,16.562000,1,1.767500,-94.918516,7.968002,4.240381,175.544716,0
2025-08-19,sz.002213,18.9900,19.2700,18.6500,18.7800,19.0000,24698910,465785709.3200,11.972800,1,-1.157900,-93.819460,7.875741,4.191281,173.512093,0
2025-08-20,sz.002213,18.5800,18.8900,18.3100,18.7900,18.7800,20789024,385688720.0200,10.077500,1,0.053200,-93.869417,7.879935,4.193513,173.604485,0
2025-08-21,sz.002213,18.7900,19.1900,18.6000,18.9000,18.7900,26791310,505955180.3800,12.987100,1,0.585400,-94.418945,7.926065,4.218063,174.620797,0
2025-08-22,sz.002213,18.9100,20.7800,18.7600,19.4100,18.9000,57693300,1134315027.0000,27.966800,1,2.698400,-92.425573,8.353367,4.006598,144.450932,0
2025-08-25,sz.002213,19.4800,19.7500,18.9100,19.1300,19.4100,37653200,721804836.0000,18.252400,1,-1.442600,-91.092283,8.232865,3.948801,142.367147,0
2025-08-26,sz.002213,19.1500,19.4200,18.7000,18.7500,19.1300,25705700,486298232.0000,12.460800,1,-1.986400,-89.282818,8.069326,3.870362,139.539154,0
2025-08-27,sz.002213,18.8300,19.0500,18.3500,18.3500,18.7500,26824904,500584631.4800,13.003400,1,-2.133300,-87.378118,7.897181,3.787794,136.562318,0
2025-08-28,sz.002213,18.2000,18.4900,17.2400,18.0900,18.3500,25413500,456550849.0000,12.319200,1,-1.416900,-86.140062,7.785286,3.734125,134.627375,0
2025-08-29,sz.002213,17.7700,17.7700,17.2500,17.3300,18.0900,20250900,353754231.0000,9.816600,1,-4.201200,-82.521132,7.458209,3.577246,128.971388,0
2025-09-01,sz.002213,17.6700,18.1600,17.5500,17.9900,17.3300,17543700,312934696.0000,8.504300,1,3.808400,-85.663887,7.742250,3.713483,133.883167,0
2025-09-02,sz.002213,17.7100,18.3500,17.1600,17.9100,17.9900,21644181,382349282.6900,10.492000,1,-0.444700,-85.282947,7.707821,3.696970,133.287800,0
2025-09-03,sz.002213,17.8300,17.8400,17.2000,17.2000,17.9100,12340000,215401535.0000,5.981800,1,-3.964300,-81.902105,7.402262,3.550412,128.003917,0
2025-09-04,sz.002213,17.1000,17.2900,16.3400,16.4600,17.2000,11528400,194151932.0000,5.588400,1,-4.302300,-78.378410,7.083793,3.397662,122.496772,0
2025-09-05,sz.002213,16.6000,17.1800,16.4700,16.9800,16.4600,9726305,163938896.9000,4.714800,1,3.159200,-80.854520,7.307582,3.505000,126.366657,0
2025-09-08,sz.002213,16.8900,17.1800,16.8400,17.1400,16.9800,7696000,131026616.0000,3.730600,1,0.942300,-81.616400,7.376440,3.538027,127.557392,0
2025-09-09,sz.002213,17.0200,17.4700,16.9100,17.3500,17.1400,11637806,200024313.6900,5.641400,1,1.225200,-82.616367,7.466817,3.581375,129.120230,0
2025-09-10,sz.002213,17.3000,17.3500,17.0500,17.0600,17.3500,8434000,144776571.9900,4.088400,1,-1.671500,-81.235460,7.342011,3.521513,126.962025,0
2025-09-11,sz.002213,17.0500,17.3900,16.8000,17.3000,17.0600,9932510,170583556.8000,4.814800,1,1.406800,-82.378280,7.445298,3.571054,128.748126,0
2025-09-12,sz.002213,17.3000,18.1900,17.3000,17.8700,17.3000,26702300,476476305.0000,12.943900,1,3.294800,-85.092477,7.690606,3.688713,132.990116,0
2025-09-15,sz.002213,18.2200,18.3500,17.6200,17.7700,17.8700,19668794,351490279.0000,9.534400,1,-0.559600,-84.616302,7.647570,3.668071,132.245907,0
2025-09-16,sz.002213,17.5900,17.8400,17.5000,17.6000,17.7700,11747700,206821695.0000,5.694700,1,-0.956700,-83.806805,7.574408,3.632980,130.980752,0
2025-09-17,sz.002213,17.5300,17.7600,17.3900,17.4200,17.6000,10379000,181571543.0000,5.031200,1,-1.022700,-82.949690,7.496942,3.595824,129.641176,0
2025-09-18,sz.002213,17.3500,17.6000,16.9700,17.1100,17.4200,13545599,234494028.0200,6.566200,1,-1.779600,-81.473547,7.363529,3.531834,127.334129,0
2025-09-19,sz.002213,17.1100,18.8200,17.1100,18.5400,17.1100,62719458,1157713289.4900,30.403200,1,8.357700,-88.282850,7.978950,3.827014,137.976315,0
2025-09-22,sz.002213,18.0000,18.5100,17.8000,18.4200,18.5400,41438711,756843636.7000,20.058600,1,-0.647200,-87.711440,7.927306,3.802243,137.083264,0
2025-09-23,sz.002213,18.4200,18.8000,17.9100,18.7700,18.4200,36926439,680381066.4200,17.874400,1,1.900100,-89.378053,8.077934,3.874490,139.687995,0
2025-09-24,sz.002213,18.7200,19.4200,18.6000,19.1500,18.7700,43349749,827046509.6100,20.983600,1,2.024500,-91.187518,8.241472,3.952929,142.515989,0
2025-09-25,sz.002213,18.7000,19.3000,18.2900,18.8200,19.1500,31385472,584666002.6000,15.192300,1,-1.723200,-89.616140,8.099452,3.884811,140.060100,0
2025-09-26,sz.002213,18.4800,18.7300,18.0100,18.0300,18.8200,20371010,373403750.7800,9.860700,1,-4.197700,-85.854357,7.759464,3.721740,134.180850,0
2025-09-29,sz.002213,18.5200,18.8300,18.3100,18.6900,18.0300,25244107,469759671.1600,12.219500,1,3.660600,-88.997113,8.043504,3.857977,139.092628,0
2025-09-30,sz.002213,18.8800,20.1900,18.8500,19.7100,18.6900,51445140,1003412576.2200,24.902300,1,5.457500,-93.854098,8.482476,4.068524,146.683558,0
2025-10-09,sz.002213,20.6800,21.6800,19.5300,21.6800,19.7100,55645252,1164235916.9400,26.935300,1,9.994900,-103.234746,9.330293,4.475170,161.344472,0
2025-10-10,sz.002213,21.6500,23.2500,21.4900,21.5100,21.6800,72820908,1618315151.4000,35.249300,1,-0.784100,-102.425248,9.257131,4.440079,160.079317,0
2025-10-13,sz.002213,20.4500,21.0900,20.2000,20.4100,21.5100,45027292,926999152.4800,21.795700,1,-5.113900,-97.187323,8.783731,4.213018,151.893020,0
2025-10-14,sz.002213,20.9800,22.1600,20.0000,20.2800,20.4100,48574902,1022899887.1600,23.512900,1,-0.636900,-96.568296,8.727783,4.186183,150.925549,0
2025-10-15,sz.002213,20.4100,20.7800,19.9600,20.4500,20.2800,31137100,633163784.2400,15.072100,1,0.838300,-97.377793,8.800945,4.221275,152.190704,0
2025-10-16,sz.002213,20.2800,21.3600,20.1800,20.8800,20.4500,40121504,837809228.0200,19.421000,1,2.102700,-99.425346,8.986002,4.310035,155.390801,0
2025-10-17,sz.002213,20.4900,22.0500,20.2100,20.2800,20.8800,34915700,725666820.0000,16.901100,1,-2.873600,-96.568296,8.727783,4.186183,150.925549,0
2025-10-20,sz.002213,20.7000,20.9000,19.6800,19.8500,20.2800,32657831,659010094.4800,15.808200,1,-2.120300,-94.520743,8.542727,4.097423,147.725451,0
2025-10-21,sz.002213,19.9300,21.8400,19.8100,21.8400,19.8500,25441289,537577272.7600,12.315000,1,10.025200,-103.996626,9.399151,4.508197,162.535206,0
2025-10-22,sz.002213,21.7800,21.7800,20.9200,21.0700,21.8400,40099451,846656235.9900,19.410300,1,-3.525600,-100.330078,9.067771,4.349255,156.804798,0
2025-10-23,sz.002213,21.0700,21.9800,20.3800,21.1400,21.0700,39629303,833906704.6700,19.182700,1,0.332200,-100.663401,9.097896,4.363704,157.325744,0
2025-10-24,sz.002213,21.5700,23.2500,21.0500,23.2500,21.1400,43892314,988707247.9600,21.235500,1,9.981100,-187.429861,9.868395,4.901704,68.708565,0
2025-10-27,sz.002213,25.5800,25.5800,25.5800,25.5800,23.2500,3815000,97587700.0000,1.845700,1,10.021500,-206.213155,10.857357,5.392929,75.594198,0
2025-10-28,sz.002213,26.9400,28.1400,26.8800,28.1400,25.5800,85752594,2393035940.6400,41.487800,1,10.007800,-226.850593,11.943942,5.932643,83.159528,0
2025-10-29,sz.002213,27.6500,29.4100,26.0000,26.7000,28.1400,104158476,2881711688.0000,50.392800,1,-5.117300,-215.242034,11.332738,5.629054,78.904030,0
2025-10-30,sz.002213,27.7700,28.6000,26.5100,26.9700,26.7000,88964398,2445668167.7200,43.041700,1,1.011200,-217.418639,11.447339,5.685977,79.701936,0
2025-10-31,sz.002213,26.0200,28.3200,25.2600,28.0200,26.9700,83552152,2262994915.0000,40.423200,1,3.893200,-225.883213,11.893008,5.907344,82.804903,0
2025-11-03,sz.002213,27.0000,28.2000,25.5800,27.4000,28.0200,69768100,1893086084.0000,33.754400,1,-2.212700,-220.885084,11.629851,5.776632,80.972675,0
2025-11-04,sz.002213,28.5100,29.3800,26.7400,26.8100,27.4000,71329970,1989750228.9300,34.510000,1,-2.153300,-216.128799,11.379427,5.652245,79.229103,0
2025-11-05,sz.002213,25.3800,28.2800,25.3800,27.7000,26.8100,68687050,1846981654.1200,33.231400,1,3.319700,-223.303533,11.757185,5.839880,81.859237,0
2025-11-06,sz.002213,28.7000,29.5000,27.4000,28.0700,27.7000,80484270,2270769522.6800,38.939000,1,1.335700,-226.286288,11.914231,5.917885,82.952664,0
2025-11-07,sz.002213,26.6800,27.9800,26.3800,26.4800,28.0700,60412100,1634821806.0000,29.227900,1,-5.664400,-213.468504,11.239360,5.582672,78.253884,0
2025-11-10,sz.002213,26.6600,29.1300,26.5000,29.1300,26.4800,43910312,1256221082.5600,21.244200,1,10.007600,-234.831477,12.364145,6.141361,86.085183,0
2025-11-11,sz.002213,30.9900,32.0400,28.1600,28.2500,29.1300,106054901,3227249401.0100,51.310300,1,-3.020900,-227.737358,11.990631,5.955834,83.484601,0
2025-11-12,sz.002213,27.9600,29.5000,26.6600,28.9600,28.2500,80395701,2245958473.2400,38.896100,1,2.513300,-233.461023,12.291989,6.105521,85.582798,0
2025-11-13,sz.002213,28.0100,30.7900,27.5800,30.1600,28.9600,79684832,2363943881.9900,38.552200,1,4.143600,-243.134822,12.801325,6.358512,89.129046,0
2025-11-14,sz.002213,28.9700,29.2900,27.8800,28.2200,30.1600,56302902,1610312419.1200,27.239800,1,-6.432400,-227.495513,11.977898,5.949509,83.395945,0
2025-11-17,sz.002213,28.7900,29.2000,27.3400,27.5300,28.2200,45715403,1282151728.3700,22.117500,1,-2.445100,-221.933078,11.685029,5.804039,81.356852,0
2025-11-18,sz.002213,27.7000,30.2800,27.7000,30.2800,27.5300,43149673,1282818054.5200,20.876200,1,9.989100,-244.102202,12.852259,6.383811,89.483671,0
2025-11-19,sz.002213,29.0000,33.3100,28.6100,33.3100,30.2800,89937012,2847278198.1600,43.512300,1,10.006600,-268.528545,14.138333,7.022614,98.437949,0
2025-11-20,sz.002213,34.8800,36.6400,33.6000,36.6400,33.3100,55619734,1961164272.8000,26.909300,1,9.997000,-295.373338,15.551742,7.724664,108.278788,0
2025-11-21,sz.002213,32.9800,35.5600,32.9800,32.9800,36.6400,55533200,1870034086.0000,26.867400,1,-9.989100,-265.868250,13.998266,6.953041,97.462730,0
2025-11-24,sz.002213,32.2800,32.6000,29.6800,29.6800,32.9800,18017400,544458983.0000,8.717000,1,-10.006100,-239.265302,12.597590,6.257315,87.710547,0
2025-11-25,sz.002213,29.5600,30.3800,28.0400,30.3700,29.6800,73118494,2154116147.0000,35.375400,1,2.324800,-244.827737,12.890459,6.402785,89.749640,0
2025-11-26,sz.002213,29.3000,29.6600,27.4800,27.6200,30.3700,60079447,1706973076.7000,29.066900,1,-9.055000,-222.658613,11.723229,5.823014,81.622820,0
2025-11-27,sz.002213,27.0400,28.1000,26.5100,26.6800,27.6200,47244540,1286019976.4000,22.857300,1,-3.403300,-215.080804,11.324249,5.624837,78.844926,0
2025-11-28,sz.002213,26.1300,27.5000,26.1300,27.3900,26.6800,40405522,1088527424.7200,19.548500,1,2.661200,-220.804469,11.625607,5.774524,80.943123,0
2025-12-01,sz.002213,27.5100,28.4000,27.2500,27.8100,27.3900,40460168,1123560583.9200,19.575000,1,1.533400,-224.190298,11.803874,5.863071,82.184310,0
2025-12-02,sz.002213,27.3100,27.8000,27.0000,27.4000,27.8100,26527659,726352146.4100,12.834300,1,-1.474300,-220.885084,11.629851,5.776632,80.972675,0
2025-12-03,sz.002213,27.4500,27.6000,26.1600,26.2700,27.4000,29525600,782789658.7800,14.284700,1,-4.124100,-211.775589,11.150226,5.538399,77.633291,0
2025-12-04,sz.002213,26.0900,26.4900,25.5300,26.2200,26.2700,24154530,626769592.0000,11.686200,1,-0.190300,-211.372514,11.129003,5.527857,77.485530,0
2025-12-05,sz.002213,26.3300,26.8500,25.6500,26.5400,26.2200,26227530,692411762.9000,12.689100,1,1.220400,-213.952194,11.264826,5.595322,78.431197,0
2025-12-08,sz.002213,26.6500,28.6000,26.6500,28.1300,26.5400,43779776,1214900572.5400,21.181000,1,5.991000,-226.769978,11.939697,5.930535,83.129976,0
2025-12-09,sz.002213,27.9400,28.3800,27.5400,27.5400,28.1300,30455900,849242284.0000,14.734800,1,-2.097400,-222.013693,11.689274,5.806148,81.386404,0
2025-12-10,sz.002213,27.3700,27.8400,26.7000,27.5100,27.5400,24137800,656090254.0000,11.678100,1,-0.108900,-221.771848,11.676540,5.799823,81.297748,0
2025-12-11,sz.002213,28.0100,28.2300,27.0000,27.0000,27.5100,21704300,595747850.0000,10.500700,1,-1.853900,-217.660484,11.460072,5.692302,79.790592,0
2025-12-12,sz.002213,27.0200,27.4500,26.2400,26.4400,27.0000,22809700,608284996.0000,11.035500,1,-2.074100,-213.146044,11.222382,5.574239,78.135676,0
2025-12-15,sz.002213,25.7500,26.0800,25.4300,25.5200,26.4400,19119700,489877330.0000,9.250300,1,-3.479600,-205.729465,10.831890,5.380279,75.416885,0
2025-12-16,sz.002213,25.2600,25.5600,24.1800,24.4400,25.5200,21108300,519024552.0000,10.212400,1,-4.232000,-197.023045,10.373488,5.152587,72.225262,0
2025-12-17,sz.002213,24.8000,25.2500,24.2500,25.2100,24.4400,17863300,442593864.0000,8.642400,1,3.150600,-203.230400,10.700312,5.314923,74.500771,0
2025-12-18,sz.002213,25.3200,27.7000,25.3200,26.5400,25.2100,46183700,1227171243.0000,22.344100,1,5.275700,-213.952194,11.264826,5.595322,78.431197,0
2025-12-19,sz.002213,26.7300,26.9500,25.2100,25.3200,26.5400,34955700,893558768.0000,16.911900,1,-4.596800,-204.117165,10.747001,5.338114,74.825844,0
2025-12-22,sz.002213,25.5300,26.5000,25.4700,25.6300,25.3200,27913301,724974670.1800,13.504700,1,1.224300,-206.616230,10.878580,5.403470,75.741958,0
2025-12-23,sz.002213,25.5100,26.1500,25.2800,25.9500,25.6300,22364200,575430074.0000,10.817800,1,1.248500,-209.232913,11.016351,5.471902,76.701189,0
2025-12-24,sz.002213,26.0500,27.0700,25.9800,26.7400,25.9500,34276000,913095252.6200,16.579700,1,3.044300,-215.602624,11.351723,5.638484,79.036216,0
2025-12-25,sz.002213,26.7000,27.9800,26.5800,27.0900,26.7400,36808000,1000828719.0000,17.804400,1,1.308900,-218.424648,11.500306,5.712286,80.070721,0
2025-12-26,sz.002213,27.0900,28.2200,26.8800,27.5500,27.0900,38411400,1063919950.3600,18.580000,1,1.698000,-222.133593,11.695586,5.809283,81.430357,0
2025-12-29,sz.002213,27.4500,27.7600,26.7300,26.9000,27.5500,25236031,683731692.0100,12.206900,1,-2.359300,-216.892692,11.419647,5.672222,79.509133,0
2025-12-30,sz.002213,26.5200,27.4900,26.4600,26.7100,26.9000,19691002,531008064.3600,9.524700,1,-0.706300,-215.360736,11.338988,5.632158,78.947544,0
2025-12-31,sz.002213,26.7900,26.9800,25.8300,25.9800,26.7100,19032677,496933590.3200,9.206300,1,-2.733100,-209.474801,11.029087,5.478228,76.789861,0
2026-01-05,sz.002213,26.4300,27.9000,26.3800,27.5000,25.9800,31366777,855217043.6300,15.172400,1,5.850700,-221.730447,11.674360,5.798740,81.282571,0
2026-01-06,sz.002213,27.9800,28.8600,27.3000,28.3000,27.5000,44037910,1240499999.0000,21.301600,1,2.909100,-228.180788,12.013978,5.967431,83.647154,0
2026-01-07,sz.002213,30.1300,30.7700,28.1100,28.4000,28.3000,61229461,1785466953.0800,29.617300,1,0.353400,-228.987080,12.056430,5.988517,83.942727,0
2026-01-08,sz.002213,27.9400,29.3200,27.9400,28.5000,28.4000,39038600,1119496461.0000,18.883400,1,0.352100,-229.793373,12.098883,6.009603,84.238300,0
2026-01-09,sz.002213,27.9500,28.2800,27.4000,27.6900,28.5000,34060364,946024753.4000,16.475300,1,-2.842100,-223.262403,11.755020,5.838804,81.844159,0
2026-01-12,sz.002213,28.2000,28.8000,28.1500,28.6600,27.6900,37648635,1074919126.1000,18.211000,1,3.503100,-231.083441,12.166806,6.043342,84.711217,0
2026-01-13,sz.002213,28.7000,30.5000,27.8700,28.9600,28.6600,59272800,1728677343.0000,28.670900,1,1.046800,-233.502318,12.294163,6.106601,85.597936,0
2026-01-14,sz.002213,29.1200,29.6400,27.8900,28.3900,28.9600,43897000,1266932255.0000,21.233400,1,-1.968200,-228.906451,12.052185,5.986408,83.913170,0
2026-01-15,sz.002213,27.7100,29.8000,27.5000,29.2900,28.3900,41728310,1201723646.0000,20.184400,1,3.170100,-236.163084,12.434255,6.176185,86.573327,0
2026-01-16,sz.002213,29.4300,32.0300,29.0000,30.3200,29.2900,61155966,1847875703.1700,29.581800,1,3.516600,-244.467897,12.871513,6.393375,89.617729,0
2026-01-19,sz.002213,30.3200,31.1600,29.3900,31.1000,30.3200,44557812,1348358703.8400,21.553100,1,2.572600,-250.756979,13.202640,6.557848,91.923198,0
2026-01-20,sz.002213,30.8100,32.6100,30.4800,31.7200,31.1000,47837014,1522871145.2600,23.139300,1,1.993600,-255.755992,13.465844,6.688583,93.755751,0
2026-01-21,sz.002213,31.0000,32.5000,30.7600,31.4200,31.7200,44112906,1404728240.2700,21.337900,1,-0.945800,-253.337115,13.338487,6.625324,92.869032,0
2026-01-22,sz.002213,32.2500,32.4600,29.7900,30.2500,31.4200,39158758,1201735460.6600,18.941500,1,-3.723700,-243.903492,12.841796,6.378614,89.410828,0
2026-01-23,sz.002213,29.3200,29.8100,28.6900,29.5000,30.2500,38586962,1121972747.5500,18.664900,1,-2.479300,-237.856298,12.523405,6.220467,87.194030,0
2026-01-26,sz.002213,29.6100,29.9300,28.1800,28.3600,29.5000,24174801,699564919.8000,11.693600,1,-3.864400,-228.664563,12.039449,5.980083,83.824498,0
2026-01-27,sz.002213,27.7100,28.9300,27.1000,28.4300,28.3600,22029800,619092022.0000,10.656000,1,0.246800,-229.228968,12.069166,5.994843,84.031399,0
2026-01-28,sz.002213,28.4500,29.0800,27.9400,27.9600,28.4300,19506965,554279582.1500,9.435700,1,-1.653200,-225.439393,11.869641,5.895737,82.642206,0
2026-01-29,sz.002213,27.9400,30.0000,27.7100,28.8300,27.9600,34743512,1012654932.9300,16.805800,1,3.111600,-232.454138,12.238975,6.079188,85.213691,0
2026-01-30,sz.002213,28.1800,28.7800,26.8800,27.5000,28.8300,26119501,722118926.6100,12.634300,1,-4.613300,-221.730447,11.674360,5.798740,81.282571,0
2026-02-02,sz.002213,26.8000,27.0300,26.0000,26.0200,27.5000,19511400,515493285.0000,9.437900,1,-5.381800,-209.797318,11.046068,5.486662,76.908090,0
2026-02-03,sz.002213,26.6300,26.9900,26.1800,26.9200,26.0200,17835600,475705230.0000,8.627300,1,3.458900,-217.053951,11.428137,5.676439,79.568247,0
2026-02-04,sz.002213,26.5400,26.6600,25.9100,26.2400,26.9200,13810589,362285821.3600,6.680300,1,-2.526000,-211.571161,11.139462,5.533052,77.558351,0
2026-02-05,sz.002213,25.5700,25.8300,25.3000,25.6700,26.2400,11344400,290369335.0000,5.487400,1,-2.172300,-206.975294,10.897485,5.412860,75.873585,0
2026-02-06,sz.002213,25.4000,25.8700,24.9600,25.5800,25.6700,10136800,258456649.0000,4.903300,1,-0.350600,-206.249631,10.859278,5.393883,75.607569,0
2026-02-09,sz.002213,25.9800,26.2300,25.8200,26.2000,25.5800,10422600,271976048.0000,5.041500,1,2.423800,-211.248644,11.122482,5.524618,77.440122,0
2026-02-10,sz.002213,26.2100,26.2900,25.7900,25.8300,26.2000,9294900,241521812.0000,4.496000,1,-1.412200,-208.265362,10.965408,5.446598,76.346502,0
2026-02-11,sz.002213,25.8200,25.8500,25.5000,25.5000,25.8300,6801089,174535302.7400,3.289800,1,-1.277600,-205.604597,10.825316,5.377014,75.371111,0
2026-02-12,sz.002213,25.8200,26.1900,25.6000,26.0900,25.5000,12202500,316867402.0000,5.902500,1,2.313700,-210.361722,11.075784,5.501423,77.114992,0
2026-02-13,sz.002213,26.0000,26.5300,25.8400,26.2200,26.0900,10788200,283832481.1100,5.218400,1,0.498300,-211.409903,11.130972,5.528835,77.499236,0
2026-02-24,sz.002213,26.6400,27.3800,26.1500,27.2000,26.2200,16301800,439624116.0000,7.885300,1,3.737600,-219.311570,11.547004,5.735481,80.395852,0
2026-02-25,sz.002213,27.0800,27.3000,26.5200,27.2400,27.2000,14811600,399972839.1400,7.164500,1,0.147100,-219.634087,11.563985,5.743916,80.514081,0
2026-02-26,sz.002213,27.8200,27.8800,27.1000,27.2800,27.2400,13954246,381841508.5000,6.749800,1,0.146800,-219.956604,11.580965,5.752350,80.632310,0
2026-02-27,sz.002213,26.8800,28.5500,26.5300,28.3900,27.2800,23792489,657875555.0800,11.508700,1,4.068900,-228.906451,12.052185,5.986408,83.913170,0
2026-03-02,sz.002213,27.5000,28.8000,27.4800,27.7000,28.3900,21884388,615781646.6000,10.585700,1,-2.430400,-223.343032,11.759265,5.840913,81.873717,0
2026-03-03,sz.002213,27.7000,27.9700,26.0000,26.0200,27.7000,16507300,443112064.0000,7.984700,1,-6.065000,-209.797318,11.046068,5.486662,76.908090,0
2026-03-04,sz.002213,25.4500,27.8000,25.4000,26.9800,26.0200,18407301,497598127.2400,8.903800,1,3.689500,-217.537726,11.453609,5.689091,79.745591,0
2026-03-05,sz.002213,27.5000,27.7800,26.9100,27.1700,26.9800,13744900,375464945.9300,6.648500,1,0.704200,-219.069682,11.534268,5.729155,80.307180,0
2026-03-06,sz.002213,26.7000,28.0800,26.6900,27.9900,27.1700,18599500,515315986.0000,9.004500,1,3.018000,-425.508621,12.207225,5.438025,-32.270500,0
2026-03-09,sz.002213,27.4800,27.8500,26.8900,27.8000,27.9900,15101600,412859138.0000,7.311100,1,-0.678800,-422.620210,12.124361,5.401111,-32.051444,0
2026-03-10,sz.002213,28.0500,28.4300,27.8500,28.2000,27.8000,15245800,428767483.0000,7.380900,1,1.438800,-428.701076,12.298812,5.478824,-32.512615,0
2026-03-11,sz.002213,28.0700,28.4000,27.4500,27.4500,28.2000,15995100,445744636.0000,7.743700,1,-2.659600,-417.299452,11.971716,5.333111,-31.647918,0
2026-03-12,sz.002213,27.2200,27.9000,26.5500,26.6700,27.4500,12353301,333869348.6000,5.980600,1,-2.841500,-405.441762,11.631536,5.181569,-30.748633,0
2026-03-13,sz.002213,26.5000,29.3400,26.4300,28.3800,26.6700,49230414,1408853206.0000,23.833800,1,6.411700,-431.437466,12.377315,5.513796,-32.720143,0
2026-03-16,sz.002213,28.2000,29.8800,28.0300,29.8700,28.3800,48678089,1414089114.9600,23.566400,1,5.250200,-454.088693,13.027146,5.803280,-34.438008,0
2026-03-17,sz.002213,29.2000,29.6500,28.9200,29.1200,29.8700,28242200,827163523.9700,13.672800,1,-2.510900,-442.687069,12.700050,5.657566,-33.573311,0
2026-03-18,sz.002213,29.4700,31.3500,29.1600,30.5800,29.1200,43032002,1302833758.7100,20.833000,1,5.013700,-464.882231,13.336797,5.941222,-35.256588,0
2026-03-19,sz.002213,29.3700,30.4300,29.2100,29.6000,30.5800,28005490,836491516.5100,13.558200,1,-3.204700,-449.984108,12.909391,5.750823,-34.126717,0
2026-03-20,sz.002213,29.6000,30.7900,28.9600,29.1400,29.6000,28031161,835708225.3300,13.570700,1,-1.554100,-442.991112,12.708772,5.661452,-33.596369,0
2026-03-23,sz.002213,28.6300,29.7600,27.6300,28.0000,29.1400,25601302,737284863.9200,12.394300,1,-3.912100,-425.660643,12.211586,5.439967,-32.282030,0
2026-03-24,sz.002213,28.6300,29.4400,27.7700,29.3900,28.0000,28337951,816054037.6400,13.719200,1,4.964300,-446.791653,12.817804,5.710023,-33.884602,0
2026-03-25,sz.002213,29.3500,30.2100,29.2000,29.5800,29.3900,24904264,740232394.7200,12.056800,1,0.646500,-449.680065,12.900669,5.746937,-34.103658,0
2026-03-26,sz.002213,28.9800,30.1000,28.5000,29.8100,29.5800,26690489,786139448.9800,12.921600,1,0.777600,-453.176563,13.000978,5.791623,-34.368832,0
2026-03-27,sz.002213,28.9800,31.0000,27.6600,30.6700,29.8100,37967200,1127458885.4800,18.381000,1,2.884900,-466.250426,13.376048,5.958707,-35.360352,0
2026-03-30,sz.002213,30.7000,31.9000,29.9200,31.0000,30.6700,34227600,1055053459.7200,16.570500,1,1.076000,-471.267140,13.519970,6.022821,-35.740818,0
2026-03-31,sz.002213,30.3300,30.4500,29.1300,29.1300,31.0000,27442938,812399689.8400,13.285900,1,-6.032300,-442.839090,12.704411,5.659509,-33.584840,0
2026-04-01,sz.002213,30.1600,30.2600,28.8000,29.2900,29.1300,25002550,736906496.9600,12.104400,1,0.549300,-445.271437,12.774191,5.690595,-33.769309,0
2026-04-02,sz.002213,29.2800,30.2000,29.0300,29.3400,29.2900,20144200,596518799.9900,9.752400,1,0.170700,-446.031545,12.795998,5.700309,-33.826955,0
2026-04-03,sz.002213,29.0500,29.2000,26.4800,26.6100,29.3400,26704004,733798290.1400,12.928100,1,-9.304700,-404.529632,11.605368,5.169912,-30.679457,0
2026-04-07,sz.002213,26.4600,28.0700,26.0700,26.8600,26.6100,15584385,423432958.7000,7.544800,1,0.939500,-408.330174,11.714400,5.218483,-30.967690,0
2026-04-08,sz.002213,27.7500,29.5500,27.7500,29.5500,26.8600,21937494,632037420.8800,10.620500,1,10.014900,-449.224000,12.887585,5.741109,-34.069070,0
2026-04-09,sz.002213,30.1600,32.5100,30.1600,32.5100,29.5500,65026575,2082697509.3000,31.481200,1,10.016900,-494.222411,14.178524,6.316191,-37.481742,0
2026-04-10,sz.002213,33.0900,34.9400,32.3800,33.8700,32.5100,67657956,2284728127.1900,32.755100,1,4.183300,-514.897356,14.771658,6.580418,-39.049726,0
2026-04-13,sz.002213,32.7100,35.0300,32.7100,34.6200,33.8700,42904429,1469644442.0400,20.771200,1,2.214300,-526.298981,15.098754,6.726131,-39.914424,0
2026-04-14,sz.002213,34.8800,38.0800,34.5300,38.0800,34.6200,17972601,662636216.5400,8.701000,1,9.994200,-578.898474,16.607757,7.398356,-43.903560,0
2026-04-15,sz.002213,37.9700,37.9700,34.2700,34.8500,38.0800,57420599,2045451589.3000,27.798900,1,-8.482100,-529.795479,15.199064,6.770817,-40.179597,0
2026-04-16,sz.002213,34.8900,38.3400,33.8700,38.3400,34.8500,43375299,1592370783.6600,20.999200,1,10.014300,-582.851037,16.721151,7.448870,-44.203322,0
2026-04-17,sz.002213,39.0600,39.4500,37.1900,37.7300,38.3400,54784662,2082209224.4300,26.522800,1,-1.591000,-573.577716,16.455112,7.330356,-43.500035,0
2026-04-20,sz.002213,37.2500,38.0000,36.5600,37.3000,37.7300,35626551,1321982518.4600,17.247800,1,-1.139700,-567.040785,16.267577,7.246814,-43.004275,0
2026-04-21,sz.002213,37.2800,37.2800,35.9600,36.1800,37.3000,24411862,887889206.2700,11.818500,1,-3.002700,-550.014359,15.779114,7.029215,-41.712994,0
2026-04-22,sz.002213,36.1200,36.1200,35.2700,35.8100,36.1800,23535862,839653579.9200,11.394400,1,-1.022700,-544.389558,15.617746,6.957330,-41.286410,0
2026-04-23,sz.002213,36.1200,36.4900,33.6900,34.1300,35.8100,27983299,967002997.0700,13.547500,1,-4.691400,-518.849919,14.885051,6.630932,-39.349488,0
2026-04-24,sz.002213,34.1600,36.5800,33.6300,35.6400,34.1300,48954550,1716049875.9900,23.700300,1,4.424300,4468.780760,15.340057,6.561849,-66.287055,0
2026-04-27,sz.002213,36.2100,37.0000,35.7200,36.5200,35.6400,40257850,1465124463.5000,19.489900,1,2.469100,4579.121026,15.718823,6.723870,-67.923773,0
2026-04-28,sz.002213,36.5400,37.3600,35.5000,35.7000,36.5200,36430550,1328519034.3400,17.637000,1,-2.245300,4476.303960,15.365882,6.572896,-66.398650,0
2026-04-29,sz.002213,35.3800,37.2600,34.8800,37.0100,35.7000,38597722,1397174365.7000,18.686200,1,3.669500,4640.560492,15.929728,6.814086,-68.835127,0
2026-04-30,sz.002213,37.0000,38.4100,36.4400,37.3000,37.0100,41870610,1569147965.0000,20.270700,1,0.783600,4676.922625,16.054548,6.867479,-69.374499,0
2026-05-06,sz.002213,38.9300,40.8800,38.0000,39.1000,37.3000,45777720,1798006734.4000,22.162300,1,4.825700,4902.618623,16.829299,7.198886,-72.722330,0
2026-05-07,sz.002213,38.8400,40.5000,37.9000,39.9600,39.1000,44032999,1721203450.6100,21.317600,1,2.199500,5010.451156,17.199457,7.357224,-74.321850,0
2026-05-08,sz.002213,38.5800,43.4300,38.5000,43.1500,39.9600,46369100,1948631894.8600,22.445800,1,7.983000,5410.434619,18.572487,7.944550,-80.254950,0
2026-05-11,sz.002213,43.4200,46.3000,43.3000,45.1100,43.1500,38565261,1745237818.1900,18.663400,1,4.542300,5656.192483,19.416104,8.305415,-83.900366,0
2026-05-12,sz.002213,43.8100,45.3000,43.1100,43.5100,45.1100,25110900,1104434846.0000,12.152200,1,-3.546900,5455.573818,18.727437,8.010832,-80.924517,0
2026-05-13,sz.002213,43.1000,43.7400,42.5000,43.5700,43.5100,27168423,1172844623.9600,13.148000,1,0.137900,5463.097018,18.753262,8.021879,-81.036111,0
2026-05-14,sz.002213,43.6100,43.9900,41.4500,41.4800,43.5700,26962899,1154200864.4300,13.048500,1,-4.796900,5201.038887,17.853691,7.637079,-77.148907,0
2026-05-15,sz.002213,41.2700,42.1500,40.0700,40.6400,41.4800,20449701,838856047.1300,9.896500,1,-2.025100,5095.714088,17.492141,7.482422,-75.586586,0
2026-05-18,sz.002213,40.7100,42.1400,39.8300,40.3000,40.6400,20267377,831320171.7300,9.808300,1,-0.836600,5053.082622,17.345799,7.419823,-74.954218,0
2026-05-19,sz.002213,40.0900,40.9500,38.4500,40.5500,40.3000,20712901,824523431.2500,10.023900,1,0.620300,5084.429288,17.453403,7.465852,-75.419194,0
2026-05-20,sz.002213,40.2700,42.8400,40.0500,41.9300,40.5500,29637401,1234513050.6300,14.342800,1,3.403200,5257.462887,18.047379,7.719930,-77.985865,0
2026-05-21,sz.002213,41.9400,41.9500,38.0100,38.3300,41.9300,32515886,1292040695.8800,15.735800,1,-8.585700,4806.070891,16.497878,7.057117,-71.290203,0
2026-05-22,sz.002213,38.6800,39.2800,37.6300,38.9800,38.3300,19488775,751052674.5000,9.431500,1,1.695800,4887.572223,16.777649,7.176792,-72.499142,0
2026-05-25,sz.002213,38.9800,39.3000,38.0200,38.9200,38.9800,18728302,726087149.0200,9.063400,1,-0.153900,4880.049023,16.751824,7.165745,-72.387547,0
2026-05-26,sz.002213,38.7200,38.8600,36.3600,37.2400,38.9200,21038703,778175273.3800,10.181500,1,-4.316500,4669.399425,16.028723,6.856432,-69.262905,0
2026-05-27,sz.002213,38.1100,38.3800,35.6100,35.7800,37.2400,17801300,656606519.0000,8.614800,1,-3.920500,4486.334894,15.400315,6.587625,-66.547442,0
2026-05-28,sz.002213,35.4600,36.5000,35.3000,36.1100,35.7800,14008101,504125627.1100,6.779100,1,0.922300,4527.712493,15.542352,6.648383,-67.161211,0
2026-05-29,sz.002213,36.1300,36.5000,33.7700,34.1300,36.1100,15821901,550140663.1200,7.656900,1,-5.483200,4279.446895,14.690127,6.283836,-63.478597,0
2026-06-01,sz.002213,34.5900,34.8000,33.0500,33.0600,34.1300,11023222,372993642.4800,5.334600,1,-3.135100,4145.283163,14.229581,6.086833,-61.488497,0
2026-06-02,sz.002213,32.9700,34.7700,31.6700,34.3800,33.0600,18385356,612466344.1600,8.897500,1,3.992700,4310.793562,14.797731,6.329864,-63.943573,0
2026-06-03,sz.002213,34.0300,36.4900,33.9100,35.0800,34.3800,20938385,743472815.0500,10.133000,1,2.036100,4398.564228,15.099023,6.458745,-65.245508,0
2026-06-04,sz.002213,34.6000,38.5900,34.0000,38.5900,35.0800,15367961,580503495.9600,7.437200,1,10.005700,4838.671424,16.609786,7.104987,-71.773778,0
2026-06-05,sz.002213,38.0000,39.5000,37.1100,37.7600,38.5900,36827161,1417737415.1400,17.822200,1,-2.150800,4734.600491,16.252540,6.952172,-70.230056,0
2026-06-08,sz.002213,35.9300,37.6800,34.8600,35.5500,37.7600,21039274,759562100.7200,10.181800,1,-5.852800,4457.495960,15.301319,6.545279,-66.119664,0
2026-06-09,sz.002213,36.3600,37.1400,35.6100,36.8600,35.5500,21815945,795536128.9900,10.557700,1,3.685000,4621.752492,15.865165,6.786469,-68.556141,0
2026-06-10,sz.002213,35.8000,37.5000,35.5100,35.9400,36.8600,18208700,662325073.5700,8.812000,1,-2.495900,4506.396760,15.469182,6.617083,-66.845027,0
2026-06-11,sz.002213,35.3300,39.5300,35.0700,38.7700,35.9400,44918120,1714813214.7700,21.737800,1,7.874200,4861.241023,16.687261,7.138128,-72.108561,0
2026-06-12,sz.002213,39.1000,39.6300,38.0800,38.1900,38.7700,34008990,1318327858.1900,16.458400,1,-1.496000,4788.516757,16.437619,7.031341,-71.029816,0
2026-06-15,sz.002213,38.5500,39.3300,37.4000,39.2300,38.1900,31930682,1225822335.3600,15.452600,1,2.723200,4918.918890,16.885253,7.222821,-72.964118,0
2026-06-16,sz.002213,39.0100,39.2500,38.1100,38.8200,39.2300,26684365,1032557568.0400,12.913700,1,-1.045100,4867.510357,16.708782,7.147334,-72.201557,0
2026-06-17,sz.002213,38.0000,41.0500,37.0800,40.6900,38.8200,37250790,1450841676.5000,18.027300,1,4.817100,5101.983421,17.513662,7.491628,-75.679581,0
2026-06-18,sz.002213,39.9200,40.8500,39.4200,40.0700,40.6900,26726901,1072901674.2500,12.934300,1,-1.523700,5024.243689,17.246803,7.377477,-74.526439,0
2026-06-22,sz.002213,40.0700,42.0000,38.6800,41.9500,40.0700,34576515,1409148343.9500,16.733100,1,4.691800,5259.970620,18.055987,7.723613,-78.023063,0
2026-06-23,sz.002213,41.9200,41.9300,39.3900,39.7700,41.9500,22580701,916326590.8900,10.927800,1,-5.196700,4986.627689,17.117678,7.322243,-73.968468,0
2026-06-24,sz.002213,38.3100,40.5500,36.7500,39.3400,39.7700,22935500,892387566.7700,11.099500,1,-1.081200,4932.711423,16.932599,7.243073,-73.168708,0
2026-06-25,sz.002213,40.4000,41.0000,39.4600,39.7900,39.3400,23311002,938880118.0500,11.281200,1,1.143900,4989.135422,17.126286,7.325925,-74.005666,0
2026-06-26,sz.002213,38.5000,38.8600,36.8500,36.8800,39.7900,20579511,777178543.0800,9.959300,1,-7.313400,4624.260226,15.873773,6.790151,-68.593339,0
2026-06-29,sz.002213,36.8800,36.8800,33.2300,34.4600,36.8800,18259910,633926301.0000,8.836800,1,-6.561800,4320.824495,14.832165,6.344593,-64.092366,0
2026-06-30,sz.002213,34.8100,37.1100,34.3400,36.7400,34.4600,16115202,577522427.1600,7.798800,1,6.616400,4606.706092,15.813515,6.764375,-68.332952,0
2026-07-01,sz.002213,36.7500,38.3800,36.2100,36.7500,36.7400,17934800,663622701.0000,8.679400,1,0.027200,4607.959959,15.817819,6.766216,-68.351551,0
2026-07-02,sz.002213,34.7400,36.4600,33.3000,34.9000,36.7500,13977800,487943844.9900,6.761800,1,-5.034000,4377.503567,15.026728,6.427820,-64.933107,0
2026-07-03,sz.002213,34.5400,35.7700,33.7500,34.9900,34.9000,11406600,398394908.0000,5.518000,1,0.257900,4388.792258,15.065479,6.444396,-65.100557,0
2026-07-06,sz.002213,35.8000,36.3400,34.4800,35.1900,34.9900,12229800,433637468.0000,5.916200,1,0.571600,4413.878238,15.151592,6.481231,-65.472666,0
2026-07-07,sz.002213,35.0000,35.1200,33.3500,33.3500,35.1900,10236302,349800280.5400,4.951800,1,-5.228800,4183.087219,14.359352,6.142343,-62.049259,0
2026-07-08,sz.002213,33.0200,33.6900,31.3200,31.4300,33.3500,12117743,388077859.7600,5.862000,1,-5.757100,3942.261808,13.532666,5.788721,-58.477008,0
2026-07-09,sz.002213,32.0000,33.8800,30.5000,33.5900,31.4300,16490945,531695007.7700,7.977500,1,6.872400,4213.190395,14.462687,6.186546,-62.495790,0
2026-07-10,sz.002213,33.6600,34.1900,32.9800,32.9800,33.5900,13340788,448296384.6800,6.453600,1,-1.816000,4136.678155,14.200043,6.074197,-61.360856,0
2026-07-13,sz.002213,32.2000,33.1000,29.7500,29.9200,32.9800,12592800,392852261.0000,6.091800,1,-9.278400,3752.862656,12.882513,5.510612,-55.667581,0
2026-07-14,sz.002213,29.9300,31.4800,29.6000,31.3900,29.9200,13556832,415846616.7700,6.558100,1,4.913100,3937.244612,13.515444,5.781354,-58.402586,0
2026-07-15,sz.002213,31.6900,31.7900,29.0700,29.0900,31.3900,11560214,347205078.2200,5.592300,1,-7.327200,3648.755838,12.525144,5.357744,-54.123326,0
2026-07-16,sz.002213,28.6100,29.2100,27.7300,27.8800,29.0900,10190276,288951786.7600,4.929600,1,-4.159500,3496.985657,12.004160,5.134889,-51.872064,0
2026-07-17,sz.002213,27.5900,27.9400,25.0900,25.0900,27.8800,13170800,342433231.0000,6.371400,1,-10.007200,3147.036232,10.802883,4.621031,-46.681136,0
2026-07-20,sz.002213,25.5000,26.1600,22.5800,22.7200,25.0900,16658676,399084620.4200,8.058700,1,-9.446000,2849.767365,9.782443,4.184529,-42.271639,0
2026-07-21,sz.002213,23.4800,24.9900,20.7100,24.9900,22.7200,16762200,385448056.4400,8.108700,1,9.991200,3134.493241,10.759826,4.602614,-46.495082,0
2026-07-22,sz.002213,25.9800,27.4900,25.7500,27.4900,24.9900,8878041,240189474.0900,4.294800,1,10.004000,3448.067996,11.836239,5.063059,-51.146450,0
2026-07-23,sz.002213,27.9500,28.6200,26.9200,27.8900,27.4900,31530721,878149165.4400,15.253000,1,1.455100,3498.239956,12.008465,5.136730,-51.890669,0
2026-07-24,sz.002213,27.1600,27.9800,26.8200,26.9300,27.8900,17970223,490812026.9600,8.693100,1,-3.442100,3377.827251,11.595123,4.959919,-50.104544,0
2026-07-27,sz.002213,26.8000,27.8000,26.3200,27.5700,26.9300,16024600,436077894.0300,7.751900,1,2.376500,3458.102388,11.870684,5.077793,-51.295294,0
2026-07-28,sz.002213,27.0000,28.1300,26.7100,26.8900,27.5700,13725254,374756061.2400,6.639600,1,-2.466400,3372.810055,11.577900,4.952552,-50.030122,0
2026-07-29,sz.002213,27.3600,27.3600,25.7000,26.7500,26.8900,12939496,341461746.8000,6.259500,1,-0.520600,3355.249868,11.517621,4.926767,-49.769645,0
2026-07-30,sz.002213,26.2900,27.9000,25.0500,25.5700,26.7500,16155100,421998613.2800,7.815000,1,-4.411200,3207.242584,11.009554,4.709437,-47.574199,0
2026-07-31,sz.002213,27.2000,27.5000,25.8000,25.8000,25.5700,17319017,461079926.4600,8.378100,1,0.899500,3236.091462,11.108584,4.751798,-48.002125,0
2026-08-03,sz.002213,25.3100,25.7200,24.8000,24.9600,25.8000,10774284,270717034.4300,5.212100,1,-3.255800,3130.730344,10.746909,4.597088,-46.439265,0
2026-08-04,sz.002213,25.4600,26.4000,25.1600,26.2400,24.9600,13327556,345880318.9200,6.447200,1,5.128200,3291.280619,11.298033,4.832836,-48.820766,0
2026-08-05,sz.002213,26.2400,28.8600,26.1700,28.8600,26.2400,20607402,582451214.7100,9.968900,1,9.984800,3619.906961,12.426114,5.315383,-53.695400,0
2026-08-06,sz.002213,28.7400,29.8800,28.3000,29.3200,28.8600,26359793,768547770.5700,12.751600,1,1.593900,3677.604716,12.624174,5.400105,-54.551252,0
2026-08-07,sz.002213,29.3200,30.2600,28.7900,30.1700,29.3200,19649123,583712830.1800,9.505300,1,2.899000,3784.220132,12.990154,5.556657,-56.132718,0
2026-08-10,sz.002213,30.1700,30.3400,29.3900,30.0400,30.1700,11517614,342936622.1500,5.571700,1,-0.430900,3767.914245,12.934181,5.532713,-55.890847,0
2026-08-11,sz.002213,30.0200,30.2800,29.6000,29.6700,30.0400,9415459,281719255.7800,4.554700,1,-1.231700,3766.233286,12.928410,5.530245,-55.865912,0
2026-08-12,sz.002213,29.9300,30.4400,29.4200,30.2500,29.6700,9260400,278992002.0000,4.479700,1,1.954800,3839.856991,13.181140,5.638352,-56.957999,0
2026-08-13,sz.002213,30.8800,31.0000,29.5000,29.5000,30.2500,11496279,347658914.6700,5.561300,1,-2.479300,3744.653925,12.854335,5.498559,-55.545818,0
2026-08-14,sz.002213,30.1200,30.3000,29.2800,30.0700,29.5000,9615707,287152097.8400,4.651600,1,1.932200,3817.008255,13.102706,5.604802,-56.619076,0
2026-08-17,sz.002213,30.3500,30.9300,30.0000,30.9300,30.0700,10486879,320973041.6300,5.073000,1,2.860000,3926.174437,13.477443,5.765099,-58.238378,0
2026-08-18,sz.002213,30.9600,31.6600,30.5100,31.0300,30.9300,12684471,394344951.5800,6.136100,1,0.323300,3938.868179,13.521017,5.783738,-58.426669,0
2026-08-19,sz.002213,29.8000,30.4800,28.6100,28.8000,31.0300,11708001,345000534.5200,5.663800,1,-7.186600,3655.797730,12.549316,5.368084,-54.227781,0
2026-08-20,sz.002213,29.0800,31.3300,28.8000,29.4000,28.8000,13447125,402236922.9000,6.505100,1,2.083300,3731.960183,12.810761,5.479919,-55.357527,0
2026-08-21,sz.002213,29.2100,29.9600,28.9000,29.8900,29.4000,11710102,346794873.2800,5.664800,1,1.666700,363.551130,12.704397,5.844622,-58.304914,0
2026-08-24,sz.002213,30.1500,31.8300,29.4100,31.5100,29.8900,23350274,723143739.8000,11.295700,1,5.419900,383.255139,13.392959,6.161393,-61.464966,0
2026-08-25,sz.002213,30.4000,33.2800,29.6500,32.6300,31.5100,23368316,738555473.1400,11.304400,1,3.554400,396.877664,13.869002,6.380395,-63.649694,0
2026-08-26,sz.002213,32.6300,32.6300,30.8000,31.1800,32.6300,18330310,573936970.7900,8.867300,1,-4.443800,379.241360,13.252696,6.096866,-60.821252,0
2026-08-27,sz.002213,31.1000,31.6200,30.6500,31.0900,31.1800,16414519,511361704.8900,7.940500,1,-0.288600,378.146692,13.214443,6.079267,-60.645694,0
