date,code,open,high,low,close,preclose,volume,amount,turn,tradestatus,pctChg,peTTM,pbMRQ,psTTM,pcfNcfTTM,isST
2022-10-31,sz.301389,20.8900,22.0200,19.9100,20.9400,22.5000,26176828,538447604.4300,38.940000,1,-6.933300,32.653568,7.225171,14.222334,-202.150614,0
2022-11-01,sz.301389,20.0300,20.4000,19.6100,20.3000,20.9400,15384969,309263853.2100,22.886300,1,-3.056400,31.655561,7.004344,13.787649,-195.972181,0
2022-11-02,sz.301389,20.2900,21.5000,20.1000,20.5500,20.3000,15179596,314957219.5000,22.580800,1,1.231500,32.045407,7.090605,13.957448,-198.385631,0
2022-11-03,sz.301389,20.0000,20.5000,19.6300,20.3300,20.5500,10662210,213598805.2100,15.860800,1,-1.070600,31.702342,7.014695,13.808025,-196.261795,0
2022-11-04,sz.301389,20.4000,20.6600,20.1200,20.3300,20.3300,10869630,221527107.9500,16.169400,1,0.000000,31.702342,7.014695,13.808025,-196.261795,0
2022-11-07,sz.301389,20.0000,20.9400,19.9300,20.7800,20.3300,11794843,242494962.9400,17.545700,1,2.213500,32.404066,7.169964,14.113662,-200.606005,0
2022-11-08,sz.301389,20.6000,21.1000,20.2600,21.0600,20.7800,10041137,206673884.8900,14.936900,1,1.347400,32.840695,7.266576,14.303837,-203.309070,0
2022-11-09,sz.301389,21.2900,22.1200,21.0000,21.0200,21.0600,15855536,340980981.6000,23.586300,1,-0.189900,32.778319,7.252774,14.276669,-202.922918,0
2022-11-10,sz.301389,20.7700,22.0500,20.5400,21.8900,21.0200,16658049,355966533.1200,24.780100,1,4.138900,34.134986,7.552960,14.867568,-211.321726,0
2022-11-11,sz.301389,21.7900,23.3900,21.6100,22.1000,21.8900,20756745,466660388.2100,30.877200,1,0.959300,34.462458,7.625419,15.010199,-213.349024,0
2022-11-14,sz.301389,21.9000,21.9000,20.5000,20.7000,22.1000,14095916,293478273.1600,20.968700,1,-6.334800,32.279316,7.142361,14.059327,-199.833701,0
2022-11-15,sz.301389,20.6500,20.9600,20.4500,20.7500,20.7000,11155324,230666322.9900,16.594400,1,0.241500,32.357285,7.159613,14.093287,-200.316391,0
2022-11-16,sz.301389,20.5000,20.8300,20.4500,20.5500,20.7500,6382038,131497971.6400,9.493800,1,-0.963900,32.045407,7.090605,13.957448,-198.385631,0
2022-11-17,sz.301389,20.5600,20.5800,20.0100,20.3200,20.5500,7101104,143624035.1100,10.563400,1,-1.119200,31.686748,7.011245,13.801233,-196.165257,0
2022-11-18,sz.301389,20.2500,24.3800,20.2500,24.3800,20.3200,34650535,793475631.7800,51.545300,1,19.980300,38.017860,8.412114,16.558763,-235.359693,0
2022-11-21,sz.301389,23.2000,24.2700,22.5000,23.4500,24.3800,21851912,511251623.4900,32.506400,1,-3.814600,36.567630,8.091225,15.927112,-226.381657,0
2022-11-22,sz.301389,24.4100,25.3000,23.7000,24.2500,23.4500,21581541,530342629.8900,32.104200,1,3.411500,37.815140,8.367258,16.470468,-234.104698,0
2022-11-23,sz.301389,24.9400,25.8000,23.5800,24.2800,24.2500,15745210,388299436.9100,23.422200,1,0.123700,37.861922,8.377610,16.490843,-234.394312,0
2022-11-24,sz.301389,23.4400,24.3300,23.0800,23.3900,24.2800,12751712,300841688.7300,18.969100,1,-3.665600,36.474067,8.070523,15.886360,-225.802429,0
2022-11-25,sz.301389,23.1500,23.7500,21.8100,21.8200,23.3900,12098643,273462435.8300,17.997600,1,-6.712300,34.025829,7.528807,14.820025,-210.645960,0
2022-11-28,sz.301389,21.7000,22.2600,21.0000,21.9900,21.8200,11060290,237834373.9900,16.453000,1,0.779100,34.290925,7.587465,14.935488,-212.287106,0
2022-11-29,sz.301389,21.7100,21.9700,21.4800,21.7500,21.9900,9153633,199067472.2500,13.616700,1,-1.091400,33.916672,7.504655,14.772481,-209.970193,0
2022-11-30,sz.301389,21.7400,21.7400,21.2300,21.4500,21.7500,6497804,139512903.5700,9.666000,1,-1.379300,33.448856,7.401142,14.568723,-207.074053,0
2022-12-01,sz.301389,21.6500,22.0400,21.5200,21.6200,21.4500,7749044,168154529.4400,11.527300,1,0.792500,33.713952,7.459799,14.684186,-208.715199,0
2022-12-02,sz.301389,21.6600,21.7700,21.2000,21.3300,21.6200,7772889,166682567.9200,11.562800,1,-1.341400,33.261729,7.359737,14.487219,-205.915597,0
2022-12-05,sz.301389,21.3800,21.7200,21.1200,21.4900,21.3300,7008963,149898402.4400,10.426400,1,0.750100,33.511231,7.414944,14.595891,-207.460205,0
2022-12-06,sz.301389,21.4900,21.4900,21.1800,21.3800,21.4900,5811913,123740487.0900,8.645700,1,-0.511900,33.339699,7.376989,14.521179,-206.398287,0
2022-12-07,sz.301389,21.5500,22.1600,21.4500,21.5700,21.3800,9842571,213774532.0400,14.641600,1,0.888700,33.635982,7.442547,14.650226,-208.232509,0
2022-12-08,sz.301389,21.3100,21.3500,20.7000,20.7800,21.5700,8131812,170280804.7400,12.096700,1,-3.662500,32.404066,7.169964,14.113662,-200.606005,0
2022-12-09,sz.301389,20.8500,21.0400,20.5500,20.9200,20.7800,4331260,90110721.2500,6.443100,1,0.673700,32.622381,7.218270,14.208750,-201.957538,0
2022-12-12,sz.301389,20.7800,20.9900,20.5600,20.9600,20.9200,3810268,79184604.5800,5.668100,1,0.191200,32.684756,7.232072,14.235917,-202.343690,0
2022-12-13,sz.301389,20.9500,21.1400,20.6600,20.7300,20.9600,3478665,72561165.8600,5.174800,1,-1.097300,32.326097,7.152712,14.079703,-200.123315,0
2022-12-14,sz.301389,20.8000,20.9900,20.5100,20.5100,20.7300,3442303,71317221.3500,5.120700,1,-1.061300,31.983032,7.076803,13.930280,-197.999479,0
2022-12-15,sz.301389,20.4700,20.9400,20.3400,20.9000,20.5100,3532871,73117375.9300,5.255400,1,1.901500,32.591193,7.211369,14.195166,-201.764462,0
2022-12-16,sz.301389,21.0000,21.0000,20.5100,20.5200,20.9000,3178052,65707639.1500,4.727600,1,-1.818200,31.998626,7.080253,13.937072,-198.096017,0
2022-12-19,sz.301389,20.4200,20.4900,19.8500,19.9600,20.5200,3453496,69413755.2000,5.137300,1,-2.729000,31.125369,6.887030,13.556723,-192.689888,0
2022-12-20,sz.301389,19.9700,20.2300,19.9200,20.1300,19.9600,1856972,37344698.3000,2.762400,1,0.851700,31.390465,6.945687,13.672186,-194.331034,0
2022-12-21,sz.301389,20.0800,20.2000,19.6200,19.6400,20.1300,2738437,54175955.9600,4.073600,1,-2.434200,30.626365,6.776617,13.339381,-189.600671,0
2022-12-22,sz.301389,19.6400,19.7800,18.7600,18.7800,19.6400,4204963,80461250.5800,6.255200,1,-4.378800,29.285292,6.479881,12.755273,-181.298401,0
2022-12-23,sz.301389,18.7000,18.8500,18.3000,18.4400,18.7800,2232484,41446152.6300,3.321000,1,-1.810400,28.755100,6.362567,12.524347,-178.016109,0
2022-12-26,sz.301389,18.3700,18.9500,18.3700,18.7900,18.4400,1875288,35196974.0000,2.789600,1,1.898000,29.300886,6.483331,12.762065,-181.394940,0
2022-12-27,sz.301389,18.8000,19.2700,18.5100,19.0400,18.7900,3061668,57784500.2600,4.554500,1,1.330500,29.690733,6.569592,12.931864,-183.808390,0
2022-12-28,sz.301389,18.8900,18.9000,18.4000,18.4800,19.0400,2467421,45829350.2800,3.670500,1,-2.941200,28.817476,6.376369,12.551515,-178.402261,0
2022-12-29,sz.301389,18.3300,18.5600,18.2600,18.2800,18.4800,1780894,32756608.6000,2.649200,1,-1.082300,28.505598,6.307360,12.415676,-176.471500,0
2022-12-30,sz.301389,18.5100,18.5800,18.2800,18.3000,18.2800,1456827,26746402.1900,2.167100,1,0.109400,28.536786,6.314261,12.429260,-176.664577,0
2023-01-03,sz.301389,18.2800,19.0800,18.2500,19.0700,18.3000,3600574,67484508.8500,5.356100,1,4.207700,29.737514,6.579943,12.952240,-184.098004,0
2023-01-04,sz.301389,19.0600,19.0600,18.6600,18.7500,19.0700,2517498,47431154.4700,3.745000,1,-1.678000,29.238510,6.469530,12.734898,-181.008787,0
2023-01-05,sz.301389,18.7900,19.4600,18.7300,19.3700,18.7500,4457676,85312098.0400,6.631100,1,3.306700,30.205330,6.683456,13.155998,-186.994145,0
2023-01-06,sz.301389,19.3000,19.4000,19.0000,19.2100,19.3700,2751655,52934314.8100,4.093300,1,-0.826000,29.955829,6.628249,13.047327,-185.449536,0
2023-01-09,sz.301389,19.2200,19.5000,19.1100,19.2300,19.2100,1736473,33397709.4300,2.583100,1,0.104100,29.987016,6.635150,13.060911,-185.642612,0
2023-01-10,sz.301389,19.1500,19.3400,19.0100,19.2200,19.2300,1915733,36794342.5300,2.849800,1,-0.052000,29.971422,6.631699,13.054119,-185.546074,0
2023-01-11,sz.301389,19.1500,19.2500,18.6000,18.6200,19.2200,3301314,62406924.6100,4.911000,1,-3.121700,29.035790,6.424674,12.646602,-179.753793,0
2023-01-12,sz.301389,18.6900,18.8300,18.6200,18.7500,18.6200,1412648,26441391.4100,2.101400,1,0.698200,29.238510,6.469530,12.734898,-181.008787,0
2023-01-13,sz.301389,18.9500,19.5500,18.8000,19.3500,18.7500,4653398,89823118.3900,6.922300,1,3.200000,30.174143,6.676555,13.142414,-186.801069,0
2023-01-16,sz.301389,19.1300,19.4700,19.1200,19.3400,19.3500,2783000,53844982.7500,4.139900,1,-0.051700,30.158549,6.673104,13.135622,-186.704531,0
2023-01-17,sz.301389,19.3600,19.8400,19.3600,19.4400,19.3400,3299193,64505242.6900,4.907800,1,0.517100,30.314488,6.707608,13.203542,-187.669911,0
2023-01-18,sz.301389,19.4500,19.7800,19.2100,19.6300,19.4400,3070022,59942197.8100,4.566900,1,0.977400,30.610771,6.773166,13.332589,-189.504133,0
2023-01-19,sz.301389,19.5000,19.8000,19.4200,19.6900,19.6300,2439318,47904180.8000,3.628700,1,0.305700,30.704334,6.793869,13.373340,-190.083361,0
2023-01-20,sz.301389,19.7900,19.8200,19.4300,19.6100,19.6900,2848296,55779622.1400,4.237100,1,-0.406300,30.579583,6.766266,13.319005,-189.311057,0
2023-01-30,sz.301389,19.7900,19.9400,19.6400,19.6900,19.6100,3315411,65560333.5100,4.931900,1,0.408000,30.704334,6.793869,13.373340,-190.083361,0
2023-01-31,sz.301389,19.6800,19.6800,19.4500,19.6600,19.6900,2795790,54688611.5100,4.158900,1,-0.152400,30.657553,6.783518,13.352965,-189.793747,0
2023-02-01,sz.301389,19.6700,20.7500,19.6700,20.5500,19.6600,6922234,140046403.5800,10.297300,1,4.527000,32.045407,7.090605,13.957448,-198.385631,0
2023-02-02,sz.301389,20.4900,20.7400,20.3600,20.4200,20.5500,4111263,84456961.4000,6.115800,1,-0.632600,31.842687,7.045749,13.869152,-197.130637,0
2023-02-03,sz.301389,20.4600,20.5700,19.9000,20.1900,20.4200,3969398,80094738.5300,5.904800,1,-1.126300,31.484028,6.966390,13.712938,-194.910262,0
2023-02-06,sz.301389,20.1500,20.3100,19.9500,20.0300,20.1900,3051235,61254357.9500,4.538900,1,-0.792500,31.234526,6.911183,13.604267,-193.365654,0
2023-02-07,sz.301389,20.2400,20.3300,20.0400,20.3000,20.0300,2774618,56099586.8900,4.127500,1,1.348000,31.655561,7.004344,13.787649,-195.972181,0
2023-02-08,sz.301389,20.2200,20.4400,19.9800,19.9900,20.3000,2688295,54198111.0000,3.999000,1,-1.527100,31.172151,6.897381,13.577099,-192.979502,0
2023-02-09,sz.301389,20.0000,20.5400,19.8600,20.4200,19.9900,4165881,84674649.1900,6.197100,1,2.151100,31.842687,7.045749,13.869152,-197.130637,0
2023-02-10,sz.301389,20.4900,20.6600,20.2700,20.4500,20.4200,3946644,80802544.0000,5.870900,1,0.146900,31.889469,7.056100,13.889528,-197.420251,0
2023-02-13,sz.301389,20.3000,20.7700,20.3000,20.7300,20.4500,4052731,83535698.4500,6.028700,1,1.369200,32.326097,7.152712,14.079703,-200.123315,0
2023-02-14,sz.301389,20.6500,20.7700,20.4000,20.6100,20.7300,3212592,66071349.3400,4.779000,1,-0.578900,32.138971,7.111307,13.998199,-198.964859,0
2023-02-15,sz.301389,20.6200,20.7900,20.5100,20.6800,20.6100,3338609,68948038.7200,4.966400,1,0.339600,32.248128,7.135460,14.045743,-199.640625,0
2023-02-16,sz.301389,20.9000,20.9600,19.8300,19.9500,20.6800,6246016,127972957.8900,9.291400,1,-3.530000,31.109775,6.883580,13.549931,-192.593350,0
2023-02-17,sz.301389,19.8300,20.0900,19.5900,19.6100,19.9500,3511701,69568770.2400,5.223900,1,-1.704300,30.579583,6.766266,13.319005,-189.311057,0
2023-02-20,sz.301389,19.6000,19.8600,19.4900,19.8200,19.6100,2337265,45949273.4000,3.476900,1,1.070900,30.907055,6.838724,13.461636,-191.338356,0
2023-02-21,sz.301389,19.9300,19.9300,19.5800,19.7400,19.8200,2069752,40871394.0900,3.078900,1,-0.403600,30.782304,6.811121,13.407300,-190.566051,0
2023-02-22,sz.301389,19.6100,19.9000,19.5900,19.7900,19.7400,1725349,34042084.1600,2.566600,1,0.253300,30.860273,6.828373,13.441260,-191.048742,0
2023-02-23,sz.301389,19.7500,19.8600,19.5600,19.6600,19.7900,2282510,44975185.8700,3.395400,1,-0.656900,30.657553,6.783518,13.352965,-189.793747,0
2023-02-24,sz.301389,19.7000,19.8400,19.5700,19.6700,19.6600,1550567,30534707.3200,2.306600,1,0.050900,30.673147,6.786968,13.359757,-189.890285,0
2023-02-27,sz.301389,19.6000,19.6500,19.1800,19.2000,19.6700,2717741,52670995.8000,4.042800,1,-2.389400,29.940235,6.624798,13.040535,-185.352998,0
2023-02-28,sz.301389,19.3200,19.6200,19.2100,19.3800,19.2000,1660159,32215368.4900,2.469600,1,0.937500,30.220924,6.686906,13.162790,-187.090683,0
2023-03-01,sz.301389,19.4000,19.6300,19.3600,19.6100,19.3800,1762090,34385773.3000,2.621200,1,1.186800,30.579583,6.766266,13.319005,-189.311057,0
2023-03-02,sz.301389,19.5600,19.6400,19.3900,19.4200,19.6100,1770216,34581401.4000,2.633300,1,-0.968900,30.283300,6.700708,13.189958,-187.476835,0
2023-03-03,sz.301389,19.4800,19.6900,19.3500,19.5100,19.4200,1611831,31442528.2100,2.397700,1,0.463400,30.423645,6.731761,13.251085,-188.345677,0
2023-03-06,sz.301389,19.5100,19.5600,19.4000,19.5400,19.5100,1365138,26602409.1000,2.030700,1,0.153800,30.470426,6.742113,13.271461,-188.635291,0
2023-03-07,sz.301389,19.6800,19.7500,19.2200,19.2500,19.5400,2220100,43272966.7600,3.302600,1,-1.484100,30.018204,6.642051,13.074495,-185.835688,0
2023-03-08,sz.301389,19.0600,19.4700,19.0600,19.4400,19.2500,1350734,26084352.2200,2.009300,1,0.987000,30.314488,6.707608,13.203542,-187.669911,0
2023-03-09,sz.301389,19.4400,19.6000,19.4100,19.5300,19.4400,1238899,24188943.1600,1.843000,1,0.463000,30.454832,6.738662,13.264669,-188.538753,0
2023-03-10,sz.301389,19.5300,19.6500,19.3000,19.4600,19.5300,1753941,34185744.0100,2.609100,1,-0.358400,30.345675,6.714509,13.217126,-187.862987,0
2023-03-13,sz.301389,19.3200,19.6000,19.1700,19.5500,19.4600,1901100,36739858.0000,2.828000,1,0.462500,30.486020,6.745563,13.278253,-188.731829,0
2023-03-14,sz.301389,19.4900,19.5000,19.0500,19.2600,19.5500,2077288,39925702.7100,3.090100,1,-1.483400,30.033798,6.645501,13.081287,-185.932226,0
2023-03-15,sz.301389,19.2500,19.6600,19.2200,19.6200,19.2600,2731222,53380178.0400,4.062900,1,1.869200,30.595177,6.769716,13.325797,-189.407595,0
2023-03-16,sz.301389,19.5200,19.5700,19.2100,19.4100,19.6200,1864179,36080495.9600,2.773100,1,-1.070300,30.267706,6.697257,13.183166,-187.380297,0
2023-03-17,sz.301389,19.4700,19.6800,19.4100,19.5900,19.4100,2340667,45782948.5600,3.481900,1,0.927400,30.548396,6.759365,13.305421,-189.117981,0
2023-03-20,sz.301389,19.5900,20.2100,19.5200,20.1800,19.5900,5896538,117838584.7800,8.771500,1,3.011700,31.468434,6.962939,13.706146,-194.813724,0
2023-03-21,sz.301389,20.0200,20.1800,19.9000,20.1700,20.1800,2797586,56034670.8700,4.161600,1,-0.049600,31.452840,6.959489,13.699354,-194.717186,0
2023-03-22,sz.301389,20.2000,20.2700,20.0500,20.0900,20.1700,2477671,49867028.8600,3.685700,1,-0.396600,31.328089,6.931885,13.645018,-193.944882,0
2023-03-23,sz.301389,20.0500,20.2500,20.0000,20.1000,20.0900,2528195,50840523.9200,3.760900,1,0.049800,31.343683,6.935336,13.651810,-194.041420,0
2023-03-24,sz.301389,20.0800,20.1100,19.7700,19.9000,20.1000,3942557,78490846.3700,5.864900,1,-0.995000,33.410369,2.422942,14.986563,5.157207,0
2023-03-27,sz.301389,19.9000,20.0400,19.6500,19.8500,19.9000,2235532,44350883.0500,3.325500,1,-0.251300,33.326423,2.416855,14.948908,5.144249,0
2023-03-28,sz.301389,19.8100,19.8300,19.3200,19.3300,19.8500,2600670,50726225.5800,3.868700,1,-2.619600,32.453389,2.353541,14.557300,5.009488,0
2023-03-29,sz.301389,19.4800,19.4800,19.1600,19.2000,19.3300,1870843,36013230.8800,2.783000,1,-0.672500,32.235130,2.337713,14.459397,4.975798,0
2023-03-30,sz.301389,19.2600,19.5000,19.0800,19.4100,19.2000,1885849,36417373.0200,2.805300,1,1.093800,32.587702,2.363282,14.617547,5.030221,0
2023-03-31,sz.301389,19.2500,19.4300,19.2300,19.3800,19.4100,1435007,27726639.2500,2.134700,1,-0.154600,32.537334,2.359629,14.594954,5.022446,0
2023-04-03,sz.301389,19.3800,19.7900,19.3500,19.7000,19.3800,2244990,44026926.7200,3.339600,1,1.651200,33.074586,2.398591,14.835944,5.105376,0
2023-04-04,sz.301389,19.6000,19.8500,19.5600,19.7000,19.7000,2371260,46739747.3600,3.527400,1,0.000000,33.074586,2.398591,14.835944,5.105376,0
2023-04-06,sz.301389,19.7000,20.0900,19.5700,19.9400,19.7000,3112392,61962172.6100,4.629900,1,1.218300,33.477526,2.427813,15.016687,5.167573,0
2023-04-07,sz.301389,19.9000,19.9500,19.7400,19.9000,19.9400,1895332,37608568.0400,2.819400,1,-0.200600,33.410369,2.422942,14.986563,5.157207,0
2023-04-10,sz.301389,19.8500,20.0500,19.5600,19.7100,19.9000,2059124,40808469.2400,3.063100,1,-0.954800,33.091376,2.399809,14.843475,5.107968,0
2023-04-11,sz.301389,19.7000,19.7600,19.4600,19.6200,19.7100,1768421,34651768.8400,2.630700,1,-0.456600,32.940273,2.388851,14.775697,5.084643,0
2023-04-12,sz.301389,19.9900,20.5900,19.8300,20.4000,19.6200,8061395,163941283.0700,11.991900,1,3.975500,34.249826,2.483820,15.363110,5.286785,0
2023-04-13,sz.301389,20.2500,20.3000,19.8400,19.8400,20.4000,3778387,75739701.7700,5.620600,1,-2.745100,33.309634,2.415637,14.941377,5.141658,0
2023-04-14,sz.301389,19.8500,20.1200,19.6900,20.0200,19.8400,2923454,58268618.9800,4.348900,1,0.907300,33.611839,2.437553,15.076934,5.188306,0
2023-04-17,sz.301389,20.0200,20.2600,19.9600,20.1500,20.0200,2315887,46530910.4400,3.445100,1,0.649400,33.830097,2.453381,15.174836,5.221996,0
2023-04-18,sz.301389,20.1500,20.1500,19.6500,19.7400,20.1500,2351435,46508773.9600,3.497900,1,-2.034700,33.141743,2.403461,14.866068,5.115742,0
2023-04-19,sz.301389,19.6600,19.9400,19.6500,19.7700,19.7400,1527262,30200277.0800,2.271900,1,0.152000,33.192110,2.407114,14.888661,5.123517,0
2023-04-20,sz.301389,19.7300,20.3800,19.3900,20.1500,19.7700,4780387,95401845.8300,7.111200,1,1.922100,33.830097,2.453381,15.174836,5.221996,0
2023-04-21,sz.301389,20.0500,20.1500,19.3100,19.3500,20.1500,3138800,61658015.6400,4.669200,1,-3.970200,32.486967,2.355977,14.572362,5.014671,0
2023-04-24,sz.301389,19.2500,19.3500,18.7900,18.8100,19.3500,2455503,46546969.3100,3.652700,1,-2.790700,31.580354,2.290228,14.165691,4.874727,0
2023-04-25,sz.301389,18.7500,18.8600,18.2300,18.4000,18.8100,1722362,31839930.2600,2.562100,1,-2.179700,30.892000,2.240309,13.856923,4.768473,0
2023-04-26,sz.301389,18.3900,18.6600,18.2600,18.4600,18.4000,1287048,23812323.5400,1.914600,1,0.326100,30.992734,2.247614,13.902108,4.784022,0
2023-04-27,sz.301389,18.0500,18.1800,17.4600,17.4800,18.4600,2635016,46505023.8800,3.919800,1,-5.308800,34.176388,2.110227,15.290899,4.850889,0
2023-04-28,sz.301389,17.4900,17.7800,17.4900,17.7400,17.4800,1305268,23083652.1200,1.941700,1,1.487400,34.684732,2.141615,15.518338,4.923042,0
2023-05-04,sz.301389,17.4900,17.5100,16.9200,17.0100,17.7400,4286576,73136944.4200,6.048100,1,-4.115000,33.257457,2.053488,14.879759,4.720459,0
2023-05-05,sz.301389,16.9000,17.0100,16.8300,16.9300,17.0100,1763542,29808293.3400,2.488200,1,-0.470300,33.101044,2.043830,14.809778,4.698258,0
2023-05-08,sz.301389,17.0400,17.0400,16.9000,17.0000,16.9300,1540028,26135506.9800,2.172900,1,0.413500,33.237906,2.052280,14.871011,4.717684,0
2023-05-09,sz.301389,17.0500,17.1800,16.9000,16.9900,17.0000,1534140,26133259.8100,2.164600,1,-0.058800,33.218354,2.051073,14.862264,4.714909,0
2023-05-10,sz.301389,16.9700,17.3800,16.9500,17.2900,16.9900,1836873,31597708.5900,2.591700,1,1.765700,33.804905,2.087290,15.124693,4.798162,0
2023-05-11,sz.301389,17.3100,19.0000,17.1200,18.2400,17.2900,6439568,117483355.6200,9.085800,1,5.494500,35.662318,2.201976,15.955720,5.061798,0
2023-05-12,sz.301389,17.9500,17.9500,17.4500,17.5900,18.2400,3531085,62213325.9500,4.982100,1,-3.563600,34.391457,2.123507,15.387123,4.881416,0
2023-05-15,sz.301389,17.6600,17.7700,17.2000,17.7000,17.5900,2269728,39688679.7500,3.202400,1,0.625400,34.606525,2.136786,15.483347,4.911942,0
2023-05-16,sz.301389,17.5600,17.8500,17.3800,17.8500,17.7000,2378017,41913692.0300,3.355200,1,0.847500,34.899801,2.154895,15.614562,4.953568,0
2023-05-17,sz.301389,17.8000,18.8600,17.8000,18.3100,17.8500,4326673,79762353.9000,6.104700,1,2.577000,35.799180,2.210427,16.016954,5.081223,0
2023-05-18,sz.301389,18.1600,18.2300,17.9100,18.0600,18.3100,2197254,39652530.9500,3.100200,1,-1.365400,35.310387,2.180246,15.798262,5.011846,0
2023-05-19,sz.301389,18.0000,18.3400,17.9900,18.1700,18.0600,1698227,30862498.7500,2.396100,1,0.609100,35.525456,2.193526,15.894487,5.042372,0
2023-05-22,sz.301389,18.0500,18.5100,18.0100,18.2700,18.1700,1835999,33467412.1800,2.590500,1,0.550400,35.720973,2.205598,15.981963,5.070123,0
2023-05-23,sz.301389,18.2000,18.2900,17.9000,17.9000,18.2700,1519853,27471611.6900,2.144400,1,-2.025200,34.997560,2.160931,15.658300,4.967444,0
2023-05-24,sz.301389,17.9800,18.4400,17.9800,18.2600,17.9000,2575289,47084522.8100,3.633600,1,2.011200,35.701421,2.204391,15.973216,5.067348,0
2023-05-25,sz.301389,18.2000,18.8300,18.2000,18.5600,18.2600,3227214,59931503.8400,4.553400,1,1.642900,36.287972,2.240607,16.235645,5.150601,0
2023-05-26,sz.301389,18.4700,18.6900,18.4000,18.5000,18.5600,1957041,36218394.7900,2.761300,1,-0.323300,36.170662,2.233364,16.183159,5.133950,0
2023-05-29,sz.301389,18.4200,18.7600,18.4200,18.6100,18.5000,2065885,38480943.0500,2.914800,1,0.594600,36.385731,2.246644,16.279383,5.164477,0
2023-05-30,sz.301389,18.6300,18.8200,18.5000,18.7900,18.6100,2356931,43986299.2200,3.325500,1,0.967200,36.737662,2.268374,16.436841,5.214429,0
2023-05-31,sz.301389,17.9800,18.0700,17.6500,17.7900,18.0900,2222572,39640015.9700,3.135900,1,-1.658400,34.782491,2.147651,15.562076,4.936918,0
2023-06-01,sz.301389,17.7100,18.0700,17.7100,18.0000,17.7900,2046967,36798440.3900,2.888100,1,1.180400,35.193077,2.173003,15.745777,4.995195,0
2023-06-02,sz.301389,18.0000,18.6000,17.9200,18.3600,18.0000,3086868,56554891.8200,4.355400,1,2.000000,35.896938,2.216463,16.060692,5.095099,0
2023-06-05,sz.301389,18.4600,18.5000,18.1000,18.1600,18.3600,2082829,37890121.6400,2.938700,1,-1.089300,35.505904,2.192318,15.885739,5.039597,0
2023-06-06,sz.301389,18.1500,18.1700,17.6500,17.6600,18.1600,2308758,41319010.4000,3.257500,1,-2.753300,34.528319,2.131957,15.448356,4.900841,0
2023-06-07,sz.301389,17.6300,17.8400,17.4800,17.7900,17.6600,1572311,27779879.4400,2.218400,1,0.736100,34.782491,2.147651,15.562076,4.936918,0
2023-06-08,sz.301389,17.7900,17.8000,17.4100,17.4700,17.7900,1662580,29192873.4200,2.345800,1,-1.798800,34.156836,2.109020,15.282151,4.848114,0
2023-06-09,sz.301389,17.4300,17.6500,17.3400,17.6100,17.4700,1083106,18978984.7900,1.528200,1,0.801400,34.430560,2.125921,15.404618,4.886966,0
2023-06-12,sz.301389,17.5100,17.6900,17.3600,17.6000,17.6100,1974079,34602807.8900,2.785300,1,-0.056800,34.411008,2.124714,15.395870,4.884191,0
2023-06-13,sz.301389,17.5200,18.1500,17.5200,17.9200,17.6000,2178555,38959450.1500,3.073800,1,1.818200,35.036663,2.163345,15.675795,4.972994,0
2023-06-14,sz.301389,17.9400,17.9400,17.6300,17.7300,17.9200,1404800,24897087.0900,1.982100,1,-1.060300,34.665180,2.140408,15.509590,4.920267,0
2023-06-15,sz.301389,17.6100,17.7100,17.5000,17.6600,17.7300,1513589,26630984.9800,2.135600,1,-0.394800,34.528319,2.131957,15.448356,4.900841,0
2023-06-16,sz.301389,17.6400,17.6900,17.4800,17.6500,17.6600,1838892,32342504.8000,2.594600,1,-0.056600,34.508767,2.130750,15.439609,4.898066,0
2023-06-19,sz.301389,17.4500,17.8100,17.4500,17.7000,17.6500,1748046,30936169.2800,2.466400,1,0.283300,34.606525,2.136786,15.483347,4.911942,0
2023-06-20,sz.301389,17.6800,17.7400,17.4700,17.5800,17.7000,1362754,23961540.9200,1.922800,1,-0.678000,34.371905,2.122299,15.378375,4.878640,0
2023-06-21,sz.301389,17.9700,18.7900,17.9500,17.9500,17.5800,8913942,163896210.2100,12.577000,1,2.104700,35.095318,2.166967,15.702038,4.981319,0
2023-06-26,sz.301389,17.7000,18.0800,16.9000,17.2100,17.9500,6359713,110446012.2800,8.973100,1,-4.122600,33.648492,2.077632,15.054712,4.775961,0
2023-06-27,sz.301389,17.2100,17.3600,17.0800,17.2000,17.2100,2425317,41724071.0800,3.422000,1,-0.058100,33.628940,2.076425,15.045964,4.773186,0
2023-06-28,sz.301389,17.1600,17.1900,16.3700,16.5800,17.2000,3953449,65901532.9100,5.578100,1,-3.604700,32.416734,2.001577,14.503610,4.601130,0
2023-06-29,sz.301389,16.5800,17.3300,16.5800,17.2700,16.5800,3581709,61298009.9600,5.053600,1,4.161600,33.765802,2.084876,15.107198,4.792612,0
2023-06-30,sz.301389,17.1900,18.3800,17.0000,18.1800,17.2700,7050800,126579396.8000,9.948200,1,5.269300,35.545007,2.194733,15.903234,5.045147,0
2023-07-03,sz.301389,18.6200,19.2300,18.2800,18.3500,18.1800,8231025,154113768.9800,11.613400,1,0.935100,35.877386,2.215256,16.051944,5.092324,0
2023-07-04,sz.301389,18.1600,18.6300,18.1600,18.4600,18.3500,4199731,77188766.8200,5.925500,1,0.599500,36.092455,2.228535,16.148169,5.122850,0
2023-07-05,sz.301389,18.4700,18.9500,18.3100,18.3700,18.4600,4479904,83440918.7800,6.320900,1,-0.487500,35.916490,2.217670,16.069440,5.097874,0
2023-07-06,sz.301389,18.3000,18.8800,18.3000,18.5700,18.3700,3744052,69694339.6700,5.282600,1,1.088700,36.307524,2.241815,16.244393,5.153376,0
2023-07-07,sz.301389,18.7200,18.9000,18.3200,18.5000,18.5700,3535304,65758506.1200,4.988100,1,-0.377000,36.170662,2.233364,16.183159,5.133950,0
2023-07-10,sz.301389,18.4300,18.8000,18.2400,18.3100,18.5000,2449986,45126311.7100,3.456800,1,-1.027000,35.799180,2.210427,16.016954,5.081223,0
2023-07-11,sz.301389,18.4000,18.7500,18.2200,18.6100,18.3100,2678469,49731106.9900,3.779100,1,1.638400,36.385731,2.246644,16.279383,5.164477,0
2023-07-12,sz.301389,18.5800,18.6800,18.3000,18.3300,18.6100,2280904,42120503.1100,3.218200,1,-1.504600,35.838283,2.212841,16.034449,5.086774,0
2023-07-13,sz.301389,18.3000,18.7900,18.3000,18.7100,18.3300,2844958,52977704.3800,4.014100,1,2.073100,36.581248,2.258716,16.366860,5.192228,0
2023-07-14,sz.301389,18.7100,19.4900,18.6500,19.2100,18.7100,6945921,132816460.3900,9.800200,1,2.672400,37.558833,2.319077,16.804243,5.330983,0
2023-07-17,sz.301389,19.1300,19.4700,19.0100,19.4500,19.2100,6711904,129674614.1300,9.470100,1,1.249300,38.028074,2.348050,17.014186,5.397586,0
2023-07-18,sz.301389,19.3100,19.3500,19.0000,19.0600,19.4500,4261136,81592566.4800,6.012200,1,-2.005100,37.265558,2.300969,16.673028,5.289356,0
2023-07-19,sz.301389,19.0900,19.1700,18.6800,18.8000,19.0600,3551091,66844766.5300,5.010400,1,-1.364100,36.757213,2.269581,16.445589,5.217204,0
2023-07-20,sz.301389,18.8500,18.9300,18.0000,18.1800,18.8000,3897010,71596002.7500,5.498400,1,-3.297900,35.545007,2.194733,15.903234,5.045147,0
2023-07-21,sz.301389,18.1600,18.2600,17.7200,17.7300,18.1800,2630526,47183280.3500,3.711500,1,-2.475200,34.665180,2.140408,15.509590,4.920267,0
2023-07-24,sz.301389,17.8500,17.8900,17.5500,17.8000,17.7300,1662379,29508475.8000,2.345500,1,0.394800,34.802042,2.148858,15.570823,4.939693,0
2023-07-25,sz.301389,17.8800,18.1000,17.8100,17.9900,17.8000,1486200,26708599.0000,2.096900,1,1.067400,35.173525,2.171796,15.737029,4.992420,0
2023-07-26,sz.301389,18.0300,18.0400,17.7500,17.7800,17.9900,1408959,25122987.2500,1.987900,1,-1.167300,34.762939,2.146444,15.553328,4.934143,0
2023-07-27,sz.301389,17.7300,17.9100,17.3100,17.3600,17.7800,2258332,39613547.8400,3.186400,1,-2.362200,33.941767,2.095741,15.185927,4.817588,0
2023-07-28,sz.301389,17.4400,17.5900,17.2000,17.5500,17.3600,1343859,23455423.0600,1.896100,1,1.094500,34.313250,2.118678,15.352132,4.870315,0
2023-07-31,sz.301389,17.5400,17.6900,17.4200,17.5600,17.5500,1308756,23004877.5400,1.846600,1,0.057000,34.332801,2.119885,15.360880,4.873090,0
2023-08-01,sz.301389,17.4900,17.5800,17.3700,17.5000,17.5600,1121134,19590752.8600,1.581800,1,-0.341700,34.215491,2.112642,15.308394,4.856440,0
2023-08-02,sz.301389,17.5000,17.9800,17.4000,17.7600,17.5000,2374670,42192645.8800,3.350500,1,1.485700,34.723836,2.144029,15.535833,4.928592,0
2023-08-03,sz.301389,17.5700,17.7100,17.2300,17.3000,17.7600,3263310,56751433.8200,4.604300,1,-2.590100,33.824457,2.088497,15.133441,4.800937,0
2023-08-04,sz.301389,17.4500,17.4800,17.3300,17.3600,17.3000,1110649,19326701.6400,1.567100,1,0.346800,33.941767,2.095741,15.185927,4.817588,0
2023-08-07,sz.301389,17.3500,17.5300,17.3300,17.3700,17.3600,1138130,19806868.5600,1.605800,1,0.057600,33.961319,2.096948,15.194674,4.820363,0
2023-08-08,sz.301389,17.4600,17.5200,17.3100,17.4500,17.3700,1105922,19246125.8400,1.560400,1,0.460600,34.117733,2.106606,15.264656,4.842564,0
2023-08-09,sz.301389,17.3500,17.4300,17.1700,17.1800,17.4500,1402727,24176739.9200,1.979200,1,-1.547300,33.589836,2.074011,15.028469,4.767636,0
2023-08-10,sz.301389,17.2000,17.6100,17.2000,17.4900,17.1800,1896169,33086441.5000,2.675400,1,1.804400,34.195939,2.111434,15.299646,4.853664,0
2023-08-11,sz.301389,17.5000,17.5300,17.1000,17.1200,17.4900,1531200,26472233.6300,2.160400,1,-2.115500,33.472526,2.066767,14.975983,4.750985,0
2023-08-14,sz.301389,17.1100,17.2400,16.9000,17.2200,17.1200,1122291,19106179.5400,1.583500,1,0.584100,33.668043,2.078839,15.063460,4.778737,0
2023-08-15,sz.301389,17.1900,17.3000,17.0500,17.1700,17.2200,845801,14521675.3200,1.193400,1,-0.290400,33.570285,2.072803,15.019721,4.764861,0
2023-08-16,sz.301389,17.1900,17.2100,16.9500,16.9600,17.1700,1034131,17648711.4500,1.459100,1,-1.223100,33.159699,2.047452,14.836021,4.706584,0
2023-08-17,sz.301389,17.0800,17.3100,16.7500,17.2500,16.9600,1295328,22120381.6100,1.827600,1,1.709900,33.726698,2.082461,15.089702,4.787062,0
2023-08-18,sz.301389,17.2500,17.7700,17.2500,17.3300,17.2500,3394715,59625607.3900,4.789700,1,0.463800,37.726177,2.250111,16.384008,4.607096,0
2023-08-21,sz.301389,17.3300,17.5600,17.2000,17.2200,17.3300,1486600,25822681.0000,2.097500,1,-0.634700,37.486715,2.235829,16.280012,4.577853,0
2023-08-22,sz.301389,17.2400,17.3400,16.7300,17.1700,17.2200,2133431,36273278.6500,3.010100,1,-0.290400,37.377868,2.229337,16.232741,4.564560,0
2023-08-23,sz.301389,17.1700,17.5500,16.9300,17.0900,17.1700,2102812,36274909.4200,2.966900,1,-0.465900,37.203714,2.218950,16.157108,4.543293,0
2023-08-24,sz.301389,16.9800,17.2000,16.5900,16.8200,17.0900,2038864,34351236.4000,2.876700,1,-1.579900,36.615943,2.183894,15.901847,4.471515,0
2023-08-25,sz.301389,16.7100,16.8300,16.2400,16.3300,16.8200,2181785,35946200.9200,3.078400,1,-2.913200,35.549248,2.120272,15.438595,4.341251,0
2023-08-28,sz.301389,16.9000,17.2200,16.6300,16.7100,16.3300,2299873,38789123.2700,3.245000,1,2.327000,36.376481,2.169611,15.797851,4.442272,0
2023-08-29,sz.301389,16.6000,17.5000,16.6000,17.4600,16.7100,3622265,62525501.7400,5.110800,1,4.488300,38.009178,2.266991,16.506911,4.641656,0
2023-08-30,sz.301389,17.4000,17.9900,17.4000,17.8300,17.4600,3555672,63375473.1600,5.016800,1,2.119100,38.814641,2.315031,16.856714,4.740018,0
2023-08-31,sz.301389,17.8300,17.9600,17.7100,17.8100,17.8300,1895539,33852909.3400,2.674500,1,-0.112200,38.771103,2.312434,16.837806,4.734701,0
2023-09-01,sz.301389,17.9800,17.9800,17.6300,17.7600,17.8100,1108378,19655526.7200,1.563800,1,-0.280700,38.662256,2.305942,16.790535,4.721409,0
2023-09-04,sz.301389,17.7000,17.9600,17.5800,17.8300,17.7600,1541207,27346222.5300,2.174500,1,0.394100,38.814641,2.315031,16.856714,4.740018,0
2023-09-05,sz.301389,17.8500,18.0600,17.7000,17.7900,17.8300,1377207,24638716.3000,1.943100,1,-0.224300,38.727564,2.309837,16.818898,4.729384,0
2023-09-06,sz.301389,17.7900,18.1000,17.7000,18.0600,17.7900,2306200,41482739.0000,3.253900,1,1.517700,39.315335,2.344894,17.074159,4.801163,0
2023-09-07,sz.301389,18.0300,18.0300,17.6100,17.6300,18.0600,1822714,32405208.4900,2.571700,1,-2.381000,38.379256,2.289063,16.667631,4.686849,0
2023-09-08,sz.301389,17.6300,17.8800,17.6100,17.8100,17.6300,1048090,18654139.7000,1.478800,1,1.021000,38.771103,2.312434,16.837806,4.734701,0
2023-09-11,sz.301389,17.9300,17.9800,17.6700,17.8300,17.8100,1341200,23890323.0000,1.892300,1,0.112300,38.814641,2.315031,16.856714,4.740018,0
2023-09-12,sz.301389,17.8300,17.9300,17.6600,17.7500,17.8300,915480,16251837.2500,1.291700,1,-0.448700,38.640487,2.304644,16.781081,4.718751,0
2023-09-13,sz.301389,17.7300,17.7300,17.2800,17.4600,17.7500,1487029,25926623.6300,2.098100,1,-1.633800,38.009178,2.266991,16.506911,4.641656,0
2023-09-14,sz.301389,17.3600,17.4900,17.0500,17.2000,17.4600,1070526,18430543.4800,1.510400,1,-1.489100,37.443176,2.233232,16.261104,4.572536,0
2023-09-15,sz.301389,17.2800,17.4800,17.1400,17.1800,17.2000,979125,16887555.0000,1.381500,1,-0.116300,37.399638,2.230636,16.242196,4.567219,0
2023-09-18,sz.301389,17.1800,17.4400,17.0300,17.2600,17.1800,1051000,18164224.8700,1.482900,1,0.465700,37.573792,2.241023,16.317829,4.588487,0
2023-09-19,sz.301389,17.2800,17.2800,16.9000,16.9600,17.2600,1527518,25951834.9000,2.155200,1,-1.738100,36.920713,2.202071,16.034205,4.508733,0
2023-09-20,sz.301389,16.9000,17.0400,16.7800,16.8000,16.9600,852614,14381094.9200,1.203000,1,-0.943400,36.572405,2.181297,15.882939,4.466198,0
2023-09-21,sz.301389,16.8000,16.8900,16.7100,16.7600,16.8000,728020,12219269.1800,1.027200,1,-0.238100,36.485328,2.176103,15.845122,4.455564,0
2023-09-22,sz.301389,16.7000,17.1700,16.6400,17.1500,16.7600,1495611,25487973.2900,2.110200,1,2.327000,37.334330,2.226740,16.213833,4.559244,0
2023-09-25,sz.301389,17.2000,17.2000,17.0100,17.0100,17.1500,976070,16663462.1000,1.377200,1,-0.816300,37.029560,2.208563,16.081475,4.522025,0
2023-09-26,sz.301389,17.0800,17.0800,16.8300,16.8800,17.0100,747900,12639570.0000,1.055200,1,-0.764300,36.746559,2.191684,15.958572,4.487465,0
2023-09-27,sz.301389,16.9300,17.1400,16.8000,17.0200,16.8800,911871,15528586.9900,1.286600,1,0.829400,37.051329,2.209861,16.090929,4.524684,0
2023-09-28,sz.301389,17.1100,17.5000,17.0500,17.4500,17.0200,2198744,38125622.1600,3.102300,1,2.526400,37.987409,2.265692,16.497457,4.638997,0
2023-10-09,sz.301389,17.3800,17.5200,17.2100,17.2600,17.4500,1224706,21209472.5600,1.728000,1,-1.088800,37.573792,2.241023,16.317829,4.588487,0
2023-10-10,sz.301389,17.6600,18.1600,17.4600,17.6100,17.2600,2273113,40204026.8300,3.207200,1,2.027800,38.335717,2.286466,16.648723,4.681532,0
2023-10-11,sz.301389,17.8100,17.8400,17.4000,17.8000,17.6100,1989321,35196661.7000,2.806800,1,1.078900,38.749334,2.311136,16.828352,4.732043,0
2023-10-12,sz.301389,17.7100,17.9800,17.7100,17.7700,17.8000,1244900,22183543.0000,1.756500,1,-0.168500,38.684026,2.307241,16.799989,4.724068,0
2023-10-13,sz.301389,17.6500,17.8800,17.6000,17.7300,17.7700,1243578,22063073.1400,1.754600,1,-0.225100,38.596949,2.302047,16.762173,4.713434,0
2023-10-16,sz.301389,17.7300,17.8600,17.4000,17.5100,17.7300,1266690,22167997.1000,1.787200,1,-1.240800,38.118024,2.273482,16.554182,4.654948,0
2023-10-17,sz.301389,17.4200,17.5900,17.3200,17.4300,17.5100,908969,15804850.6000,1.282500,1,-0.456900,37.943870,2.263095,16.478549,4.633680,0
2023-10-18,sz.301389,17.3100,17.4200,16.9000,16.9000,17.4300,1003600,17114956.0000,1.416000,1,-3.040700,36.790098,2.194281,15.977480,4.492782,0
2023-10-19,sz.301389,16.8300,17.2900,16.8300,16.9000,16.9000,1038908,17749018.5500,1.465800,1,0.000000,36.790098,2.194281,15.977480,4.492782,0
2023-10-20,sz.301389,16.8900,17.0800,16.5400,16.5800,16.9000,1281038,21465191.5000,1.807500,1,-1.893500,36.093480,2.152732,15.674948,4.407712,0
2023-10-23,sz.301389,16.5000,16.6100,15.8600,15.9700,16.5800,1496836,24169231.0700,2.111900,1,-3.679100,34.765554,2.073530,15.098246,4.245546,0
2023-10-24,sz.301389,16.1600,16.4600,15.8100,16.3900,15.9700,1582100,25681155.0000,2.232200,1,2.629900,35.679864,2.128063,15.495319,4.357201,0
2023-10-25,sz.301389,16.3500,17.5000,16.3500,17.3300,16.3900,4043038,69202669.0800,5.704500,1,5.735200,37.726177,2.250111,16.384008,4.607096,0
2023-10-26,sz.301389,17.2300,18.1100,17.1000,17.8900,17.3300,5633207,100299649.8300,7.948100,1,3.231400,38.945257,2.322821,16.913439,4.755969,0
2023-10-27,sz.301389,17.8200,18.0500,17.4900,17.8400,17.8900,3414552,60647611.8300,4.817700,1,-0.279500,38.836411,2.316329,16.866168,4.742677,0
2023-10-30,sz.301389,17.7600,18.1600,17.7600,18.1000,17.8400,3454936,62376855.0100,4.874700,1,1.457400,44.606088,2.318755,18.711644,5.012594,0
2023-10-31,sz.301389,17.9200,18.5400,17.9200,18.4000,18.1000,4142851,76144646.0700,5.845300,1,1.657500,45.345415,2.357188,19.021782,5.095675,0
2023-11-01,sz.301389,18.2400,18.5000,18.1700,18.2100,18.4000,1806446,33043577.3000,2.548800,1,-1.032600,44.877174,2.332847,18.825361,5.043057,0
2023-11-02,sz.301389,18.3000,18.4500,18.0100,18.0700,18.2100,2115400,38452309.7400,2.984700,1,-0.768800,44.532155,2.314912,18.680631,5.004285,0
2023-11-03,sz.301389,18.0600,18.3200,18.0600,18.1300,18.0700,1186516,21607214.2000,1.674100,1,0.332000,44.680020,2.322599,18.742658,5.020902,0
2023-11-06,sz.301389,18.1800,18.7200,18.0100,18.6000,18.1300,2614877,48491315.5900,3.689400,1,2.592400,45.838300,2.382809,19.228541,5.151063,0
2023-11-07,sz.301389,18.6900,19.9800,18.6700,19.8000,18.6000,11237303,218216610.6200,15.855100,1,6.451600,48.795610,2.536539,20.469092,5.483390,0
2023-11-08,sz.301389,20.3800,22.3000,20.3700,21.0000,19.8000,15884744,338661254.2400,22.412300,1,6.060600,51.752919,2.690269,21.709643,5.815716,0
2023-11-09,sz.301389,20.8800,21.1300,19.4800,19.6000,21.0000,9914050,197820878.6700,13.988100,1,-6.666700,48.302725,2.510917,20.262333,5.428002,0
2023-11-10,sz.301389,19.5300,19.5800,19.1300,19.3300,19.6000,4158598,80527833.1600,5.867500,1,-1.377600,47.637330,2.476328,19.983209,5.353228,0
2023-11-13,sz.301389,19.5000,20.1900,19.0500,19.5000,19.3300,5964278,116994775.6300,8.415200,1,0.879500,48.056282,2.498107,20.158954,5.400308,0
2023-11-14,sz.301389,19.9600,20.7700,19.6500,20.2300,19.5000,8910626,180786104.8200,12.572300,1,3.743600,49.855312,2.591625,20.913622,5.602473,0
2023-11-15,sz.301389,21.7000,21.8700,19.6800,20.0100,20.2300,14146337,289651438.2200,19.959600,1,-1.087500,49.313139,2.563442,20.686188,5.541547,0
2023-11-16,sz.301389,19.7500,20.0000,19.5500,19.7500,20.0100,5325000,104974224.0000,7.513200,1,-1.299400,48.672388,2.530134,20.417402,5.469543,0
2023-11-17,sz.301389,19.6100,19.8500,19.3000,19.5700,19.7500,4508662,87890534.4800,6.361400,1,-0.911400,48.228792,2.507074,20.231319,5.419694,0
2023-11-20,sz.301389,19.6000,20.2300,19.5300,19.7500,19.5700,4293419,84759177.7500,6.057700,1,0.919800,48.672388,2.530134,20.417402,5.469543,0
2023-11-21,sz.301389,19.7000,19.7500,19.0100,19.1800,19.7500,3796588,73128398.6800,5.356700,1,-2.886100,47.267666,2.457112,19.828140,5.311688,0
2023-11-22,sz.301389,19.1400,19.1700,18.8100,18.9800,19.1800,3591884,68256747.4300,5.067900,1,-1.042800,46.774781,2.431490,19.621382,5.256300,0
2023-11-23,sz.301389,18.9200,19.4600,18.8800,19.3300,18.9800,4075183,78415518.8100,5.749800,1,1.844000,47.637330,2.476328,19.983209,5.353228,0
2023-11-24,sz.301389,19.2700,19.3500,18.8700,18.9400,19.3300,2198230,41959684.4000,3.101600,1,-2.017600,46.676204,2.426366,19.580030,5.245222,0
2023-11-27,sz.301389,18.9800,19.2900,18.9200,19.1900,18.9400,1911902,36647933.0000,2.697600,1,1.320000,47.292310,2.458393,19.838478,5.314457,0
2023-11-28,sz.301389,19.1800,20.1500,19.1500,19.8700,19.1900,4722158,93549886.4600,6.662700,1,3.543500,48.968119,2.545507,20.541457,5.502775,0
2023-11-29,sz.301389,19.9900,20.5500,19.6900,20.1200,19.8700,4541234,91893260.4800,6.407400,1,1.258200,49.584225,2.577534,20.799905,5.572010,0
2023-11-30,sz.301389,20.0700,20.1800,19.3700,19.5800,20.1200,2814511,55101182.1700,3.971100,1,-2.683900,48.253436,2.508355,20.241657,5.422463,0
2023-12-01,sz.301389,19.6200,19.6200,19.2000,19.3900,19.5800,1984475,38378213.0400,2.800000,1,-0.970400,47.785195,2.484015,20.045237,5.369845,0
2023-12-04,sz.301389,19.3900,19.7800,19.2800,19.5500,19.3900,2558548,50050360.7400,3.609900,1,0.825200,48.179503,2.504512,20.210643,5.414155,0
2023-12-05,sz.301389,19.4900,19.4900,18.9100,18.9600,19.5500,1787521,34082016.3600,2.522100,1,-3.017900,46.725493,2.428928,19.600706,5.250761,0
2023-12-06,sz.301389,19.0000,19.1900,18.7400,18.7500,18.9600,1338791,25271924.6300,1.888900,1,-1.107600,46.207964,2.402026,19.383609,5.192604,0
2023-12-07,sz.301389,18.7500,19.2000,18.6500,19.0200,18.7500,1879019,35626308.3900,2.651200,1,1.440000,46.873358,2.436615,19.662733,5.267377,0
2023-12-08,sz.301389,19.1700,19.5600,19.0700,19.2100,19.0200,2486423,48047889.4600,3.508200,1,0.998900,47.341599,2.460955,19.859154,5.319996,0
2023-12-11,sz.301389,19.4000,20.1600,19.1900,19.6700,19.2100,7179731,141499748.9200,10.130100,1,2.394600,48.475234,2.519885,20.334699,5.447388,0
2023-12-12,sz.301389,19.5000,20.5000,19.5000,19.9000,19.6700,5813800,116740852.0400,8.202900,1,1.169300,49.042052,2.549350,20.572471,5.511084,0
2023-12-13,sz.301389,19.9000,20.1200,19.7000,19.8300,19.9000,3067869,60959131.5800,4.328600,1,-0.351800,48.869542,2.540382,20.500105,5.491698,0
2023-12-14,sz.301389,19.8200,20.0700,19.5000,19.6800,19.8300,2737790,54044139.8000,3.862800,1,-0.756400,48.499879,2.521166,20.345036,5.450157,0
2023-12-15,sz.301389,19.7000,19.8900,18.9000,19.1400,19.6800,3344983,64212993.2800,4.719600,1,-2.743900,47.169089,2.451988,19.786789,5.300610,0
2023-12-18,sz.301389,18.9800,19.0500,18.3600,18.4400,19.1400,2394919,44497727.9700,3.379100,1,-3.657300,45.443992,2.362312,19.063134,5.106753,0
2023-12-19,sz.301389,18.3800,18.9600,18.2300,18.7900,18.4400,1774390,32998840.0000,2.503500,1,1.898000,46.306541,2.407150,19.424961,5.203681,0
2023-12-20,sz.301389,18.8000,19.6600,18.7000,19.2100,18.7900,3225854,62272405.2600,4.551500,1,2.235200,47.341599,2.460955,19.859154,5.319996,0
2023-12-21,sz.301389,19.0300,19.3700,18.6000,19.1000,19.2100,1914501,36285556.2700,2.701200,1,-0.572600,47.070512,2.446863,19.745437,5.289532,0
2023-12-22,sz.301389,18.9900,19.1700,18.4500,18.4700,19.1000,1745260,32705291.5300,2.462400,1,-3.298400,45.517925,2.366155,19.094148,5.115061,0
2023-12-25,sz.301389,18.4600,18.7500,18.3600,18.7000,18.4700,1196085,22273378.7300,1.687600,1,1.245300,46.084742,2.395620,19.331920,5.178757,0
2023-12-26,sz.301389,18.6800,18.6800,17.9400,18.0100,18.7000,1421945,25781561.4400,2.006300,1,-3.689800,44.384289,2.307226,18.618603,4.987669,0
2023-12-27,sz.301389,18.0600,18.7500,17.9100,18.6300,18.0100,1788959,33017424.6700,2.524100,1,3.442500,45.912233,2.386653,19.259554,5.159371,0
2023-12-28,sz.301389,18.6300,18.8800,18.2200,18.7000,18.6300,1791597,33359128.4100,2.527800,1,0.375700,46.084742,2.395620,19.331920,5.178757,0
2023-12-29,sz.301389,18.5600,19.1700,17.6200,19.0800,18.7000,5031507,93670138.5000,6.192200,1,2.032100,47.021224,2.444301,19.724761,5.283994,0
2024-01-02,sz.301389,19.0300,19.0300,18.5100,18.5800,19.0800,3293716,61744524.1600,4.053600,1,-2.620500,45.789011,2.380247,19.207865,5.145524,0
2024-01-03,sz.301389,18.5400,18.6300,18.2000,18.4000,18.5800,3186116,58507467.0800,3.921100,1,-0.968800,45.345415,2.357188,19.021782,5.095675,0
2024-01-04,sz.301389,18.3400,18.3600,18.0800,18.1700,18.4000,1716746,31285502.1200,2.112800,1,-1.250000,44.778597,2.327723,18.784010,5.031979,0
2024-01-05,sz.301389,18.2100,18.6600,17.8400,17.8700,18.1700,3509000,63833375.9300,4.318500,1,-1.651100,44.039270,2.289291,18.473872,4.948898,0
2024-01-08,sz.301389,17.8600,17.9300,17.2200,17.2600,17.8700,2886585,50573592.6800,3.552500,1,-3.413500,42.535971,2.211145,17.843259,4.779965,0
2024-01-09,sz.301389,17.3400,17.9500,17.3000,17.4700,17.2600,1759338,30874050.0700,2.165200,1,1.216700,43.053500,2.238047,18.060355,4.838122,0
2024-01-10,sz.301389,17.4500,17.4500,16.8900,17.0500,17.4700,1654800,28312795.0000,2.036600,1,-2.404100,42.018442,2.184242,17.626162,4.721808,0
2024-01-11,sz.301389,17.0900,17.4100,16.9800,17.3700,17.0500,1614577,27834370.6200,1.987000,1,1.876800,42.807057,2.225237,17.956976,4.810428,0
2024-01-12,sz.301389,17.3100,17.3800,17.0600,17.0800,17.3700,1226714,21097450.0700,1.509700,1,-1.669500,42.092374,2.188085,17.657176,4.730116,0
2024-01-15,sz.301389,17.1000,17.2900,16.9000,17.0700,17.0800,1020769,17432843.7600,1.256300,1,-0.058500,42.067730,2.186804,17.646838,4.727347,0
2024-01-16,sz.301389,17.1400,17.1400,16.7000,16.8900,17.0700,1358900,22929181.0000,1.672400,1,-1.054500,41.624134,2.163745,17.460755,4.677498,0
2024-01-17,sz.301389,16.9700,16.9700,16.5200,16.5200,16.8900,962100,16103887.3100,1.184100,1,-2.190600,40.712296,2.116345,17.078252,4.575030,0
2024-01-18,sz.301389,16.5600,16.5900,15.8500,16.2700,16.5200,1700144,27430634.2800,2.092400,1,-1.513300,40.096190,2.084318,16.819804,4.505795,0
2024-01-19,sz.301389,16.2700,16.4300,15.8400,15.9100,16.2700,1732289,27814271.6800,2.131900,1,-2.212700,39.208997,2.038199,16.447639,4.406097,0
2024-01-22,sz.301389,15.8500,16.0300,14.6200,14.7500,15.9100,2881800,44026786.0000,3.546600,1,-7.291000,36.350265,1.889593,15.248439,4.084848,0
2024-01-23,sz.301389,14.8100,14.9300,14.4700,14.5700,14.7500,2758059,40287581.3900,3.394300,1,-1.220300,35.906668,1.866534,15.062357,4.034999,0
2024-01-24,sz.301389,14.5900,14.8400,14.1500,14.6100,14.5700,2415811,35009023.2100,2.973100,1,0.274500,36.005245,1.871658,15.103708,4.046077,0
2024-01-25,sz.301389,14.6900,15.1000,14.4200,15.1000,14.6100,2387922,35555141.5600,2.938800,1,3.353900,37.212813,1.934431,15.610267,4.181777,0
2024-01-26,sz.301389,15.1100,15.2600,14.7800,14.8700,15.1000,2237226,33626044.0000,2.753300,1,-1.523200,36.645996,1.904966,15.372495,4.118081,0
2024-01-29,sz.301389,15.0000,15.0000,14.2000,14.3200,14.8700,2601100,37737505.0000,3.201200,1,-3.698700,35.290562,1.834507,14.803909,3.965765,0
2024-01-30,sz.301389,14.2100,14.3300,13.7100,13.7700,14.3200,2106369,29500922.9700,2.592300,1,-3.840800,33.935128,1.764048,14.235323,3.813448,0
2024-01-31,sz.301389,13.7000,13.7800,12.8700,12.9300,13.7700,2567200,33910912.0000,3.159400,1,-6.100200,31.865012,1.656437,13.366937,3.580820,0
2024-02-01,sz.301389,12.9000,13.0200,12.4900,12.8000,12.9300,2492408,31868597.4800,3.067400,1,-1.005400,31.544636,1.639783,13.232544,3.544818,0
2024-02-02,sz.301389,12.7400,13.0100,11.5300,11.9800,12.8000,3102269,37930439.2100,3.817900,1,-6.406300,29.523808,1.534734,12.384834,3.317728,0
2024-02-05,sz.301389,11.8600,12.0800,10.1000,10.5000,11.9800,4924845,52664347.9000,6.061000,1,-12.353900,25.876460,1.345134,10.854821,2.907858,0
2024-02-06,sz.301389,10.2900,10.9900,9.7700,10.6000,10.5000,4895859,50405627.8200,6.025300,1,0.952400,26.122902,1.357945,10.958201,2.935552,0
2024-02-07,sz.301389,10.6000,10.7800,9.2800,9.5700,10.6000,8036174,79225457.2400,9.890100,1,-9.717000,23.584545,1.225994,9.893394,2.650305,0
2024-02-08,sz.301389,9.6700,11.3000,9.0500,11.0300,9.5700,9615242,97575565.6600,11.833400,1,15.256000,27.182605,1.413032,11.402731,3.054636,0
2024-02-19,sz.301389,11.1100,11.8500,11.1100,11.5700,11.0300,6514752,74904036.6400,8.017700,1,4.895700,28.513394,1.482210,11.960979,3.204183,0
2024-02-20,sz.301389,11.6000,11.8000,11.3000,11.7100,11.5700,4718520,54481858.4400,5.807100,1,1.210000,28.858414,1.500145,12.105710,3.242954,0
2024-02-21,sz.301389,11.6300,12.5800,11.4700,11.8800,11.7100,6324734,76245367.5000,7.783800,1,1.451800,29.277366,1.521923,12.281455,3.290034,0
2024-02-22,sz.301389,11.8800,12.1800,11.8300,12.1800,11.8800,3597769,43378597.4400,4.427800,1,2.525300,30.016693,1.560356,12.591593,3.373115,0
2024-02-23,sz.301389,12.2800,13.0600,12.2800,12.8900,12.1800,6714246,85596136.1800,8.263200,1,5.829200,31.766435,1.651313,13.325585,3.569742,0
2024-02-26,sz.301389,13.0200,13.5700,12.8400,13.3000,12.8900,5502311,72828953.9900,6.771700,1,3.180800,32.776849,1.703837,13.749440,3.683287,0
2024-02-27,sz.301389,13.1200,13.8800,13.0400,13.8600,13.3000,4405520,59471463.1400,5.421800,1,4.210500,34.156927,1.775577,14.328364,3.838373,0
2024-02-28,sz.301389,13.9400,14.0800,12.4200,12.4700,13.8600,7927512,105373211.8300,9.756300,1,-10.028900,30.731376,1.597507,12.891393,3.453428,0
2024-02-29,sz.301389,12.3200,13.0600,12.3000,13.0200,12.4700,4408969,56462251.0800,5.426100,1,4.410600,32.086810,1.667967,13.459978,3.605744,0
2024-03-01,sz.301389,13.0300,14.7600,13.0300,13.7200,13.0200,7952300,109491324.4800,9.786800,1,5.376300,33.811907,1.757642,14.183633,3.799601,0
2024-03-04,sz.301389,13.7000,14.0700,13.4000,14.0400,13.7200,9820663,135949101.1000,12.086200,1,2.332400,34.600523,1.798637,14.514447,3.888222,0
2024-03-05,sz.301389,14.2600,15.8700,14.0700,14.7900,14.0400,18009871,269973612.1900,22.164600,1,5.341900,36.448842,1.894718,15.289791,4.095926,0
2024-03-06,sz.301389,14.3500,15.3000,13.9000,15.0200,14.7900,15083879,221151867.7700,18.563600,1,1.555100,37.015659,1.924183,15.527563,4.159622,0
2024-03-07,sz.301389,15.0500,15.1000,14.0500,14.1600,15.0200,10302484,149920311.3900,12.679200,1,-5.725700,34.896254,1.814010,14.638502,3.921454,0
2024-03-08,sz.301389,14.0900,14.6700,13.9500,14.4800,14.1600,6803285,97656922.3900,8.372800,1,2.259900,35.684870,1.855004,14.969315,4.010075,0
2024-03-11,sz.301389,14.1400,14.2600,13.7300,14.2100,14.4800,6929036,97208542.9300,8.527500,1,-1.864600,35.019475,1.820415,14.690191,3.935301,0
2024-03-12,sz.301389,14.3100,14.4900,14.1000,14.3800,14.2100,5573327,79979707.0800,6.859100,1,1.196300,35.438428,1.842194,14.865936,3.982381,0
2024-03-13,sz.301389,14.2700,14.5900,14.2700,14.4600,14.3800,5308225,76539904.0000,6.532800,1,0.556300,35.635582,1.852442,14.948640,4.004536,0
2024-03-14,sz.301389,14.3500,14.3900,13.8300,14.0700,14.4600,5032529,70971660.1600,6.193500,1,-2.697100,34.674456,1.802480,14.545461,3.896530,0
2024-03-15,sz.301389,13.9100,14.1100,13.6200,14.1100,14.0700,4483015,62312971.7500,5.517200,1,0.284300,41.340140,1.791300,15.074787,34.925050,0
2024-03-18,sz.301389,14.2800,15.1500,14.1100,15.0000,14.1100,9271623,135983406.8900,11.410500,1,6.307600,43.947704,1.904287,16.025642,37.127976,0
2024-03-19,sz.301389,15.0000,15.7000,14.7500,15.5700,15.0000,13746444,210940613.2300,16.917700,1,3.800000,45.617717,1.976650,16.634617,38.538839,0
2024-03-20,sz.301389,15.4200,15.4200,15.0700,15.3400,15.5700,9377906,142876361.5500,11.541300,1,-1.477200,44.943852,1.947451,16.388890,37.969544,0
2024-03-21,sz.301389,15.4000,15.4000,14.8500,15.1000,15.3400,6700936,101028548.0700,8.246800,1,-1.564500,44.240689,1.916982,16.132480,37.375496,0
2024-03-22,sz.301389,15.0000,15.0800,14.7000,14.7300,15.1000,5498249,81637468.2300,6.766700,1,-2.450300,43.156645,1.870010,15.737181,36.459673,0
2024-03-25,sz.301389,14.6300,14.7900,14.0600,14.1100,14.7300,4046200,58493776.0000,4.979600,1,-4.209100,41.340140,1.791300,15.074787,34.925050,0
2024-03-26,sz.301389,14.1500,14.3700,13.8300,14.0800,14.1100,3222487,45365996.5100,3.965900,1,-0.212600,41.252245,1.787491,15.042736,34.850794,0
2024-03-27,sz.301389,14.0300,14.1100,13.2400,13.2500,14.0800,3507083,47721032.2000,4.316100,1,-5.894900,38.820472,1.682120,14.155984,32.796379,0
2024-03-28,sz.301389,13.3700,14.6600,13.2500,14.1500,13.2500,6261378,88007962.9000,7.705800,1,6.792500,41.457334,1.796378,15.117523,35.024057,0
2024-03-29,sz.301389,14.1000,14.3700,13.9600,14.2900,14.1500,3379493,47798087.1500,4.159100,1,0.989400,41.867513,1.814151,15.267095,35.370585,0
2024-04-01,sz.301389,14.3400,14.7100,14.2100,14.7100,14.2900,4609645,66769490.7100,5.673100,1,2.939100,43.098048,1.867471,15.715813,36.410169,0
2024-04-02,sz.301389,14.6900,14.6900,14.3200,14.4200,14.7100,3140996,45379835.1400,3.865600,1,-1.971400,42.248393,1.830655,15.405984,35.692361,0
2024-04-03,sz.301389,14.4900,14.4900,13.9300,14.1300,14.4200,2697515,38108664.2600,3.319800,1,-2.011100,41.398737,1.793839,15.096155,34.974554,0
2024-04-08,sz.301389,14.1400,14.1800,13.6200,13.6500,14.1300,2243399,30963568.2100,2.733300,1,-3.397000,39.992410,1.732901,14.583334,33.786458,0
2024-04-09,sz.301389,13.6100,14.3600,13.6100,14.3200,13.6500,3136283,44290543.0000,3.821100,1,4.908400,41.955408,1.817960,15.299146,35.444841,0
2024-04-10,sz.301389,14.2200,14.2200,13.6600,13.7000,14.3200,3238413,45110619.9500,3.945600,1,-4.329600,40.138903,1.739249,14.636753,33.910218,0
2024-04-11,sz.301389,13.6900,13.9900,13.5100,13.7500,13.7000,1859644,25684799.1000,2.265700,1,0.365000,40.285395,1.745597,14.690172,34.033978,0
2024-04-12,sz.301389,14.0100,14.6500,13.8400,13.8600,13.7500,3265843,46294937.5200,3.979000,1,0.800000,40.607678,1.759561,14.807693,34.306250,0
2024-04-15,sz.301389,13.8300,13.9500,12.7100,12.9500,13.8600,4466161,58950763.9600,5.441400,1,-6.565700,37.941518,1.644035,13.835471,32.053819,0
2024-04-16,sz.301389,12.8100,12.9100,11.8600,11.9200,12.9500,3051491,37111759.5500,3.717800,1,-7.953700,34.923775,1.513274,12.735044,29.504365,0
2024-04-17,sz.301389,12.1000,12.9300,12.1000,12.9000,11.9200,2741320,34819310.8000,3.339900,1,8.221500,37.795025,1.637687,13.782052,31.930059,0
2024-04-18,sz.301389,12.9000,13.0800,12.6100,12.8400,12.9000,2179085,28093856.9800,2.654900,1,-0.465100,37.619234,1.630070,13.717950,31.781548,0
2024-04-19,sz.301389,12.8000,13.0700,12.6600,12.9800,12.8400,2387520,30635860.8000,2.908900,1,1.090300,38.029413,1.647843,13.867522,32.128075,0
2024-04-22,sz.301389,12.8000,13.1500,12.2900,12.5900,12.9800,2551955,32116451.2000,3.109200,1,-3.004600,36.886773,1.598332,13.450856,31.162748,0
2024-04-23,sz.301389,12.7700,12.8600,12.6000,12.8200,12.5900,1694400,21604949.4800,2.064400,1,1.826800,37.560638,1.627531,13.696582,31.732044,0
2024-04-24,sz.301389,12.7500,13.3400,12.7500,13.3300,12.8200,3141897,41384618.0400,3.828000,1,3.978200,39.054859,1.692277,14.241454,32.994395,0
2024-04-25,sz.301389,13.4000,13.4100,13.1600,13.2500,13.3300,1836591,24410467.4800,2.237600,1,-0.600200,38.820472,1.682120,14.155984,32.796379,0
2024-04-26,sz.301389,13.3200,13.7400,13.1500,13.6000,13.2500,3589472,48602811.2000,4.373300,1,2.641500,40.448871,1.785046,13.929579,23.370910,0
2024-04-29,sz.301389,13.6800,14.0000,13.6200,14.0000,13.6000,3206310,44430294.5100,3.906500,1,2.941200,41.638544,1.837547,14.339272,24.058290,0
2024-04-30,sz.301389,13.8900,14.2200,13.8900,14.0500,14.0000,3891908,54854460.8300,4.741800,1,0.357100,41.787253,1.844110,14.390484,24.144212,0
2024-05-06,sz.301389,14.3200,15.2800,14.3200,14.8300,14.0500,7189882,106528135.7400,8.759900,1,5.551600,44.107115,1.946487,15.189386,25.484603,0
2024-05-07,sz.301389,14.9900,15.4400,14.8700,15.2200,14.8300,8794803,133557955.6300,10.715300,1,2.629800,45.267046,1.997676,15.588838,26.154798,0
2024-05-08,sz.301389,15.0500,15.0500,14.3300,14.3900,15.2200,5921037,86648869.5400,7.214000,1,-5.453400,42.798475,1.888736,14.738724,24.728485,0
2024-05-09,sz.301389,14.3200,14.6600,14.3100,14.4700,14.3900,3020566,43908614.8100,3.680200,1,0.555900,43.036410,1.899236,14.820662,24.865961,0
2024-05-10,sz.301389,14.4700,14.5600,14.0200,14.1500,14.4700,3247515,45942121.8000,3.956700,1,-2.211500,42.084671,1.857235,14.492907,24.316057,0
2024-05-13,sz.301389,14.0400,14.1400,13.6800,13.8200,14.1500,2590913,35868866.7400,3.156700,1,-2.332200,41.103191,1.813921,14.154910,23.748969,0
2024-05-14,sz.301389,13.9100,14.2600,13.8600,14.0500,13.8200,2000783,28069707.2800,2.437700,1,1.664300,41.787253,1.844110,14.390484,24.144212,0
2024-05-15,sz.301389,13.9900,14.1100,13.7600,13.9400,14.0500,1414139,19753930.5900,1.722900,1,-0.782900,41.460093,1.829672,14.277818,23.955183,0
2024-05-16,sz.301389,13.9600,14.2500,13.9600,14.1300,13.9400,1772900,25079128.0000,2.160000,1,1.363000,42.025188,1.854610,14.472423,24.281688,0
2024-05-17,sz.301389,14.0700,14.3600,14.0100,14.3600,14.1300,2382749,33954114.2500,2.903100,1,1.627700,42.709250,1.884798,14.707997,24.676932,0
2024-05-20,sz.301389,14.3600,14.4700,14.2100,14.4100,14.3600,2556500,36675671.0000,3.114800,1,0.348200,42.857959,1.891361,14.759208,24.762854,0
2024-05-21,sz.301389,14.5500,15.1900,14.3200,15.0400,14.4100,10587058,158081108.5000,12.898900,1,4.372000,44.731693,1.974051,15.404475,25.845477,0
2024-05-22,sz.301389,14.7200,15.6800,14.6200,15.6800,15.0400,15086501,229829312.8000,18.380900,1,4.255300,46.635169,2.058053,16.059985,26.945285,0
2024-05-23,sz.301389,16.0800,18.8200,16.0800,18.8200,15.6800,31949595,572435314.6200,38.926300,1,20.025500,55.974100,2.470188,19.276079,32.341215,0
2024-05-24,sz.301389,21.0700,22.5800,21.0300,22.5800,18.8200,57213091,1263733682.6700,69.706600,1,19.978700,67.157023,2.963701,23.127198,38.802585,0
2024-05-27,sz.301389,21.9300,22.0000,19.0500,19.1400,22.5800,46322791,932245384.8300,56.438200,1,-15.234700,56.925838,2.512189,19.603834,32.891119,0
2024-05-28,sz.301389,18.1800,19.8000,17.5900,19.5000,19.1400,38015030,702836810.3900,46.316300,1,1.880900,57.996544,2.559441,19.972558,33.509761,0
2024-05-29,sz.301389,18.7000,20.3000,18.2200,19.7700,19.5000,38575683,746909013.0100,46.999400,1,1.384600,58.799573,2.594879,20.249101,33.973742,0
2024-05-30,sz.301389,18.7800,19.5000,18.0600,18.2100,19.7700,28547419,534444042.8200,34.781200,1,-7.890700,54.159849,2.390124,18.651296,31.292961,0
2024-05-31,sz.301389,17.7100,19.4500,17.6600,18.7900,17.9100,33505774,633871873.6000,40.822300,1,4.913500,55.884875,2.466251,19.245352,32.289662,0
2024-06-03,sz.301389,18.6200,18.7700,16.8900,17.2100,18.7900,31105515,543757776.3400,37.897900,1,-8.408700,51.185668,2.258870,17.627063,29.574512,0
2024-06-04,sz.301389,16.7000,17.2800,16.4100,16.9300,17.2100,19585742,327275632.5400,23.862600,1,-1.627000,50.352897,2.222119,17.340277,29.093346,0
2024-06-05,sz.301389,16.8600,16.8600,15.8900,15.9500,16.9300,18590380,301186024.3700,22.649900,1,-5.788500,47.438199,2.093491,16.336528,27.409266,0
2024-06-06,sz.301389,15.9500,16.2600,14.9900,15.1300,15.9500,18724255,291009770.1500,22.813000,1,-5.141100,44.999370,1.985863,15.496657,26.000138,0
2024-06-07,sz.301389,15.3400,15.5300,14.8000,15.1700,15.1300,12827148,193955596.8800,15.628200,1,0.264400,45.118337,1.991113,15.537626,26.068876,0
2024-06-11,sz.301389,14.9600,15.7900,14.5800,15.7400,15.1700,14328533,219098199.4400,17.457400,1,3.757400,46.813620,2.065928,16.121439,27.048392,0
2024-06-12,sz.301389,16.0000,16.6000,15.8700,16.0900,15.7400,19144781,309423793.0100,23.325400,1,2.223600,47.854584,2.111867,16.479921,27.649849,0
2024-06-13,sz.301389,16.1000,16.6500,16.0200,16.3800,16.0900,18860603,308748144.6200,22.979100,1,1.802400,48.717097,2.149930,16.776949,28.148199,0
2024-06-14,sz.301389,16.3700,16.3800,15.9000,16.1200,16.3800,11366469,182954598.8100,13.848500,1,-1.587300,47.943809,2.115804,16.510648,27.701402,0
2024-06-17,sz.301389,15.9000,16.8700,15.8100,16.7000,16.1200,19119452,315645647.9900,23.294500,1,3.598000,49.668835,2.191931,17.104703,28.698103,0
2024-06-18,sz.301389,16.6500,17.0700,16.5200,17.0400,16.7000,18484488,310687174.6700,22.520900,1,2.035900,50.680057,2.236557,17.452943,29.282376,0
2024-06-19,sz.301389,17.2300,17.3500,16.5000,16.5900,17.0400,14572610,243980514.1000,17.754800,1,-2.640800,49.341675,2.177493,16.992038,28.509074,0
2024-06-20,sz.301389,16.7000,16.7000,15.8500,15.9800,16.5900,11168140,181306603.2800,13.606900,1,-3.676900,47.527424,2.097429,16.367255,27.460819,0
2024-06-21,sz.301389,15.7900,15.9900,15.4300,15.8100,15.9800,6898347,108929051.7100,8.404700,1,-1.063800,47.021813,2.075116,16.193135,27.168683,0
2024-06-24,sz.301389,15.6400,15.8900,15.0300,15.1100,15.8100,8236508,126723593.2800,10.035100,1,-4.427600,44.939886,1.983238,15.476172,25.965769,0
2024-06-25,sz.301389,15.3800,15.3800,14.5300,14.7200,15.1100,8888400,131689793.0000,10.829300,1,-2.581100,43.779955,1.932049,15.076721,25.295573,0
2024-06-26,sz.301389,14.7000,15.3300,14.3300,15.2700,14.7200,8145369,121186949.0900,9.924100,1,3.736400,45.415755,2.004239,15.640049,26.240720,0
2024-06-27,sz.301389,15.1700,15.9800,15.0400,15.2500,15.2700,12018100,186549186.0000,14.642500,1,-0.131000,45.356271,2.001614,15.619565,26.206352,0
2024-06-28,sz.301389,15.2100,16.2400,15.0800,15.8000,15.2500,15201800,239948922.0000,18.521400,1,3.606600,46.992071,2.073803,16.182893,27.151499,0
2024-07-01,sz.301389,15.8000,15.9200,15.2000,15.6300,15.8000,9215300,142879369.0000,11.227600,1,-1.075900,46.486460,2.051490,16.008773,26.859362,0
2024-07-02,sz.301389,15.6200,15.9100,15.4600,15.7900,15.6300,8433183,132304571.7000,10.274700,1,1.023700,46.962329,2.072491,16.172651,27.134314,0
2024-07-03,sz.301389,15.6100,15.7800,15.1000,15.2700,15.7900,9072365,139184645.8600,11.053500,1,-3.293200,45.415755,2.004239,15.640049,26.240720,0
2024-07-04,sz.301389,15.4000,15.4000,14.6300,14.6900,15.2700,6898677,103022109.3700,8.405100,1,-3.798300,43.690730,1.928112,15.045994,25.244020,0
2024-07-05,sz.301389,14.7500,14.7500,14.2300,14.5600,14.6900,5478342,79141327.5600,6.674600,1,-0.885000,43.304086,1.911049,14.912843,25.020622,0
2024-07-08,sz.301389,14.5600,15.7500,14.2100,15.2500,14.5600,16255983,244453016.1700,19.805800,1,4.739000,45.356271,2.001614,15.619565,26.206352,0
2024-07-09,sz.301389,14.8400,15.9800,14.8100,15.9000,15.2500,19100859,295923494.8200,23.271900,1,4.262300,47.289489,2.086928,16.285317,27.323344,0
2024-07-10,sz.301389,15.8000,15.8000,15.4700,15.5500,15.9000,12210381,190510699.1000,14.876700,1,-2.201300,46.248526,2.040990,15.926835,26.721886,0
2024-07-11,sz.301389,15.8100,16.5400,15.6300,16.4600,15.5500,20715459,336561718.7400,25.239000,1,5.852100,48.955031,2.160430,16.858887,28.285675,0
2024-07-12,sz.301389,16.1700,16.1800,15.7100,15.9600,16.4600,13693606,217783952.8700,16.683800,1,-3.037700,47.467940,2.094804,16.346771,27.426451,0
2024-07-15,sz.301389,15.9300,15.9300,15.2600,15.5500,15.9600,8189238,126987396.5000,9.977500,1,-2.568900,46.248526,2.040990,15.926835,26.721886,0
2024-07-16,sz.301389,15.5100,16.3300,15.4700,15.9400,15.5500,11317685,180671900.9500,13.789100,1,2.508000,47.408457,2.092179,16.326286,27.392082,0
2024-07-17,sz.301389,15.8000,15.9500,14.5700,14.5700,15.9400,12961700,195414434.0000,15.792100,1,-8.594700,43.333828,1.912361,14.923086,25.037806,0
2024-07-18,sz.301389,14.3700,14.3800,13.6800,14.1900,14.5700,9541708,133850582.4800,11.625300,1,-2.608100,42.203639,1.862485,14.533877,24.384795,0
2024-07-19,sz.301389,14.3500,14.6500,14.1700,14.4700,14.1900,6351400,91746662.0000,7.738300,1,1.973200,43.036410,1.899236,14.820662,24.865961,0
2024-07-22,sz.301389,14.4700,14.6200,14.2100,14.5700,14.4700,5061434,73147000.3600,6.166700,1,0.691100,43.333828,1.912361,14.923086,25.037806,0
2024-07-23,sz.301389,14.5100,14.5500,13.9000,13.9900,14.5700,5689134,80899843.6400,6.931500,1,-3.980800,41.608802,1.836235,14.329030,24.041105,0
2024-07-24,sz.301389,14.0000,14.3400,13.7500,13.7900,13.9900,5277000,73822680.5100,6.429300,1,-1.429600,41.013966,1.809984,14.124183,23.697416,0
2024-07-25,sz.301389,13.8200,13.8900,13.3800,13.6700,13.7900,4474000,60912306.0000,5.451000,1,-0.870200,40.657064,1.794233,14.001275,23.491202,0
2024-07-26,sz.301389,13.7000,13.8800,13.6500,13.8300,13.6700,3409199,47002155.3200,4.153700,1,1.170400,41.132933,1.815234,14.165153,23.766154,0
2024-07-29,sz.301389,13.8300,14.1200,13.6600,14.0000,13.8300,4245204,59127449.3200,5.172200,1,1.229200,41.638544,1.837547,14.339272,24.058290,0
2024-07-30,sz.301389,13.8800,14.1000,13.7000,14.0100,14.0000,3852029,53707094.2900,4.693200,1,0.071400,41.668286,1.838860,14.349515,24.075474,0
2024-07-31,sz.301389,14.0100,14.5200,13.8700,14.5200,14.0100,6073319,86861805.8300,7.399500,1,3.640300,43.185119,1.905799,14.871874,24.951884,0
2024-08-01,sz.301389,15.0500,15.1300,14.3900,14.4900,14.5200,9486890,139056776.8000,11.558500,1,-0.206600,43.095893,1.901861,14.841147,24.900330,0
2024-08-02,sz.301389,14.3300,14.4000,13.8900,13.9100,14.4900,6563900,92753925.3100,7.997200,1,-4.002800,41.370868,1.825734,14.247091,23.903629,0
2024-08-05,sz.301389,13.7300,13.8600,12.9000,12.9000,13.9100,7591494,101170581.0800,9.249200,1,-7.261000,38.366944,1.693168,13.212615,22.167996,0
2024-08-06,sz.301389,13.1400,13.2900,13.0100,13.2500,12.9000,4463200,58782409.0000,5.437800,1,2.713200,39.407908,1.739107,13.571097,22.769453,0
2024-08-07,sz.301389,13.2400,13.5500,13.1800,13.3600,13.2500,3973540,53346854.0000,4.841200,1,0.830200,39.735068,1.753545,13.683763,22.958482,0
2024-08-08,sz.301389,13.3400,13.4200,13.0300,13.1600,13.3600,3473800,45862835.1000,4.232400,1,-1.497000,39.140232,1.727294,13.478916,22.614793,0
2024-08-09,sz.301389,13.3300,13.4700,13.2100,13.3400,13.1600,2866800,38303875.0000,3.492800,1,1.367800,39.675584,1.750920,13.663278,22.924113,0
2024-08-12,sz.301389,13.3500,13.3800,13.1000,13.1500,13.3400,2627100,34714848.0000,3.200800,1,-1.424300,39.110490,1.725982,13.468674,22.597608,0
2024-08-13,sz.301389,13.2900,13.5200,13.1600,13.5200,13.1500,3282900,43877525.0000,3.999800,1,2.813700,40.210937,1.774545,13.847640,23.233434,0
2024-08-14,sz.301389,13.5600,13.7700,13.4600,13.7000,13.5200,3738800,50984588.0000,4.555200,1,1.331400,40.746290,1.798171,14.032002,23.542755,0
2024-08-15,sz.301389,13.5600,14.0200,13.4900,13.9400,13.7000,4308700,59644115.0000,5.249600,1,1.751800,41.460093,1.829672,14.277818,23.955183,0
2024-08-16,sz.301389,13.8900,14.4400,13.8900,14.3100,13.9400,6828700,97429376.0000,8.319900,1,2.654200,42.560541,1.878236,14.656785,24.591009,0
2024-08-19,sz.301389,14.3600,14.3600,13.6100,13.6400,14.3100,5608100,77834996.0000,6.832700,1,-4.682000,40.567839,1.790296,13.970548,23.439648,0
2024-08-20,sz.301389,13.6700,13.8500,13.3400,13.4000,13.6400,4144000,56102843.0000,5.048900,1,-1.759500,39.854035,1.758795,13.724732,23.027220,0
2024-08-21,sz.301389,13.5500,13.8200,13.2700,13.5800,13.4000,4182100,56981742.0000,5.095300,1,1.343300,40.389388,1.782421,13.909094,23.336541,0
2024-08-22,sz.301389,13.5600,13.6000,13.1500,13.1500,13.5800,3849100,51298881.0000,4.689600,1,-3.166400,39.110490,1.725982,13.468674,22.597608,0
2024-08-23,sz.301389,13.1400,13.4100,12.9100,13.3500,13.1500,3512500,46271935.0000,4.279500,1,1.520900,39.705326,1.752232,13.673520,22.941298,0
2024-08-26,sz.301389,13.2100,13.7500,13.2100,13.6500,13.3500,3591200,48747376.0000,4.375400,1,2.247200,40.597581,1.791608,13.980791,23.456833,0
2024-08-27,sz.301389,13.5200,13.5400,12.9900,13.0400,13.6500,3560800,47022108.0000,4.338400,1,-4.468900,38.783330,1.711544,13.356008,22.408579,0
2024-08-28,sz.301389,12.9900,13.2000,12.8200,13.0000,13.0400,3614040,46972343.6500,4.403200,1,-0.306700,49.834651,1.702591,13.760722,-7.380647,0
2024-08-29,sz.301389,12.8500,13.6000,12.8100,13.4800,13.0000,4626066,61530624.3000,5.636200,1,3.692300,51.674700,1.765456,14.268810,-7.653163,0
2024-08-30,sz.301389,13.6700,14.0300,13.6500,13.7800,13.4800,6834456,94877993.5800,8.326900,1,2.225500,52.824730,1.804747,14.586365,-7.823486,0
2024-09-02,sz.301389,13.8000,13.9000,13.2100,13.4400,13.7800,5541296,75369390.9800,6.751300,1,-2.467300,51.521362,1.760217,14.226469,-7.630454,0
2024-09-03,sz.301389,13.3000,13.5900,13.2000,13.3500,13.4400,3452900,46209270.0000,4.206900,1,-0.669600,51.176353,1.748430,14.131203,-7.579357,0
2024-09-04,sz.301389,13.3000,13.3000,12.8900,13.0500,13.3500,4381098,57212116.9600,5.337800,1,-2.247200,50.026323,1.709140,13.813648,-7.409034,0
2024-09-05,sz.301389,13.0700,13.2000,12.9200,13.0900,13.0500,3011600,39329253.0000,3.669200,1,0.306500,50.179660,1.714378,13.855988,-7.431744,0
2024-09-06,sz.301389,13.0400,13.1000,12.5200,12.5600,13.0900,4447890,56597989.1000,5.419200,1,-4.048900,48.147940,1.644965,13.294974,-7.130841,0
2024-09-09,sz.301389,12.4100,12.6800,12.3600,12.5000,12.5600,2281900,28561003.0300,2.780200,1,-0.477700,47.917934,1.637107,13.231463,-7.096776,0
2024-09-10,sz.301389,12.5000,12.7900,12.3000,12.7300,12.5000,2956600,37075176.0000,3.602200,1,1.840000,48.799624,1.667230,13.474922,-7.227357,0
2024-09-11,sz.301389,12.6900,12.7600,12.4000,12.4700,12.7300,2212008,27756980.6000,2.695000,1,-2.042400,47.802931,1.633178,13.199708,-7.079744,0
2024-09-12,sz.301389,12.5800,12.6100,12.2200,12.2500,12.4700,2209700,27400565.0000,2.692200,1,-1.764200,46.959575,1.604365,12.966834,-6.954841,0
2024-09-13,sz.301389,12.2500,12.3000,11.8600,11.8900,12.2500,2898800,34843144.0000,3.531800,1,-2.938800,45.579538,1.557216,12.585768,-6.750453,0
2024-09-18,sz.301389,11.9000,11.9600,11.4500,11.6500,11.8900,2311100,26895816.0000,2.815800,1,-2.018500,44.659514,1.525784,12.331724,-6.614195,0
2024-09-19,sz.301389,11.7000,12.0600,11.7000,11.9300,11.6500,2535899,30206408.9500,3.089700,1,2.403400,45.732876,1.562455,12.628109,-6.773163,0
2024-09-20,sz.301389,11.9300,12.0200,11.7500,11.8500,11.9300,1820500,21572656.0000,2.218000,1,-0.670600,45.426201,1.551977,12.543427,-6.727744,0
2024-09-23,sz.301389,11.8800,12.1000,11.7500,11.9700,11.8500,2221590,26619518.5000,2.706700,1,1.012700,45.886213,1.567694,12.670449,-6.795873,0
2024-09-24,sz.301389,12.0100,12.6900,11.8300,12.3800,11.9700,5508200,67446353.7600,6.711000,1,3.425200,47.457921,1.621391,13.104441,-7.028647,0
2024-09-25,sz.301389,12.5500,12.7500,12.3800,12.5200,12.3800,6100700,76668056.0000,7.432900,1,1.130900,47.994602,1.639726,13.252634,-7.108131,0
2024-09-26,sz.301389,12.4100,12.8100,12.4100,12.8000,12.5200,4097176,51838434.5200,4.991900,1,2.236400,49.067964,1.676397,13.549018,-7.267099,0
2024-09-27,sz.301389,12.9900,13.7000,12.9200,13.4500,12.8000,7147003,94900053.2900,8.707700,1,5.078100,51.559697,1.761527,14.237054,-7.636131,0
2024-09-30,sz.301389,14.0900,15.5000,13.7100,15.3900,13.4500,13824132,202441182.3200,16.842900,1,14.423800,58.996560,2.015606,16.290578,-8.737551,0
2024-10-08,sz.301389,18.1600,18.3800,15.5300,17.3000,15.3900,18233731,308107691.7200,22.215400,1,12.410700,66.318420,2.265756,18.312345,-9.821938,0
2024-10-09,sz.301389,16.5000,16.5500,15.0200,15.0400,17.3000,11820148,187205294.6600,14.401300,1,-13.063600,57.654858,1.969767,15.920097,-8.538841,0
2024-10-10,sz.301389,15.3000,15.6500,14.8400,15.0400,15.0400,7002097,106591406.4100,8.531100,1,0.000000,57.654858,1.969767,15.920097,-8.538841,0
2024-10-11,sz.301389,15.0600,15.0600,13.9800,14.1600,15.0400,5676926,81728142.5000,6.916600,1,-5.851100,54.281435,1.854515,14.988602,-8.039228,0
2024-10-14,sz.301389,14.2600,14.8500,13.9600,14.8500,14.1600,6280903,90920412.8500,7.652400,1,4.872900,56.926505,1.944883,15.718978,-8.430970,0
2024-10-15,sz.301389,14.6900,15.1700,14.5300,14.5800,14.8500,5737201,85355007.8500,6.990000,1,-1.818200,55.891478,1.909521,15.433179,-8.277680,0
2024-10-16,sz.301389,14.3300,14.6200,14.2300,14.4200,14.5800,4356834,62809089.9000,5.308200,1,-1.097400,55.278128,1.888566,15.263816,-8.186841,0
2024-10-17,sz.301389,14.4800,14.9700,14.4800,14.6200,14.4200,5506194,81271240.9800,6.708600,1,1.387000,56.044815,1.914760,15.475519,-8.300389,0
2024-10-18,sz.301389,14.6900,15.6200,14.5300,15.3200,14.6200,9472846,143467399.2100,11.541400,1,4.788000,58.728220,2.006438,16.216481,-8.697809,0
2024-10-21,sz.301389,15.7600,16.3500,15.4500,15.9400,15.3200,10729080,170593847.9700,13.072000,1,4.047000,61.104949,2.087639,16.872762,-9.049809,0
2024-10-22,sz.301389,15.8400,16.2800,15.7100,15.8700,15.9400,7996308,127418172.0400,9.742400,1,-0.439100,60.836609,2.078471,16.798666,-9.010067,0
2024-10-23,sz.301389,15.9900,16.0200,15.5800,15.6900,15.8700,6087718,96306725.8200,7.417100,1,-1.134200,60.146590,2.054897,16.608133,-8.907873,0
2024-10-24,sz.301389,15.6700,15.6700,15.3200,15.4700,15.6900,4282100,66243963.0000,5.217200,1,-1.402200,59.303235,2.026083,16.375259,-8.782970,0
2024-10-25,sz.301389,15.5400,15.7800,15.4000,15.5900,15.4700,4841918,75359260.0800,5.899200,1,0.775700,59.763247,2.041800,16.502281,-8.851099,0
2024-10-28,sz.301389,15.5600,15.8400,15.5000,15.8000,15.5900,5015406,78757999.4600,6.110600,1,1.347000,60.568268,2.069303,16.724570,-8.970325,0
2024-10-29,sz.301389,15.8700,16.2000,15.5300,15.7700,15.8000,8108767,128662102.7600,9.879500,1,-0.189900,60.453265,2.065374,16.692814,-8.953293,0
2024-10-30,sz.301389,15.7800,16.3200,15.6600,16.1600,15.7700,11304005,181694510.0700,13.772400,1,2.473100,65.811116,2.094935,16.600948,-9.429797,0
2024-10-31,sz.301389,16.2900,16.3000,15.7200,16.0800,16.1600,9598247,154290188.1600,11.694200,1,-0.495000,65.485319,2.084564,16.518765,-9.383115,0
2024-11-01,sz.301389,15.9900,16.0800,14.9300,14.9600,16.0800,8115141,124528403.7900,9.887200,1,-6.965200,60.924152,1.939370,15.368205,-8.729565,0
2024-11-04,sz.301389,14.9700,15.6900,14.8600,15.6700,14.9600,5374200,83312438.0000,6.547800,1,4.746000,63.815606,2.031412,16.097578,-9.143869,0
2024-11-05,sz.301389,15.7600,16.5500,15.6100,16.3200,15.6700,8516356,137277996.8800,10.376100,1,4.148100,66.462712,2.115677,16.765314,-9.523162,0
2024-11-06,sz.301389,16.4800,16.8700,15.9500,16.1000,16.3200,8292214,135283444.8400,10.103000,1,-1.348000,65.566768,2.087156,16.539311,-9.394786,0
2024-11-07,sz.301389,16.1600,16.5500,15.8000,16.5200,16.1000,8929900,144999975.0000,10.879900,1,2.608700,67.277206,2.141604,16.970771,-9.639867,0
2024-11-08,sz.301389,16.6500,17.1900,16.5400,16.8700,16.5200,10485054,177263030.9200,12.774600,1,2.118600,68.702570,2.186977,17.330322,-9.844102,0
2024-11-11,sz.301389,16.9900,17.6000,16.6500,17.4100,16.8700,9003756,155710716.5400,10.969900,1,3.200900,70.901704,2.256981,17.885056,-10.159206,0
2024-11-12,sz.301389,17.4300,17.6500,16.8800,17.0900,17.4100,8005744,138338281.3200,9.753900,1,-1.838000,69.598514,2.215497,17.556325,-9.972478,0
2024-11-13,sz.301389,16.8900,17.0500,16.4500,17.0000,17.0900,4979632,83468202.3600,6.067000,1,-0.526600,69.231991,2.203830,17.463869,-9.919960,0
2024-11-14,sz.301389,16.9600,17.0700,16.3600,16.3900,17.0000,4351917,72488968.3700,5.302200,1,-3.588200,66.747785,2.124751,16.837224,-9.564009,0
2024-11-15,sz.301389,16.3300,16.7400,15.8800,15.9100,16.3900,4416700,72203366.0000,5.381200,1,-2.928600,64.792999,2.062525,16.344127,-9.283916,0
2024-11-18,sz.301389,16.0000,16.0800,15.0800,15.4200,15.9100,4849554,74940745.1000,5.908500,1,-3.079800,62.797489,1.999003,15.840756,-8.997987,0
2024-11-19,sz.301389,15.4400,16.2000,15.4400,16.1800,15.4200,4375276,69148091.3200,5.330700,1,4.928700,65.892566,2.097527,16.621494,-9.441468,0
2024-11-20,sz.301389,16.2000,16.2900,16.0300,16.2000,16.1800,3255648,52645729.0900,3.966600,1,0.123600,65.974015,2.100120,16.642040,-9.453139,0
2024-11-21,sz.301389,16.2100,16.3000,15.8500,16.1100,16.2000,2810456,45204367.6000,3.424200,1,-0.555600,65.607493,2.088453,16.549584,-9.400621,0
2024-11-22,sz.301389,16.0800,16.2300,15.3400,15.3500,16.1100,3498600,55420126.0000,4.262600,1,-4.717600,62.512416,1.989929,15.768846,-8.957141,0
2024-11-25,sz.301389,15.4100,15.7600,15.1600,15.7600,15.3500,3027556,46841887.5200,3.688700,1,2.671000,64.182128,2.043080,16.190034,-9.196387,0
2024-11-26,sz.301389,15.7500,15.9200,15.5100,15.5100,15.7600,2244401,35234297.5200,2.734500,1,-1.586300,63.164011,2.010671,15.933212,-9.050505,0
2024-11-27,sz.301389,15.4300,16.0000,15.0300,15.9900,15.5100,3328766,51591471.6200,4.055700,1,3.094800,65.118796,2.072896,16.426310,-9.330598,0
2024-11-28,sz.301389,15.9500,16.3800,15.8400,15.9500,15.9900,3655941,58709561.1700,4.454300,1,-0.250200,64.955898,2.067711,16.385218,-9.307257,0
2024-11-29,sz.301389,15.9600,16.6500,15.8600,16.4300,15.9500,5411314,88361411.1800,6.593000,1,3.009400,66.910683,2.129937,16.878316,-9.587350,0
2024-12-02,sz.301389,16.4200,17.1800,16.4000,17.0500,16.4300,6153978,103957688.9900,7.497800,1,3.773600,69.435615,2.210312,17.515233,-9.949137,0
2024-12-03,sz.301389,17.0000,17.2700,16.8300,16.9700,17.0500,4739722,80832595.6700,5.774700,1,-0.469200,69.109817,2.199941,17.433050,-9.902454,0
2024-12-04,sz.301389,17.0000,17.1200,16.5900,16.7000,16.9700,3059080,51504833.2400,3.727100,1,-1.591000,68.010250,2.164939,17.155683,-9.744902,0
2024-12-05,sz.301389,16.6700,16.9600,16.6700,16.8900,16.7000,2231601,37595807.7700,2.718900,1,1.137700,68.784020,2.189570,17.350867,-9.855772,0
2024-12-06,sz.301389,16.9800,17.0700,16.6500,16.8900,16.8900,3082143,52021936.8300,3.755200,1,0.000000,68.784020,2.189570,17.350867,-9.855772,0
2024-12-09,sz.301389,16.8900,16.9400,16.6300,16.8300,16.8900,3080200,51713970.0000,3.752800,1,-0.355200,68.539671,2.181791,17.289230,-9.820761,0
2024-12-10,sz.301389,17.2000,17.5100,16.9700,17.0600,16.8300,5033500,86767472.0000,6.132700,1,1.366600,69.476339,2.211608,17.525506,-9.954972,0
2024-12-11,sz.301389,17.0900,17.6600,16.9600,17.5100,17.0600,5196359,90234406.5500,6.331100,1,2.637700,71.308951,2.269945,17.987785,-10.217559,0
2024-12-12,sz.301389,17.5000,17.6800,17.1800,17.3900,17.5100,2939614,51092370.8600,3.581500,1,-0.685300,70.820255,2.254388,17.864510,-10.147536,0
2024-12-13,sz.301389,17.3300,17.5300,17.0600,17.1200,17.3900,2857294,49417083.3300,3.481200,1,-1.552600,69.720688,2.219386,17.587143,-9.989983,0
2024-12-16,sz.301389,17.1200,17.2900,16.8800,17.0100,17.1200,2034885,34754533.6000,2.479200,1,-0.642500,69.272716,2.205126,17.474142,-9.925795,0
2024-12-17,sz.301389,16.9000,17.0400,16.1400,16.2000,17.0100,3036234,50163772.6200,3.699200,1,-4.761900,65.974015,2.100120,16.642040,-9.453139,0
2024-12-18,sz.301389,16.2600,16.6800,15.7500,16.4800,16.2000,2882800,46859975.0000,3.512300,1,1.728400,67.114307,2.136418,16.929680,-9.616526,0
2024-12-19,sz.301389,16.1500,16.9300,16.0600,16.8600,16.4800,2775521,46208830.6400,3.381600,1,2.305800,68.661845,2.185681,17.320049,-9.838266,0
2024-12-20,sz.301389,16.9300,17.5000,16.6500,17.3000,16.8600,4467329,77125349.2200,5.442800,1,2.609700,70.453732,2.242721,17.772055,-10.095018,0
2024-12-23,sz.301389,17.3000,17.3800,16.1800,16.2700,17.3000,4085556,67960002.0000,4.977700,1,-5.953800,66.259088,2.109195,16.713950,-9.493985,0
2024-12-24,sz.301389,16.5500,16.7400,15.9400,16.4200,16.2700,3611966,58891153.6600,4.400700,1,0.921900,66.869959,2.128640,16.868043,-9.581515,0
2024-12-25,sz.301389,16.3900,16.4900,15.7800,16.2500,16.4200,2534980,40936170.4000,3.088500,1,-1.035300,66.177639,2.106602,16.693404,-9.482315,0
2024-12-26,sz.301389,16.1700,17.0000,16.0200,16.9900,16.2500,4346972,73021406.4800,5.296200,1,4.553800,69.191267,2.202533,17.453596,-9.914125,0
2024-12-27,sz.301389,17.0300,18.2000,16.8000,17.6800,16.9900,10298616,181224384.2400,12.547500,1,4.061200,72.001271,2.291983,18.162424,-10.316759,0
2024-12-30,sz.301389,17.5000,17.9200,16.8200,17.5500,17.6800,9287318,162736619.7100,11.315400,1,-0.735300,71.471850,2.275130,18.028876,-10.240900,0
2024-12-31,sz.301389,17.5400,17.6000,16.6300,16.7200,17.5500,5444676,92948222.2800,6.633600,1,-4.729300,68.091700,2.167531,17.176229,-9.756573,0
2025-01-02,sz.301389,16.5700,17.1500,16.0900,16.3200,16.7200,5239507,87330320.9000,6.383600,1,-2.392300,66.462712,2.115677,16.765314,-9.523162,0
2025-01-03,sz.301389,16.5500,17.1100,15.7300,15.7800,16.3200,7288087,119711131.6500,8.879600,1,-3.308800,64.263578,2.045673,16.210579,-9.208057,0
2025-01-06,sz.301389,15.6400,16.3000,14.9700,15.6500,15.7800,5282200,82559124.8300,6.435700,1,-0.823800,63.734157,2.028820,16.077032,-9.132199,0
2025-01-07,sz.301389,15.6700,16.4500,15.4800,16.4500,15.6500,4756901,76243962.9100,5.795700,1,5.111800,66.992133,2.132529,16.898861,-9.599020,0
2025-01-08,sz.301389,16.2800,16.4400,15.1200,15.7500,16.4500,5341500,84063846.0000,6.507900,1,-4.255300,64.141404,2.041783,16.179761,-9.190551,0
2025-01-09,sz.301389,15.6100,16.5100,15.4600,16.0600,15.7500,4662300,75385912.4800,5.680400,1,1.968300,65.403869,2.081971,16.498220,-9.371445,0
2025-01-10,sz.301389,15.8800,16.1800,15.1800,15.2100,16.0600,4043200,63369312.0000,4.926100,1,-5.292700,61.942270,1.971779,15.625026,-8.875447,0
2025-01-13,sz.301389,14.8900,15.4400,14.5000,15.1500,15.2100,3658590,54907288.5000,4.457500,1,-0.394500,61.697922,1.964001,15.563389,-8.840435,0
2025-01-14,sz.301389,15.3000,16.2500,15.1500,16.2400,15.1500,4734300,75345759.0000,5.768100,1,7.194700,66.136914,2.105306,16.683131,-9.476480,0
2025-01-15,sz.301389,16.2600,16.3300,15.6500,15.7500,16.2400,3839400,61040781.0000,4.677800,1,-3.017200,64.141404,2.041783,16.179761,-9.190551,0
2025-01-16,sz.301389,15.8800,16.1900,15.6400,15.8000,15.7500,3272100,51955799.0000,3.986600,1,0.317500,64.345027,2.048265,16.231125,-9.219728,0
2025-01-17,sz.301389,15.7100,16.4800,15.6800,16.1900,15.8000,5269118,85548781.7400,6.419700,1,2.468400,65.933290,2.098824,16.631767,-9.447303,0
2025-01-20,sz.301389,16.3600,17.3000,16.2100,16.9800,16.1900,9068416,152249389.7400,11.048700,1,4.879600,69.150542,2.201237,17.443323,-9.908290,0
2025-01-21,sz.301389,17.1500,18.3200,16.7500,17.8900,16.9800,15051728,264226653.2000,18.338500,1,5.359200,72.856490,2.319207,18.378154,-10.439299,0
2025-01-22,sz.301389,17.7500,17.7700,16.9700,17.2400,17.8900,8723482,151108493.0400,10.628400,1,-3.633300,70.209384,2.234943,17.710418,-10.060007,0
2025-01-23,sz.301389,17.4000,17.5200,16.9000,16.9000,17.2400,5335000,91874081.0000,6.500000,1,-1.972200,68.824744,2.190866,17.361140,-9.861607,0
2025-01-24,sz.301389,16.9200,17.4800,16.6600,17.2900,16.9000,4766900,81726405.0000,5.807800,1,2.307700,70.413008,2.241424,17.761782,-10.089183,0
2025-01-27,sz.301389,17.3400,17.4800,16.7000,16.7000,17.2900,4066500,68990566.0000,4.954500,1,-3.412400,68.010250,2.164939,17.155683,-9.744902,0
2025-02-05,sz.301389,17.0000,17.4900,16.7400,17.1100,16.7000,5613600,96262477.8000,6.839400,1,2.455100,69.679963,2.218090,17.576870,-9.984148,0
2025-02-06,sz.301389,17.1200,17.7300,17.0400,17.7300,17.1100,7344700,128508656.0000,8.948500,1,3.623600,72.204894,2.298465,18.213788,-10.345935,0
2025-02-07,sz.301389,17.7500,19.1900,17.6100,18.3900,17.7300,15187618,278710841.2800,18.504100,1,3.722500,74.892725,2.384025,18.891797,-10.731063,0
2025-02-10,sz.301389,18.4100,18.5700,18.0200,18.1900,18.3900,9940901,181078123.2900,12.111700,1,-1.087500,74.078231,2.358098,18.686340,-10.614357,0
2025-02-11,sz.301389,18.2000,18.3900,17.9700,18.1000,18.1900,6096412,110727357.4000,7.427700,1,-0.494800,73.711708,2.346430,18.593884,-10.561840,0
2025-02-12,sz.301389,18.0000,18.2000,17.9000,18.1200,18.1000,5436510,98230802.7000,6.623700,1,0.110500,73.793158,2.349023,18.614430,-10.573511,0
2025-02-13,sz.301389,18.1200,18.1400,17.5700,17.5900,18.1200,5407197,96058518.0800,6.588000,1,-2.924900,71.634749,2.280316,18.069968,-10.264241,0
2025-02-14,sz.301389,17.6200,17.7300,17.3400,17.4600,17.5900,3892210,68106030.2000,4.742100,1,-0.739100,71.105327,2.263463,17.936421,-10.188383,0
2025-02-17,sz.301389,17.6700,18.7000,17.5100,18.5600,17.4600,11708544,212588724.9500,14.265300,1,6.300100,75.585045,2.406064,19.066436,-10.830262,0
2025-02-18,sz.301389,18.5000,19.9000,18.3600,18.7800,18.5600,18824749,362158617.4500,22.935500,1,1.185300,76.480988,2.434584,19.292439,-10.958638,0
2025-02-19,sz.301389,18.7800,21.8000,18.4500,21.2500,18.7800,22723716,457845736.5100,27.685800,1,13.152300,86.539989,2.754787,21.829836,-12.399950,0
2025-02-20,sz.301389,21.4000,23.5500,21.4000,22.9100,21.2500,28631589,642122336.9300,34.883800,1,7.811800,93.300289,2.969985,23.535131,-13.368605,0
2025-02-21,sz.301389,23.7300,27.4000,23.3100,26.5000,22.9100,27046181,684664010.3400,32.952200,1,15.670000,107.920457,3.435382,27.223090,-15.463467,0
2025-02-24,sz.301389,26.5100,27.8000,24.0000,25.5500,26.5000,30379840,772061928.2500,37.013800,1,-3.584900,104.051610,3.312226,26.247168,-14.909117,0
2025-02-25,sz.301389,24.2000,24.8000,23.5800,24.3400,25.5500,19251206,465619594.1900,23.455000,1,-4.735800,99.123922,3.155366,25.004151,-14.203049,0
2025-02-26,sz.301389,24.3600,24.9500,23.3600,24.9000,24.3400,18167901,437293230.1200,22.135200,1,2.300700,101.404505,3.227962,25.579431,-14.529824,0
2025-02-27,sz.301389,24.4300,24.9800,22.7000,23.4700,24.9000,17103129,405934264.4900,20.837900,1,-5.743000,95.580873,3.042581,24.110412,-13.695380,0
2025-02-28,sz.301389,23.2600,23.5200,21.9500,22.0700,23.4700,11700325,265286121.9800,14.255300,1,-5.965100,89.879415,2.861090,22.672211,-12.878442,0
2025-03-03,sz.301389,22.2600,22.8000,21.5400,21.9600,22.0700,8768547,193791675.8700,10.683300,1,-0.498400,89.431443,2.846829,22.559209,-12.814254,0
2025-03-04,sz.301389,21.5000,22.3300,21.4200,22.0300,21.9600,6645858,146064772.7600,8.097100,1,0.318800,89.716516,2.855904,22.631119,-12.855101,0
2025-03-05,sz.301389,22.0000,23.6500,21.8200,23.2900,22.0300,12971966,296667639.3500,15.804600,1,5.719500,94.847828,3.019247,23.925500,-13.590345,0
2025-03-06,sz.301389,23.4800,23.9600,23.0700,23.3500,23.2900,11504410,269591227.3800,14.016600,1,0.257600,95.092176,3.027025,23.987137,-13.625357,0
2025-03-07,sz.301389,23.2700,24.2400,23.0000,23.5800,23.3500,11785848,278759771.6800,14.359500,1,0.985000,96.028844,3.056841,24.223413,-13.759568,0
2025-03-10,sz.301389,23.3700,26.2500,23.3000,25.8000,23.5800,23196432,579544726.4100,28.261800,1,9.414800,105.069728,3.344636,26.503989,-15.054998,0
2025-03-11,sz.301389,26.1500,27.7500,25.4200,26.4700,25.8000,22025128,582976892.1100,26.834700,1,2.596900,107.798283,3.431493,27.192271,-15.445962,0
2025-03-12,sz.301389,26.5400,27.4000,25.9900,26.1100,26.4700,17562038,465270575.9600,21.397000,1,-1.360000,106.332194,3.384823,26.822448,-15.235892,0
2025-03-13,sz.301389,26.9400,29.8000,26.9400,28.2600,26.1100,22668670,641290550.0000,27.618800,1,8.234400,97.428502,3.612507,27.824038,-12.473258,0
2025-03-14,sz.301389,29.8000,30.8000,27.8600,28.6000,28.2600,22055845,640283147.6300,26.872100,1,1.203100,98.600678,3.655970,28.158792,-12.623325,0
2025-03-17,sz.301389,28.3000,28.9600,27.3000,27.7500,28.6000,16469987,458652938.0400,20.066500,1,-2.972000,95.670238,3.547313,27.321905,-12.248157,0
2025-03-18,sz.301389,27.9000,28.3900,27.4000,28.1900,27.7500,11106006,310000251.2900,13.531200,1,1.585600,97.187171,3.603559,27.755117,-12.442362,0
2025-03-19,sz.301389,27.0000,27.3000,24.6600,24.6800,28.1900,22354101,568472659.9100,27.235500,1,-12.451200,85.086179,3.154872,24.299266,-10.893135,0
2025-03-20,sz.301389,24.6900,24.8000,23.7800,24.1000,24.6800,12541000,302703190.9900,15.279500,1,-2.350100,83.086585,3.080730,23.728213,-10.637138,0
2025-03-21,sz.301389,24.2700,24.4600,23.7600,23.8100,24.1000,9121800,219265705.0000,11.113700,1,-1.203300,82.086788,3.043659,23.442687,-10.509139,0
2025-03-24,sz.301389,23.6600,24.2000,22.9600,23.8200,23.8100,9210522,216627791.5600,11.221800,1,0.042000,82.121264,3.044937,23.452533,-10.513553,0
2025-03-25,sz.301389,23.8200,24.0400,22.0000,22.5500,23.8200,9162666,209819442.2200,11.163500,1,-5.331700,77.742842,2.882591,22.202125,-9.953007,0
2025-03-26,sz.301389,22.4900,23.0000,22.4100,22.6600,22.5500,5262700,119418949.0000,6.411900,1,0.487800,78.122075,2.896653,22.310428,-10.001558,0
2025-03-27,sz.301389,22.5100,22.8000,22.1000,22.4400,22.6600,4272500,96154026.0000,5.205500,1,-0.970900,77.363609,2.868530,22.093822,-9.904455,0
2025-03-28,sz.301389,22.4000,22.5900,21.7700,21.8700,22.4400,4961300,109597007.0000,6.044700,1,-2.540100,75.398490,2.795666,21.532615,-9.652871,0
2025-03-31,sz.301389,21.8500,22.4400,21.1200,22.0300,21.8700,8335900,181881971.9200,10.156200,1,0.731600,75.950102,2.816119,21.690147,-9.723492,0
2025-04-01,sz.301389,22.2000,22.4400,21.8100,21.9100,22.0300,4167900,92062166.0000,5.078000,1,-0.544700,75.536393,2.800779,21.571998,-9.670526,0
2025-04-02,sz.301389,21.8700,22.2000,21.7500,21.8000,21.9100,3075400,67514953.0000,3.747000,1,-0.502100,75.157160,2.786718,21.463695,-9.621975,0
2025-04-03,sz.301389,21.3300,21.7800,20.4000,20.6400,21.8000,7127000,149590858.0000,8.683300,1,-5.321100,71.157972,2.638434,20.321590,-9.109980,0
2025-04-07,sz.301389,18.7100,18.8000,16.5100,16.5100,20.6400,9073501,155539539.9200,11.054900,1,-20.009700,56.919482,2.110491,16.255303,-7.287101,0
2025-04-08,sz.301389,16.0500,17.1800,14.9100,15.3900,16.5100,20913659,325801831.0800,25.480500,1,-6.783800,53.058197,1.967321,15.152581,-6.792761,0
2025-04-09,sz.301389,15.0000,15.8900,13.8000,15.6900,15.3900,17007000,254489344.0000,20.720800,1,1.949300,54.092470,2.005670,15.447953,-6.925174,0
2025-04-10,sz.301389,17.5600,18.8300,17.5600,18.8300,15.6900,6382143,118998905.6900,7.775800,1,20.012700,64.917859,2.407060,18.539513,-8.311091,0
2025-04-11,sz.301389,18.4400,18.6500,17.8900,18.1600,18.8300,22522382,411543365.9900,27.440500,1,-3.558200,62.607983,2.321413,17.879849,-8.015370,0
2025-04-14,sz.301389,19.4000,19.9000,18.4300,18.4500,18.1600,23277443,440614166.4700,28.360500,1,1.596900,63.607780,2.358484,18.165375,-8.143369,0
2025-04-15,sz.301389,18.7100,18.8000,17.9100,18.0600,18.4500,12532084,227913261.1600,15.268700,1,-2.113800,62.263225,2.308630,17.781391,-7.971233,0
2025-04-16,sz.301389,18.0600,18.1700,17.1600,17.4300,18.0600,9744000,171337693.0000,11.871800,1,-3.488400,60.091252,2.228096,17.161110,-7.693166,0
2025-04-17,sz.301389,17.6900,17.7200,17.1000,17.3000,17.4300,7169400,125063209.0000,8.735000,1,-0.745800,59.643067,2.211478,17.033116,-7.635788,0
2025-04-18,sz.301389,17.5600,17.5600,17.0500,17.3900,17.3000,6656300,115545738.0000,8.109800,1,0.520200,59.953349,2.222983,17.121727,-7.675511,0
2025-04-21,sz.301389,17.3900,18.0300,17.2700,18.0200,17.3900,7127649,126071177.8500,8.684100,1,3.622800,62.125322,2.303516,17.742008,-7.953578,0
2025-04-22,sz.301389,17.9200,17.9200,17.4600,17.5500,17.7700,6020700,106029330.0000,7.335400,1,-1.238000,60.504961,2.243436,17.279259,-7.746131,0
2025-04-23,sz.301389,18.0200,18.4200,17.8300,18.3500,17.5500,11146007,202569873.7500,13.579900,1,4.558400,63.263022,2.345701,18.066917,-8.099231,0
2025-04-24,sz.301389,18.3300,18.3900,17.8800,18.1700,18.3500,7471300,135418375.0000,9.102800,1,-0.980900,62.642458,2.322691,17.889694,-8.019784,0
2025-04-25,sz.301389,18.5000,19.1600,18.3600,18.7000,18.1700,15228216,286350867.7600,18.553600,1,2.916900,55.746304,2.357815,17.540973,-7.590869,0
2025-04-28,sz.301389,18.4700,19.0900,18.3100,18.6900,18.7000,9768107,182732057.3400,11.901100,1,-0.053500,55.716494,2.356554,17.531593,-7.586810,0
2025-04-29,sz.301389,18.6000,18.9800,18.3800,18.9000,18.6900,9852007,185428351.3000,12.003400,1,1.123600,56.342522,2.383032,17.728577,-7.672055,0
2025-04-30,sz.301389,18.8300,19.6700,18.8200,19.4100,18.9000,11427100,220035872.7100,13.922400,1,2.698400,57.862875,2.447336,18.206968,-7.879078,0
2025-05-06,sz.301389,19.6300,20.4900,19.3900,20.4800,19.4100,11702100,234171510.2900,14.257500,1,5.512600,61.052637,2.582248,19.210649,-8.313422,0
2025-05-07,sz.301389,20.6400,20.8800,19.8400,20.1300,20.4800,12493731,252611909.4600,15.222000,1,-1.709000,60.009257,2.538118,18.882342,-8.171347,0
2025-05-08,sz.301389,20.0200,20.9800,19.9400,20.7200,20.1300,9207912,189362635.1700,11.218600,1,2.930900,61.768098,2.612509,19.435774,-8.410845,0
2025-05-09,sz.301389,20.7600,20.8500,19.9000,20.0200,20.7200,7385442,148839678.1400,8.998200,1,-3.378400,59.681338,2.524249,18.779160,-8.126695,0
2025-05-12,sz.301389,20.6100,20.9800,20.3400,20.9800,20.0200,9874998,204656601.1200,12.031400,1,4.795200,62.543180,2.645291,19.679659,-8.516387,0
2025-05-13,sz.301389,21.3800,21.8900,20.6600,20.8300,20.9800,10258000,216645496.0000,12.498000,1,-0.715000,62.096017,2.626379,19.538956,-8.455497,0
2025-05-14,sz.301389,20.7900,21.1500,20.3100,20.4900,20.8300,6996600,143875753.0000,8.524400,1,-1.632300,61.082448,2.583509,19.220029,-8.317481,0
2025-05-15,sz.301389,20.4900,20.6500,20.0900,20.1400,20.4900,5004601,101183530.1300,6.097400,1,-1.708200,60.039068,2.539379,18.891722,-8.175406,0
2025-05-16,sz.301389,20.0300,20.5300,19.9100,20.2800,20.1400,4700000,95588552.0000,5.726300,1,0.695100,60.456420,2.557031,19.023045,-8.232236,0
2025-05-19,sz.301389,20.5800,21.1900,19.9900,20.9000,20.2800,10869643,224668990.5500,13.243200,1,3.057200,62.304693,2.635205,19.604617,-8.483912,0
2025-05-20,sz.301389,20.9100,21.6400,20.6500,21.3900,20.9000,12405343,262934677.5900,15.114300,1,2.344500,63.765425,2.696987,20.064247,-8.682817,0
2025-05-21,sz.301389,21.3800,21.3800,20.7500,20.8200,21.3900,7708013,161504808.9500,9.391200,1,-2.664800,62.066206,2.625118,19.529576,-8.451438,0
2025-05-22,sz.301389,20.7500,21.2500,20.2500,20.3400,20.8200,7813700,161314780.0000,9.520000,1,-2.305500,60.635285,2.564596,19.079326,-8.256592,0
2025-05-23,sz.301389,20.7900,22.5000,20.3400,21.7100,20.3400,18749563,405274010.0500,22.843900,1,6.735500,64.719373,2.737334,20.364414,-8.812715,0
2025-05-26,sz.301389,21.0000,21.9500,20.7500,21.8100,21.7100,14907000,317273960.0000,18.162200,1,0.460600,65.017481,2.749943,20.458216,-8.853308,0
2025-05-27,sz.301389,21.7600,21.9900,21.3000,21.3900,21.8100,8724346,188115118.6800,10.629500,1,-1.925700,63.765425,2.696987,20.064247,-8.682817,0
2025-05-28,sz.301389,21.3800,21.5000,20.6600,20.7500,21.3900,7329000,153347366.0000,8.929400,1,-2.992100,61.857530,2.616292,19.463914,-8.423023,0
2025-05-29,sz.301389,20.8300,21.3600,20.8000,21.1100,20.7500,6723218,141998630.9800,8.191300,1,1.734900,62.930721,2.661683,19.801602,-8.569157,0
2025-05-30,sz.301389,21.2000,21.2900,20.3500,20.4400,21.1100,7556100,156664303.0000,9.206100,1,-3.173900,60.933394,2.577205,19.173128,-8.297185,0
2025-06-03,sz.301389,20.2200,21.2500,20.1200,20.9000,20.4400,7206500,149367613.0000,8.780200,1,2.250500,62.304693,2.635205,19.604617,-8.483912,0
2025-06-04,sz.301389,20.9000,21.5500,20.7400,21.4400,20.9000,7765134,164993944.2000,9.460800,1,2.583700,63.914480,2.703291,20.111148,-8.703114,0
2025-06-05,sz.301389,21.3100,22.6900,21.1000,22.2600,21.4400,12461200,274485721.9600,15.182300,1,3.824600,66.358970,2.806682,20.880325,-9.035975,0
2025-06-06,sz.301389,22.4500,22.5000,21.7900,21.9100,22.2600,8813400,195076146.7200,10.738000,1,-1.572300,65.315590,2.762552,20.552018,-8.893900,0
2025-06-09,sz.301389,22.2400,23.1600,21.7500,22.6600,21.9100,11442034,256844731.3800,13.940600,1,3.423100,67.551404,2.857117,21.255533,-9.198347,0
2025-06-10,sz.301389,22.4600,23.0000,21.7800,22.0900,22.6600,8137636,181415986.8800,9.914600,1,-2.515400,65.852185,2.785247,20.720861,-8.966968,0
2025-06-11,sz.301389,22.0000,22.4600,21.8100,21.9200,22.0900,5800800,128002675.0000,7.067500,1,-0.769600,65.345401,2.763813,20.561398,-8.897960,0
2025-06-12,sz.301389,21.5600,21.9900,21.5200,21.6600,21.9200,4874700,106015858.0000,5.939200,1,-1.186100,64.570318,2.731030,20.317513,-8.792418,0
2025-06-13,sz.301389,21.4900,21.8900,21.0800,21.1600,21.6600,5036700,107693874.0000,6.136600,1,-2.308400,63.079776,2.667987,19.848503,-8.589454,0
2025-06-16,sz.301389,21.1600,22.7900,21.0000,21.9700,21.1600,9764000,216185740.0000,11.896100,1,3.828000,65.494455,2.770117,20.608299,-8.918256,0
2025-06-17,sz.301389,22.2000,22.8700,21.9000,22.4600,21.9700,9775171,219665098.7600,11.909700,1,2.230300,66.955187,2.831899,21.067929,-9.117161,0
2025-06-18,sz.301389,22.2300,22.8700,22.1500,22.5600,22.4600,8758088,197809035.1200,10.670600,1,0.445200,67.253296,2.844508,21.161731,-9.157754,0
2025-06-19,sz.301389,22.5000,23.8000,22.5000,23.2800,22.5600,16945772,394782686.7800,20.646200,1,3.191500,69.399677,2.935290,21.837105,-9.450023,0
2025-06-20,sz.301389,23.3500,24.9000,22.9000,24.9000,23.2800,23310709,561933279.1600,28.401000,1,6.958800,74.229036,3.139550,23.356697,-10.107628,0
2025-06-23,sz.301389,24.0000,25.4000,23.4600,25.2800,24.9000,20890070,513255729.3600,25.451800,1,1.526100,75.361849,3.187463,23.713145,-10.261881,0
2025-06-24,sz.301389,24.9200,25.0500,24.1500,24.3400,25.2800,17719537,433507415.2700,21.588900,1,-3.718400,72.559628,3.068942,22.831406,-9.880307,0
2025-06-25,sz.301389,24.2000,24.4300,23.5500,24.2500,24.3400,12696621,304408231.5300,15.469100,1,-0.369800,72.291331,3.057594,22.746984,-9.843774,0
2025-06-26,sz.301389,24.1500,24.5500,23.7600,23.9500,24.2500,10479480,252302980.4800,12.767900,1,-1.237100,71.397005,3.019768,22.465578,-9.721995,0
2025-06-27,sz.301389,24.3000,24.8000,23.8200,24.5900,23.9500,13718380,334955954.2100,16.714000,1,2.672200,73.304900,3.100463,23.065911,-9.981790,0
2025-06-30,sz.301389,24.2000,24.9800,24.1500,24.6200,24.5900,11102569,272475060.7100,13.527000,1,0.122000,73.394332,3.104246,23.094052,-9.993968,0
2025-07-01,sz.301389,24.4100,26.8900,23.7000,26.1800,24.6200,21322855,539926048.3200,25.979100,1,6.336300,78.044826,3.300940,24.557363,-10.627216,0
2025-07-02,sz.301389,25.5000,25.5000,24.6800,24.8800,26.1800,12291266,307800224.0800,14.975300,1,-4.965600,74.169415,3.137028,23.337937,-10.099509,0
2025-07-03,sz.301389,24.8900,27.3600,24.4800,26.6000,24.8800,18791433,490283555.2900,22.894900,1,6.913200,79.296882,3.353897,24.951331,-10.797707,0
2025-07-04,sz.301389,26.6200,31.9200,26.5000,31.9200,26.6000,35889723,1088642368.4700,43.726900,1,20.000000,95.156259,4.024676,29.941597,-12.957248,0
2025-07-07,sz.301389,32.0300,34.4200,30.9600,32.4100,31.9200,45836483,1488007928.3000,55.845700,1,1.535100,96.616991,4.086458,30.401227,-13.156153,0
2025-07-08,sz.301389,33.0700,35.6500,32.1900,33.6600,32.4100,39819153,1357813751.4100,48.514400,1,3.856800,100.343348,4.244066,31.573752,-13.663564,0
2025-07-09,sz.301389,34.4900,39.9900,33.3600,38.0100,33.6600,43560740,1574657633.6700,53.073000,1,12.923400,113.311071,4.792542,35.654139,-15.429354,0
2025-07-10,sz.301389,38.0500,38.5800,34.1000,34.1400,38.0100,39204923,1409733331.7000,47.766000,1,-10.181500,101.774269,4.304588,32.024002,-13.858410,0
2025-07-11,sz.301389,34.1600,34.8800,33.0000,33.3500,34.1400,27168672,915508200.6400,33.101400,1,-2.314000,99.419211,4.204980,31.282966,-13.537726,0
2025-07-14,sz.301389,32.8300,34.6000,32.7500,33.0000,33.3500,22256848,743615597.0700,27.117000,1,-1.049500,98.375831,4.160849,30.954659,-13.395651,0
2025-07-15,sz.301389,32.6100,33.6900,32.1900,32.8100,33.0000,21027700,692021648.0600,25.619500,1,-0.575800,97.809425,4.136893,30.776435,-13.318525,0
2025-07-16,sz.301389,32.5100,32.8000,31.5100,32.1800,32.8100,15935363,513168111.5500,19.415100,1,-1.920100,95.931341,4.057459,30.185483,-13.062789,0
2025-07-17,sz.301389,31.8500,33.4900,31.5100,33.0300,32.1800,21565900,708208565.2100,26.275200,1,2.641400,98.465264,4.164632,30.982800,-13.407829,0
2025-07-18,sz.301389,33.5100,35.0000,33.1200,33.1200,33.0300,24439145,831105142.3600,29.775900,1,0.272500,98.733562,4.175980,31.067221,-13.444362,0
2025-07-21,sz.301389,32.8200,34.1800,32.2600,33.7900,33.1200,21531085,712408635.7200,26.232800,1,2.022900,100.730889,4.260458,31.695695,-13.716335,0
2025-07-22,sz.301389,33.4000,34.7700,31.8500,31.8500,33.7900,22578780,750435002.0500,27.509200,1,-5.741300,94.947583,4.015850,29.875936,-12.928833,0
2025-07-23,sz.301389,30.8200,32.2200,30.8200,32.0100,31.8500,13341197,423112968.0300,16.254500,1,0.502400,95.424556,4.036024,30.026019,-12.993781,0
2025-07-24,sz.301389,32.1200,33.9000,32.0700,33.4000,32.0100,18964543,629321034.1000,23.105800,1,4.342400,99.568266,4.211284,31.329867,-13.558023,0
2025-07-25,sz.301389,33.4300,33.6000,32.0300,32.7900,33.4000,11714541,384154417.1600,14.272600,1,-1.826300,97.749803,4.134371,30.757675,-13.310406,0
2025-07-28,sz.301389,32.5800,36.4400,32.3800,34.9900,32.7900,25015837,861034485.2100,30.478500,1,6.709400,104.308192,4.411761,32.821319,-14.203449,0
2025-07-29,sz.301389,35.0300,37.4300,34.5200,36.1500,34.9900,25992627,926769201.1700,31.668600,1,3.315200,107.766252,4.558021,33.909422,-14.674327,0
2025-07-30,sz.301389,35.9800,36.7800,34.8800,35.2500,36.1500,16810145,598120946.7300,20.480900,1,-2.489600,105.083274,4.444544,33.065204,-14.308991,0
2025-07-31,sz.301389,35.5100,39.4400,35.5100,38.4600,35.2500,30444704,1148703893.6500,37.092800,1,9.106400,114.652560,4.849281,36.076248,-15.612022,0
2025-08-01,sz.301389,39.8500,45.8800,39.8500,43.1000,38.4600,29769027,1289792973.4900,36.269600,1,12.064500,128.484798,5.434321,40.428661,-17.495532,0
2025-08-04,sz.301389,45.2100,51.7200,43.3200,51.7200,43.1000,13535253,657395926.3700,16.490900,1,20.000000,154.181758,6.521186,48.514393,-20.994638,0
2025-08-05,sz.301389,51.0000,54.9900,50.0000,51.8700,51.7200,34501301,1808225443.9000,42.035300,1,0.290000,154.628920,6.540099,48.655096,-21.055528,0
2025-08-06,sz.301389,50.3100,56.3300,49.3000,55.5000,51.8700,29890113,1606766710.0800,36.417100,1,6.998300,165.450262,6.997792,52.060108,-22.529049,0
2025-08-07,sz.301389,54.9200,54.9900,50.1600,51.0000,55.5000,26712218,1392866546.0500,32.545300,1,-8.108100,152.035376,6.430403,47.839018,-20.702370,0
2025-08-08,sz.301389,49.9500,52.1000,48.6600,50.6300,51.0000,23952036,1206417545.1300,29.182400,1,-0.725500,150.932374,6.383752,47.491951,-20.552176,0
2025-08-11,sz.301389,51.8000,51.9100,49.4100,49.7600,50.6300,15376196,775335004.6100,18.733900,1,-1.718300,148.338829,6.274056,46.675874,-20.199018,0
2025-08-12,sz.301389,49.8900,50.4800,48.2500,49.5600,49.7600,15693076,772230096.5900,19.119900,1,-0.401900,147.742612,6.248839,46.488270,-20.117832,0
2025-08-13,sz.301389,49.3100,55.0200,49.0000,54.9200,49.5600,27253231,1397979632.1400,33.204400,1,10.815200,163.721232,6.924662,51.516057,-22.293611,0
2025-08-14,sz.301389,54.2000,54.2800,49.1000,49.1000,54.9200,24439873,1257593294.6900,29.776700,1,-10.597200,146.371313,6.190839,46.056781,-19.931105,0
2025-08-15,sz.301389,50.2000,54.9300,49.8600,52.8600,49.1000,25375409,1319639365.4300,30.916600,1,7.657800,157.580195,6.664924,49.583736,-21.457397,0
2025-08-18,sz.301389,54.2100,54.8800,51.2800,52.1000,52.8600,21287187,1118264458.1500,25.935600,1,-1.437800,155.314570,6.569098,48.870840,-21.148891,0
2025-08-19,sz.301389,52.4000,53.6000,51.0000,52.2000,52.1000,15392990,804294326.1200,18.754300,1,0.191900,155.612679,6.581707,48.964642,-21.189484,0
2025-08-20,sz.301389,51.0200,52.6800,50.0500,51.8000,52.2000,11975279,617708896.9500,14.590300,1,-0.766300,154.420244,6.531273,48.589434,-21.027113,0
2025-08-21,sz.301389,51.8200,51.8900,47.9900,49.4300,51.8000,14358876,710876738.3900,17.494400,1,-4.575300,147.355071,6.232448,46.366327,-20.065061,0
2025-08-22,sz.301389,49.1500,53.9600,49.1500,52.8100,49.4300,18195942,945385544.5900,22.169300,1,6.838000,157.431141,6.658620,49.536835,-21.437101,0
2025-08-25,sz.301389,52.7300,53.9900,50.4100,53.4000,52.8100,17675040,923355010.6700,21.534700,1,1.117200,159.189982,6.733011,50.090266,-21.676599,0
2025-08-26,sz.301389,53.5000,54.5400,50.4000,50.4000,53.4000,16098766,832981044.8100,19.614200,1,-5.618000,150.246724,6.354752,47.276206,-20.458812,0
2025-08-27,sz.301389,50.8800,60.4800,50.8000,60.4800,50.4000,26948358,1546969165.3400,32.833000,1,20.000000,180.296069,7.625702,56.731448,-24.550575,0
2025-08-28,sz.301389,57.0000,72.5800,56.0000,72.5800,60.4800,42006074,2734042656.8300,51.178800,1,20.006600,216.367207,9.151347,68.081489,-29.462314,0
2025-08-29,sz.301389,74.0700,81.5800,73.9600,76.3000,72.5800,35298023,2709355520.6600,43.006000,1,5.125400,202.581613,9.814214,69.207093,-364.240459,0
2025-09-01,sz.301389,78.5100,78.5800,73.2400,74.5500,76.3000,25090021,1878663308.6200,30.568900,1,-2.293600,197.935246,9.589118,67.619774,-355.886320,0
2025-09-02,sz.301389,74.1200,74.5800,64.8000,65.5000,74.5500,26962001,1844236947.8400,32.849600,1,-12.139500,173.906889,8.425046,59.411069,-312.683487,0
2025-09-03,sz.301389,66.1800,67.2000,63.0000,63.3700,65.5000,16746995,1087326087.3600,20.404000,1,-3.251900,168.251596,8.151072,57.479076,-302.515307,0
2025-09-04,sz.301389,65.0000,65.2000,58.0000,60.0300,63.3700,16271212,997001829.5900,19.824300,1,-5.270600,159.383673,7.721458,54.449565,-286.570836,0
2025-09-05,sz.301389,61.0000,68.5000,59.5000,66.4000,60.0300,21707015,1382143117.1300,26.447100,1,10.611400,176.296449,8.540810,60.227405,-316.979902,0
2025-09-08,sz.301389,65.6800,65.8000,61.5600,63.0300,66.4000,15815897,1001976179.8100,19.269600,1,-5.075300,167.348874,8.107338,57.170682,-300.892217,0
2025-09-09,sz.301389,63.5200,63.6000,60.4200,61.0000,63.0300,10067180,620653339.8400,12.265500,1,-3.220700,161.959088,7.846226,55.329393,-291.201416,0
2025-09-10,sz.301389,63.0100,64.8000,60.6800,62.0300,61.0000,16971967,1063660917.9400,20.678100,1,1.688500,164.693807,7.978712,56.263643,-296.118423,0
2025-09-11,sz.301389,62.8900,67.4000,62.1000,65.5800,62.0300,26307401,1705896539.0000,32.052100,1,5.723000,174.119295,8.435336,59.483632,-313.065391,0
2025-09-12,sz.301389,64.0000,69.8200,63.8000,67.7900,65.5800,25135914,1688260956.2500,30.624800,1,3.369900,179.986993,8.719601,61.488189,-323.615475,0
2025-09-15,sz.301389,65.9800,68.1800,63.0000,66.0000,67.7900,19128886,1243924846.8900,23.306000,1,-2.640500,175.234423,8.489360,59.864589,-315.070384,0
2025-09-16,sz.301389,65.9900,72.8500,64.5800,69.2500,66.0000,21830610,1523970987.6900,26.597700,1,4.924200,183.863390,8.907396,62.812466,-330.585214,0
2025-09-17,sz.301389,68.6000,70.2000,64.3100,66.0700,69.1000,18257641,1218031664.6200,22.244500,1,-4.384900,175.420277,8.498363,59.928082,-315.404550,0
2025-09-18,sz.301389,65.0300,75.8400,65.0300,72.8500,66.0700,28104451,1999164450.4800,34.241500,1,10.261800,193.421632,9.370452,66.077808,-347.770871,0
2025-09-19,sz.301389,73.0000,79.8800,69.3900,74.5000,72.8500,24310955,1785152013.5800,29.619700,1,2.264900,197.802492,9.582686,67.574422,-355.647631,0
2025-09-22,sz.301389,74.1300,76.3900,71.5700,74.5900,74.5000,16554016,1225435441.3800,20.168900,1,0.120800,198.041448,9.594263,67.656056,-356.077272,0
2025-09-23,sz.301389,77.5800,78.5800,69.4400,73.0000,74.5900,17188399,1271754895.2200,20.941800,1,-2.131700,193.819892,9.389746,66.213863,-348.486940,0
2025-09-24,sz.301389,70.0000,71.1000,68.1700,70.0000,73.0000,13109506,911877374.1200,15.972200,1,-4.109600,185.854691,9.003866,63.492746,-334.165559,0
2025-09-25,sz.301389,69.0000,69.9400,65.0000,65.6000,70.0000,13947342,931451439.0700,16.993000,1,-6.285700,174.172396,8.437909,59.501773,-313.160867,0
2025-09-26,sz.301389,64.2900,65.3600,59.0000,61.1200,65.6000,14564199,903144781.2000,17.744500,1,-6.829300,162.277696,7.861662,55.438237,-291.774271,0
2025-09-29,sz.301389,61.1200,63.2900,59.8400,62.1100,61.1200,9293482,576478587.2100,11.322900,1,1.619800,164.906212,7.989002,56.336206,-296.500327,0
2025-09-30,sz.301389,62.3800,63.4500,60.1500,60.3000,62.1100,9135404,559830380.0500,11.130300,1,-2.914200,160.100541,7.756188,54.694465,-287.859760,0
2025-10-09,sz.301389,60.1800,61.6000,58.5000,58.8000,60.3000,9152532,547731055.3200,11.151100,1,-2.487600,156.117940,7.563248,53.333906,-280.699070,0
2025-10-10,sz.301389,58.6000,58.9900,56.4000,56.6100,58.8000,6913184,397934484.5300,8.422800,1,-3.724500,150.303343,7.281555,51.347491,-270.244461,0
2025-10-13,sz.301389,52.5400,56.1900,52.1000,55.5600,56.6100,6842151,373707566.3400,8.336300,1,-1.854800,147.515523,7.146497,50.395099,-265.231978,0
2025-10-14,sz.301389,56.3000,56.5000,51.9600,52.3500,55.5600,9333485,503885356.5400,11.371600,1,-5.777500,138.992758,6.733606,47.483503,-249.908100,0
2025-10-15,sz.301389,52.6800,54.4500,52.2000,54.2100,52.3500,6180453,330494565.4600,7.530100,1,3.553000,143.931183,6.972851,49.170596,-258.787356,0
2025-10-16,sz.301389,53.9700,54.5700,53.0000,53.3400,54.2100,4409177,237098581.9300,5.372000,1,-1.604900,141.621274,6.860946,48.381472,-254.634156,0
2025-10-17,sz.301389,53.3700,53.6700,51.7200,51.8000,53.3400,4187413,219173478.4100,5.101800,1,-2.887100,137.532471,6.662861,46.984632,-247.282514,0
2025-10-20,sz.301389,52.7700,54.1400,52.1300,52.5200,51.8000,5062725,268744550.3400,6.168300,1,1.390000,139.444119,6.755472,47.637700,-250.719645,0
2025-10-21,sz.301389,53.0100,55.2300,51.9000,55.0500,52.5200,8737632,472557049.1600,10.645600,1,4.817200,146.161439,7.080898,49.932509,-262.797343,0
2025-10-22,sz.301389,55.7900,63.5900,55.0600,60.2800,55.0500,20254109,1219348093.1700,24.676900,1,9.500500,160.047439,7.753615,54.676325,-287.764284,0
2025-10-23,sz.301389,59.0100,62.0700,58.0200,59.1900,60.2800,13698303,819357739.9700,16.689600,1,-1.808200,157.153416,7.613412,53.687652,-282.560849,0
2025-10-24,sz.301389,60.0000,61.7800,57.4000,61.0200,59.1900,14831942,886750324.2200,18.070800,1,3.091700,162.012189,7.848799,55.347534,-291.296892,0
2025-10-27,sz.301389,62.0000,63.8000,60.9400,62.7500,61.0200,15305825,955111448.0600,18.648100,1,2.835100,166.605455,8.071323,56.916711,-299.555555,0
2025-10-28,sz.301389,61.2600,64.5000,60.0000,63.6300,62.7500,15151034,945207697.6100,18.459500,1,1.402400,168.941914,8.184514,57.714906,-303.756493,0
2025-10-29,sz.301389,65.9100,69.6000,64.0600,64.7000,63.6300,19763819,1317044348.0400,24.079600,1,1.681600,171.782836,8.322145,58.685438,-308.864452,0
2025-10-30,sz.301389,62.5000,63.2000,57.6000,58.5000,64.7000,15805668,948652406.1400,19.257100,1,-9.582700,149.020188,7.452596,44.770153,-37.620746,0
2025-10-31,sz.301389,57.8100,58.9000,56.5000,57.5100,58.5000,8335197,481207560.6700,9.856100,1,-1.692300,146.498308,7.326475,44.012504,-36.984088,0
2025-11-03,sz.301389,57.0000,57.2500,55.7000,56.6200,57.5100,6532369,369026878.2200,7.724300,1,-1.547600,144.231163,7.213094,43.331385,-36.411738,0
2025-11-04,sz.301389,56.6000,57.1800,55.3800,56.0000,56.6200,4733677,265781241.3800,5.597400,1,-1.095000,142.651804,7.134109,42.856898,-36.013022,0
2025-11-05,sz.301389,54.0000,55.4100,53.8000,54.8300,56.0000,5595729,305592738.6300,6.616800,1,-2.089300,139.671400,6.985057,41.961495,-35.260607,0
2025-11-06,sz.301389,55.0000,58.8000,54.7000,58.6700,54.8300,11329010,648346915.7100,13.396200,1,7.003500,149.453238,7.474253,44.900254,-37.730072,0
2025-11-07,sz.301389,58.6700,59.5500,57.0000,57.3000,58.6700,8497072,492972488.7800,10.047500,1,-2.335100,145.963364,7.299722,43.851791,-36.849039,0
2025-11-10,sz.301389,57.3000,57.5500,54.0200,55.4200,57.3000,6652894,367701397.1100,7.866800,1,-3.281000,141.174339,7.060220,42.413023,-35.640030,0
2025-11-11,sz.301389,55.7800,55.9700,52.9800,53.5000,55.4200,5726995,309056804.2400,6.772000,1,-3.464500,136.283420,6.815622,40.943644,-34.405298,0
2025-11-12,sz.301389,53.1600,54.8800,52.3500,54.2600,53.3800,5894400,315580586.0000,6.969900,1,1.648600,138.219408,6.912442,41.525273,-34.894046,0
2025-11-13,sz.301389,54.3400,55.7700,53.5800,53.7500,54.2600,8002044,436809021.3500,9.462100,1,-0.939900,136.920258,6.847471,41.134969,-34.566070,0
2025-11-14,sz.301389,53.5200,56.4000,53.1700,54.5500,53.7500,8642679,476309597.7200,10.219700,1,1.488400,138.958141,6.949387,41.747211,-35.080542,0
2025-11-17,sz.301389,54.0000,54.4300,52.8000,53.4000,54.5500,5788240,310148881.9600,6.844400,1,-2.108200,136.028684,6.802883,40.867114,-34.340989,0
2025-11-18,sz.301389,53.0200,54.8900,52.8000,54.2200,53.4000,6230110,336729531.5000,7.366900,1,1.535600,138.117514,6.907346,41.494661,-34.868323,0
2025-11-19,sz.301389,53.6800,53.8700,51.0100,51.6400,54.2200,6164868,321246430.4100,7.289700,1,-4.758400,131.545342,6.578668,39.520183,-33.209151,0
2025-11-20,sz.301389,53.5000,53.8100,51.2000,51.8600,51.6400,5118175,267188412.9000,6.052100,1,0.426000,132.105760,6.606695,39.688549,-33.350631,0
2025-11-21,sz.301389,50.0400,50.8300,48.4600,48.4600,51.8600,6172303,305299612.4000,7.298500,1,-6.556100,123.444757,6.173552,37.086523,-31.164126,0
2025-11-24,sz.301389,49.2700,50.4900,48.8000,50.1600,48.4600,5982141,296582798.0900,7.073700,1,3.508000,127.775259,6.390123,38.387536,-32.257378,0
2025-11-25,sz.301389,50.5000,52.3800,50.4900,51.2500,50.1600,5519060,284588116.7400,6.526100,1,2.173000,130.551874,6.528984,39.221715,-32.958346,0
2025-11-26,sz.301389,50.7300,52.2200,50.1400,51.0500,51.2500,5154700,264110470.4600,6.095300,1,-0.390200,130.042403,6.503505,39.068655,-32.829728,0
2025-11-27,sz.301389,51.8000,53.7500,50.8900,51.9000,51.0500,8438072,443156756.9700,9.977700,1,1.665000,132.207654,6.611790,39.719161,-33.376354,0
2025-11-28,sz.301389,51.4100,53.3000,51.4100,53.0100,51.9000,6444500,337410351.0700,7.620400,1,2.138700,135.035216,6.753199,40.568646,-34.090184,0
2025-12-01,sz.301389,53.0500,53.9200,52.2300,53.0800,53.0100,5564167,295199584.6200,6.579400,1,0.132100,135.213531,6.762116,40.622217,-34.135200,0
2025-12-02,sz.301389,52.5400,52.6600,51.4300,51.8000,53.0800,4508976,234270721.0200,5.331700,1,-2.411500,131.952919,6.599051,39.642631,-33.312046,0
2025-12-03,sz.301389,51.8500,52.1900,50.3800,50.7400,51.8000,4165671,212737823.3200,4.925800,1,-2.046300,129.252724,6.464012,38.831411,-32.630370,0
2025-12-04,sz.301389,50.7400,50.8900,49.5000,49.9300,50.7400,3330295,166639533.9500,3.938000,1,-1.596400,127.189367,6.360823,38.211517,-32.109468,0
2025-12-05,sz.301389,50.0900,52.3700,49.4000,51.9100,49.9300,5396700,276386962.0000,6.381400,1,3.965600,132.233127,6.613064,39.726814,-33.382785,0
2025-12-08,sz.301389,52.1800,54.0900,52.1800,52.9800,51.9100,6641513,354109092.5100,7.853400,1,2.061300,134.958796,6.749377,40.545687,-34.070891,0
2025-12-09,sz.301389,53.0000,54.9700,52.9000,54.0500,52.9800,8080673,437829535.0200,9.555100,1,2.019600,137.684464,6.885689,41.364560,-34.758997,0
2025-12-10,sz.301389,53.3600,54.0400,52.0000,53.4100,54.0500,5971829,315883661.8100,7.061500,1,-1.184100,136.054158,6.804157,40.874767,-34.347420,0
2025-12-11,sz.301389,53.3700,53.7300,51.1000,51.1400,53.4100,5025723,261783543.9900,5.942700,1,-4.250100,130.271665,6.514970,39.137532,-32.887606,0
2025-12-12,sz.301389,51.0600,51.8800,49.6200,51.3900,51.1400,4456871,226351243.3700,5.270100,1,0.488900,130.908504,6.546819,39.328857,-33.048379,0
2025-12-15,sz.301389,50.5700,52.1100,49.8800,50.7500,51.3900,5427990,275989194.7200,6.418400,1,-1.245400,129.278197,6.465286,38.839064,-32.636801,0
2025-12-16,sz.301389,50.7300,51.9600,49.0600,49.7600,50.7500,5236275,261840050.3900,6.191700,1,-1.950700,126.756317,6.339165,38.081415,-32.000143,0
2025-12-17,sz.301389,50.0600,53.6800,50.0600,53.4700,49.7600,12626004,667115956.9500,14.929800,1,7.455800,136.206999,6.811800,40.920685,-34.386005,0
2025-12-18,sz.301389,52.0400,53.2100,51.3500,51.5000,53.4700,6940933,362704840.8300,8.207400,1,-3.684300,131.188712,6.560832,39.413040,-33.119119,0
2025-12-19,sz.301389,52.2000,52.4900,50.2000,50.3400,51.5000,5458239,277471450.6200,6.454200,1,-2.252400,128.233782,6.413054,38.525290,-32.373135,0
2025-12-22,sz.301389,50.3800,53.7000,50.2700,52.9500,50.3400,8502407,444593621.0100,10.053800,1,5.184700,134.882375,6.745555,40.522728,-34.051599,0
2025-12-23,sz.301389,52.7000,56.1300,52.5300,55.1500,52.9500,13374704,736170777.7300,15.815100,1,4.154900,140.486553,7.025823,42.206392,-35.466396,0
2025-12-24,sz.301389,56.1900,58.9400,55.3300,57.4800,55.1500,16529888,944076314.6300,19.546000,1,4.224800,146.421887,7.322653,43.989545,-36.964795,0
2025-12-25,sz.301389,58.2000,58.8600,56.2000,56.7800,57.4800,10282720,586215431.9200,12.159000,1,-1.217800,144.638740,7.233477,43.453834,-36.514632,0
2025-12-26,sz.301389,56.2000,57.6000,55.8800,56.4100,56.7800,7420137,420070113.4800,8.774100,1,-0.651600,143.696219,7.186341,43.170672,-36.276689,0
2025-12-29,sz.301389,56.4100,57.3100,55.7000,56.5900,56.4100,6798499,384013097.7100,8.039000,1,0.319100,144.154742,7.209272,43.308426,-36.392445,0
2025-12-30,sz.301389,55.9900,57.9200,55.5100,56.5400,56.5900,6450449,367543678.2700,7.627400,1,-0.088400,144.027375,7.202902,43.270161,-36.360291,0
2025-12-31,sz.301389,56.4500,56.9000,54.5000,54.5800,56.5400,6593327,364528387.6200,7.796400,1,-3.466600,139.034562,6.953208,41.770170,-35.099835,0
2026-01-05,sz.301389,54.7800,55.4800,53.8000,55.3600,54.5800,5616038,307572438.1700,6.640800,1,1.429100,141.021498,7.052576,42.367105,-35.601445,0
2026-01-06,sz.301389,55.8000,56.3000,53.0900,53.8200,55.3600,9134453,493669923.3000,10.801200,1,-2.781800,137.098573,6.856388,41.188540,-34.611087,0
2026-01-07,sz.301389,53.8200,56.3000,53.8200,54.9500,53.8200,7618769,419529782.4700,9.008900,1,2.099600,139.977083,7.000344,42.053331,-35.337778,0
2026-01-08,sz.301389,54.6600,54.8000,53.3600,53.4400,54.9500,6855062,369948275.9200,8.105900,1,-2.748000,136.130579,6.807978,40.897726,-34.366713,0
2026-01-09,sz.301389,53.1800,53.8400,51.8500,53.4200,53.4400,6547077,347010549.2700,7.741700,1,-0.037400,136.079631,6.805430,40.882420,-34.353851,0
2026-01-12,sz.301389,53.4400,53.6900,51.3000,52.5400,53.4200,9194103,480159339.4400,10.871700,1,-1.647300,133.837960,6.693323,40.208954,-33.787932,0
2026-01-13,sz.301389,52.5400,52.7200,50.0000,50.2400,52.5400,7755862,396960018.0900,9.171000,1,-4.377600,127.979047,6.400315,38.448760,-32.308826,0
2026-01-14,sz.301389,50.6600,51.9000,50.1000,50.8800,50.2400,6735883,343936951.5200,7.965000,1,1.273900,129.609353,6.481848,38.938553,-32.720403,0
2026-01-15,sz.301389,50.6500,51.8300,50.3300,51.3800,50.8800,5432876,278371064.3800,6.424200,1,0.982700,130.883030,6.545545,39.321204,-33.041948,0
2026-01-16,sz.301389,51.8000,53.1200,51.0200,52.8800,51.3800,8151534,425699642.6000,9.638900,1,2.919400,134.704060,6.736637,40.469157,-34.006582,0
2026-01-19,sz.301389,52.7900,52.7900,51.1000,51.4000,52.8800,5814258,300554323.9400,6.875200,1,-2.798800,130.933977,6.548093,39.336510,-33.054810,0
2026-01-20,sz.301389,51.4000,51.8000,49.7600,50.1400,51.4000,5386225,271332796.0400,6.369000,1,-2.451400,127.724311,6.387575,38.372230,-32.244517,0
2026-01-21,sz.301389,49.8500,51.5000,49.6000,51.2000,50.1400,4554352,232175366.6800,5.385400,1,2.114100,130.424506,6.522614,39.183450,-32.926192,0
2026-01-22,sz.301389,51.5000,52.8600,51.2200,51.9500,51.2000,4931744,256051222.9600,5.831600,1,1.464800,132.335022,6.618160,39.757426,-33.408509,0
2026-01-23,sz.301389,51.7400,51.8900,50.8100,51.0000,51.9500,5013073,256270054.0300,5.927800,1,-1.828700,129.915036,6.497135,39.030389,-32.797574,0
2026-01-26,sz.301389,51.0200,51.4800,49.9100,50.5300,51.0000,4070400,205376471.5200,4.813100,1,-0.921600,128.717779,6.437259,38.670698,-32.495322,0
2026-01-27,sz.301389,50.5100,50.8000,48.2400,50.6200,50.5300,5285664,262236844.7900,6.250100,1,0.178100,128.947041,6.448725,38.739575,-32.553200,0
2026-01-28,sz.301389,50.2500,50.7900,49.6000,50.0500,50.6200,3547583,177387402.7300,4.194900,1,-1.126000,127.495050,6.376110,38.303353,-32.186639,0
2026-01-29,sz.301389,50.3000,50.3000,48.4700,48.5300,50.0500,4335554,213179140.0900,5.126600,1,-3.037000,123.623072,6.182470,37.140094,-31.209142,0
2026-01-30,sz.301389,48.2000,49.8400,47.1700,49.7900,48.5300,4423419,215331958.1500,5.230500,1,2.596300,126.832738,6.342987,38.104374,-32.019435,0
2026-02-02,sz.301389,49.3000,50.3600,47.8200,47.8600,49.7900,3994373,194541248.8500,4.723200,1,-3.876300,121.916345,6.097115,36.627342,-30.778272,0
2026-02-03,sz.301389,48.1600,49.4500,47.6300,49.4500,47.8600,4121506,201384130.8100,4.873500,1,3.322200,125.966637,6.299673,37.844172,-31.800785,0
2026-02-04,sz.301389,49.0000,49.2800,47.1700,47.8900,49.4500,4748955,227211989.9000,5.615500,1,-3.154700,121.992766,6.100937,36.650301,-30.797565,0
2026-02-05,sz.301389,47.5800,48.4000,47.2000,47.7500,47.8900,2953800,141338939.0000,3.492800,1,-0.292300,121.636136,6.083102,36.543159,-30.707532,0
2026-02-06,sz.301389,47.3100,48.6000,46.8200,47.3600,47.7500,3535418,168582122.3600,4.180500,1,-0.816800,120.642668,6.033418,36.244691,-30.456727,0
2026-02-09,sz.301389,47.9100,48.6400,47.8600,48.4800,47.3600,3304994,159714592.4000,3.908000,1,2.364900,123.495704,6.176100,37.101829,-31.176988,0
2026-02-10,sz.301389,48.8900,51.9700,48.7200,50.1300,48.4800,8600033,436671439.0800,10.169200,1,3.403500,127.698838,6.386302,38.364577,-32.238086,0
2026-02-11,sz.301389,50.2400,51.6400,49.8000,50.2000,50.1300,5398202,273376506.0400,6.383200,1,0.139600,127.877153,6.395219,38.418148,-32.283102,0
2026-02-12,sz.301389,49.9800,54.5000,49.9800,53.7000,50.2000,13445024,708171580.8200,15.898300,1,6.972100,136.792890,6.841101,41.096704,-34.533916,0
2026-02-13,sz.301389,52.4800,54.8000,52.3100,53.4400,53.7000,8413863,452129649.8000,9.949100,1,-0.484200,136.130579,6.807978,40.897726,-34.366713,0
2026-02-24,sz.301389,53.7800,56.0000,52.3800,54.4000,53.4400,10344069,562644895.4800,12.231500,1,1.796400,138.576038,6.930277,41.632415,-34.984079,0
2026-02-25,sz.301389,54.2000,58.2800,54.0100,57.9200,54.4000,16738135,955864117.8900,19.792300,1,6.470600,147.542723,7.378707,44.326278,-37.247754,0
2026-02-26,sz.301389,56.8200,57.2500,55.7500,56.5300,57.9200,13044978,735996760.1800,15.425200,1,-2.399900,144.001901,7.201628,43.262508,-36.353860,0
2026-02-27,sz.301389,55.2300,55.3000,53.7800,54.3200,56.5300,10133311,549867750.5000,11.982300,1,-3.909400,138.372250,6.920086,41.571191,-34.932632,0
2026-03-02,sz.301389,53.0000,57.2000,52.9000,57.1500,54.3200,13534215,749066211.8400,16.003700,1,5.209900,145.581261,7.280613,43.736995,-36.752575,0
2026-03-03,sz.301389,57.1800,58.4200,54.3800,54.5100,57.1500,13047681,731937420.1600,15.428400,1,-4.619400,138.856247,6.944291,41.716599,-35.054819,0
2026-03-04,sz.301389,54.0800,55.4900,52.5000,52.9300,54.5100,8437179,452117770.5200,9.976700,1,-2.898600,134.831428,6.743007,40.507422,-34.038737,0
2026-03-05,sz.301389,54.2000,54.2000,50.8700,51.5000,52.9300,8269600,433282388.9100,9.778500,1,-2.701700,131.188712,6.560832,39.413040,-33.119119,0
2026-03-06,sz.301389,50.8200,51.9900,50.0300,50.6000,51.5000,5049390,256681080.4600,5.970700,1,-1.747600,128.896094,6.446177,38.724269,-32.540338,0
2026-03-09,sz.301389,49.3900,49.5000,46.0600,48.5000,50.6000,8225798,390040341.4800,9.726700,1,-4.150200,123.546652,6.178648,37.117135,-31.189850,0
2026-03-10,sz.301389,49.9000,51.4400,48.6500,50.5700,48.5000,6511527,329767210.5700,7.699700,1,4.268000,128.819674,6.442355,38.701310,-32.521045,0
2026-03-11,sz.301389,50.8200,55.4000,50.7100,52.0200,50.5700,11074679,588875591.7400,13.095400,1,2.867300,132.513336,6.627078,39.810997,-33.453525,0
2026-03-12,sz.301389,52.0000,53.1000,49.7200,50.4400,52.0200,6434963,329157502.0200,7.609100,1,-3.037300,128.488518,6.425794,38.601820,-32.437444,0
2026-03-13,sz.301389,49.9500,54.5700,49.5600,54.2200,50.4400,12370061,649384216.4400,14.627200,1,7.494100,148.327913,6.907346,30.483750,-34.868323,0
2026-03-16,sz.301389,54.0000,60.5000,52.3500,59.0000,54.2200,23340813,1326308011.0600,27.599700,1,8.815900,161.404406,7.516293,33.171178,-37.942291,0
2026-03-17,sz.301389,59.2800,61.4900,56.2100,56.2100,59.0000,17336936,1006337989.8400,20.500300,1,-4.728800,153.771893,7.160862,31.602575,-36.148071,0
2026-03-18,sz.301389,57.3300,59.0000,54.4300,58.3400,56.2100,15297746,868436010.4900,18.089100,1,3.789400,159.598865,7.432213,32.800110,-37.517852,0
2026-03-19,sz.301389,56.0000,56.3800,54.4900,55.3200,58.3400,11366541,628000514.9800,13.440500,1,-5.176600,151.337148,7.047481,31.102196,-35.575721,0
2026-03-20,sz.301389,55.8100,56.3000,53.0000,53.0900,55.3200,8845854,483585861.7800,10.459900,1,-4.031100,145.236609,6.763390,29.848438,-34.141631,0
2026-03-23,sz.301389,51.0300,53.6400,49.5000,50.1000,53.0900,10489707,534292602.4200,12.403700,1,-5.631900,137.056962,6.382480,28.167390,-32.218793,0
2026-03-24,sz.301389,51.3700,52.7000,48.4600,52.3700,50.1000,8371973,421480605.2300,9.899600,1,4.530900,143.266928,6.671666,29.443637,-33.678607,0
2026-03-25,sz.301389,52.5000,54.1500,51.5000,52.1900,52.3700,7853078,414613615.1300,9.286000,1,-0.343700,142.774508,6.648735,29.342437,-33.562851,0
2026-03-26,sz.301389,52.1500,55.5400,51.1500,51.9700,52.1900,10632347,569447587.1300,12.572400,1,-0.421500,142.172661,6.620708,29.218748,-33.421371,0
2026-03-27,sz.301389,51.3700,54.4300,49.8000,52.9100,51.9700,8790969,458849919.8700,10.395000,1,1.808700,144.744189,6.740459,29.747237,-34.025875,0
2026-03-30,sz.301389,51.5200,53.3600,51.5000,52.3700,52.9100,5456694,285656340.2900,6.452400,1,-1.020600,143.266928,6.671666,29.443637,-33.678607,0
2026-03-31,sz.301389,52.0000,52.2200,48.7800,49.1000,52.3700,9281987,465918004.8100,10.975600,1,-6.244000,134.321294,6.255085,27.605167,-31.575703,0
2026-04-01,sz.301389,50.1800,51.4000,49.6300,50.6800,49.1000,6941549,350838660.4900,8.208100,1,3.217900,138.643649,6.456369,28.493479,-32.591785,0
2026-04-02,sz.301389,50.0800,50.2300,47.0000,47.5500,50.6800,7030728,339581068.3900,8.313600,1,-6.176000,130.081009,6.057623,26.733720,-30.578914,0
2026-04-03,sz.301389,47.8700,50.2100,47.1100,47.1700,47.5500,5794657,280253022.8700,6.852000,1,-0.799200,129.041455,6.009213,26.520075,-30.334540,0
2026-04-07,sz.301389,47.5000,49.5100,47.2500,48.3000,47.1700,6999384,340485334.4000,8.276500,1,2.395600,132.132759,6.153169,27.155388,-31.061232,0
2026-04-08,sz.301389,50.0000,53.4800,49.1000,53.3000,48.3000,11218909,577962777.8800,13.266000,1,10.352000,145.811099,6.790143,29.966505,-34.276680,0
2026-04-09,sz.301389,52.0100,55.3000,51.8900,54.4000,53.3000,10085147,548079572.5600,11.925300,1,2.063800,148.820334,6.930277,30.584950,-34.984079,0
2026-04-10,sz.301389,54.0400,55.3800,54.0000,54.3300,54.4000,8148832,445444278.1400,9.635700,1,-0.128700,148.628837,6.921360,30.545595,-34.939062,0
2026-04-13,sz.301389,53.7000,56.1200,53.6900,55.6500,54.3300,7933577,439607770.4000,9.381200,1,2.429600,152.239919,7.089521,31.287729,-35.787941,0
2026-04-14,sz.301389,55.7700,57.4500,55.3700,56.7100,55.6500,8314016,469822072.1400,9.831000,1,1.904800,155.139727,7.224559,31.883686,-36.469616,0
2026-04-15,sz.301389,56.6000,60.2000,56.6000,57.6200,56.7100,12778379,750824910.3100,15.110000,1,1.604700,157.629184,7.340489,32.395309,-37.054827,0
2026-04-16,sz.301389,57.7400,58.8800,56.7000,57.4800,57.6200,7934902,457443259.1600,9.382700,1,-0.243000,157.246191,7.322653,32.316598,-36.964795,0
2026-04-17,sz.301389,57.1300,59.2000,56.6600,58.0000,57.4800,6422625,372033725.2100,7.594500,1,0.904700,158.668738,7.388899,32.608954,-37.299202,0
2026-04-20,sz.301389,58.2600,62.4600,58.2000,58.9900,58.0000,10372783,625926065.1000,12.265500,1,1.706900,161.377049,7.515020,33.165555,-37.935860,0
2026-04-21,sz.301389,58.8600,64.2000,57.9200,62.7900,58.9900,15007707,930092708.1400,17.746100,1,6.441800,171.772587,7.999120,35.302004,-40.379601,0
2026-04-22,sz.301389,63.3200,68.5700,61.9900,63.2500,62.7900,15336216,976899718.2400,18.134500,1,0.732600,173.030995,8.057721,35.560627,-40.675422,0
2026-04-23,sz.301389,63.2500,63.8000,59.7200,59.8100,63.2500,10828974,660938616.3100,12.804900,1,-5.438700,163.620297,7.619483,33.626579,-38.463194,0
2026-04-24,sz.301389,59.8100,60.3000,57.1300,57.9700,59.8100,7096797,412830161.4200,8.391700,1,-3.076400,158.586668,7.385077,32.592088,-37.279909,0
2026-04-27,sz.301389,57.7100,62.8800,57.2000,61.2900,57.9700,12116379,737536972.8400,14.327200,1,5.727100,173.718618,7.738364,29.072843,-72.668113,0
2026-04-28,sz.301389,61.0000,64.5900,60.3300,62.7000,61.2900,12787286,800314440.4200,15.120500,1,2.300500,177.715081,7.916388,29.741675,-74.339871,0
2026-04-29,sz.301389,61.2500,66.1700,61.2500,65.1100,62.7000,14580748,935576021.0100,17.241200,1,3.843700,184.545916,8.220670,30.884856,-77.197273,0
2026-04-30,sz.301389,64.0000,64.2800,61.1600,62.4900,65.1100,12433223,776396477.2400,14.701900,1,-4.024000,177.119863,7.889874,29.642062,-74.090886,0
2026-05-06,sz.301389,62.8300,67.9800,61.8900,66.1300,62.4900,13544073,887683955.7000,4.777500,1,5.824900,187.436975,8.349454,31.368692,-78.406630,0
2026-05-07,sz.301389,65.4800,75.5000,63.6300,73.9900,66.1300,19874680,1391227379.9500,7.010500,1,11.885700,209.715133,9.341843,35.097074,-87.725791,0
2026-05-08,sz.301389,72.9000,75.9600,72.0000,72.3100,73.9900,14498583,1061887227.6800,5.114100,1,-2.270600,204.953389,9.129729,34.300168,-85.733909,0
2026-05-11,sz.301389,72.3300,74.8600,70.8700,73.3600,72.3100,13117161,953415535.0200,4.626900,1,1.452100,207.929479,9.262300,34.798234,-86.978835,0
2026-05-12,sz.301389,73.0300,78.9900,73.0300,75.9800,73.3600,13647523,1039533539.4700,4.813900,1,3.571400,215.355532,9.593097,36.041028,-90.085222,0
2026-05-13,sz.301389,74.0000,84.2000,73.0000,80.6800,75.9800,18520897,1485214844.1600,6.532900,1,6.185800,228.677077,10.186510,38.270468,-95.657748,0
2026-05-14,sz.301389,80.3500,81.4000,74.0200,74.0200,80.6800,14666445,1123634602.9800,5.173300,1,-8.254800,209.800164,9.345631,35.111304,-87.761360,0
2026-05-15,sz.301389,75.1400,75.9900,71.0200,72.0700,74.0200,12707636,933363016.3100,4.482400,1,-2.634400,204.273140,9.099427,34.186324,-85.449354,0
2026-05-18,sz.301389,71.6900,76.0000,70.3000,73.8200,72.0700,10222387,749801864.8100,3.605800,1,2.428200,209.233290,9.320379,35.016435,-87.524231,0
2026-05-19,sz.301389,73.4500,74.3900,70.0100,72.1400,73.8200,8615000,620385448.6900,3.038800,1,-2.275800,204.471546,9.108265,34.219528,-85.532349,0
2026-05-20,sz.301389,70.8000,74.5700,69.5900,73.4500,72.1400,11036518,793779008.3900,3.893000,1,1.815900,208.184573,9.273664,34.840925,-87.085543,0
2026-05-21,sz.301389,73.9000,76.2000,70.0000,70.3500,73.4500,9934675,733871321.6900,3.504300,1,-4.220600,199.398022,8.882263,33.370444,-83.410047,0
2026-05-22,sz.301389,70.8500,80.6600,70.8500,77.5200,70.3500,13874759,1048447169.2400,4.894100,1,10.191900,219.720464,9.787534,36.771525,-91.911113,0
2026-05-25,sz.301389,81.4500,85.2900,79.2000,84.6000,77.5200,14647787,1209996084.4000,5.166800,1,9.133100,239.787813,10.681442,40.129916,-100.305472,0
2026-05-26,sz.301389,82.5100,84.0300,78.5500,82.4200,84.6000,12645164,1026252459.9600,4.460400,1,-2.576800,233.608883,10.406199,39.095835,-97.720768,0
2026-05-27,sz.301389,82.6800,88.8200,81.6100,82.2000,82.4200,15673945,1330889792.6800,5.528700,1,-0.266900,232.985322,10.378423,38.991478,-97.459927,0
2026-05-28,sz.301389,82.8500,92.8700,82.8500,90.8800,82.2000,17424633,1543819949.0000,6.146300,1,10.559600,257.587665,11.474344,43.108827,-107.751316,0
2026-05-29,sz.301389,90.0000,91.9800,85.0000,87.3500,90.8800,16770911,1490177329.7100,5.915700,1,-3.884200,247.582334,11.028652,41.434375,-103.565993,0
2026-06-01,sz.301389,87.3500,89.3500,80.0500,80.2000,87.3500,13856560,1144282713.4000,4.887700,1,-8.185500,227.316579,10.125906,38.042780,-95.088639,0
2026-06-02,sz.301389,80.1100,84.6000,77.1000,82.0000,80.2000,12894448,1042622946.0900,4.548300,1,2.244400,232.418447,10.353171,38.896608,-97.222798,0
2026-06-03,sz.301389,80.4400,88.7100,80.4200,84.1200,82.0000,12767283,1086796416.4200,4.503500,1,2.585400,238.427315,10.620838,39.902228,-99.736363,0
2026-06-04,sz.301389,82.8300,83.8300,80.1300,82.1700,84.1200,9845595,807841887.2500,3.472900,1,-2.318100,232.900291,10.374635,38.977248,-97.424357,0
2026-06-05,sz.301389,80.6000,85.8800,79.1100,82.0000,82.1700,10523281,871849280.5900,3.711900,1,-0.206900,232.418447,10.353171,38.896608,-97.222798,0
2026-06-08,sz.301389,75.0300,81.4400,74.6600,77.7800,81.9000,11685178,909705231.3600,4.121800,1,-5.030500,220.457401,9.820361,36.894856,-92.219381,0
2026-06-09,sz.301389,79.0000,81.7000,78.0300,81.2600,77.7800,10023521,803202747.3700,3.535600,1,4.474200,230.321013,10.259740,38.545590,-96.345422,0
2026-06-10,sz.301389,79.0100,82.9800,78.1400,80.2600,81.2600,9567798,771002804.6300,3.374900,1,-1.230600,227.486641,10.133482,38.071241,-95.159778,0
2026-06-11,sz.301389,79.0000,94.6800,78.0800,93.3000,80.2600,21583554,1885704058.9500,7.613200,1,16.247200,264.446843,11.779888,44.256751,-110.620574,0
2026-06-12,sz.301389,92.8200,99.8900,89.6000,92.9900,93.3000,19764502,1867231259.2900,6.971600,1,-0.332300,263.568188,11.740748,44.109703,-110.253024,0
2026-06-15,sz.301389,96.0000,100.6200,94.0200,97.2400,92.9900,18476230,1808380781.2400,6.517200,1,4.570400,275.614266,12.277346,46.125685,-115.292011,0
2026-06-16,sz.301389,98.5000,113.0000,98.3300,109.2100,97.2400,20687765,2208282907.5100,7.297300,1,12.309700,309.541691,13.788656,51.803642,-129.484168,0
2026-06-17,sz.301389,106.0200,110.5000,101.7600,103.0000,109.2100,19262992,2029763362.2300,6.794700,1,-5.686300,291.940245,13.004593,48.857935,-122.121319,0
2026-06-18,sz.301389,101.0000,105.1900,99.8800,103.1700,103.0000,14658218,1509706853.7800,5.170400,1,0.165000,292.422088,13.026057,48.938574,-122.322879,0
2026-06-22,sz.301389,103.1000,104.0000,96.6700,98.9000,103.1700,15176608,1509151887.0100,5.353300,1,-4.138800,280.319323,12.486934,46.913105,-117.260180,0
2026-06-23,sz.301389,101.0000,101.6000,94.0000,95.0800,98.9000,11165060,1077464382.2900,3.938300,1,-3.862500,269.492024,12.004628,45.101092,-112.731020,0
2026-06-24,sz.301389,95.4500,100.3800,94.0000,99.3100,95.0800,12282723,1195618925.5700,4.332500,1,4.448900,281.481415,12.538700,47.107588,-117.746294,0
2026-06-25,sz.301389,98.7900,102.6000,97.4400,99.8700,99.3100,12477292,1247087898.7000,4.401200,1,0.563900,283.068663,12.609405,47.373223,-118.410254,0
2026-06-26,sz.301389,97.5800,97.5800,91.0900,93.9800,99.8700,12106807,1142728164.2200,4.270500,1,-5.897700,266.374216,11.865744,44.579308,-111.426812,0
2026-06-29,sz.301389,93.2000,94.3300,82.3000,84.6400,93.9800,14244749,1234516910.2000,5.024600,1,-9.938300,239.901188,10.686493,40.148889,-100.352898,0
2026-06-30,sz.301389,84.9500,89.0000,83.1000,86.7900,84.6400,9369561,806259109.3000,3.305000,1,2.540200,245.995086,10.957948,41.168740,-102.902032,0
2026-07-01,sz.301389,87.8300,89.7000,83.5600,83.9800,86.7900,9314507,800796664.2300,3.285500,1,-3.237700,238.030503,10.603162,39.835819,-99.570373,0
2026-07-02,sz.301389,81.7800,83.6000,78.2000,78.6100,83.9800,9606005,776316330.0700,3.388400,1,-6.394400,222.809929,9.925156,37.288566,-93.203465,0
2026-07-03,sz.301389,78.6000,81.3500,76.0900,77.8000,78.6100,8555423,675214853.4700,3.017800,1,-1.030400,220.514088,9.822887,36.904343,-92.243094,0
2026-07-06,sz.301389,78.9600,80.4700,72.0700,72.8600,77.8000,9094894,682561337.1600,3.208100,1,-6.349600,206.512294,9.199171,34.561060,-86.386013,0
2026-07-07,sz.301389,73.0000,74.0000,68.7500,69.7600,72.8600,7013492,498640611.6700,2.473900,1,-4.254700,197.725743,8.807771,33.090578,-82.710517,0
2026-07-08,sz.301389,69.7600,70.3600,66.0000,66.1300,69.7600,6161147,415878310.1400,2.173200,1,-5.203600,187.436975,8.349454,31.368692,-78.406630,0
2026-07-09,sz.301389,68.0700,69.9900,64.0000,69.8200,66.1300,7778706,522837519.6600,2.743800,1,5.579900,197.895805,8.815346,33.119039,-82.781656,0
2026-07-10,sz.301389,70.1400,71.8600,67.0400,67.0800,69.8200,7691168,535447372.6600,2.712900,1,-3.924400,190.129627,8.469399,31.819323,-79.532991,0
2026-07-13,sz.301389,67.0000,67.1000,60.4400,60.8000,67.0800,7644549,483777581.6000,2.696500,1,-9.362000,172.329776,7.676498,28.840412,-72.087148,0
2026-07-14,sz.301389,61.4500,65.6400,60.7900,65.0000,60.8000,7215245,455651750.5600,2.545100,1,6.907900,184.234135,8.206782,30.832677,-77.066852,0
2026-07-15,sz.301389,66.0100,69.4000,62.5600,63.0700,65.0000,6678373,435550921.7100,2.355700,1,-2.969200,178.763799,7.963104,29.917184,-74.778559,0
2026-07-16,sz.301389,62.1000,64.9000,60.1200,60.9200,63.0700,7776605,485668384.3900,2.743100,1,-3.408900,172.669900,7.691649,28.897334,-72.229425,0
2026-07-17,sz.301389,61.0000,61.0600,54.0100,54.5200,60.9200,9132195,521635442.0600,3.221200,1,-10.505600,154.529924,6.883596,25.861501,-64.641304,0
2026-07-20,sz.301389,55.5000,57.0000,44.0000,46.0200,54.5200,14461204,714775002.9100,5.101000,1,-15.590600,130.437768,5.810402,21.829536,-54.563331,0
2026-07-21,sz.301389,46.8400,50.1800,40.5000,50.0000,46.0200,13645216,624254669.4100,4.813100,1,8.648400,141.718566,6.312909,23.717444,-59.282194,0
2026-07-22,sz.301389,49.5800,51.8000,48.6600,49.3000,50.0000,9894691,498166873.1500,3.490200,1,-1.400000,139.734506,6.224528,23.385400,-58.452243,0
2026-07-23,sz.301389,50.2800,51.6100,48.8800,49.5600,49.3000,6880210,344018253.2300,2.426900,1,0.527400,140.471442,6.257356,23.508731,-58.760511,0
2026-07-24,sz.301389,48.8500,49.9300,47.5700,47.9500,49.5600,4985321,242382736.4600,1.758500,1,-3.248600,135.908104,6.054080,22.745029,-56.851624,0
2026-07-27,sz.301389,48.7100,50.5400,48.0800,50.4300,47.9500,6701014,331501946.6100,2.363700,1,5.172100,142.937345,6.367200,23.921414,-59.792021,0
2026-07-28,sz.301389,50.0100,50.4300,46.0200,46.5700,50.4300,6397886,307697106.8400,2.256700,1,-7.654200,131.996672,5.879844,22.090428,-55.215435,0
2026-07-29,sz.301389,46.7600,46.9500,43.3000,45.5600,46.5700,7529628,338494572.9200,2.656000,1,-2.168800,129.133957,5.752323,21.611335,-54.017935,0
2026-07-30,sz.301389,45.8300,45.8300,41.1200,41.7800,45.5600,7215078,309356382.1500,2.545000,1,-8.296800,118.420033,5.275067,19.818296,-49.536201,0
2026-07-31,sz.301389,44.9900,46.9400,43.7500,43.7700,41.7800,7708071,348954633.6600,2.718900,1,4.763000,124.060432,5.526321,20.762251,-51.895633,0
2026-08-03,sz.301389,43.7700,44.0100,41.6700,42.1000,43.7700,7074798,299904391.9900,2.495500,1,-3.815400,119.327032,5.315469,19.970088,-49.915607,0
2026-08-04,sz.301389,43.0400,45.7200,42.1000,45.3200,42.1000,6805504,302420392.8500,2.400500,1,7.648500,128.453708,5.722021,21.497491,-53.733381,0
2026-08-05,sz.301389,44.8300,49.3500,44.8300,48.6600,45.3200,8316371,394948752.1000,2.933500,1,7.369800,137.920508,6.143723,23.081817,-57.693431,0
2026-08-06,sz.301389,48.2600,50.4900,47.5100,49.4800,48.6600,8145553,400771007.2300,2.873200,1,1.685200,140.244692,6.247255,23.470783,-58.665659,0
2026-08-07,sz.301389,49.9600,54.9000,48.7500,53.8400,49.4800,13118460,686867589.7500,4.627300,1,8.811600,152.602551,6.797741,25.538944,-63.835066,0
2026-08-10,sz.301389,54.0000,54.4500,50.4800,52.1600,53.8400,10963667,570481904.9600,3.867300,1,-3.120400,147.840808,6.585627,24.742038,-61.843185,0
2026-08-11,sz.301389,51.4800,52.6500,50.3500,51.5000,52.1600,7029508,362562810.5100,2.479500,1,-1.265300,145.970122,6.502296,24.428967,-61.060660,0
2026-08-12,sz.301389,51.4000,53.3200,51.2100,52.7500,51.5000,6066613,318047102.0700,2.139900,1,2.427200,149.513087,6.660119,25.021904,-62.542715,0
2026-08-13,sz.301389,53.6100,57.3300,52.0000,52.5500,52.7500,10744403,588983324.6300,3.789900,1,-0.379100,148.946212,6.634868,24.927034,-62.305586,0
2026-08-14,sz.301389,53.8800,54.9300,52.8900,54.4800,52.5500,7412092,400382450.3000,2.614500,1,3.672700,154.416549,6.878546,25.842527,-64.593878,0
2026-08-17,sz.301389,54.8600,59.7900,54.2500,58.8100,54.4800,11038831,625367614.4400,3.893800,1,7.947900,166.689377,7.425244,27.896458,-69.727716,0
2026-08-18,sz.301389,58.8100,62.4800,55.5600,61.9900,58.8100,13160787,763437153.6600,4.642300,1,5.407200,175.702678,7.826745,29.404887,-73.498064,0
2026-08-19,sz.301389,59.0000,60.4000,52.4300,53.0300,61.9900,19523122,1080948916.6400,6.886500,1,-14.453900,150.306711,6.695471,25.154721,-62.874695,0
2026-08-20,sz.301389,54.6100,55.1600,52.4000,53.8000,53.0300,11712439,631189806.6200,4.131400,1,1.452000,152.489176,6.792690,25.519970,-63.787641,0
2026-08-21,sz.301389,52.7800,56.5500,52.3800,56.1300,53.8000,13169188,720877512.1900,4.645200,1,4.330900,159.093262,7.086872,26.625203,-66.550191,0
2026-08-24,sz.301389,57.0000,57.3000,49.4200,51.1300,56.1300,12710190,662358634.0900,4.483300,1,-8.907900,144.921405,6.455581,24.253458,-60.621971,0
2026-08-25,sz.301389,49.8000,52.9100,49.0000,52.1000,51.1300,9639894,492015929.8400,3.400300,1,1.897100,147.670745,6.578051,24.713577,-61.772046,0
2026-08-26,sz.301389,52.6700,56.2800,51.2000,55.3700,52.1000,13860578,752083991.1400,4.889100,1,6.276400,156.939139,6.990916,26.264698,-65.649102,0
2026-08-27,sz.301389,55.3700,62.0600,53.0000,59.4500,55.3700,19044584,1101409190.5100,6.717700,1,7.368600,185.954802,7.544027,24.380246,-67.197893,0
