date,code,open,high,low,close,preclose,volume,amount,turn,tradestatus,pctChg,peTTM,pbMRQ,psTTM,pcfNcfTTM,isST
2016-08-29,sh.603288,117.3806110700,118.0541370500,116.4077402100,117.6425378400,117.3806110700,889994,27904254.0000,0.330288,1,0.223100,31.982397,9.851964,7.200009,-297.826405,0
2016-08-30,sh.603288,117.7173740600,118.0541370500,116.7819213100,117.6051197300,117.6425378400,717067,22491609.0000,0.266113,1,-0.031800,31.972225,9.848830,7.197719,-297.731676,0
2016-08-31,sh.603288,118.0167189400,118.0167189400,116.8193394200,117.7173740600,117.6051197300,869729,27257880.0000,0.322767,1,0.095400,32.002742,9.858231,7.204589,-298.015862,0
2016-09-01,sh.603288,117.5677016200,118.8399173600,117.1561024100,118.3160638200,117.7173740600,1153269,36451441.0000,0.427993,1,0.508600,32.165503,9.908368,7.241231,-299.531518,0
2016-09-02,sh.603288,117.8670465000,118.2038094900,116.2206496600,117.2309386300,118.3160638200,931369,29135783.0000,0.345643,1,-0.917100,31.870500,9.817494,7.174818,-296.784391,0
2016-09-05,sh.603288,116.9690118600,117.9044646100,116.7819213100,117.0438480800,117.2309386300,702353,21992758.0000,0.260652,1,-0.159589,31.819637,9.801826,7.163368,-296.310749,0
2016-09-06,sh.603288,116.4077402100,117.6799559500,115.9961410000,117.4928654000,117.0438480800,1172281,36644065.0000,0.435048,1,0.383628,31.941707,9.839429,7.190849,-297.447491,0
2016-09-07,sh.603288,117.4928654000,117.8670465000,116.8941756400,117.1935205200,117.4928654000,682623,21413659.0000,0.253330,1,-0.254777,31.860327,9.814361,7.172528,-296.689663,0
2016-09-08,sh.603288,117.1935205200,117.4554472900,115.9961410000,116.4077402100,117.1935205200,1222933,38098768.0000,0.453846,1,-0.670495,31.646704,9.748556,7.124437,-294.700364,0
2016-09-09,sh.603288,116.4451583200,116.6322488700,115.9961410000,116.3329039900,116.4077402100,689012,21390580.0000,0.255701,1,-0.064289,31.626359,9.742288,7.119857,-294.510907,0
2016-09-12,sh.603288,115.9961410000,116.2206496600,113.3768733000,114.2374898300,116.3329039900,1901508,58226911.0000,0.705674,1,-1.801221,31.056698,9.566808,6.991612,-289.206111,0
2016-09-13,sh.603288,114.3123260500,114.6865071500,114.0503992800,114.2374898300,114.2374898300,547504,16726891.0000,0.203186,1,0.000000,31.056698,9.566808,6.991612,-289.206111,0
2016-09-14,sh.603288,114.2374898300,114.3123260500,112.3665843300,113.3394551900,114.2374898300,739877,22408374.0000,0.274578,1,-0.786111,30.812558,9.491602,6.936650,-286.932627,0
2016-09-19,sh.603288,113.7136362900,115.6967961200,112.8904378700,115.0981063600,113.3394551900,1138302,34619013.0000,0.422438,1,1.551665,31.290666,9.638880,7.044284,-291.384867,0
2016-09-20,sh.603288,114.4994166000,115.9587228900,113.9381449500,115.6219599000,115.0981063600,1244908,38252696.0000,0.462001,1,0.455134,31.433081,9.682751,7.076345,-292.711066,0
2016-09-21,sh.603288,115.4348693500,115.4348693500,114.4994166000,114.6116709300,115.6219599000,665562,20429207.0000,0.246998,1,-0.873788,31.158423,9.598144,7.014513,-290.153396,0
2016-09-22,sh.603288,115.1729425800,115.8090504500,114.7239252600,114.7613433700,114.6116709300,526570,16229003.0000,0.195417,1,0.130594,31.199114,9.610678,7.023673,-290.532310,0
2016-09-23,sh.603288,115.5097055700,115.5097055700,114.1626536100,114.6490890400,114.7613433700,433050,13269438.0000,0.160710,1,-0.097818,31.168596,9.601278,7.016803,-290.248125,0
2016-09-26,sh.603288,115.1355244700,115.1729425800,112.6285111000,112.8904378700,114.6490890400,1157450,35316430.0000,0.429544,1,-1.533940,30.690488,9.453999,6.909169,-285.795885,0
2016-09-27,sh.603288,113.5639638500,113.5639638500,112.5910929900,113.1523646400,112.8904378700,886247,26730671.0000,0.328897,1,0.232017,30.761695,9.475935,6.925200,-286.458985,0
2016-09-28,sh.603288,113.2272008600,113.8258906200,112.8156016500,113.4891276300,113.1523646400,522518,15830106.0000,0.193913,1,0.297620,30.838480,9.499588,6.942486,-287.174024,0
2016-09-29,sh.603288,113.6762181800,114.3871622700,113.1523646400,113.6762181800,113.4891276300,722687,21980996.0000,0.268198,1,0.164851,30.889319,9.515248,6.953931,-287.647440,0
2016-09-30,sh.603288,113.3768733000,114.1252355000,113.1897827500,113.6013819600,113.6762181800,532494,16161729.0000,0.197615,1,-0.065828,30.868983,9.508984,6.949353,-287.458074,0
2016-10-10,sh.603288,113.9381449500,114.8735977000,113.4142914100,114.7987614800,113.6013819600,730307,22312051.0000,0.271026,1,1.054017,31.194348,9.609210,7.022600,-290.487935,0
2016-10-11,sh.603288,114.9858520300,116.0335591100,114.7613433700,115.9587228900,114.7987614800,1795286,55428290.0000,0.666253,1,1.010428,31.509545,9.706305,7.093559,-293.423113,0
2016-10-12,sh.603288,115.2477788000,115.9961410000,114.9858520300,115.6967961200,115.9587228900,661240,20434833.0000,0.243330,1,-0.225878,31.438372,9.684380,7.077536,-292.760331,0
2016-10-13,sh.603288,116.2580677700,116.2954858800,112.6285111000,115.4722874600,115.6967961200,1314540,40580066.0000,0.483737,1,-0.194047,31.377366,9.665588,7.063802,-292.192232,0
2016-10-14,sh.603288,115.4722874600,115.6967961200,113.7136362900,113.7884725100,115.4722874600,2308696,70725786.0000,0.849576,1,-1.458201,30.919822,9.524644,6.960798,-287.931490,0
2016-10-17,sh.603288,114.4245803800,115.0232701400,113.3768733000,113.5639638500,113.7884725100,1420592,43281148.0000,0.522763,1,-0.197302,30.858816,9.505852,6.947064,-287.363391,0
2016-10-18,sh.603288,112.6659292100,115.4722874600,112.6659292100,115.0232701400,113.5639638500,1945204,59692798.0000,0.715815,1,1.285006,31.255354,9.628003,7.036334,-291.056034,0
2016-10-19,sh.603288,115.5097055700,116.6322488700,114.6490890400,115.7342142300,115.0232701400,2177275,67507810.0000,0.801215,1,0.618089,31.448539,9.687512,7.079825,-292.855014,0
2016-10-20,sh.603288,116.2954858800,116.5199945400,115.3226150200,116.3329039900,115.7342142300,931819,28899985.0000,0.342900,1,0.517297,31.611222,9.737626,7.116449,-294.369945,0
2016-10-21,sh.603288,115.9587228900,116.8941756400,115.6593780100,116.5574126500,116.3329039900,1062084,33108924.0000,0.390836,1,0.192986,31.672228,9.756418,7.130183,-294.938044,0
2016-10-24,sh.603288,116.5574126500,118.5031543700,116.5574126500,117.4180291800,116.5574126500,2715700,85434738.0000,0.999350,1,0.738361,31.906084,9.828456,7.182829,-297.115756,0
2016-10-25,sh.603288,117.8296283900,118.4657362600,117.2309386300,117.4554472900,117.4180291800,1360127,42855121.0000,0.500513,1,0.031868,31.916251,9.831588,7.185118,-297.210439,0
2016-10-26,sh.603288,117.8296283900,118.2038094900,117.2683567400,117.9044646100,117.4554472900,866428,27291523.0000,0.318837,1,0.382290,32.038263,9.869173,7.212586,-298.346637,0
2016-10-27,sh.603288,117.9418827200,117.9418827200,116.3329039900,116.7445032000,117.9044646100,1130425,35277410.0000,0.415985,1,-0.983813,31.723066,9.772078,7.141628,-295.411459,0
2016-10-28,sh.603288,117.0812661900,117.2309386300,115.7342142300,116.2206496600,116.7445032000,1254515,38998913.0000,0.461649,1,-0.448722,31.025907,9.142372,6.924951,-1128.093619,0
2016-10-31,sh.603288,117.5302835100,117.5302835100,116.2580677700,117.1186843000,116.2206496600,1082100,33818204.0000,0.398202,1,0.772697,31.265644,9.213015,6.978460,-1136.810375,0
2016-11-01,sh.603288,117.4928654000,119.3637709000,117.0064299700,118.9521716900,117.1186843000,1683346,53426586.0000,0.619454,1,1.565500,31.755106,9.357244,7.087708,-1154.607087,0
2016-11-02,sh.603288,119.1766803500,119.1766803500,117.4928654000,118.1289732700,118.9521716900,874148,27550249.0000,0.321678,1,-0.692045,31.535348,9.292488,7.038658,-1146.616727,0
2016-11-03,sh.603288,118.2038094900,118.7650811400,116.8941756400,117.8296283900,118.1289732700,1173006,36966017.0000,0.431654,1,-0.253405,31.455435,9.268940,7.020821,-1143.711141,0
2016-11-04,sh.603288,118.2786457100,118.9895898000,117.3806110700,118.0541370500,117.8296283900,940341,29657921.0000,0.346036,1,0.190535,31.515370,9.286601,7.034199,-1145.890330,0
2016-11-07,sh.603288,118.4283181500,118.4283181500,117.2683567400,117.6799559500,118.0541370500,688078,21638421.0000,0.253206,1,-0.316952,31.415479,9.257166,7.011903,-1142.258348,0
2016-11-08,sh.603288,117.7922102800,118.5031543700,117.4554472900,118.3909000400,117.6799559500,1279257,40329116.0000,0.470753,1,0.604129,31.605271,9.313092,7.054264,-1149.159114,0
2016-11-09,sh.603288,118.9895898000,118.9895898000,115.6967961200,115.9587228900,118.3909000400,1517702,47311482.0000,0.558499,1,-2.054360,30.955984,9.121767,6.909344,-1125.551231,0
2016-11-10,sh.603288,116.9690118600,117.9044646100,116.0709772200,117.6051197300,115.9587228900,863244,27011228.0000,0.317665,1,1.419815,31.395501,9.251280,7.007444,-1141.531952,0
2016-11-11,sh.603288,117.1561024100,117.5677016200,116.2580677700,116.4077402100,117.6051197300,1196175,37328125.0000,0.440180,1,-1.018135,31.075853,9.157089,6.936099,-1129.909610,0
2016-11-14,sh.603288,117.0438480800,117.0438480800,116.1083953300,116.4077402100,116.4077402100,1362754,42392034.0000,0.501480,1,0.000000,31.075853,9.157089,6.936099,-1129.909610,0
2016-11-15,sh.603288,116.2206496600,116.5199945400,115.3226150200,115.9213047800,116.4077402100,1587691,49109469.0000,0.584254,1,-0.417876,30.945995,9.118824,6.907115,-1125.188033,0
2016-11-16,sh.603288,115.6219599000,116.2580677700,115.4348693500,115.7342142300,115.9213047800,1055817,32688917.0000,0.388530,1,-0.161392,30.896050,9.104107,6.895967,-1123.372042,0
2016-11-17,sh.603288,116.1458134400,117.1561024100,115.6219599000,116.8567575300,115.7342142300,1705349,53112379.0000,0.627551,1,0.969930,31.195721,9.192410,6.962853,-1134.267988,0
2016-11-18,sh.603288,116.8193394200,117.1561024100,115.7342142300,115.9587228900,116.8567575300,1537965,47668178.0000,0.565955,1,-0.768491,30.955984,9.121767,6.909344,-1125.551231,0
2016-11-21,sh.603288,116.1083953300,116.2206496600,114.9484339200,115.4348693500,115.9587228900,1397226,43069480.0000,0.514165,1,-0.451757,30.816138,9.080559,6.878131,-1120.466456,0
2016-11-22,sh.603288,116.5574126500,116.6322488700,115.6967961200,116.5199945400,115.4348693500,1504346,46748415.0000,0.553584,1,0.940029,31.105820,9.165919,6.942787,-1130.999204,0
2016-11-23,sh.603288,116.5199945400,117.8296283900,116.1458134400,116.7070850900,116.5199945400,1352953,42266657.0000,0.497873,1,0.160569,31.155765,9.180637,6.953935,-1132.815195,0
2016-11-24,sh.603288,116.2954858800,116.8193394200,115.6219599000,116.7445032000,116.7070850900,1378754,42879343.0000,0.507367,1,0.032062,31.165754,9.183580,6.956165,-1133.178393,0
2016-11-25,sh.603288,117.1561024100,117.8670465000,116.0709772200,117.2309386300,116.7445032000,1806319,56461575.0000,0.664707,1,0.416664,31.295611,9.221845,6.985149,-1137.899970,0
2016-11-28,sh.603288,117.5302835100,117.5302835100,116.7445032000,117.1561024100,117.2309386300,1530866,47973809.0000,0.563343,1,-0.063838,31.275633,9.215958,6.980690,-1137.173574,0
2016-11-29,sh.603288,117.1561024100,118.9895898000,116.4077402100,118.9521716900,117.1561024100,2674983,84362605.0000,0.984366,1,1.533061,31.755106,9.357244,7.087708,-1154.607087,0
2016-11-30,sh.603288,119.7753701100,121.1598401800,116.9690118600,119.7379520000,118.9521716900,3253017,103745567.0000,1.197077,1,0.660582,31.964876,9.419056,7.134528,-1162.234250,0
2016-12-01,sh.603288,120.2992236500,120.5237323100,118.2412276000,119.2140984600,119.7379520000,1489191,47418385.0000,0.548007,1,-0.437498,31.825029,9.377848,7.103314,-1157.149475,0
2016-12-02,sh.603288,119.2140984600,119.2140984600,116.8193394200,117.7547921700,119.2140984600,990760,31219216.0000,0.364590,1,-1.224110,31.435457,9.263053,7.016362,-1142.984745,0
2016-12-05,sh.603288,116.7445032000,117.7547921700,115.6219599000,116.1832315500,117.7547921700,1286937,39984596.0000,0.473580,1,-1.334605,31.015918,9.139428,6.922722,-1127.730420,0
2016-12-06,sh.603288,116.4077402100,116.9315937500,116.1083953300,116.6322488700,116.1832315500,479798,14931299.0000,0.176561,1,0.386476,31.135787,9.174750,6.949476,-1132.088799,0
2016-12-07,sh.603288,116.3329039900,116.9315937500,115.9961410000,116.7819213100,116.6322488700,736065,22900230.0000,0.270864,1,0.128325,31.175743,9.186524,6.958394,-1133.541592,0
2016-12-08,sh.603288,116.9690118600,117.7922102800,116.8567575300,117.3057748500,116.7819213100,1238592,38863468.0000,0.455789,1,0.448578,31.315589,9.227732,6.989608,-1138.626366,0
2016-12-09,sh.603288,116.4825764300,118.8773354700,116.4825764300,117.8296283900,117.3057748500,1241622,39178746.0000,0.456904,1,0.446569,31.455435,9.268940,7.020821,-1143.711141,0
2016-12-12,sh.603288,118.2412276000,118.2412276000,113.0401103100,114.0503992800,117.8296283900,2503459,77505333.0000,0.921247,1,-3.207368,30.446544,8.971651,6.795638,-1107.028123,0
2016-12-13,sh.603288,113.6762181800,114.4619984900,113.1897827500,114.3497441600,114.0503992800,1266463,38483067.0000,0.466045,1,0.262467,30.526456,8.995199,6.813474,-1109.933708,0
2016-12-14,sh.603288,114.3497441600,114.3497441600,112.5536748800,112.6659292100,114.3497441600,545651,16510412.0000,0.200794,1,-1.472509,30.076950,8.862743,6.713145,-1093.589789,0
2016-12-15,sh.603288,112.2543300000,113.3394551900,110.9821142600,111.2814591400,112.6659292100,1410161,42093084.0000,0.518925,1,-1.228830,29.707356,8.753836,6.630652,-1080.151456,0
2016-12-16,sh.603288,111.5433859100,111.8801489000,111.1317867000,111.5059678000,111.2814591400,522747,15567976.0000,0.192366,1,0.201747,29.767290,8.771496,6.644029,-1082.330645,0
2016-12-19,sh.603288,111.9175670100,111.9549851200,110.7201874900,110.7576056000,111.5059678000,822255,24415689.0000,0.302581,1,-0.671137,29.567510,8.712627,6.599438,-1075.066681,0
2016-12-20,sh.603288,111.2440410300,111.2440410300,108.5499371100,109.1112087600,110.7576056000,982703,28830525.0000,0.361625,1,-1.486488,29.127993,8.583115,6.501339,-1059.085960,0
2016-12-21,sh.603288,109.3357174200,109.9344071800,109.1486268700,109.6350623000,109.1112087600,1277585,37397267.0000,0.470138,1,0.480108,29.267839,8.624324,6.532552,-1064.170735,0
2016-12-22,sh.603288,109.8595709600,110.0466615100,109.0737906500,109.2608812000,109.6350623000,737381,21594200.0000,0.271349,1,-0.341292,29.167949,8.594889,6.510257,-1060.538753,0
2016-12-23,sh.603288,109.2982993100,109.7847347400,108.6996095500,108.7370276600,109.2608812000,714961,20878065.0000,0.263098,1,-0.479457,29.028103,8.553681,6.479043,-1055.453978,0
2016-12-26,sh.603288,108.5125190000,109.5976441900,108.1383379000,109.5602260800,108.7370276600,953497,27696891.0000,0.350877,1,0.757059,29.247861,8.618437,6.528093,-1063.444338,0
2016-12-27,sh.603288,108.9241182100,110.1589158400,108.8867001000,109.7847347400,109.5602260800,541315,15868354.0000,0.199198,1,0.204916,29.307795,8.636097,6.541470,-1065.623528,0
2016-12-28,sh.603288,109.4479717500,110.2337520600,108.8867001000,109.2234630900,109.7847347400,542154,15905738.0000,0.199507,1,-0.511246,29.157960,8.591946,6.508027,-1060.175555,0
2016-12-29,sh.603288,109.6724804100,110.0466615100,108.8867001000,109.2234630900,109.2234630900,564789,16505779.0000,0.207837,1,0.000000,29.157960,8.591946,6.508027,-1060.175555,0
2016-12-30,sh.603288,109.4479717500,110.0466615100,109.2608812000,109.7473166300,109.2234630900,768968,22529183.0000,0.282972,1,0.479614,29.297806,8.633154,6.539241,-1065.260329,0
2017-01-03,sh.603288,110.2337520600,111.4311315800,109.4853898600,111.2066229200,109.7473166300,966729,28483755.0000,0.355746,1,1.329695,29.687378,8.747949,6.626193,-1079.425059,0
2017-01-04,sh.603288,110.7576056000,111.5808040200,110.2337520600,111.2440410300,111.2066229200,873663,25914738.0000,0.321499,1,0.033648,29.697367,8.750892,6.628422,-1079.788258,0
2017-01-05,sh.603288,111.2814591400,112.6285111000,111.1317867000,111.6182221300,111.2440410300,1009974,30239190.0000,0.371660,1,0.336362,29.797258,8.780327,6.650718,-1083.420240,0
2017-01-06,sh.603288,111.8427307900,112.0672394500,110.2711701700,110.7576056000,111.6182221300,827452,24477062.0000,0.304494,1,-0.771034,29.567510,8.712627,6.599438,-1075.066681,0
2017-01-09,sh.603288,110.7576056000,112.9652740900,110.3834245000,112.7781835400,110.7576056000,1244643,37212792.0000,0.458016,1,1.824321,30.106917,8.871574,6.719833,-1094.679384,0
2017-01-10,sh.603288,112.2543300000,113.3394551900,112.0672394500,113.1897827500,112.7781835400,770462,23210987.0000,0.283522,1,0.364965,30.216797,8.903952,6.744358,-1098.674564,0
2017-01-11,sh.603288,112.6285111000,113.4142914100,111.5433859100,111.9175670100,113.1897827500,607533,18273703.0000,0.223566,1,-1.123968,29.877170,8.803874,6.668554,-1086.325825,0
2017-01-12,sh.603288,112.2169118900,112.7781835400,111.5808040200,111.8053126800,111.9175670100,401641,12040778.0000,0.147800,1,-0.100303,29.847203,8.795044,6.661865,-1085.236231,0
2017-01-13,sh.603288,111.3562953600,118.6154087000,108.8867001000,118.4283181500,111.8053126800,3186573,96733452.0000,1.172626,1,5.923697,31.615260,9.316036,7.056494,-1149.522313,0
2017-01-16,sh.603288,115.6593780100,120.8604953000,112.2543300000,120.1495512100,118.4283181500,7053741,222585049.0000,2.595704,1,1.453400,32.074755,9.451434,7.159053,-1166.229430,0
2017-01-17,sh.603288,118.2412276000,118.3160638200,116.1083953300,117.4928654000,120.1495512100,1596717,50042371.0000,0.587575,1,-2.211152,31.365534,9.242449,7.000756,-1140.442357,0
2017-01-18,sh.603288,117.3806110700,117.8670465000,116.0709772200,116.5199945400,117.4928654000,985112,30770866.0000,0.362511,1,-0.828026,31.105820,9.165919,6.942787,-1130.999204,0
2017-01-19,sh.603288,116.4451583200,117.0064299700,115.9961410000,116.5948307600,116.5199945400,648947,20213222.0000,0.238806,1,0.064228,31.125798,9.171806,6.947247,-1131.725601,0
2017-01-20,sh.603288,116.6322488700,117.4554472900,116.1832315500,116.7070850900,116.5948307600,804949,25133605.0000,0.296213,1,0.096279,31.155765,9.180637,6.953935,-1132.815195,0
2017-01-23,sh.603288,117.1561024100,117.3806110700,115.8464685600,116.1083953300,116.7070850900,766009,23844562.0000,0.281883,1,-0.512984,30.995940,9.133541,6.918263,-1127.004024,0
2017-01-24,sh.603288,116.7070850900,117.1186843000,116.1458134400,116.5948307600,116.1083953300,740287,23095829.0000,0.272418,1,0.418947,31.125798,9.171806,6.947247,-1131.725601,0
2017-01-25,sh.603288,116.5574126500,116.6696669800,116.1083953300,116.2954858800,116.5948307600,338324,10517292.0000,0.124500,1,-0.256739,31.045885,9.148259,6.929410,-1128.820015,0
2017-01-26,sh.603288,116.7445032000,116.8941756400,116.2580677700,116.7819213100,116.2954858800,437336,13633234.0000,0.160935,1,0.418273,31.175743,9.186524,6.958394,-1133.541592,0
2017-02-03,sh.603288,116.4825764300,116.4825764300,112.2543300000,112.3665843300,116.7819213100,2140326,64930901.0000,0.787618,1,-3.780834,29.997038,8.839196,6.695309,-1090.684204,0
2017-02-06,sh.603288,112.0298213400,112.3665843300,110.7576056000,111.3562953600,112.3665843300,2017876,60181400.0000,0.742558,1,-0.899102,29.727334,8.759723,6.635111,-1080.877852,0
2017-02-07,sh.603288,110.9072780400,111.5059678000,109.8221528500,111.3562953600,111.3562953600,1719996,50876168.0000,0.632941,1,0.000000,29.727334,8.759723,6.635111,-1080.877852,0
2017-02-08,sh.603288,111.0943685900,112.0672394500,110.4956788300,111.9924032300,111.3562953600,1027839,30612079.0000,0.378234,1,0.571237,29.897148,8.809761,6.673013,-1087.052222,0
2017-02-09,sh.603288,111.8801489000,112.6285111000,111.3188772500,111.3937134700,111.9924032300,1384578,41395687.0000,0.509511,1,-0.534580,29.737323,8.762666,6.637340,-1081.241050,0
2017-02-10,sh.603288,111.2066229200,112.4414205500,111.2066229200,111.8427307900,111.3937134700,1840565,54989812.0000,0.677309,1,0.403087,29.857192,8.797987,6.664095,-1085.599429,0
2017-02-13,sh.603288,111.9175670100,116.4825764300,111.9175670100,115.3974512400,111.8427307900,2073009,63396181.0000,0.076867,1,3.178323,30.806149,9.077616,6.875901,-1120.103258,0
2017-02-14,sh.603288,115.2477788000,115.9213047800,114.6865071500,115.6967961200,115.3974512400,1090792,33658737.0000,0.040446,1,0.259403,30.886061,9.101163,6.893738,-1123.008844,0
2017-02-15,sh.603288,115.6967961200,116.2580677700,114.6490890400,115.2477788000,115.6967961200,830934,25620707.0000,0.030811,1,-0.388101,30.766193,9.065842,6.866983,-1118.650465,0
2017-02-16,sh.603288,115.5097055700,115.5097055700,114.4619984900,115.2851969100,115.2477788000,694524,21377547.0000,0.025753,1,0.032468,30.776182,9.068785,6.869213,-1119.013663,0
2017-02-17,sh.603288,115.2477788000,115.9213047800,114.4245803800,114.9484339200,115.2851969100,908359,27917595.0000,0.033682,1,-0.292114,30.686281,9.042294,6.849147,-1115.744880,0
2017-02-20,sh.603288,115.5097055700,116.1458134400,114.9858520300,116.0335591100,114.9484339200,819284,25334212.0000,0.030379,1,0.944013,30.975962,9.127654,6.913803,-1126.277628,0
2017-02-21,sh.603288,116.2580677700,116.2580677700,114.3871622700,115.1729425800,116.0335591100,1202628,36930429.0000,0.044593,1,-0.741695,30.746215,9.059955,6.862524,-1117.924069,0
2017-02-22,sh.603288,114.9484339200,114.9484339200,112.6285111000,114.0878173900,115.1729425800,1506388,45759985.0000,0.055857,1,-0.942173,30.456533,8.974595,6.797867,-1107.391321,0
2017-02-23,sh.603288,114.0878173900,114.1252355000,113.3768733000,113.7510544000,114.0878173900,919138,27942396.0000,0.034081,1,-0.295179,30.366632,8.948104,6.777802,-1104.122537,0
2017-02-24,sh.603288,113.7884725100,114.6490890400,113.6762181800,114.0503992800,113.7510544000,741424,22612196.0000,0.027492,1,0.263158,30.446544,8.971651,6.795638,-1107.028123,0
2017-02-27,sh.603288,113.7510544000,116.3703221000,113.4517095200,116.3329039900,114.0503992800,1604412,49621851.0000,0.059491,1,2.001314,31.055875,9.151202,6.931640,-1129.183213,0
2017-02-28,sh.603288,116.3329039900,116.3703221000,114.8361795900,115.5845417900,116.3329039900,1689989,52081620.0000,0.062664,1,-0.643296,30.856094,9.092333,6.887049,-1121.919249,0
2017-03-01,sh.603288,115.3974512400,115.9961410000,115.0606882500,115.4348693500,115.5845417900,624312,19298090.0000,0.023149,1,-0.129489,30.816138,9.080559,6.878131,-1120.466456,0
2017-03-02,sh.603288,114.9484339200,116.6322488700,114.7239252600,114.7613433700,115.4348693500,623595,19235506.0000,0.023123,1,-0.583469,30.636336,9.027577,6.837999,-1113.928889,0
2017-03-03,sh.603288,114.8361795900,116.0335591100,114.2749079400,115.7716323400,114.7613433700,750227,23040520.0000,0.027818,1,0.880341,30.906039,9.107050,6.898197,-1123.735240,0
2017-03-06,sh.603288,115.4348693500,116.2206496600,114.4994166000,115.8090504500,115.7716323400,1421534,43804778.0000,0.052710,1,0.032321,30.916028,9.109994,6.900426,-1124.098438,0
2017-03-07,sh.603288,115.2477788000,118.0915551600,115.2477788000,117.3806110700,115.8090504500,2940499,91972894.0000,0.109033,1,1.357028,31.335567,9.233619,6.994067,-1139.352763,0
2017-03-08,sh.603288,118.8024992500,118.8024992500,115.8090504500,116.4451583200,117.3806110700,2422350,75492126.0000,0.089820,1,-0.796940,31.085842,9.160032,6.938328,-1130.272808,0
2017-03-09,sh.603288,116.6322488700,116.6322488700,115.2851969100,115.5097055700,116.4451583200,1101963,34042135.0000,0.040861,1,-0.803342,30.836116,9.086446,6.882590,-1121.192853,0
2017-03-10,sh.603288,115.8838866700,118.6902449200,115.5097055700,118.2786457100,115.5097055700,1646550,51657425.0000,0.061054,1,2.397149,31.575304,9.304262,7.047576,-1148.069520,0
2017-03-13,sh.603288,118.9895898000,120.2243874300,116.6696669800,119.4386071200,118.2786457100,2634897,83105636.0000,0.097701,1,0.980701,31.884963,9.395509,7.116692,-1159.328664,0
2017-03-14,sh.603288,118.9521716900,119.0270079100,116.8193394200,117.4554472900,119.4386071200,1857430,58399120.0000,0.068873,1,-1.660403,31.355545,9.239506,6.998526,-1140.079159,0
2017-03-15,sh.603288,118.0915551600,118.0915551600,116.5574126500,117.3431929600,117.4554472900,1080576,33843619.0000,0.040068,1,-0.095568,31.325578,9.230675,6.991837,-1138.989565,0
2017-03-16,sh.603288,117.3057748500,118.2412276000,116.4077402100,117.8296283900,117.3431929600,804319,25306644.0000,0.029824,1,0.414538,31.455435,9.268940,7.020821,-1143.711141,0
2017-03-17,sh.603288,117.8670465000,118.2038094900,116.3703221000,116.5199945400,117.8296283900,1050293,32908162.0000,0.038945,1,-1.111465,31.105820,9.165919,6.942787,-1130.999204,0
2017-03-20,sh.603288,117.4554472900,117.4554472900,116.1083953300,116.5948307600,116.5199945400,727610,22677745.0000,0.026980,1,0.064228,31.125798,9.171806,6.947247,-1131.725601,0
2017-03-21,sh.603288,116.3703221000,119.5508614500,116.3703221000,118.6154087000,116.5948307600,1811609,57355295.0000,0.067174,1,1.732994,31.665205,9.330753,7.067642,-1151.338304,0
2017-03-22,sh.603288,117.4928654000,122.3198015900,117.4928654000,121.3843488400,118.6154087000,2853188,91811072.0000,0.105796,1,2.334378,32.404393,9.548568,7.232628,-1178.214971,0
2017-03-23,sh.603288,123.2926724500,131.0756393300,123.2552543400,128.1196086400,121.3843488400,8161437,276328880.0000,0.302624,1,5.548715,32.575852,9.249016,7.434047,135.963846,0
2017-03-24,sh.603288,127.7828456500,128.7182984000,125.1635779500,125.6874314900,128.1196086400,4985247,168612844.0000,0.184852,1,-1.898369,31.957444,9.073436,7.292922,133.382757,0
2017-03-27,sh.603288,125.5377590500,130.8885487800,124.9764874000,127.6331732100,125.6874314900,4540819,156602025.0000,0.168373,1,1.548081,32.452171,9.213900,7.405822,135.447629,0
2017-03-28,sh.603288,127.8576818700,130.8511306700,126.1738669200,130.7762944500,127.6331732100,2819448,97023900.0000,0.104545,1,2.462621,33.251344,9.440803,7.588199,138.783190,0
2017-03-29,sh.603288,130.7014582300,130.7014582300,127.2589921100,128.3815354100,130.7762944500,2459060,84515797.0000,0.091181,1,-1.831186,32.642450,9.267924,7.449245,136.241810,0
2017-03-30,sh.603288,127.2589921100,129.3169881600,126.0616125900,129.0176432800,128.3815354100,2300481,78521378.0000,0.085301,1,0.495477,32.804188,9.313845,7.486155,136.916864,0
2017-03-31,sh.603288,128.5686259600,130.7014582300,127.5957551000,130.2524409100,129.0176432800,1615621,56085600.0000,0.059907,1,0.957082,33.118149,9.402986,7.557803,138.227263,0
2017-04-05,sh.603288,130.2150228000,136.1270841800,130.0279322500,133.1336353800,130.2524409100,4024962,143137634.0000,0.149245,1,2.212009,33.850725,9.610981,7.724982,141.284861,0
2017-04-06,sh.603288,133.0587991600,134.6303597800,130.8137125600,134.5555235600,133.1336353800,3063108,108722710.0000,0.113579,1,1.068008,34.212256,9.713628,7.807486,142.793806,0
2017-04-07,sh.603288,134.5555235600,134.6677778900,132.5349456200,133.4329802600,134.5555235600,1410635,50206089.0000,0.052306,1,-0.834258,33.926837,9.632591,7.742351,141.602534,0
2017-04-10,sh.603288,133.3955621500,133.3955621500,130.5892039000,131.1878936600,133.4329802600,1244961,43687611.0000,0.046163,1,-1.682553,33.355998,9.470517,7.612082,139.219990,0
2017-04-11,sh.603288,131.7117472000,133.5452345900,131.1504755500,133.5078164800,131.1878936600,1284747,45495338.0000,0.047638,1,1.768394,33.945865,9.637993,7.746694,141.681952,0
2017-04-12,sh.603288,133.5078164800,134.5555235600,131.1130574400,132.0859283000,133.5078164800,1255975,44393447.0000,0.046571,1,-1.065025,33.584334,9.535346,7.664190,140.173008,0
2017-04-13,sh.603288,132.2356007400,133.3581440400,131.0756393300,132.1607645200,132.0859283000,659273,23298114.0000,0.024446,1,0.056659,33.603362,9.540749,7.668532,140.252426,0
2017-04-14,sh.603288,131.8240015300,131.8614196400,128.5686259600,129.9156779200,132.1607645200,941345,32688470.0000,0.034905,1,-1.698750,33.032523,9.378675,7.538263,137.869882,0
2017-04-17,sh.603288,128.9053889500,131.4124023200,128.7182984000,130.2898590200,129.9156779200,915960,31867374.0000,0.033964,1,0.288014,33.127663,9.405687,7.559974,138.266972,0
2017-04-18,sh.603288,130.7762944500,136.8006101600,130.2524409100,134.9671227700,130.2898590200,2850398,102424965.0000,0.105692,1,3.589891,34.316910,9.743341,7.831369,143.230606,0
2017-04-19,sh.603288,134.6303597800,135.7529030800,131.4872385400,135.6032306400,134.9671227700,2747151,98300225.0000,0.101864,1,0.471311,34.478647,9.789262,7.868279,143.905660,0
2017-04-20,sh.603288,135.6406487500,142.1139817800,134.2561786800,139.0082786500,135.6032306400,4849724,181207175.0000,0.179827,1,2.511037,35.344419,10.035074,8.065854,147.519185,0
2017-04-21,sh.603288,138.9334424300,139.0082786500,136.2393385100,137.5863904700,139.0082786500,1973330,72431704.0000,0.073171,1,-1.022883,34.982888,9.932427,7.983350,146.010240,0
2017-04-24,sh.603288,137.6986448000,138.9334424300,132.0859283000,135.5658125300,137.5863904700,1672550,60619171.0000,0.062018,1,-1.468591,34.469133,9.786561,7.866107,143.865951,0
2017-04-25,sh.603288,134.3455183200,138.0063669600,134.3455183200,137.5868947200,135.5658012000,1316286,47279084.0000,0.048808,1,1.490865,34.326424,9.746042,7.833540,143.270315,0
2017-04-26,sh.603288,137.6631624000,143.1925692000,137.6631624000,140.6757357600,137.5868947200,3178641,118275451.0000,0.117863,1,2.245004,33.147791,9.078336,7.649516,129.044035,0
2017-04-27,sh.603288,141.5909479200,141.5909479200,137.7394300800,140.2943973600,140.6757357600,1666345,61071474.0000,0.061788,1,-0.271072,33.057935,9.053727,7.628780,128.694227,0
2017-04-28,sh.603288,139.3791852000,142.2392232000,139.3791852000,140.4850665600,140.2943973600,1212548,44828755.0000,0.044961,1,0.135904,33.102863,9.066032,7.639148,128.869131,0
2017-05-02,sh.603288,140.1037281600,143.8408444800,134.6124552000,142.8112308000,140.4850665600,2141825,79091616.0000,0.079418,1,1.655810,33.650983,9.216148,7.765638,131.002957,0
2017-05-03,sh.603288,140.9426726400,143.0781676800,137.1674224800,138.0445008000,142.8112308000,2578105,94218918.0000,0.095596,1,-3.337784,32.527786,8.908533,7.506438,126.630362,0
2017-05-04,sh.603288,138.6546422400,141.7434832800,138.2733038400,141.0952080000,138.0445008000,2483013,91526208.0000,0.092070,1,2.209943,33.246632,9.105406,7.672326,129.428823,0
2017-05-05,sh.603288,140.1418620000,141.5909479200,137.2818240000,138.8071776000,141.0952080000,1484856,54300552.0000,0.055058,1,-1.621618,32.707498,8.957751,7.547910,127.329977,0
2017-05-08,sh.603288,138.0445008000,139.5698544000,134.9937936000,135.3369981600,138.8071776000,2057070,73857666.0000,0.076276,1,-2.500000,31.889810,8.733807,7.359212,124.146728,0
2017-05-09,sh.603288,136.7098164000,136.7098164000,130.9134727200,132.5150940000,135.3369981600,2592094,90353766.0000,0.096114,1,-2.085099,31.224878,8.551699,7.205765,121.558151,0
2017-05-10,sh.603288,133.1633692800,138.4258392000,132.6676293600,135.2988643200,132.5150940000,2355399,83945316.0000,0.087338,1,2.100718,31.880825,8.731346,7.357138,124.111747,0
2017-05-11,sh.603288,135.2607304800,137.9682331200,133.6209753600,137.3199578400,135.2988643200,1868349,67062838.0000,0.069278,1,1.493796,32.357060,8.861775,7.467039,125.965728,0
2017-05-12,sh.603288,137.6631624000,140.7138696000,136.9004856000,139.5698544000,137.3199578400,1696868,62127762.0000,0.062920,1,1.638434,32.887209,9.006970,7.589382,128.029593,0
2017-05-15,sh.603288,140.3325312000,144.7560566400,140.1799958400,144.6416551200,139.5698544000,1973437,74098301.0000,0.073175,1,3.633885,34.082291,9.334272,7.865171,132.682034,0
2017-05-16,sh.603288,144.9085920000,147.1966224000,142.8112308000,145.6712688000,144.6416551200,2369646,90108749.0000,0.087866,1,0.711839,34.324901,9.400717,7.921158,133.626515,0
2017-05-17,sh.603288,145.4805996000,145.9000718400,142.1629555200,142.5442939200,145.6712688000,2610705,98331404.0000,0.096804,1,-2.146596,33.588084,9.198921,7.751123,130.758092,0
2017-05-18,sh.603288,141.8578848000,148.5694406400,141.0952080000,147.2728900800,142.5442939200,2046143,78501878.0000,0.075871,1,3.317276,34.702296,9.504076,8.008249,135.095707,0
2017-05-19,sh.603288,147.5016931200,148.7219760000,145.7856703200,148.7219760000,147.2728900800,1372637,53041135.0000,0.050897,1,0.983949,35.043747,9.597591,8.087046,136.424976,0
2017-05-22,sh.603288,147.7304961600,152.9166984000,146.7771501600,147.1966224000,148.7219760000,2276223,89545779.0000,0.084402,1,-1.025645,34.684324,9.499154,8.004102,135.025745,0
2017-05-23,sh.603288,147.1966224000,152.1540216000,144.1077813600,150.6286680000,147.1966224000,3135325,122158408.0000,0.116257,1,2.331610,35.493026,9.720637,8.190726,138.174014,0
2017-05-24,sh.603288,149.4846528000,149.5990543200,145.2899304000,148.5694406400,150.6286680000,2414923,93387333.0000,0.089545,1,-1.367091,35.007805,9.587747,8.078752,136.285053,0
2017-05-25,sh.603288,148.1499684000,152.0777539200,147.1966224000,148.1118345600,148.5694406400,2398231,94040638.0000,0.088926,1,-0.308005,34.899978,9.558216,8.053868,135.865284,0
2017-05-26,sh.603288,147.9974330400,150.4761326400,147.3872916000,148.0737007200,148.1118345600,1678292,65469598.0000,0.062231,1,-0.025742,34.890993,9.555755,8.051795,135.830303,0
2017-05-31,sh.603288,148.7219760000,150.0566604000,145.9000718400,148.4931729600,148.0737007200,2080377,80565078.0000,0.077140,1,0.283278,34.989834,9.582825,8.074605,136.215091,0
2017-06-01,sh.603288,147.5398269600,154.4039181600,147.5398269600,154.3276504800,148.4931729600,3267773,130222069.0000,0.121168,1,3.929128,36.364627,9.959346,8.391866,141.567148,0
2017-06-02,sh.603288,154.2513828000,154.3657843200,151.8870847200,153.1073676000,154.3276504800,2339922,93991274.0000,0.086764,1,-0.790708,36.077089,9.880596,8.325510,140.447763,0
2017-06-05,sh.603288,152.5353600000,153.9463120800,150.8574710400,151.5438801600,153.1073676000,1167174,46469700.0000,0.043279,1,-1.021170,35.708680,9.779699,8.240493,139.013552,0
2017-06-06,sh.603288,151.4676124800,153.4887060000,151.2006756000,152.5353600000,151.5438801600,975433,39003947.0000,0.036169,1,0.654248,35.942305,9.843683,8.294406,139.923052,0
2017-06-07,sh.603288,153.0310999200,158.0266329600,152.5353600000,152.6497615200,152.5353600000,3058830,124322078.0000,0.113421,1,0.074997,35.969262,9.851065,8.300627,140.027994,0
2017-06-08,sh.603288,153.4505721600,159.2469158400,152.9166984000,158.8655774400,152.6497615200,2688506,110372563.0000,0.099689,1,4.071949,37.433911,10.252195,8.638624,145.729859,0
2017-06-09,sh.603288,158.2173021600,164.3568504000,156.9970192800,160.1239941600,158.8655774400,4359566,183428805.0000,0.161652,1,0.792131,37.730435,10.333406,8.707053,146.884224,0
2017-06-12,sh.603288,160.0858603200,163.7085751200,158.7130420800,160.5816002400,160.1239941600,3205784,135762835.0000,0.118870,1,0.285780,37.838262,10.362937,8.731936,147.303993,0
2017-06-13,sh.603288,160.1621280000,163.4416382400,158.7511759200,162.2594892000,160.5816002400,1718516,72757218.0000,0.063722,1,1.044879,38.233627,10.471217,8.823175,148.843147,0
2017-06-14,sh.603288,162.2594892000,164.3187165600,159.0181128000,160.1621280000,162.2594892000,2814436,118505133.0000,0.104359,1,-1.292595,37.739420,10.335867,8.709127,146.919205,0
2017-06-15,sh.603288,159.0943804800,162.3738907200,154.0607136000,154.7852565600,160.1621280000,3971780,163437644.0000,0.147273,1,-3.357143,36.472454,9.988877,8.416749,141.986917,0
2017-06-16,sh.603288,154.7471227200,156.3487440000,153.0692337600,153.4124383200,154.7852565600,2599397,105040620.0000,0.096385,1,-0.886919,36.148973,9.900284,8.342099,140.727610,0
2017-06-19,sh.603288,152.6116276800,155.9292717600,152.6116276800,155.8148702400,153.4124383200,2704184,109191757.0000,0.100271,1,1.565998,36.715065,10.055322,8.472736,142.931398,0
2017-06-20,sh.603288,155.8911379200,156.0055394400,149.7897235200,152.6878953600,155.8148702400,4693876,187060980.0000,0.174048,1,-2.006852,35.978247,9.853526,8.302701,140.062975,0
2017-06-21,sh.603288,152.8404307200,157.8740976000,150.7430695200,157.1495546400,152.6878953600,4055536,164516981.0000,0.150378,1,2.922073,37.029560,10.141454,8.545312,144.155724,0
2017-06-22,sh.603288,156.3487440000,158.9799789600,152.5353600000,153.0310999200,157.1495546400,3922222,161438433.0000,0.145435,1,-2.620718,36.059118,9.875675,8.321363,140.377802,0
2017-06-23,sh.603288,153.8700444000,158.1029006400,153.3361706400,157.4546253600,153.0310999200,4028484,165002250.0000,0.149375,1,2.890605,37.101444,10.161141,8.561901,144.435570,0
2017-06-26,sh.603288,157.8359637600,161.6874816000,156.3487440000,156.8444839200,157.4546253600,4808729,200528939.0000,0.178307,1,-0.387503,36.957675,10.121767,8.528723,143.875878,0
2017-06-27,sh.603288,156.5775470400,161.1154740000,155.2047288000,160.9248048000,156.8444839200,5021185,208426619.0000,0.186184,1,2.601506,37.919132,10.385085,8.750599,147.618820,0
2017-06-28,sh.603288,160.4671987200,160.5434664000,155.9674056000,156.3487440000,160.9248048000,3752901,155365090.0000,0.139157,1,-2.843604,36.840863,10.089775,8.501766,143.421128,0
2017-06-29,sh.603288,156.4250116800,157.1114208000,153.3361706400,155.7004687200,156.3487440000,3474985,141230053.0000,0.128852,1,-0.414630,36.688108,10.047939,8.466515,142.826455,0
2017-06-30,sh.603288,155.5097995200,156.3487440000,154.1369812800,155.5097995200,155.7004687200,2415322,98424126.0000,0.089560,1,-0.122467,36.643180,10.035634,8.456147,142.651552,0
2017-07-03,sh.603288,154.8233904000,155.1284611200,147.5779608000,148.0737007200,155.5097995200,6099499,240726630.0000,0.226168,1,-4.781748,34.890993,9.555755,8.051795,135.830303,0
2017-07-04,sh.603288,148.3406376000,149.0270467200,146.8534178400,147.5016931200,148.0737007200,4385679,170177333.0000,0.162620,1,-0.386303,34.756209,9.518841,8.020691,135.305591,0
2017-07-05,sh.603288,147.3491577600,151.3913448000,147.2347562400,149.8659912000,147.5016931200,3794496,148388445.0000,0.140699,1,1.602893,35.313315,9.671418,8.149254,137.474399,0
2017-07-06,sh.603288,150.0185265600,150.6286680000,146.6627486400,147.8448976800,149.8659912000,3596742,139498765.0000,0.133366,1,-1.348597,34.837079,9.540989,8.039353,135.620418,0
2017-07-07,sh.603288,147.8830315200,149.4846528000,144.9467258400,145.1755288800,147.8448976800,3818743,147215173.0000,0.141598,1,-1.805522,34.208089,9.368725,7.894201,133.171765,0
2017-07-10,sh.603288,145.1373950400,146.9296855200,143.7264429600,146.1670087200,145.1755288800,3192436,121550909.0000,0.118375,1,0.682958,34.441714,9.432709,7.948115,134.081265,0
2017-07-11,sh.603288,146.0907410400,149.4846528000,145.3661980800,148.3406376000,146.1670087200,3115268,121021959.0000,0.115513,1,1.487085,34.953892,9.572981,8.066310,136.075168,0
2017-07-12,sh.603288,148.6838421600,149.2939836000,147.2728900800,147.6542284800,148.3406376000,2203700,85682694.0000,0.081713,1,-0.462726,34.792151,9.528685,8.028985,135.445514,0
2017-07-13,sh.603288,147.6160946400,147.6542284800,141.7816171200,142.4680262400,147.6542284800,4206239,159226513.0000,0.155966,1,-3.512398,33.570113,9.194000,7.746975,130.688131,0
2017-07-14,sh.603288,143.0019000000,145.5950011200,142.2392232000,144.3365844000,142.4680262400,2377179,89868289.0000,0.088145,1,1.311557,34.010406,9.314585,7.848582,132.402188,0
2017-07-17,sh.603288,145.3661980800,147.3491577600,139.5698544000,144.1459152000,144.3365844000,2968095,112513510.0000,0.110056,1,-0.132098,33.965478,9.302280,7.838214,132.227284,0
2017-07-18,sh.603288,144.7179228000,148.7219760000,143.8027106400,148.7219760000,144.1459152000,4300282,166456880.0000,0.159454,1,3.174605,35.043747,9.597591,8.087046,136.424976,0
2017-07-19,sh.603288,149.8659912000,150.2473296000,147.2347562400,147.9592992000,148.7219760000,3449115,133907814.0000,0.127892,1,-0.512822,34.864036,9.548372,8.045574,135.725360,0
2017-07-20,sh.603288,148.1881022400,153.2980368000,147.0822208800,152.9929660800,147.9592992000,5063796,200620167.0000,0.187765,1,3.402061,36.050132,9.873214,8.319289,140.342821,0
2017-07-21,sh.603288,152.7260292000,152.7260292000,151.0481402400,151.9633524000,152.9929660800,2032308,80900438.0000,0.075358,1,-0.672982,35.807521,9.806769,8.263302,139.398341,0
2017-07-24,sh.603288,151.9633524000,153.7937767200,148.7219760000,149.1795820800,151.9633524000,2982309,117799906.0000,0.110583,1,-1.831869,35.151574,9.627122,8.111929,136.844745,0
2017-07-25,sh.603288,147.9974330400,148.7219760000,145.1373950400,146.1670087200,149.1795820800,2915077,111731621.0000,0.108090,1,-2.019420,34.441714,9.432709,7.948115,134.081265,0
2017-07-26,sh.603288,147.1966224000,148.3025037600,146.2432764000,147.1584885600,146.1670087200,1729697,66644913.0000,0.064137,1,0.678315,34.675339,9.496693,8.002028,134.990764,0
2017-07-27,sh.603288,147.1584885600,147.5016931200,145.4805996000,146.7771501600,147.1584885600,1519088,58302724.0000,0.056327,1,-0.259130,34.585483,9.472084,7.981292,134.640957,0
2017-07-28,sh.603288,146.7771501600,147.9592992000,145.5187334400,146.8152840000,146.7771501600,1202012,46334807.0000,0.044570,1,0.025976,34.594469,9.474545,7.983366,134.675938,0
2017-07-31,sh.603288,147.9211653600,148.2262360800,146.5102132800,147.7304961600,146.8152840000,2033309,78593460.0000,0.075395,1,0.623381,34.810122,9.533607,8.033132,135.515476,0
2017-08-01,sh.603288,147.5398269600,151.9633524000,146.8152840000,150.8193372000,147.7304961600,2863221,112861160.0000,0.106168,1,2.090856,35.537954,9.732941,8.201094,138.348918,0
2017-08-02,sh.603288,151.6201478400,151.6582816800,148.2643699200,149.4846528000,150.8193372000,1870122,73439586.0000,0.069344,1,-0.884952,35.223459,9.646809,8.128518,137.124591,0
2017-08-03,sh.603288,149.9422588800,150.8956048800,147.3491577600,148.2643699200,149.4846528000,1741832,67942212.0000,0.064587,1,-0.816326,34.935921,9.568060,8.062163,136.005207,0
2017-08-04,sh.603288,147.6160946400,148.2643699200,144.5272536000,144.6416551200,148.2643699200,1926191,73864133.0000,0.071423,1,-2.443418,34.082291,9.334272,7.865171,132.682034,0
2017-08-07,sh.603288,146.1670087200,146.1670087200,141.8578848000,144.3747182400,144.6416551200,1780571,67230685.0000,0.066023,1,-0.184550,34.019392,9.317046,7.850656,132.437169,0
2017-08-08,sh.603288,144.1459152000,145.5568672800,143.5739076000,144.8323243200,144.3747182400,1525864,57804762.0000,0.056579,1,0.316954,34.127219,9.346577,7.875539,132.856938,0
2017-08-09,sh.603288,144.8704581600,148.3406376000,144.1459152000,146.3195440800,144.8323243200,3994600,153978979.0000,0.148119,1,1.026855,34.477656,9.442553,7.956409,134.221188,0
2017-08-10,sh.603288,146.5102132800,151.0100064000,146.5102132800,149.7897235200,146.3195440800,4448696,173824481.0000,0.164957,1,2.371644,35.295344,9.666496,8.145107,137.404437,0
2017-08-11,sh.603288,149.4083851200,153.8700444000,148.3787714400,151.3532109600,149.7897235200,4235500,168817398.0000,0.157051,1,1.043788,35.663752,9.767394,8.230125,138.838648,0
2017-08-14,sh.603288,151.3532109600,156.3487440000,151.3532109600,156.1962086400,151.3532109600,4022156,163524288.0000,0.149141,1,3.199800,36.804920,10.079931,8.493472,143.281205,0
2017-08-15,sh.603288,157.1495546400,162.4501584000,154.8615242400,158.4842390400,156.1962086400,6089795,254499022.0000,0.225808,1,1.464849,35.347090,11.234304,8.189318,1079.628562,0
2017-08-16,sh.603288,159.3994512000,159.3994512000,154.9377919200,157.5308930400,158.4842390400,2779989,114482290.0000,0.103081,1,-0.601540,35.134463,11.166725,8.140056,1073.134165,0
2017-08-17,sh.603288,157.2639561600,159.5138527200,154.8615242400,155.0903272800,157.5308930400,2805074,115484051.0000,0.104012,1,-1.549269,34.590138,10.993723,8.013945,1056.508509,0
2017-08-18,sh.603288,156.1962086400,160.1239941600,154.8233904000,159.3994512000,155.0903272800,3293690,136891670.0000,0.122129,1,2.778464,35.551211,11.299179,8.236609,1085.863184,0
2017-08-21,sh.603288,159.3231835200,160.2383956800,158.2935698400,158.7893097600,159.3994512000,1957018,81842525.0000,0.072566,1,-0.382775,35.415130,11.255929,8.205082,1081.706769,0
2017-08-22,sh.603288,159.9714588000,162.0688200000,158.7130420800,160.7341356000,158.7893097600,2502284,105292190.0000,0.092784,1,1.224789,35.848889,11.393790,8.305576,1094.955339,0
2017-08-23,sh.603288,160.1621280000,160.1621280000,157.1114208000,159.4757188800,160.7341356000,1539991,64177683.0000,0.057103,1,-0.782922,35.568222,11.304586,8.240550,1086.382735,0
2017-08-24,sh.603288,160.0858603200,160.0858603200,155.1284611200,155.8530040800,159.4757188800,1771412,72759960.0000,0.065684,1,-2.271642,34.760239,11.047786,8.053355,1061.704027,0
2017-08-25,sh.603288,156.5394132000,157.4164915200,155.8530040800,156.2724763200,155.8530040800,1065166,43785591.0000,0.039496,1,0.269148,34.853795,11.077521,8.075030,1064.561561,0
2017-08-28,sh.603288,156.8826177600,157.9122314400,154.5945873600,155.5479333600,156.2724763200,2362916,96664489.0000,0.087616,1,-0.463637,34.692199,11.026161,8.037591,1059.625820,0
2017-08-29,sh.603288,156.1199409600,159.7045219200,153.6031075200,155.5860672000,155.5479333600,3132504,128756220.0000,0.116153,1,0.024512,34.700704,11.028864,8.039561,1059.885595,0
2017-08-30,sh.603288,155.6242010400,158.5986405600,154.9377919200,157.8359637600,155.5860672000,3125638,129441562.0000,0.115898,1,1.446079,35.202503,11.188350,8.155820,1075.212372,0
2017-08-31,sh.603288,158.0647668000,158.5605067200,152.9166984000,154.7471227200,157.8359637600,2812253,114478991.0000,0.104278,1,-1.956988,34.513592,10.969395,7.996211,1054.170526,0
2017-09-01,sh.603288,154.7471227200,155.6623348800,153.2980368000,155.5479333600,154.7471227200,2314957,93959276.0000,0.085838,1,0.517494,34.692199,11.026161,8.037591,1059.625820,0
2017-09-04,sh.603288,155.9674056000,157.7978299200,153.6031075200,156.1580748000,155.5479333600,2155125,87863148.0000,0.079912,1,0.392253,34.828280,11.069411,8.069118,1063.782234,0
2017-09-05,sh.603288,155.5860672000,157.2258223200,155.0903272800,157.1876884800,156.1580748000,1330664,54593954.0000,0.049341,1,0.659342,35.057917,11.142397,8.122321,1070.796182,0
2017-09-06,sh.603288,157.0351531200,161.5349462400,156.3487440000,161.3061432000,157.1876884800,2661032,110622082.0000,0.098671,1,2.620083,35.976465,11.434337,8.335133,1098.851978,0
2017-09-07,sh.603288,161.2298755200,162.0688200000,158.1791683200,158.6749082400,161.3061432000,2156168,90338836.0000,0.079950,1,-1.631203,35.389615,11.247819,8.199170,1080.927442,0
2017-09-08,sh.603288,158.9799789600,160.1239941600,157.1114208000,158.2173021600,158.6749082400,1509709,62760634.0000,0.055980,1,-0.288390,35.287554,11.215382,8.175524,1077.810131,0
2017-09-11,sh.603288,157.9884991200,157.9884991200,153.7556428800,154.4420520000,158.2173021600,3225821,131693409.0000,0.119613,1,-2.386121,34.445552,10.947769,7.980447,1052.092319,0
2017-09-12,sh.603288,154.4801858400,156.1962086400,153.7556428800,154.8996580800,154.4420520000,1823520,74048127.0000,0.067616,1,0.296294,34.547613,10.980207,8.004093,1055.209630,0
2017-09-13,sh.603288,154.8233904000,158.6367744000,154.0607136000,157.5690268800,154.8996580800,2200281,90824013.0000,0.081586,1,1.723291,35.142968,11.169428,8.142026,1073.393941,0
2017-09-14,sh.603288,158.8274436000,158.8274436000,155.8911379200,156.9970192800,157.5690268800,1507687,62079027.0000,0.055905,1,-0.363024,35.015392,11.128881,8.112469,1069.497303,0
2017-09-15,sh.603288,157.8740976000,164.6237872800,156.9588854400,164.5475196000,156.9970192800,6242410,265660496.0000,0.231467,1,4.809336,36.699396,11.664105,8.502624,1120.932928,0
2017-09-18,sh.603288,164.5093857600,172.1742876000,163.2128352000,171.2209416000,164.5475196000,5414752,241631446.0000,0.200778,1,4.055620,38.187784,12.137157,8.847458,1166.393707,0
2017-09-19,sh.603288,172.2886891200,173.3564366400,167.2550222400,170.4201309600,171.2209416000,2991101,133538984.0000,0.110909,1,-0.467712,38.009178,12.080391,8.806078,1160.938413,0
2017-09-20,sh.603288,169.8481233600,171.7548153600,169.0473127200,170.6108001600,170.4201309600,1732002,77661679.0000,0.064222,1,0.111889,38.051703,12.093906,8.815931,1162.237293,0
2017-09-21,sh.603288,170.5345324800,174.6529872000,169.2761157600,171.6404138400,170.6108001600,1741624,78430037.0000,0.064579,1,0.603479,38.281340,12.166891,8.869134,1169.251241,0
2017-09-22,sh.603288,169.9625248800,172.6318936800,168.9329112000,172.4030906400,171.6404138400,1455675,65388369.0000,0.053976,1,0.444347,38.451442,12.220955,8.908543,1174.446759,0
2017-09-25,sh.603288,172.4412244800,174.8817902400,169.9243910400,173.2420351200,172.4030906400,2144807,97778744.0000,0.079529,1,0.486621,38.638553,12.280424,8.951894,1180.161828,0
2017-09-26,sh.603288,173.3564366400,175.3393963200,172.4030906400,172.9369644000,173.2420351200,2078682,94557889.0000,0.077077,1,-0.176099,38.570513,12.258799,8.936130,1178.083621,0
2017-09-27,sh.603288,173.2801689600,175.3775301600,172.5556260000,175.3393963200,172.9369644000,2044093,93312202.0000,0.075795,1,1.389198,39.106333,12.429097,9.060270,1194.449502,0
2017-09-28,sh.603288,176.4834115200,176.8266160800,173.7377750400,176.0258054400,175.3393963200,1639890,75625721.0000,0.060807,1,0.391475,39.259424,12.477754,9.095739,1199.125468,0
2017-09-29,sh.603288,177.5511590400,181.2501415200,175.7207347200,180.7162677600,176.0258054400,3094312,145398736.0000,0.114736,1,2.664644,40.305548,12.810242,9.338108,1231.077901,0
2017-10-09,sh.603288,183.0424320000,183.0424320000,175.1868609600,175.9876716000,180.7162677600,3978874,186116535.0000,0.147536,1,-2.616581,39.250919,12.475051,9.093768,1198.865692,0
2017-10-10,sh.603288,175.9495377600,181.7077476000,174.3097826400,180.6400000800,175.9876716000,3509289,163848487.0000,0.130124,1,2.643548,40.288538,12.804836,9.334167,1230.558349,0
2017-10-11,sh.603288,180.9450708000,190.6692000000,179.8391894400,185.8262023200,180.6400000800,2995892,146427878.0000,0.111087,1,2.871017,41.445228,13.172464,9.602152,1265.887869,0
2017-10-12,sh.603288,186.7795483200,188.3430357600,182.6992274400,186.2838084000,185.8262023200,1496409,72988872.0000,0.055487,1,0.246253,41.547289,13.204902,9.625798,1269.005180,0
2017-10-13,sh.603288,186.6270129600,190.5166646400,185.5211316000,187.0464852000,186.2838084000,1291522,63398463.0000,0.047889,1,0.409418,41.717390,13.258965,9.665208,1274.200697,0
2017-10-16,sh.603288,189.9065232000,192.5758920000,184.8728563200,185.2160608800,187.0464852000,2870973,142053588.0000,0.106455,1,-0.978592,41.309147,13.129214,9.570625,1261.731455,0
2017-10-17,sh.603288,183.3475027200,190.6692000000,183.2712350400,189.9065232000,185.2160608800,1441262,71249297.0000,0.053442,1,2.532426,42.355271,13.461702,9.812994,1293.683889,0
2017-10-18,sh.603288,192.5758920000,195.3596623200,187.6947604800,194.0631117600,189.9065232000,2494488,126069766.0000,0.092495,1,2.188755,43.282324,13.756345,10.027776,1321.999460,0
2017-10-19,sh.603288,194.1012456000,196.0460714400,191.8894828800,194.1012456000,194.0631117600,1623086,82719001.0000,0.060184,1,0.019654,43.290829,13.759049,10.029747,1322.259235,0
2017-10-20,sh.603288,192.1945536000,194.0249779200,188.0760988800,188.9531772000,194.1012456000,2612513,129805251.0000,0.096871,1,-2.652264,42.142644,13.394123,9.763732,1287.189492,0
2017-10-23,sh.603288,189.6395863200,192.9190965600,187.3134220800,190.0209247200,188.9531772000,2143400,106756412.0000,0.079477,1,0.565091,42.380786,13.469811,9.818905,1294.463216,0
2017-10-24,sh.603288,189.5633186400,191.8132152000,188.1142327200,190.5547984800,190.0209247200,1606845,80114485.0000,0.059581,1,0.280954,42.499857,13.507655,9.846492,1298.100079,0
2017-10-25,sh.603288,189.3345156000,190.6310661600,185.2541947200,187.0846190400,190.5547984800,4673351,229045643.0000,0.173287,1,-1.821092,41.725895,13.261668,9.667178,1274.460473,0
2017-10-26,sh.603288,188.3811696000,198.2197003200,188.3049019200,195.5503315200,187.0846190400,5706724,291689257.0000,0.211604,1,4.525066,43.614022,13.861768,10.104625,1332.130719,0
2017-10-27,sh.603288,193.3385688000,193.7199072000,188.9531772000,193.6817733600,195.5503315200,4855106,243227351.0000,0.180026,1,-0.955534,41.100984,12.807449,9.577813,-1410.506300,0
2017-10-30,sh.603288,193.6817733600,197.4188896800,190.3259954400,193.3385688000,193.6817733600,2985851,151974736.0000,0.110715,1,-0.177201,41.028153,12.784754,9.560841,-1408.006879,0
2017-10-31,sh.603288,196.0079376000,196.0079376000,192.5758920000,195.5121976800,193.3385688000,1800079,91770813.0000,0.066747,1,1.124260,41.431990,12.910593,9.654948,-1421.865769,0
2017-11-01,sh.603288,198.2959680000,198.2959680000,190.2115939200,190.3259954400,195.5121976800,2885993,145966252.0000,0.107012,1,-2.652625,40.332955,12.568124,9.398838,-1384.149026,0
2017-11-02,sh.603288,188.8387756800,192.6521596800,188.8387756800,192.6140258400,190.3259954400,2005850,100515645.0000,0.074377,1,1.202161,40.817823,12.719213,9.511828,-1400.788766,0
2017-11-03,sh.603288,193.5292380000,196.1986068000,191.8894828800,193.4529703200,192.6140258400,2067947,105060996.0000,0.076679,1,0.435560,40.995608,12.774613,9.553257,-1406.890004,0
2017-11-06,sh.603288,193.4529703200,208.9353093600,191.8513490400,204.5499177600,193.4529703200,6207804,330605478.0000,0.230184,1,5.736250,43.347219,13.507396,10.101256,-1487.592742,0
2017-11-07,sh.603288,204.5117839200,207.8294280000,203.3677687200,206.8760820000,204.5499177600,3047017,164089458.0000,0.112983,1,1.137212,43.840169,13.661004,10.216129,-1504.509811,0
2017-11-08,sh.603288,205.9608698400,209.9267892000,200.6221322400,204.1685793600,206.8760820000,2829786,153056364.0000,0.104928,1,-1.308754,43.266408,13.482215,10.082425,-1484.819452,0
2017-11-09,sh.603288,204.7787208000,208.2489002400,200.8890691200,207.3718219200,204.1685793600,2154668,116462707.0000,0.079895,1,1.568921,43.945223,13.693740,10.240610,-1508.115088,0
2017-11-10,sh.603288,206.9904835200,213.0918979200,205.1600592000,208.0200972000,207.3718219200,4039707,220908509.0000,0.149791,1,0.312612,44.082603,13.736549,10.272623,-1512.829680,0
2017-11-13,sh.603288,208.2107664000,210.1937260800,201.9568166400,204.2067132000,208.0200972000,4559693,244182064.0000,0.169072,1,-1.833181,43.274489,13.484733,10.084308,-1485.096781,0
2017-11-14,sh.603288,204.4736500800,205.8464683200,198.7535740800,199.6687862400,204.2067132000,3228715,171900257.0000,0.119720,1,-2.222220,42.312834,13.185072,9.860212,-1452.094630,0
2017-11-15,sh.603288,199.6687862400,204.0160440000,195.4740638400,198.5629048800,199.6687862400,2819187,147276369.0000,0.104535,1,-0.553860,42.078481,13.112046,9.805600,-1444.052089,0
2017-11-16,sh.603288,201.6517459200,205.9227360000,198.2959680000,203.4440364000,198.5629048800,3106715,164228106.0000,0.115196,1,2.458227,43.112866,13.434370,10.046645,-1479.550201,0
2017-11-17,sh.603288,205.9227360000,207.0667512000,197.7239604000,198.0671649600,203.4440364000,3540259,187027840.0000,0.131272,1,-2.642924,41.973426,13.079310,9.781119,-1440.446812,0
2017-11-20,sh.603288,198.1052988000,204.3973824000,192.1945536000,204.1304455200,198.0671649600,3809195,199134685.0000,0.141244,1,3.061225,43.258327,13.479697,10.080541,-1484.542123,0
2017-11-21,sh.603288,204.7787208000,210.1174584000,201.6898797600,208.4395694400,204.1304455200,4304573,233766645.0000,0.159613,1,2.110968,44.171495,13.764248,10.293338,-1515.880299,0
2017-11-22,sh.603288,208.4014356000,210.9945367200,204.0160440000,207.2955542400,208.4395694400,3240599,176960789.0000,0.120161,1,-0.548846,43.929061,13.688704,10.236843,-1507.560430,0
2017-11-23,sh.603288,206.7616804800,208.0200972000,190.9742707200,194.1775132800,207.2955542400,4950905,256516619.0000,0.183579,1,-6.328187,41.149150,12.822458,9.589037,-1412.159254,0
2017-11-24,sh.603288,194.0249779200,194.0249779200,185.7499346400,191.8513490400,194.1775132800,3935524,195870829.0000,0.145928,1,-1.197951,40.656201,12.668850,9.474165,-1395.242186,0
2017-11-27,sh.603288,191.8132152000,191.8132152000,185.6355331200,186.3982099200,191.8513490400,2575032,126626709.0000,0.095482,1,-2.842378,39.500598,12.308753,9.204873,-1355.584139,0
2017-11-28,sh.603288,188.7625080000,194.6351193600,186.3219422400,193.1478996000,186.3982099200,3807463,192349853.0000,0.141180,1,3.621114,40.930959,12.754467,9.538192,-1404.671372,0
2017-11-29,sh.603288,193.6436395200,195.9316699200,187.2371544000,188.1142327200,193.1478996000,2009283,99961354.0000,0.074504,1,-2.606120,39.864249,12.422071,9.289615,-1368.063944,0
2017-11-30,sh.603288,187.6184928000,192.1182859200,185.2541947200,186.4744776000,188.1142327200,1655357,81643246.0000,0.061380,1,-0.871681,39.516760,12.313790,9.208640,-1356.138797,0
2017-12-01,sh.603288,189.1438464000,189.6395863200,184.9491240000,186.6651468000,186.4744776000,2038881,100072833.0000,0.075601,1,0.102248,39.557166,12.326381,9.218055,-1357.525442,0
2017-12-04,sh.603288,185.8262023200,192.5758920000,184.4915179200,188.7243741600,186.6651468000,4176154,205970028.0000,0.154851,1,1.103168,39.993547,12.462361,9.319746,-1372.501208,0
2017-12-05,sh.603288,186.9320836800,189.8302555200,183.7288411200,185.4448639200,188.7243741600,2545370,124212431.0000,0.094382,1,-1.737726,39.298569,12.245800,9.157794,-1348.650914,0
2017-12-06,sh.603288,184.1864472000,186.7795483200,181.5170784000,184.6059194400,185.4448639200,2654418,128053164.0000,0.098425,1,-0.452398,39.120784,12.190400,9.116365,-1342.549676,0
2017-12-07,sh.603288,184.9491240000,186.3982099200,184.3771164000,184.8728563200,184.6059194400,2141964,104045809.0000,0.079424,1,0.144598,39.177352,12.208027,9.129547,-1344.490979,0
2017-12-08,sh.603288,183.0424320000,188.7625080000,182.6610936000,187.9235635200,184.8728563200,1740796,85225244.0000,0.064548,1,1.650164,39.823843,12.409480,9.280200,-1366.677299,0
2017-12-11,sh.603288,187.9616973600,195.7028668800,187.7328943200,194.4444501600,187.9235635200,2814995,142814351.0000,0.104379,1,3.469973,41.205718,12.840085,9.602219,-1414.100557,0
2017-12-12,sh.603288,194.7876547200,197.8764957600,193.7580410400,195.3215284800,194.4444501600,3203376,164171288.0000,0.118781,1,0.451068,41.391584,12.898002,9.645532,-1420.479124,0
2017-12-13,sh.603288,196.6943467200,200.1645261600,193.4148364800,200.0501246400,195.3215284800,2346078,121895750.0000,0.086992,1,2.420925,42.393645,13.210254,9.879044,-1454.867920,0
2017-12-14,sh.603288,200.3551953600,203.6347056000,197.7620942400,200.2407938400,200.0501246400,2991921,157596290.0000,0.110940,1,0.095309,42.434051,13.222845,9.888459,-1456.254565,0
2017-12-15,sh.603288,201.5373444000,201.5373444000,196.3892760000,199.1349124800,200.2407938400,2637355,137425447.0000,0.097793,1,-0.552270,42.199698,13.149818,9.833848,-1448.212024,0
2017-12-18,sh.603288,198.2197003200,202.8720288000,196.7324805600,199.8213216000,199.1349124800,1553654,81627729.0000,0.057609,1,0.344696,42.345158,13.195145,9.867745,-1453.203946,0
2017-12-19,sh.603288,200.2407938400,203.2533672000,199.0586448000,202.3381550400,199.8213216000,1714983,90791036.0000,0.063591,1,1.259542,42.878513,13.361343,9.992033,-1471.507660,0
2017-12-20,sh.603288,203.8253748000,207.0667512000,201.8042812800,206.1515390400,202.3381550400,2251352,121241212.0000,0.083480,1,1.884659,43.686627,13.613159,10.180349,-1499.240560,0
2017-12-21,sh.603288,206.3040744000,208.6683724800,204.4355162400,206.5710112800,206.1515390400,1967098,106763580.0000,0.072940,1,0.203472,43.775519,13.640859,10.201064,-1502.291179,0
2017-12-22,sh.603288,207.3718219200,207.4480896000,202.5288242400,203.9779101600,206.5710112800,1243385,66647661.0000,0.046104,1,-1.255301,43.226002,13.469624,10.073009,-1483.432807,0
2017-12-25,sh.603288,206.3040744000,208.4014356000,203.8635086400,204.9693900000,203.9779101600,1232340,66534872.0000,0.045695,1,0.486069,43.436112,13.535096,10.121971,-1490.643361,0
2017-12-26,sh.603288,204.9693900000,207.6006249600,199.0967786400,201.3848090400,204.9693900000,1612520,85674909.0000,0.059792,1,-1.748835,42.676485,13.298389,9.944954,-1464.574435,0
2017-12-27,sh.603288,198.8298417600,204.7024531200,198.8298417600,201.3085413600,201.3848090400,2114178,111759865.0000,0.078393,1,-0.037872,42.660323,13.293353,9.941188,-1464.019777,0
2017-12-28,sh.603288,204.0160440000,205.5413976000,200.8509352800,203.1008318400,201.3085413600,2166044,115224331.0000,0.080316,1,0.890315,43.040136,13.411706,10.029696,-1477.054240,0
2017-12-29,sh.603288,202.6813596000,206.7998143200,202.3000212000,205.1600592000,203.1008318400,1752902,94230903.0000,0.064997,1,1.013896,43.476517,13.547687,10.131387,-1492.030006,0
2018-01-02,sh.603288,205.5795314400,207.7531603200,201.7280136000,202.5288242400,205.1600592000,2072801,110601102.0000,0.076859,1,-1.282525,42.918919,13.373934,10.001449,-1472.894305,0
2018-01-03,sh.603288,203.0245641600,204.0160440000,200.0501246400,202.4144227200,202.5288242400,2779796,146896171.0000,0.103074,1,-0.056484,42.894675,13.366380,9.995799,-1472.062318,0
2018-01-04,sh.603288,203.5203040800,211.6428120000,202.4144227200,211.4140089600,202.4144227200,5857046,319691873.0000,0.217178,1,4.446113,44.801824,13.960665,10.440224,-1537.511961,0
2018-01-05,sh.603288,212.5961580000,212.5961580000,206.8760820000,207.6768926400,211.4140089600,3704988,203118727.0000,0.137380,1,-1.767676,44.009872,13.713885,10.255675,-1510.333720,0
2018-01-08,sh.603288,205.7320668000,209.2022462400,202.9101626400,205.7320668000,207.6768926400,2741728,148020942.0000,0.101663,1,-0.936464,43.597734,13.585459,10.159634,-1496.189941,0
2018-01-09,sh.603288,205.4651299200,213.0537640800,205.1600592000,212.7105595200,205.7320668000,3445511,189735254.0000,0.127759,1,3.392026,45.076582,14.046282,10.504252,-1546.941147,0
2018-01-10,sh.603288,212.0241504000,218.1255648000,209.8123876800,217.9730294400,212.7105595200,3623679,204207723.0000,0.134365,1,2.474007,46.191779,14.393788,10.764128,-1585.212549,0
2018-01-11,sh.603288,217.3628880000,220.2229260000,213.5495040000,215.5324636800,217.9730294400,2167597,123168742.0000,0.080374,1,-1.119663,45.674587,14.232626,10.643605,-1567.463493,0
2018-01-12,sh.603288,215.6468652000,218.4687693600,212.2910872800,217.7823602400,215.5324636800,1858726,105197540.0000,0.068921,1,1.043879,46.151374,14.381197,10.754712,-1583.825904,0
2018-01-15,sh.603288,220.1466583200,224.5320499200,216.3332743200,220.6805320800,217.7823602400,2529644,146136490.0000,0.093799,1,1.330762,46.765540,14.572577,10.897832,-1604.902908,0
2018-01-16,sh.603288,220.6805320800,228.1547647200,218.1636986400,222.8541609600,220.6805320800,3890976,229100482.0000,0.144277,1,0.984966,47.226165,14.716112,11.005172,-1620.710660,0
2018-01-17,sh.603288,222.8922948000,224.7227191200,210.8801352000,218.3543678400,222.8541609600,4453202,253798183.0000,0.165124,1,-2.019166,46.272591,14.418969,10.782959,-1587.985839,0
2018-01-18,sh.603288,217.1340849600,220.4135952000,213.5495040000,214.6172515200,218.3543678400,2368693,134429108.0000,0.087831,1,-1.711491,45.480639,14.172190,10.598410,-1560.807597,0
2018-01-19,sh.603288,214.3121808000,218.3162340000,212.0241504000,216.2951404800,214.6172515200,1839855,104249695.0000,0.068221,1,0.781810,45.836209,14.282989,10.681269,-1573.010073,0
2018-01-22,sh.603288,215.5324636800,222.6253579200,214.3121808000,218.5831708800,216.2951404800,2935217,166995657.0000,0.108837,1,1.057825,46.321078,14.434078,10.794258,-1589.649813,0
2018-01-23,sh.603288,218.6975724000,220.7567997600,216.6383450400,217.7060925600,218.5831708800,2660608,152480257.0000,0.098655,1,-0.401255,46.135211,14.376161,10.750945,-1583.271246,0
2018-01-24,sh.603288,217.2484864800,218.8882416000,213.1300317600,213.3969686400,217.7060925600,2695403,151865178.0000,0.099945,1,-1.979333,45.222043,14.091609,10.538149,-1551.933069,0
2018-01-25,sh.603288,214.3121808000,215.3799283200,210.8801352000,211.9097488800,213.3969686400,2636548,147307688.0000,0.097763,1,-0.696925,44.906879,13.993401,10.464706,-1541.117238,0
2018-01-26,sh.603288,212.0241504000,221.9008149600,212.0241504000,219.2314461600,211.9097488800,3641514,208439509.0000,0.135027,1,3.455105,46.458457,14.476887,10.826272,-1594.364406,0
2018-01-29,sh.603288,218.1255648000,221.9389488000,207.6006249600,207.9056956800,219.2314461600,2931629,164003682.0000,0.108704,1,-5.166118,44.058359,13.728994,10.266974,-1511.997693,0
2018-01-30,sh.603288,207.7912941600,207.9819633600,204.2067132000,204.7024531200,207.9056956800,1991993,107719546.0000,0.073863,1,-1.540719,43.379544,13.517469,10.108789,-1488.702058,0
2018-01-31,sh.603288,204.7787208000,215.3036606400,204.7787208000,214.9223222400,204.7024531200,2858486,158058004.0000,0.105992,1,4.992549,45.545288,14.192335,10.613475,-1563.026229,0
2018-02-01,sh.603288,214.9223222400,218.1255648000,209.7742538400,212.4054888000,214.9223222400,2082346,116749050.0000,0.077213,1,-1.171043,45.011933,14.026137,10.489187,-1544.722515,0
2018-02-02,sh.603288,217.1722188000,217.3628880000,208.3633017600,214.9604560800,212.4054888000,2131919,120293381.0000,0.079051,1,1.202869,45.553370,14.194853,10.615358,-1563.303558,0
2018-02-05,sh.603288,214.9604560800,214.9604560800,205.1600592000,209.8505215200,214.9604560800,1920849,105833798.0000,0.071225,1,-2.377151,44.470497,13.857420,10.363015,-1526.141472,0
2018-02-06,sh.603288,202.0712181600,205.5413976000,194.5588516800,196.7324805600,209.8505215200,4038814,210799415.0000,0.149758,1,-6.251133,41.690586,12.991174,9.715209,-1430.740297,0
2018-02-07,sh.603288,202.8720288000,202.8720288000,195.6265992000,196.2748744800,196.7324805600,3194851,166714188.0000,0.118464,1,-0.232601,41.593612,12.960956,9.692611,-1427.412349,0
2018-02-08,sh.603288,193.9487102400,201.0797383200,193.9487102400,198.9061094400,196.2748744800,2398389,125016682.0000,0.088932,1,1.340584,42.151211,13.134709,9.822549,-1446.548050,0
2018-02-09,sh.603288,193.2241672800,199.4018493600,181.7458814400,196.6562128800,198.9061094400,4311693,219248277.0000,0.159877,1,-1.131135,41.674424,12.986138,9.711443,-1430.185639,0
2018-02-12,sh.603288,194.7876547200,206.2278067200,194.4825840000,203.4059025600,196.6562128800,2173731,114585986.0000,0.080601,1,3.432229,43.104785,13.431852,10.044761,-1479.272872,0
2018-02-13,sh.603288,205.4651299200,210.8420013600,202.1093520000,203.3296348800,203.4059025600,2022124,109917247.0000,0.074980,1,-0.037496,43.088623,13.426815,10.040995,-1478.718214,0
2018-02-14,sh.603288,201.1178721600,207.0667512000,201.1178721600,205.3888622400,203.3296348800,1574412,84370641.0000,0.058379,1,1.012755,43.525004,13.562796,10.142686,-1493.693980,0
2018-02-22,sh.603288,209.2403800800,214.0071100800,205.5032637600,213.6257716800,205.3888622400,2619155,145398308.0000,0.097118,1,4.010397,45.270530,14.106718,10.549448,-1553.597043,0
2018-02-23,sh.603288,214.0071100800,217.3628880000,209.9267892000,210.9945367200,213.6257716800,2532829,141257441.0000,0.093917,1,-1.231700,44.712931,13.932965,10.419510,-1534.461342,0
2018-02-26,sh.603288,211.9478827200,215.0748576000,209.9267892000,210.8420013600,210.9945367200,2387638,132513513.0000,0.088533,1,-0.072295,44.680607,13.922892,10.411977,-1533.352026,0
2018-02-27,sh.603288,211.6809458400,212.3673549600,205.5032637600,209.7361200000,210.8420013600,2001946,109596683.0000,0.074232,1,-0.524509,44.446254,13.849866,10.357366,-1525.309485,0
2018-02-28,sh.603288,207.1048850400,214.9604560800,207.1048850400,210.8801352000,209.7361200000,2455904,136337463.0000,0.091064,1,0.545453,44.688688,13.925411,10.413860,-1533.629355,0
2018-03-01,sh.603288,206.6854128000,212.7105595200,206.6854128000,210.8420013600,210.8801352000,1251793,69178148.0000,0.046416,1,-0.018080,44.680607,13.922892,10.411977,-1533.352026,0
2018-03-02,sh.603288,210.0030568800,218.2781001600,209.1641124000,213.5113701600,210.8420013600,2967768,167193967.0000,0.110044,1,1.266053,45.246286,14.099163,10.543798,-1552.765056,0
2018-03-05,sh.603288,214.6553853600,216.1807389600,210.1555922400,213.9308424000,213.5113701600,961448,53638486.0000,0.035650,1,0.196458,45.335179,14.126863,10.564513,-1555.815675,0
2018-03-06,sh.603288,214.2740469600,214.8841884000,209.3547816000,214.3884484800,213.9308424000,1396035,77686634.0000,0.051765,1,0.213909,45.432153,14.157081,10.587111,-1559.143623,0
2018-03-07,sh.603288,214.0071100800,219.2695800000,211.6428120000,211.8334812000,214.3884484800,2167364,122627007.0000,0.080365,1,-1.191750,44.890716,13.988364,10.460939,-1540.562580,0
2018-03-08,sh.603288,211.3758751200,216.0663374400,210.0793245600,214.0833777600,211.8334812000,2087242,116693426.0000,0.077395,1,1.062106,45.367503,14.136936,10.572046,-1556.924991,0
2018-03-09,sh.603288,214.6553853600,225.9048681600,213.5495040000,224.9133883200,214.0833777600,4551794,263508581.0000,0.168780,1,5.058782,47.662546,14.852092,11.106862,-1635.686426,0
2018-03-12,sh.603288,226.8200803200,226.8200803200,220.7567997600,223.3880347200,224.9133883200,2407970,140684052.0000,0.089287,1,-0.678192,47.339301,14.751366,11.031536,-1624.593266,0
2018-03-13,sh.603288,223.0066963200,223.0829640000,219.5365168800,221.2525396800,223.3880347200,1386329,80434766.0000,0.051405,1,-0.955960,46.886757,14.610349,10.926079,-1609.062843,0
2018-03-14,sh.603288,221.1000043200,223.0829640000,217.7823602400,221.1000043200,221.2525396800,1531203,88653082.0000,0.056777,1,-0.068943,46.854433,14.600277,10.918546,-1607.953527,0
2018-03-15,sh.603288,220.9856028000,229.5657168000,220.9856028000,229.0699768800,221.1000043200,4007058,238226957.0000,0.148581,1,3.604692,48.543390,15.126572,11.312126,-1665.915287,0
2018-03-16,sh.603288,227.6971586400,230.7097320000,225.0659236800,226.4768757600,229.0699768800,1835765,109094931.0000,0.068070,1,-1.132013,47.993873,14.955337,11.184072,-1647.056915,0
2018-03-19,sh.603288,226.9344818400,228.8030400000,223.5787039200,225.3709944000,226.4768757600,1988193,118254047.0000,0.073722,1,-0.488299,47.759520,14.882310,11.129460,-1639.014374,0
2018-03-20,sh.603288,225.7904666400,227.8496940000,223.0829640000,227.6971586400,225.3709944000,1417738,83860915.0000,0.052569,1,1.032150,48.252469,15.035918,11.244333,-1655.931443,0
2018-03-21,sh.603288,228.2310324000,232.8070932000,226.4387419200,230.9385350400,227.6971586400,3148434,190345333.0000,0.116743,1,1.423551,48.939366,15.249961,11.404401,-1679.504408,0
2018-03-22,sh.603288,232.5401563200,233.9892422400,226.1718050400,228.6123708000,230.9385350400,1916944,115321150.0000,0.071080,1,-1.007267,48.446417,15.096354,11.289528,-1662.587339,0
2018-03-23,sh.603288,213.5876378400,226.8963480000,213.5876378400,221.1762720000,228.6123708000,3105377,180395824.0000,0.115147,1,-3.252712,44.364374,13.329827,10.742365,387.147228,0
2018-03-26,sh.603288,217.7060925600,224.5320499200,214.8841884000,221.8626811200,221.1762720000,3389336,194664725.0000,0.125676,1,0.310345,44.502057,13.371195,10.775703,388.348719,0
2018-03-27,sh.603288,224.6083176000,229.7563860000,222.7397594400,229.5275829600,221.8626811200,2463385,146159352.0000,0.091342,1,3.454792,46.039512,13.833143,11.147982,401.765373,0
2018-03-28,sh.603288,227.2395525600,229.1843784000,216.9052819200,217.3628880000,229.5275829600,2994063,173406099.0000,0.111019,1,-5.299881,43.599471,13.100002,10.557152,380.472276,0
2018-03-29,sh.603288,217.3628880000,220.9093351200,208.9734432000,218.7738400800,217.3628880000,2955434,165893920.0000,0.109587,1,0.649121,43.882485,13.185037,10.625681,382.942008,0
2018-03-30,sh.603288,216.6002112000,220.4135952000,215.8756682400,216.4476758400,218.7738400800,2076860,118340975.0000,0.077010,1,-1.063275,43.415894,13.044844,10.512700,378.870287,0
2018-04-02,sh.603288,216.5620773600,216.5620773600,209.0497108800,213.4732363200,216.4476758400,2558231,142826580.0000,0.094859,1,-1.374205,42.819270,12.865581,10.368234,373.663824,0
2018-04-03,sh.603288,212.4817564800,221.3669412000,210.4987968000,219.6890522400,213.4732363200,3761765,214744946.0000,0.139485,1,2.911756,44.066062,13.240195,10.670132,384.543997,0
2018-04-04,sh.603288,221.1762720000,228.9937092000,218.0874309600,226.4387419200,219.6890522400,2968564,176165621.0000,0.110074,1,3.072384,45.419940,13.646985,10.997959,396.358662,0
2018-04-09,sh.603288,226.1718050400,226.1718050400,219.2695800000,222.9304286400,226.4387419200,2218725,129237225.0000,0.082270,1,-1.549347,44.716229,13.435546,10.827563,390.217706,0
2018-04-10,sh.603288,222.7397594400,226.7438126400,219.5365168800,226.4006080800,222.9304286400,2293773,134606933.0000,0.085053,1,1.556620,45.412291,13.644687,10.996107,396.291912,0
2018-04-11,sh.603288,225.7523328000,234.0655099200,225.7523328000,230.7097320000,226.4006080800,2669271,161649233.0000,0.098976,1,1.903320,46.276631,13.904388,11.205398,403.834608,0
2018-04-12,sh.603288,230.3283936000,236.3535403200,228.0403632000,233.8748407200,230.7097320000,1622616,98892671.0000,0.060166,1,1.371904,46.911501,14.095143,11.359125,409.374819,0
2018-04-13,sh.603288,233.9511084000,234.5993836800,229.6038506400,230.3665274400,233.8748407200,1314619,79934517.0000,0.048746,1,-1.500085,46.207790,13.883704,11.188729,403.233863,0
2018-04-16,sh.603288,232.4257548000,235.5145958400,221.1762720000,226.0955373600,230.3665274400,1514284,91156409.0000,0.056149,1,-1.853996,45.351099,13.626301,10.981290,395.757916,0
2018-04-17,sh.603288,226.0955373600,232.5782901600,225.8286004800,226.5912772800,226.0955373600,1807782,108715476.0000,0.067032,1,0.219257,45.450536,13.656178,11.005368,396.625660,0
2018-04-18,sh.603288,228.5361031200,230.8622673600,217.5916910400,228.7267723200,226.5912772800,1762888,104333758.0000,0.065368,1,0.942446,45.878882,13.784880,11.109087,400.363633,0
2018-04-19,sh.603288,230.7097320000,235.6671312000,225.2184590400,230.7097320000,228.7267723200,2057233,125436277.0000,0.076282,1,0.866957,46.276631,13.904388,11.205398,403.834608,0
2018-04-20,sh.603288,232.6164240000,236.8492802400,228.8030400000,229.3369137600,230.7097320000,2467072,151170035.0000,0.091479,1,-0.595042,46.001266,13.821652,11.138721,401.431626,0
2018-04-23,sh.603288,229.3369137600,238.4890353600,229.3369137600,234.7900528800,229.3369137600,3129527,192963646.0000,0.116042,1,2.377786,47.095078,14.150301,11.403576,410.976807,0
2018-04-24,sh.603288,235.2857928000,240.2431920000,232.5401563200,238.2220984800,234.7900528800,2813716,175831242.0000,0.104332,1,1.461753,47.783490,14.357143,11.570268,416.984264,0
2018-04-25,sh.603288,236.4298080000,243.9803083200,235.3620604800,240.9677349600,238.2220984800,2639096,165981407.0000,0.097857,1,1.152549,48.334221,14.522617,11.703621,421.790230,0
2018-04-26,sh.603288,242.7458012000,243.8281073200,238.7258070400,241.6248412900,240.9677268600,2735645,171087008.0000,0.101437,1,0.272695,44.940392,13.033268,11.059449,238.526854,0
2018-04-27,sh.603288,241.5861875000,243.2869542600,234.3579287700,239.5375366300,241.6248412900,2514807,154620123.0000,0.093249,1,-0.863857,44.552169,12.920679,10.963911,236.466311,0
2018-05-02,sh.603288,235.9813879500,246.9590643100,235.9813879500,246.6111802000,239.5375366300,3147671,197696764.0000,0.116715,1,2.953038,45.867813,13.302232,11.287680,243.449260,0
2018-05-03,sh.603288,245.4515665000,248.5438697000,244.6011831200,248.3506007500,246.6111802000,2351754,150096952.0000,0.087203,1,0.705330,46.191332,13.396056,11.367295,245.166379,0
2018-05-04,sh.603288,248.3506007500,249.3169455000,243.9054149000,245.4902202900,248.3506007500,1789418,113803046.0000,0.066351,1,-1.151754,45.659323,13.241767,11.236372,242.342673,0
2018-05-07,sh.603288,242.5525322500,245.6448354500,239.6921517900,244.5238755400,245.4902202900,2956071,186037503.0000,0.109611,1,-0.393639,45.479590,13.189642,11.192141,241.388718,0
2018-05-08,sh.603288,243.5961845800,251.9454032200,243.5961845800,251.7521342700,244.5238755400,4190075,270687499.0000,0.155367,1,2.956053,46.823992,13.579535,11.522987,248.524300,0
2018-05-09,sh.603288,250.4765592000,251.2496350000,247.4229097900,250.5925205700,251.7521342700,1442993,93130447.0000,0.053506,1,-0.460610,46.608312,13.516985,11.469910,247.379554,0
2018-05-10,sh.603288,251.2496350000,257.1250110800,249.7034834000,256.7771269700,250.5925205700,2844878,186723217.0000,0.105487,1,2.467991,47.758602,13.850584,11.752987,253.484865,0
2018-05-11,sh.603288,256.2746277000,266.7884585800,256.2746277000,262.4205803100,256.7771269700,4694855,319251647.0000,0.174084,1,2.197801,48.808242,14.154992,12.011294,259.055961,0
2018-05-14,sh.603288,261.4928893500,268.4505715500,259.9853915400,264.5078849700,262.4205803100,3429191,233362555.0000,0.127154,1,0.795406,49.196465,14.267582,12.106833,261.116503,0
2018-05-15,sh.603288,266.2473055200,270.5765300000,263.6188478000,270.5378762100,264.5078849700,3060053,212336878.0000,0.113466,1,2.279698,50.317997,14.592840,12.382832,267.069181,0
2018-05-16,sh.603288,270.5765300000,280.1240161300,269.4169163000,278.6551721100,270.5378762100,4481519,320284172.0000,0.166174,1,3.000427,51.827753,15.030688,12.754370,275.082401,0
2018-05-17,sh.603288,276.5678674500,277.4182508300,262.0340424100,264.8944228700,278.6551721100,7100871,492268354.0000,0.263299,1,-4.938268,49.268358,14.288432,12.124525,261.498085,0
2018-05-18,sh.603288,263.2323099000,268.6051867100,257.6661641400,265.5901910900,264.8944228700,4532653,308839354.0000,0.168070,1,0.262659,49.397765,14.325961,12.156371,262.184932,0
2018-05-21,sh.603288,266.1699979400,270.4605686300,262.3819265200,269.1849935600,265.5901910900,3173179,218766638.0000,0.117661,1,1.353515,50.066371,14.519865,12.320909,265.733644,0
2018-05-22,sh.603288,267.4842268000,270.8084527400,266.7111510000,269.4555700900,269.1849935600,1943672,135392067.0000,0.072071,1,0.100516,50.116697,14.534460,12.333294,266.000752,0
2018-05-23,sh.603288,268.1799950200,275.9880606000,268.1799950200,272.6251808700,269.4555700900,3129406,221341758.0000,0.116038,1,1.176301,50.706220,14.705429,12.478371,269.129723,0
2018-05-24,sh.603288,272.0453740200,272.4705657100,260.1786604900,268.2186488100,272.6251808700,4108133,282821338.0000,0.152329,1,-1.616333,49.886639,14.467741,12.276679,264.779689,0
2018-05-25,sh.603288,265.5901910900,269.4942238800,263.2323099000,268.1413412300,268.2186488100,1876701,129620887.0000,0.069588,1,-0.028818,49.872260,14.463571,12.273140,264.703373,0
2018-05-28,sh.603288,267.2909578500,280.2399775000,267.2909578500,275.9107530200,268.1413412300,5209698,370247189.0000,0.193175,1,2.897498,51.317312,14.882653,12.628755,272.373169,0
2018-05-29,sh.603288,275.2149848000,286.0380460000,274.4805627900,275.7174840700,275.9107530200,5109441,371212626.0000,0.189457,1,-0.070041,51.281365,14.872228,12.619909,272.182379,0
2018-05-30,sh.603288,273.9394097300,286.4245839000,264.7784615000,284.5692019800,275.7174840700,5006182,360588770.0000,0.185628,1,3.210432,52.927718,15.349691,13.025062,280.920604,0
2018-05-31,sh.603288,284.4532406100,295.7014935000,284.4532406100,289.6715022600,284.5692019800,7139674,537855514.0000,0.264738,1,1.792991,53.876707,15.624910,13.258601,285.957486,0
2018-06-01,sh.603288,287.9707355000,295.5082245500,281.3995912000,286.1153535800,289.6715022600,4680304,349780531.0000,0.173545,1,-1.227656,53.215290,15.433091,13.095832,282.446932,0
2018-06-04,sh.603288,289.9034250000,301.4609082100,289.9034250000,301.1903316800,286.1153535800,6096315,468199998.0000,0.226050,1,5.268849,56.019122,16.246236,13.785831,297.328627,0
2018-06-05,sh.603288,301.4995620000,309.2303200000,297.1703375200,308.8824358900,301.1903316800,5215825,409357159.0000,0.193402,1,2.553909,57.449795,16.661149,14.137907,304.922107,0
2018-06-06,sh.603288,305.3649410000,316.7678090500,303.4322515000,312.8637762600,308.8824358900,5470163,441164365.0000,0.202833,1,1.288949,58.190294,16.875903,14.320138,308.852400,0
2018-06-07,sh.603288,318.9710750800,320.4012653100,306.5245547000,312.0133928800,312.8637762600,6142099,499537089.0000,0.227748,1,-0.271808,58.032130,16.830033,14.281215,308.012920,0
2018-06-08,sh.603288,313.0956990000,324.0347215700,306.9497463900,310.6991640200,312.0133928800,11813020,967069778.0000,0.438024,1,-0.421214,57.787693,16.759144,14.221061,306.715542,0
2018-06-11,sh.603288,306.6018622800,307.7228221900,289.9420787900,293.6141888400,310.6991640200,9043027,693453514.0000,0.335314,1,-5.498878,54.610017,15.837579,13.439062,289.849621,0
2018-06-12,sh.603288,296.0880314000,311.7041625600,296.0880314000,310.3512799100,293.6141888400,7271461,572774613.0000,0.269624,1,5.700371,57.722989,16.740379,14.205138,306.372118,0
2018-06-13,sh.603288,310.9697405500,312.4385845700,293.7688040000,301.5768695800,310.3512799100,6774965,528189999.0000,0.251214,1,-2.827256,56.091015,16.267086,13.803523,297.710209,0
2018-06-14,sh.603288,303.6641742400,304.0507121400,294.1553419000,297.0157223600,301.5768695800,5018558,387482802.0000,0.186087,1,-1.512433,55.242676,16.021058,13.594754,293.207542,0
2018-06-15,sh.603288,298.2139898500,307.9933987200,297.6341830000,300.7651399900,297.0157223600,7493661,585697503.0000,0.277863,1,1.262365,55.940040,16.223302,13.766369,296.908887,0
2018-06-19,sh.603288,296.7451458300,299.4895649200,290.0193863700,294.7738025400,300.7651399900,4905500,374384611.0000,0.181895,1,-1.992026,54.825696,15.900128,13.492139,290.994367,0
2018-06-20,sh.603288,291.8361145000,298.9097580700,284.6851633500,296.8611072000,294.7738025400,7559221,570436894.0000,0.280294,1,0.708105,55.213919,16.012718,13.587677,293.054909,0
2018-06-21,sh.603288,294.1553419000,296.9770685700,287.5841976000,288.7051575100,296.8611072000,5637827,424974531.0000,0.209049,1,-2.747396,53.696974,15.572785,13.214370,285.003531,0
2018-06-22,sh.603288,286.0380460000,290.4059242700,277.4182508300,288.7051575100,288.7051575100,4087703,301698558.0000,0.151571,1,0.000000,53.696974,15.572785,13.214370,285.003531,0
2018-06-25,sh.603288,291.6428455500,300.9197551500,288.5891961400,297.5182216300,288.7051575100,5110739,391541757.0000,0.189505,1,3.052616,55.336137,16.048162,13.617754,293.703598,0
2018-06-26,sh.603288,293.3822661000,298.9097580700,288.3572734000,291.8747682900,297.5182216300,4305024,325084404.0000,0.159629,1,-1.896842,54.286498,15.743754,13.359447,288.132503,0
2018-06-27,sh.603288,286.0380460000,290.3672704800,278.1140190500,278.7711334800,291.8747682900,5636584,414132640.0000,0.209003,1,-4.489470,51.849321,15.036943,12.759678,275.196876,0
2018-06-28,sh.603288,271.6588361200,284.3372792400,269.4169163000,276.5292136600,278.7711334800,4758303,342461170.0000,0.176437,1,-0.804218,51.432341,14.916013,12.657063,272.983701,0
2018-06-29,sh.603288,277.1476743000,287.9320817100,276.5292136600,284.6465095600,276.5292136600,3175152,232341631.0000,0.117734,1,2.935419,52.942096,15.353861,13.028601,280.996921,0
2018-07-02,sh.603288,286.0380460000,295.7014935000,282.9457428000,286.0380460000,284.6465095600,3629140,271762400.0000,0.134568,1,0.488866,53.200912,15.428921,13.092293,282.370616,0
2018-07-03,sh.603288,287.7774665500,289.5168871000,267.8707647000,281.5928601500,286.0380460000,5059858,366082694.0000,0.187618,1,-1.554056,52.374141,15.189147,12.888832,277.982424,0
2018-07-04,sh.603288,279.6988244400,286.4245839000,278.4232493700,280.7038229800,281.5928601500,4190640,306397292.0000,0.155388,1,-0.315711,52.208787,15.141192,12.848140,277.104785,0
2018-07-05,sh.603288,280.7424767700,286.0380460000,272.0453740200,274.3646014200,280.7038229800,3044810,218946730.0000,0.112901,1,-2.258330,51.029739,14.799254,12.557986,270.846842,0
2018-07-06,sh.603288,275.6015227000,286.7724680100,271.6588361200,285.2649702000,274.3646014200,3923905,285744488.0000,0.145498,1,3.972950,53.057125,15.387221,13.056909,281.607452,0
2018-07-09,sh.603288,286.8111218000,298.1366822700,284.4918944000,296.8611072000,285.2649702000,5166247,392094885.0000,0.191563,1,4.065041,55.213919,16.012718,13.587677,293.054909,0
2018-07-10,sh.603288,300.5718710400,300.5718710400,291.1016924900,295.6241859200,296.8611072000,2747083,209016342.0000,0.101861,1,-0.416666,54.983861,15.945998,13.531062,291.833847,0
2018-07-11,sh.603288,287.9707355000,294.9284177000,285.1490088300,290.4832318500,295.6241859200,2671170,200134568.0000,0.099046,1,-1.739019,54.027683,15.668694,13.295754,286.758808,0
2018-07-12,sh.603288,290.4832318500,297.5568754200,288.8211188800,294.3486108500,290.4832318500,4876822,371094593.0000,0.180832,1,1.330672,54.746614,15.877193,13.472677,290.574627,0
2018-07-13,sh.603288,294.3486108500,298.7937967000,290.3286166900,295.9334162400,294.3486108500,5565595,424902676.0000,0.206371,1,0.538406,55.041376,15.962678,13.545216,292.139113,0
2018-07-16,sh.603288,294.9284177000,297.5955292100,290.7151545900,293.6914964200,295.9334162400,2906777,220729258.0000,0.107783,1,-0.757568,54.624396,15.841749,13.442600,289.925937,0
2018-07-17,sh.603288,291.8361145000,293.2663047300,282.3659359500,285.5355467300,293.6914964200,3958616,292655273.0000,0.146785,1,-2.777047,53.107451,15.401816,13.069293,281.874559,0
2018-07-18,sh.603288,285.5355467300,288.3959271900,281.8634366800,282.5978586900,285.5355467300,3346615,246364682.0000,0.124092,1,-1.028837,52.561063,15.243357,12.934832,278.974537,0
2018-07-19,sh.603288,285.6128543100,285.6128543100,279.5055554900,282.2113207900,282.5978586900,3131620,228784226.0000,0.116120,1,-0.136778,52.489170,15.222507,12.917139,278.592955,0
2018-07-20,sh.603288,282.2113207900,285.7674694700,280.2399775000,284.0667027100,282.2113207900,3427320,251069674.0000,0.127084,1,0.657438,52.834257,15.322586,13.002062,280.424548,0
2018-07-23,sh.603288,282.1726670000,282.5592049000,271.3496058000,274.7897931100,284.0667027100,5112689,364962559.0000,0.189577,1,-3.265753,51.108822,14.822189,12.577448,271.266582,0
2018-07-24,sh.603288,275.2149848000,279.4669017000,272.3159505500,277.4182508300,274.7897931100,4861790,347865815.0000,0.180274,1,0.956534,51.597695,14.963968,12.697755,273.861339,0
2018-07-25,sh.603288,279.1963251700,279.3509403300,274.4419090000,275.6788302800,277.4182508300,2778969,198440102.0000,0.103044,1,-0.626999,51.274176,14.870144,12.618140,272.144220,0
2018-07-26,sh.603288,274.4419090000,276.1813295500,271.8907588600,272.3546043400,275.6788302800,2771434,196343994.0000,0.102764,1,-1.205834,50.655895,14.690834,12.465986,268.862616,0
2018-07-27,sh.603288,273.3209490900,289.0143878300,272.1226816000,282.8297814300,272.3546043400,6383522,465048894.0000,0.236700,1,3.846153,52.604199,15.255867,12.945447,279.203486,0
2018-07-30,sh.603288,283.1776655400,283.8734337600,269.4942238800,275.1763310100,282.8297814300,3900264,276242013.0000,0.144621,1,-2.706021,51.180715,14.843039,12.595140,271.648164,0
2018-07-31,sh.603288,270.9630679000,274.3646014200,268.2959563900,273.5915256200,275.1763310100,2586313,181813546.0000,0.095900,1,-0.575929,50.885953,14.757554,12.522601,270.083678,0
2018-08-01,sh.603288,274.4419090000,276.1040219700,265.5515373000,265.9380752000,273.5915256200,2798178,195494073.0000,0.103756,1,-2.797395,49.462469,14.344726,12.172294,262.528356,0
2018-08-02,sh.603288,265.9380752000,272.5092195000,257.4342414000,267.7934571200,265.9380752000,5052460,344748432.0000,0.187344,1,0.697668,49.807556,14.444806,12.257217,264.359949,0
2018-08-03,sh.603288,270.5765300000,272.0840278100,263.0003871600,266.7498047900,267.7934571200,3234374,224600751.0000,0.119930,1,-0.389718,49.613445,14.388511,12.209448,263.329678,0
2018-08-06,sh.603288,261.2996204000,266.3246131000,246.6498339900,250.0513675100,266.7498047900,5952960,396745141.0000,0.220735,1,-6.259962,46.507662,13.487796,11.445141,246.845340,0
2018-08-07,sh.603288,248.6598310700,257.4342414000,248.3506007500,256.6225118100,250.0513675100,4008758,263500142.0000,0.148644,1,2.627913,47.729845,13.842244,11.745910,253.332232,0
2018-08-08,sh.603288,256.8157807600,258.0913558300,248.9304076000,251.0177122600,256.6225118100,2762863,180481244.0000,0.102446,1,-2.184059,46.687395,13.539920,11.489372,247.799294,0
2018-08-09,sh.603288,251.2496350000,265.1649994000,248.3506007500,262.4205803100,251.0177122600,3757025,253122495.0000,0.139310,1,4.542650,48.808242,14.154992,12.011294,259.055961,0
2018-08-10,sh.603288,262.4205803100,274.4419090000,262.1886575700,265.8607676200,262.4205803100,4177531,289294837.0000,0.154902,1,1.310943,49.448091,14.340556,12.168756,262.452040,0
2018-08-13,sh.603288,263.2323099000,270.5765300000,262.8457720000,268.2186488100,265.8607676200,2466166,170538214.0000,0.091445,1,0.886887,49.886639,14.467741,12.276679,264.779689,0
2018-08-14,sh.603288,270.5378762100,270.5378762100,263.2323099000,265.8607676200,268.2186488100,2303833,158686193.0000,0.085426,1,-0.879090,49.448091,14.340556,12.168756,262.452040,0
2018-08-15,sh.603288,263.5415402200,267.8707647000,258.2073172000,259.0963543700,265.8607676200,2531582,172444981.0000,0.093871,1,-2.544344,45.765842,15.450921,11.411383,92.461508,0
2018-08-16,sh.603288,254.7671298900,270.7697989500,253.4529010300,264.2373084400,259.0963543700,4548661,312622205.0000,0.168663,1,1.984189,46.673922,15.757496,11.637807,94.296116,0
2018-08-17,sh.603288,268.6438405000,269.6874928300,252.0227108000,253.1050169200,264.2373084400,3665732,245187080.0000,0.135925,1,-4.212986,44.707554,15.093635,11.147507,90.323430,0
2018-08-20,sh.603288,252.7957866000,262.8457720000,251.4815577400,260.9130825000,253.1050169200,3770328,253014178.0000,0.139803,1,3.084906,46.086743,15.559260,11.491398,93.109828,0
2018-08-21,sh.603288,264.7784615000,271.5428747500,263.2709636900,269.2236473500,260.9130825000,4427081,307450800.0000,0.164155,1,3.185187,47.554691,16.054851,11.857420,96.075549,0
2018-08-22,sh.603288,270.3832610500,270.3832610500,263.7734629600,264.7398077100,269.2236473500,2110554,145286814.0000,0.078259,1,-1.665475,46.762682,15.787462,11.659938,94.475439,0
2018-08-23,sh.603288,266.5565358400,269.2236473500,262.5751954700,267.8321109100,264.7398077100,2417129,166641488.0000,0.089627,1,1.168058,47.308895,15.971868,11.796133,95.578963,0
2018-08-24,sh.603288,267.8321109100,267.8321109100,262.4205803100,263.0776947400,267.8321109100,2451694,167844390.0000,0.090908,1,-1.775153,46.469092,15.688344,11.586734,93.882295,0
2018-08-27,sh.603288,265.3582683500,270.3832610500,262.0726962000,269.4169163000,263.0776947400,5210678,360466652.0000,0.193211,1,2.409638,47.588829,16.066377,11.865932,96.144519,0
2018-08-28,sh.603288,270.5378762100,270.5378762100,263.9280781200,266.1313441500,269.4169163000,3741412,257809702.0000,0.138731,1,-1.219510,47.008477,15.870445,11.721226,94.972025,0
2018-08-29,sh.603288,266.4405744700,269.9194155700,264.7398077100,268.4892253400,266.1313441500,3702658,256540313.0000,0.137294,1,0.885985,47.424965,16.011055,11.825074,95.813462,0
2018-08-30,sh.603288,265.5515373000,268.4505715500,262.6138492600,262.6138492600,268.4892253400,2615318,179276641.0000,0.096975,1,-2.188305,46.387160,15.660683,11.566305,93.716766,0
2018-08-31,sh.603288,265.5515373000,267.4455730100,255.5402056900,264.7784615000,262.6138492600,3981717,270894356.0000,0.147641,1,0.824253,46.769509,15.789767,11.661641,94.489233,0
2018-09-03,sh.603288,262.8457720000,262.8457720000,252.9890555500,256.4678966500,264.7784615000,2714440,180514069.0000,0.100651,1,-3.138688,45.301561,15.294176,11.295618,91.523512,0
2018-09-04,sh.603288,258.5938551000,262.8071182100,256.4678966500,262.3432727300,256.4678966500,2557035,172515125.0000,0.094814,1,2.290888,46.339366,15.644548,11.554388,93.620208,0
2018-09-05,sh.603288,262.3432727300,268.5278791300,260.5265446000,266.6724972100,262.3432727300,3063856,210957273.0000,0.113607,1,1.650206,47.104065,15.902716,11.745060,95.165141,0
2018-09-06,sh.603288,264.3919236000,266.2473055200,259.3669309000,260.9130825000,266.6724972100,2943002,199115077.0000,0.109126,1,-2.159730,46.086743,15.559260,11.491398,93.109828,0
2018-09-07,sh.603288,260.9130825000,265.5128835100,259.4828922700,261.6861583000,260.9130825000,2008112,136530186.0000,0.074460,1,0.296292,46.223296,15.605361,11.525446,93.385709,0
2018-09-10,sh.603288,261.5701969300,262.6138492600,253.9554003000,255.1150140000,261.6861583000,1872369,124368552.0000,0.069427,1,-2.511074,45.062593,15.213499,11.236033,91.040721,0
2018-09-11,sh.603288,258.4778937300,262.0340424100,256.2746277000,260.4492370200,255.1150140000,2182185,146825849.0000,0.080915,1,2.090905,46.004811,15.531599,11.470969,92.944299,0
2018-09-12,sh.603288,260.2173142800,268.2573026000,259.4055846900,262.4592341000,260.4492370200,2935656,200054416.0000,0.108854,1,0.771749,46.359849,15.651463,11.559495,93.661590,0
2018-09-13,sh.603288,265.9380752000,267.8321109100,262.4592341000,267.7548033300,262.4592341000,2702554,185813989.0000,0.100210,1,2.017666,47.295239,15.967258,11.792728,95.551375,0
2018-09-14,sh.603288,270.5765300000,270.5765300000,262.8844257900,267.9094184900,267.7548033300,2082522,143394113.0000,0.077219,1,0.057746,47.322550,15.976479,11.799537,95.606551,0
2018-09-17,sh.603288,266.7111510000,270.5765300000,263.9280781200,265.3582683500,267.9094184900,2370784,164212953.0000,0.087908,1,-0.952238,46.871924,15.824344,11.687177,94.696144,0
2018-09-18,sh.603288,264.7398077100,271.1949906400,263.5028864300,270.7697989500,265.3582683500,2770506,192459252.0000,0.102730,1,2.039332,47.827797,16.147054,11.925517,96.627310,0
2018-09-19,sh.603288,270.5765300000,274.9830620600,267.8707647000,274.3646014200,270.7697989500,3845751,269489805.0000,0.142600,1,1.327623,48.462770,16.361426,12.083843,97.910157,0
2018-09-20,sh.603288,274.1713324700,277.5342122000,272.5092195000,277.5342122000,274.3646014200,2715615,193712996.0000,0.100694,1,1.155254,49.022639,16.550442,12.223442,99.041269,0
2018-09-21,sh.603288,277.5342122000,295.6241859200,277.1863280900,294.9284177000,277.5342122000,4065693,301116588.0000,0.150755,1,6.267409,52.095088,17.587726,12.989535,105.248591,0
2018-09-25,sh.603288,293.3822661000,294.5418798000,286.0380460000,291.8361145000,294.9284177000,2693209,202790958.0000,0.099864,1,-1.048497,51.548875,17.403320,12.853341,104.145067,0
2018-09-26,sh.603288,293.3822661000,309.2303200000,291.9134220800,300.6105248300,291.8361145000,6622600,517860047.0000,0.245565,1,3.006618,53.098755,17.926572,13.239793,107.276316,0
2018-09-27,sh.603288,301.2289854700,307.3749380800,298.7937967000,304.9010955200,300.6105248300,3736611,292509523.0000,0.138553,1,1.427286,53.856626,18.182436,13.428762,108.807455,0
2018-09-28,sh.603288,305.3649410000,307.2976305000,299.6828338700,306.1380168000,304.9010955200,2553786,201093773.0000,0.094694,1,0.405679,54.075111,18.256198,13.483240,109.248865,0
2018-10-08,sh.603288,299.7214876600,301.4995620000,284.8011247200,286.0380460000,306.1380168000,4372996,329979802.0000,0.162150,1,-6.565653,50.524725,17.057559,12.597977,102.075960,0
2018-10-09,sh.603288,283.9893951300,293.7301502100,283.9893951300,289.5168871000,286.0380460000,3781018,283930917.0000,0.140199,1,1.216218,51.139215,17.265016,12.751195,103.317424,0
2018-10-10,sh.603288,291.9520758700,298.7164891200,286.8111218000,292.1839986100,289.5168871000,2643678,200517226.0000,0.098027,1,0.921221,51.610324,17.424066,12.868663,104.269213,0
2018-10-11,sh.603288,285.2649702000,291.8361145000,278.3072880000,280.0853623400,292.1839986100,4692169,344867144.0000,0.173985,1,-4.140756,49.473265,16.702577,12.335803,99.951676,0
2018-10-12,sh.603288,283.9120875500,291.2563076500,280.4332464500,289.1303492000,280.0853623400,5068903,375335728.0000,0.187954,1,3.229373,51.070938,17.241965,12.734171,103.179484,0
2018-10-15,sh.603288,277.9207501000,283.0617041700,266.9044199500,277.6115197800,289.1303492000,7344802,521967234.0000,0.272344,1,-3.983961,49.036294,16.555053,12.226847,99.068857,0
2018-10-16,sh.603288,276.3745985000,278.3072880000,270.5765300000,275.6015227000,277.6115197800,3319770,236227621.0000,0.123096,1,-0.724028,48.681256,16.435189,12.138321,98.351567,0
2018-10-17,sh.603288,278.1140190500,279.4669017000,263.2323099000,268.4892253400,275.6015227000,3882105,271170406.0000,0.143948,1,-2.580651,47.424965,16.011055,11.825074,95.813462,0
2018-10-18,sh.603288,266.7498047900,277.1090205100,262.8457720000,269.4555700900,268.4892253400,3084451,216859806.0000,0.114371,1,0.359919,47.595657,16.068682,11.867635,96.158313,0
2018-10-19,sh.603288,270.1513383100,279.1190175900,264.7784615000,278.8870948500,269.4555700900,3132281,221671291.0000,0.116144,1,3.500219,49.261607,16.631120,12.283027,99.524061,0
2018-10-22,sh.603288,285.9993922100,294.9284177000,284.4918944000,286.7338142200,278.8870948500,5054558,379919133.0000,0.187422,1,2.813581,50.647623,17.099050,12.628620,102.324253,0
2018-10-23,sh.603288,289.1690029900,289.8261174200,274.6738317400,279.4669017000,286.7338142200,3055099,222852621.0000,0.113282,1,-2.534372,49.364022,16.665696,12.308564,99.730971,0
2018-10-24,sh.603288,279.4669017000,279.4669017000,264.0053857000,276.2586371300,279.4669017000,3985157,281538602.0000,0.147769,1,-1.147997,48.797326,16.474375,12.167262,98.586065,0
2018-10-25,sh.603288,269.1849935600,269.1849935600,263.2323099000,266.8271123700,276.2586371300,2765775,190451526.0000,0.102554,1,-3.414023,47.131375,15.911936,11.751869,95.220318,0
2018-10-26,sh.603288,266.8271123700,268.7598018700,243.7507997400,250.4765592000,266.8271123700,8115931,530799000.0000,0.300937,1,-6.127764,44.243273,14.936890,11.031742,89.385435,0
2018-10-29,sh.603288,245.3356051300,245.3356051300,225.4289032800,225.4289032800,250.4765592000,7510480,448521668.0000,0.278487,1,-10.000000,39.818946,13.443201,9.928568,80.446891,0
2018-10-30,sh.603288,228.2892837400,231.6135096800,214.2966117600,226.8977473000,225.4289032800,9315268,541373335.0000,0.345408,1,0.651579,38.450771,12.582968,9.638804,47.871080,0
2018-10-31,sh.603288,231.8454324200,249.5875220300,228.2506299500,249.5875220300,226.8977473000,6778796,421808281.0000,0.251356,1,9.999998,42.295848,13.841265,10.602685,52.658188,0
2018-11-01,sh.603288,251.1723274200,259.7921225900,250.0900213000,252.0227108000,249.5875220300,4630133,304342182.0000,0.171684,1,0.975681,42.708522,13.976312,10.706134,53.171967,0
2018-11-02,sh.603288,259.3669309000,266.7884585800,252.6411714400,263.6188478000,252.0227108000,5301421,357761330.0000,0.196576,1,4.601227,44.673638,14.619394,11.198747,55.618530,0
2018-11-05,sh.603288,260.6038521800,260.6038521800,251.2496350000,253.9167465100,263.6188478000,4214465,277083755.0000,0.156271,1,-3.680344,43.029491,14.081349,10.786594,53.571572,0
2018-11-06,sh.603288,255.1536677900,255.1536677900,246.0700271400,251.0563660500,253.9167465100,2335242,151214507.0000,0.086590,1,-1.126512,42.544762,13.922722,10.665083,52.968086,0
2018-11-07,sh.603288,251.5588653200,258.9803930000,249.3942530800,253.9167465100,251.0563660500,2470531,163199251.0000,0.091607,1,1.139346,43.029491,14.081349,10.786594,53.571572,0
2018-11-08,sh.603288,259.6375074300,259.6375074300,250.3992516200,251.4815577400,253.9167465100,2254820,148076227.0000,0.083608,1,-0.959058,42.616817,13.946302,10.683145,53.057794,0
2018-11-09,sh.603288,249.3169455000,256.5838580200,247.3842560000,253.8394389300,251.4815577400,1898127,124413357.0000,0.070382,1,0.937597,43.016390,14.077061,10.783310,53.555262,0
2018-11-12,sh.603288,252.6025176500,255.4242443200,246.0700271400,251.4815577400,253.8394389300,2710019,175284129.0000,0.100487,1,-0.928888,42.616817,13.946302,10.683145,53.057794,0
2018-11-13,sh.603288,245.8381044000,253.3755934500,245.8381044000,251.9454032200,251.4815577400,3987552,257858977.0000,0.147858,1,0.184449,42.695421,13.972025,10.702850,53.155656,0
2018-11-14,sh.603288,252.4092487000,252.4092487000,244.8717596500,244.9877210200,251.9454032200,3246119,207686100.0000,0.120365,1,-2.761582,41.516352,13.586176,10.407281,51.687719,0
2018-11-15,sh.603288,243.7507997400,249.1623303400,242.7458012000,247.9254090600,244.9877210200,2852681,182052689.0000,0.105777,1,1.199114,42.014181,13.749090,10.532077,52.307514,0
2018-11-16,sh.603288,248.8531000200,249.3169455000,241.5861875000,244.2146452200,247.9254090600,3730581,236945565.0000,0.138329,1,-1.496724,41.385344,13.543304,10.374441,51.524614,0
2018-11-19,sh.603288,246.4952188300,251.0563660500,244.2919528000,250.0900213000,244.2146452200,3123813,200815404.0000,0.115830,1,2.405819,42.381003,13.869132,10.624031,52.764206,0
2018-11-20,sh.603288,247.6161787400,249.8580985600,243.1323391000,243.4029156300,250.0900213000,2264180,143378624.0000,0.083955,1,-2.673873,41.247786,13.498288,10.339958,51.353355,0
2018-11-21,sh.603288,241.4702261300,246.1473347200,241.1223420200,245.7607968200,243.4029156300,1903224,120504232.0000,0.070571,1,0.968716,41.647359,13.629048,10.440122,51.850823,0
2018-11-22,sh.603288,246.2246423000,247.3456022100,242.4365708800,245.9540657700,245.7607968200,1621989,102999639.0000,0.060143,1,0.078640,41.680111,13.639766,10.448333,51.891599,0
2018-11-23,sh.603288,245.2582975500,245.2969513400,240.1559972700,241.2383033900,245.9540657700,2077305,130135437.0000,0.077026,1,-1.917336,40.880964,13.378246,10.248003,50.896663,0
2018-11-26,sh.603288,243.4802232100,243.4802232100,238.5711918800,239.9240745300,241.2383033900,1402981,87234315.0000,0.052022,1,-0.544785,40.658251,13.305363,10.192174,50.619386,0
2018-11-27,sh.603288,241.1223420200,241.8181102400,236.8317713300,237.8754236600,239.9240745300,1632043,100931803.0000,0.060516,1,-0.853873,40.311080,13.191752,10.105145,50.187160,0
2018-11-28,sh.603288,237.8754236600,244.8717596500,237.7981160800,244.5625293300,237.8754236600,2527375,158030125.0000,0.093715,1,2.811179,41.444297,13.562596,10.389219,51.598011,0
2018-11-29,sh.603288,245.6061816600,248.0800242200,241.7794564500,241.8181102400,244.5625293300,2457584,155680272.0000,0.091127,1,-1.122173,40.979220,13.410400,10.272634,51.018991,0
2018-11-30,sh.603288,242.0113791900,250.0127137200,242.0113791900,244.9490672300,241.8181102400,3801587,243107333.0000,0.140962,1,1.294753,41.509801,13.584032,10.405639,51.679563,0
2018-12-03,sh.603288,253.8007851400,261.6861583000,250.0127137200,260.5265446000,244.9490672300,4872824,324062858.0000,0.180683,1,6.359480,44.149607,14.447905,11.067384,54.966113,0
2018-12-04,sh.603288,260.4492370200,262.5365416800,255.9267435900,261.5315431400,260.5265446000,3180974,213788263.0000,0.117950,1,0.385760,44.319917,14.503639,11.110077,55.178148,0
2018-12-05,sh.603288,256.3905890700,265.4742297200,255.1150140000,262.1113499900,261.5315431400,3216747,217877250.0000,0.119276,1,0.221688,44.418173,14.535793,11.134707,55.300476,0
2018-12-06,sh.603288,258.2073172000,262.8457720000,254.5738609400,255.6175132700,262.1113499900,2493102,165807817.0000,0.092444,1,-2.477511,43.317708,14.175667,10.858844,53.930401,0
2018-12-07,sh.603288,254.8057836800,260.7584673400,253.8394389300,255.8107822200,255.6175132700,1942093,129098887.0000,0.072012,1,0.075613,43.350460,14.186385,10.867054,53.971177,0
2018-12-10,sh.603288,253.1823245000,256.2746277000,252.0227108000,253.8007851400,255.8107822200,1767672,116218867.0000,0.065545,1,-0.785731,43.009840,14.074918,10.781668,53.547106,0
2018-12-11,sh.603288,253.6461699800,258.2073172000,253.6461699800,258.2073172000,253.8007851400,1588046,105508216.0000,0.058884,1,1.736216,43.756584,14.319289,10.968861,54.476800,0
2018-12-12,sh.603288,262.4592341000,262.4592341000,253.7621313500,259.7534688000,258.2073172000,2319104,154945027.0000,0.085992,1,0.598793,44.018599,14.405033,11.034543,54.803009,0
2018-12-13,sh.603288,259.3669309000,270.5378762100,256.4292428600,269.6874928300,259.7534688000,3941935,271920823.0000,0.146166,1,3.824405,45.702049,14.955940,11.456548,56.898897,0
2018-12-14,sh.603288,266.7498047900,276.8384439800,264.9717304500,268.9530708200,269.6874928300,4009978,281872745.0000,0.148689,1,-0.272316,45.577591,14.915211,11.425349,56.743948,0
2018-12-17,sh.603288,268.9917246100,272.3932581300,265.4742297200,270.5765300000,268.9530708200,2570378,178795721.0000,0.095309,1,0.603619,45.852708,15.005243,11.494315,57.086467,0
2018-12-18,sh.603288,267.0590351100,268.3732639700,257.8207793000,264.7784615000,270.5765300000,3865366,261447422.0000,0.143327,1,-2.142857,44.870150,14.683702,11.248009,55.863186,0
2018-12-19,sh.603288,262.0340424100,266.1313441500,256.6225118100,258.9030854200,264.7784615000,2194736,148088673.0000,0.081380,1,-2.218973,43.874491,14.357874,10.998418,54.623594,0
2018-12-20,sh.603288,256.3519352800,262.6525030500,253.3369396600,258.7871240500,258.9030854200,2758552,184521946.0000,0.102287,1,-0.044799,43.854840,14.351443,10.993492,54.599128,0
2018-12-21,sh.603288,257.8207793000,261.9567348300,246.6884877800,253.1823245000,258.7871240500,4209041,275827557.0000,0.156070,1,-2.165791,42.905034,14.040620,10.755395,53.416623,0
2018-12-24,sh.603288,253.1823245000,256.6611656000,245.7607968200,255.1536677900,253.1823245000,1593291,104658126.0000,0.059079,1,0.778629,43.225699,14.145558,10.835779,53.815851,0
2018-12-25,sh.603288,250.8630971000,255.5788594800,248.1573318000,251.7521342700,255.1536677900,2371511,154384000.0000,0.087935,1,-1.333139,42.649444,13.956979,10.691324,53.098415,0
2018-12-26,sh.603288,252.8730941800,257.5502027700,251.1723274200,252.1773259600,251.7521342700,1758535,115605764.0000,0.065206,1,0.168894,42.721476,13.980551,10.709381,53.188094,0
2018-12-27,sh.603288,255.5402056900,265.8607676200,254.3805919900,263.0390409500,252.1773259600,3328646,224224207.0000,0.123426,1,4.307182,44.561564,14.582718,11.170653,55.478998,0
2018-12-28,sh.603288,259.2509695300,265.9380752000,257.8207793000,265.9380752000,263.0390409500,2567238,174320906.0000,0.095070,1,1.102131,45.052691,14.743438,11.293768,56.090449,0
2019-01-02,sh.603288,263.5801940100,265.8607676200,255.5015519000,260.2946218600,265.9380752000,2326104,155849886.0000,0.086140,1,-2.122103,44.096631,14.430569,11.054104,54.900157,0
2019-01-03,sh.603288,259.8694301700,259.8694301700,246.8044491500,251.2496350000,260.2946218600,3254380,210606074.0000,0.120516,1,-3.474898,42.564315,13.929121,10.669984,52.992430,0
2019-01-04,sh.603288,247.4615635800,256.4292428600,247.4229097900,253.1050169200,251.2496350000,2309155,150595959.0000,0.085513,1,0.738467,42.878637,14.031982,10.748778,53.383759,0
2019-01-07,sh.603288,256.0813587500,258.1686634100,251.5202115300,256.4678966500,253.1050169200,1882034,124874418.0000,0.069695,1,1.328642,43.448343,14.218418,10.891591,54.093042,0
2019-01-08,sh.603288,255.1150140000,258.2073172000,251.6748266900,252.6025176500,256.4678966500,1553431,102162667.0000,0.057527,1,-1.507159,42.793508,14.004124,10.727438,53.277774,0
2019-01-09,sh.603288,255.8107822200,265.7448062500,253.8780927200,261.7248120900,252.6025176500,3143887,212735397.0000,0.116424,1,3.611325,44.338920,14.509858,11.114840,55.201807,0
2019-01-10,sh.603288,259.7148150100,261.9953886200,255.3082829500,257.3182800300,261.7248120900,2041060,136145551.0000,0.075584,1,-1.683650,43.592407,14.265562,10.927705,54.272401,0
2019-01-11,sh.603288,257.8207793000,260.5651983900,254.3419382000,260.5651983900,257.3182800300,1252765,83668588.0000,0.046392,1,1.261836,44.142469,14.445570,11.065594,54.957226,0
2019-01-14,sh.603288,257.9753944600,260.4492370200,254.4192457800,258.7098164700,260.5651983900,1825749,121810131.0000,0.067611,1,-0.712066,43.828148,14.342708,10.986801,54.565898,0
2019-01-15,sh.603288,260.1400067000,276.2972909200,257.8594330900,275.5242151200,258.7098164700,4318970,300985797.0000,0.159940,1,6.499325,46.676683,15.274888,11.700869,58.112314,0
2019-01-16,sh.603288,274.3646014200,278.2299804200,272.1613353900,277.5728659900,275.5242151200,2094974,149279832.0000,0.077581,1,0.743545,47.023746,15.388464,11.787870,58.544406,0
2019-01-17,sh.603288,278.3072880000,279.8534396000,274.4419090000,279.4282479100,277.5728659900,2010025,144467166.0000,0.074435,1,0.668435,47.338067,15.491325,11.866664,58.935735,0
2019-01-18,sh.603288,280.9743995100,284.7238171400,277.1476743000,278.8870948500,279.4282479100,2784149,201881033.0000,0.103103,1,-0.193664,47.246390,15.461324,11.843682,58.821597,0
2019-01-21,sh.603288,281.7861291000,288.7051575100,279.1190175900,282.5592049000,278.8870948500,1940872,142372787.0000,0.071874,1,1.316697,47.868484,15.664903,11.999628,59.596102,0
2019-01-22,sh.603288,281.7088215200,283.2936269100,276.3745985000,279.0803638000,282.5592049000,1830246,132217569.0000,0.067778,1,-1.231192,47.279132,15.472039,11.851890,58.862361,0
2019-01-23,sh.603288,280.5105540300,283.2936269100,275.7947916500,278.2686342100,279.0803638000,1750575,126408313.0000,0.064827,1,-0.290857,47.141616,15.427037,11.817418,58.691154,0
2019-01-24,sh.603288,278.3845955800,282.0180518400,275.0217158500,280.0467085500,278.2686342100,2078425,149788950.0000,0.076968,1,0.638976,47.442841,15.525612,11.892928,59.066178,0
2019-01-25,sh.603288,281.7861291000,284.7238171400,278.7324796900,282.0953594200,280.0467085500,1464166,106928175.0000,0.054221,1,0.731548,47.789904,15.639188,11.979930,59.498270,0
2019-01-28,sh.603288,283.2936269100,290.6765008000,278.0367114700,280.5878616100,282.0953594200,2754072,202770754.0000,0.101989,1,-0.534403,47.534518,15.555613,11.915910,59.180315,0
2019-01-29,sh.603288,281.0130533000,284.1053565000,275.2536385900,280.5878616100,280.5878616100,1976439,143551827.0000,0.073191,1,0.000000,47.534518,15.555613,11.915910,59.180315,0
2019-01-30,sh.603288,280.5878616100,283.6415110200,277.1476743000,280.1240161300,280.5878616100,1948148,140704048.0000,0.072144,1,-0.165305,47.455937,15.529898,11.896212,59.082483,0
2019-01-31,sh.603288,279.8534396000,282.5592049000,276.2972909200,279.4669017000,280.1240161300,1884912,136274516.0000,0.069802,1,-0.234577,47.344615,15.493468,11.868305,58.943888,0
2019-02-01,sh.603288,282.1726670000,285.9607384200,280.6651691900,285.8447770500,279.4669017000,2214223,162576862.0000,0.081997,1,2.282149,48.425094,15.847053,12.139159,60.289080,0
2019-02-11,sh.603288,285.9607384200,293.9620729500,285.9607384200,292.0293834500,285.8447770500,2646270,199222977.0000,0.097997,1,2.163632,49.472831,16.189924,12.401805,61.593509,0
2019-02-12,sh.603288,292.8797668300,295.1603404400,288.8984264600,291.4495766000,292.0293834500,2185362,165179967.0000,0.080928,1,-0.198546,49.374606,16.157780,12.377182,61.471219,0
2019-02-13,sh.603288,293.7688040000,296.3972617200,290.5218856400,295.9720700300,291.4495766000,2152523,163461515.0000,0.079712,1,1.551722,50.140764,16.408504,12.569241,62.425083,0
2019-02-14,sh.603288,295.2763018100,297.6341830000,292.0293834500,296.8611072000,295.9720700300,2638048,201647249.0000,0.097692,1,0.300383,50.291376,16.457792,12.606997,62.612594,0
2019-02-15,sh.603288,293.7688040000,297.3249526800,288.9370802500,289.5941946800,296.8611072000,2645399,199300953.0000,0.097964,1,-2.447923,49.060285,16.054919,12.298388,61.079890,0
2019-02-18,sh.603288,297.6341830000,298.6391815400,292.1453448200,296.6291844600,289.5941946800,3091930,237015368.0000,0.114500,1,2.429258,50.252086,16.444934,12.597147,62.563678,0
2019-02-19,sh.603288,297.6341830000,300.1853331400,292.2226524000,293.3436123100,296.6291844600,3203829,245565419.0000,0.118644,1,-1.107634,49.695475,16.262784,12.457617,61.870700,0
2019-02-20,sh.603288,296.4745693000,297.6341830000,285.4968929400,287.1976597000,293.3436123100,4287847,320892095.0000,0.158787,1,-2.095133,48.654287,15.922056,12.196613,60.574424,0
2019-02-21,sh.603288,289.9034250000,294.1553419000,287.1976597000,290.9470773300,287.1976597000,3163525,238058152.0000,0.117152,1,1.305509,49.289477,16.129922,12.355842,61.365234,0
2019-02-22,sh.603288,289.8647712100,293.3049585200,286.3472763200,293.3049585200,290.9470773300,2599447,194910470.0000,0.096263,1,0.810417,49.688927,16.260641,12.455975,61.862548,0
2019-02-25,sh.603288,293.8074577900,304.0507121400,293.8074577900,303.0457136000,293.3049585200,5628342,434961201.0000,0.208429,1,3.321039,51.339113,16.800662,12.869642,63.917023,0
2019-02-26,sh.603288,299.6055262900,303.4322515000,295.5855321300,295.5855321300,303.0457136000,4032527,311649765.0000,0.149332,1,-2.461735,50.075280,16.387075,12.552826,62.343556,0
2019-02-27,sh.603288,293.7301502100,305.5582099500,291.0630387000,295.0830328600,295.5855321300,4901956,377228368.0000,0.181529,1,-0.170008,49.990151,16.359216,12.531486,62.237571,0
2019-02-28,sh.603288,294.9284177000,297.8274519500,289.9807325800,296.3972617200,295.0830328600,3236436,246642982.0000,0.119852,1,0.445381,50.212795,16.432076,12.587298,62.514762,0
2019-03-01,sh.603288,304.8624417300,304.8624417300,296.1266851900,299.7987952400,296.3972617200,3681704,285053589.0000,0.136341,1,1.147623,50.789051,16.620655,12.731753,63.232198,0
2019-03-04,sh.603288,301.4995620000,307.7228221900,297.6341830000,303.8187894000,299.7987952400,6297112,495729152.0000,0.233194,1,1.340899,51.470080,16.843521,12.902473,64.080077,0
2019-03-05,sh.603288,305.3649410000,307.3362842900,299.9534104000,301.4995620000,303.8187894000,4441238,348904563.0000,0.164468,1,-0.763357,51.077178,16.714945,12.803981,63.590916,0
2019-03-06,sh.603288,301.1130241000,303.0843673900,295.7401472900,298.7937967000,301.4995620000,3858159,297971274.0000,0.142875,1,-0.897432,50.618794,16.564939,12.689073,63.020228,0
2019-03-07,sh.603288,297.1703375200,297.6341830000,287.9707355000,292.4545751400,298.7937967000,5114584,386586355.0000,0.189403,1,-2.121603,49.544863,16.213496,12.419861,61.683189,0
2019-03-08,sh.603288,288.5891961400,291.8361145000,286.0380460000,289.3236181500,292.4545751400,3855664,288005190.0000,0.142783,1,-1.070586,49.014446,16.039918,12.286897,61.022821,0
2019-03-11,sh.603288,287.5455438100,293.0343819900,286.5405452700,289.9420787900,289.3236181500,3305153,248259890.0000,0.122396,1,0.213766,49.119220,16.074205,12.313162,61.153264,0
2019-03-12,sh.603288,292.6091903000,295.7014935000,284.1826640800,287.0043907500,289.9420787900,4420216,330960467.0000,0.163689,1,-1.013201,48.621545,15.911342,12.188405,60.533660,0
2019-03-13,sh.603288,284.2986254500,285.1876626200,277.6115197800,282.5205511100,287.0043907500,6164658,447549659.0000,0.228289,1,-1.562294,47.861936,15.662760,11.997987,59.587949,0
2019-03-14,sh.603288,282.1726670000,289.4395795200,279.4669017000,286.6565066400,282.5205511100,3943950,292229178.0000,0.146052,1,1.463959,48.562610,15.892055,12.173631,60.460286,0
2019-03-15,sh.603288,289.1303492000,293.6914964200,286.4632376900,290.5991932200,286.6565066400,3238480,243705583.0000,0.119927,1,1.375400,49.230542,16.110635,12.341068,61.291860,0
2019-03-18,sh.603288,290.9084235400,310.0033958000,290.9084235400,308.7664745200,290.5991932200,5506115,430446524.0000,0.203902,1,6.251658,52.308269,17.117818,13.112590,65.123620,0
2019-03-19,sh.603288,308.4572442000,309.3849351600,297.6728367900,302.0407150600,308.7664745200,4275509,334148746.0000,0.158331,1,-2.178265,51.168855,16.744946,12.826962,63.705054,0
2019-03-20,sh.603288,301.5768695800,309.9260882200,299.5668725000,303.6255204500,302.0407150600,3845966,304384181.0000,0.142424,1,0.524704,51.437338,16.832806,12.894265,64.039313,0
2019-03-21,sh.603288,301.5382157900,304.6691727800,297.7114905800,300.4945634600,303.6255204500,2870605,223181388.0000,0.106304,1,-1.031197,50.906921,16.659228,12.761301,63.378946,0
2019-03-22,sh.603288,300.7264862000,303.8187894000,296.8997609900,300.7651399900,300.4945634600,2740207,212512575.0000,0.101475,1,0.090043,50.952760,16.674229,12.772792,63.436015,0
2019-03-25,sh.603288,297.7114905800,297.8274519500,289.7488098400,290.0966939500,300.7651399900,3500584,265306851.0000,0.129634,1,-3.547095,49.145413,16.082777,12.319728,61.185875,0
2019-03-26,sh.603288,294.6578411700,307.2976305000,294.6578411700,299.5668725000,290.0966939500,6436926,502754108.0000,0.238372,1,3.264486,47.946756,15.083001,12.285593,54.323441,0
2019-03-27,sh.603288,302.9297522300,317.7341538000,297.6341830000,314.9510809200,299.5668725000,6869111,552977444.0000,0.254377,1,5.135488,50.409054,15.857586,12.916517,57.113213,0
2019-03-28,sh.603288,316.9610780000,321.9087631200,311.8587777200,319.0097288700,314.9510809200,4997708,410374383.0000,0.185075,1,1.288654,51.058655,16.061936,13.082967,57.849208,0
2019-03-29,sh.603288,317.1156931600,336.5198957400,315.8014643000,335.1283593000,319.0097288700,6614378,565597022.0000,0.244943,1,5.052706,53.638500,16.873499,13.744011,60.772159,0
2019-04-01,sh.603288,343.3229627800,343.3229627800,327.0110634000,334.5098986600,335.1283593000,7253788,626022137.0000,0.268622,1,-0.184540,53.539513,16.842360,13.718648,60.660008,0
2019-04-02,sh.603288,332.4225940000,336.2493192100,327.4362550900,329.1370218500,334.5098986600,4854498,415132640.0000,0.179772,1,-1.606193,52.679564,16.571839,13.498300,59.685691,0
2019-04-03,sh.603288,329.0983680600,332.4612477900,326.6245255000,329.7168287000,329.1370218500,3958838,337486507.0000,0.146604,1,0.176161,52.772365,16.601032,13.522078,59.790833,0
2019-04-04,sh.603288,328.5572150000,338.2206625000,324.6918360000,334.6258600300,329.7168287000,4728230,406393171.0000,0.175096,1,1.488859,53.558073,16.848198,13.723403,60.681036,0
2019-04-08,sh.603288,334.7418214000,347.6521872600,330.4125969200,334.3552835000,334.6258600300,4830657,422733773.0000,0.178889,1,-0.080859,53.514766,16.834575,13.712307,60.631970,0
2019-04-09,sh.603288,336.2879730000,338.2206625000,328.5958687900,338.2206625000,334.3552835000,4470642,387793110.0000,0.165557,1,1.156069,54.133434,17.029194,13.870831,61.332917,0
2019-04-10,sh.603288,338.1820087100,346.7244963000,331.4562492500,342.4725794000,338.2206625000,4825633,426447207.0000,0.178703,1,1.257141,54.813968,17.243276,14.045207,62.103960,0
2019-04-11,sh.603288,340.1533520000,344.0187310000,329.9487514400,334.0073993900,342.4725794000,3144300,272577754.0000,0.116440,1,-2.471777,53.459086,16.817059,13.698040,60.568885,0
2019-04-12,sh.603288,330.4899045000,335.0897055100,327.3976013000,329.2529832200,334.0073993900,2480661,211697648.0000,0.091864,1,-1.423450,52.698125,16.577677,13.503055,59.706719,0
2019-04-15,sh.603288,335.1283593000,335.5148972000,324.4985670500,324.6918360000,329.2529832200,2963266,252187574.0000,0.109736,1,-1.385302,51.968096,16.348026,13.315997,58.879601,0
2019-04-16,sh.603288,323.9960677800,333.1956698000,323.1456844000,331.6495182000,324.6918360000,3269490,278501357.0000,0.121076,1,2.142861,53.081699,16.698341,13.601340,60.141306,0
2019-04-17,sh.603288,332.0360561000,339.3802762000,330.0260590200,333.1183622200,331.6495182000,3193420,275899002.0000,0.118259,1,0.442887,53.316792,16.772297,13.661579,60.407667,0
2019-04-18,sh.603288,331.5335568300,334.3166297100,328.6345225800,333.5435539100,333.1183622200,1396083,120193052.0000,0.051700,1,0.127640,53.384846,16.793705,13.679017,60.484771,0
2019-04-19,sh.603288,333.9687456000,336.9837412200,328.7504839500,336.0560502600,333.5435539100,1892923,163191493.0000,0.070099,1,0.753276,53.786980,16.920207,13.782057,60.940387,0
2019-04-22,sh.603288,336.0560502600,340.4625823200,329.6395211200,330.4899045000,336.0560502600,2674936,231498987.0000,0.099058,1,-1.656317,52.896098,16.639955,13.553783,59.931022,0
2019-04-23,sh.603288,328.5572150000,340.9264278000,318.8937675000,336.2493192100,330.4899045000,6065115,521629626.0000,0.224603,1,1.742688,53.817913,16.929938,13.789983,60.975434,0
2019-04-24,sh.603288,336.2106654200,340.1533520000,328.9437529000,332.4225940000,336.2493192100,2708790,233330386.0000,0.100312,1,-1.138059,53.205432,16.737265,13.633045,60.281496,0
2019-04-25,sh.603288,331.6881719900,337.6408556500,329.4075983800,335.4762434100,332.4225940000,2712075,234330211.0000,0.100433,1,0.918606,53.694180,16.891014,13.758279,60.835245,0
2019-04-26,sh.603288,332.4999015800,335.0897055100,324.6918360000,326.6631792900,335.4762434100,3254228,276686987.0000,0.120510,1,-2.627029,49.191493,14.864786,12.798973,57.793617,0
2019-04-29,sh.603288,328.5572150000,343.5935393100,325.3876042200,343.5548855200,326.6631792900,4662232,408114765.0000,0.172652,1,5.170979,51.735178,15.633442,13.460806,60.782116,0
2019-04-30,sh.603288,340.8104664300,345.5648826000,335.5535509900,345.1010371200,343.5548855200,3293395,290674163.0000,0.121961,1,0.450047,51.968009,15.703800,13.521386,61.055663,0
2019-05-06,sh.603288,336.2879730000,343.9800772100,332.4225940000,342.0860415000,345.1010371200,6408209,559522787.0000,0.237309,1,-0.873655,51.513988,15.566602,13.403255,60.522247,0
2019-05-07,sh.603288,338.6073024300,371.3227950000,335.6758066800,367.8831733200,342.0860107200,8336164,760337309.0000,0.308705,1,7.541141,54.785271,16.555126,14.254400,64.365581,0
2019-05-08,sh.603288,357.6033948900,364.2872052000,352.2876159300,355.6881510000,367.8831733200,5316631,487081823.0000,0.196885,1,-3.314920,52.969185,16.006337,13.781878,62.231915,0
2019-05-09,sh.603288,349.6688130600,355.6881510000,338.0991765000,343.1413491900,355.6881510000,4950295,437023602.0000,0.183319,1,-3.527472,51.100712,15.441718,13.295726,60.036701,0
2019-05-10,sh.603288,347.8317423900,357.8770011600,342.1250973300,357.6033948900,343.1413491900,3623038,325445674.0000,0.134168,1,4.214599,53.254404,16.092525,13.856088,62.567010,0
2019-05-13,sh.603288,351.7794900000,361.5511425000,349.8251595000,358.3851270900,357.6033948900,3290473,299942287.0000,0.121853,1,0.218608,53.370820,16.127704,13.886378,62.703783,0
2019-05-14,sh.603288,349.8251595000,357.6424815000,349.0434273000,352.4830489800,358.3851270900,3010133,272200070.0000,0.111471,1,-1.646856,52.491880,15.862104,13.657690,61.671144,0
2019-05-15,sh.603288,355.2581982900,371.3227950000,354.1637732100,371.3227950000,352.4830489800,5232373,490745581.0000,0.193765,1,5.344865,55.297501,16.709912,14.387675,64.967384,0
2019-05-16,sh.603288,369.3684645000,373.9025112600,365.6943231600,373.7461648200,371.3227950000,4465851,421365713.0000,0.165379,1,0.652635,55.658390,16.818966,14.481574,65.391381,0
2019-05-17,sh.603288,371.3227950000,378.3583848000,367.4141340000,371.3227950000,373.7461648200,4392511,418663181.0000,0.162663,1,-0.648403,55.297501,16.709912,14.387675,64.967384,0
2019-05-20,sh.603288,371.5573146600,373.4725585500,357.6815681100,363.5054730000,371.3227950000,3955210,366727912.0000,0.146469,1,-2.105263,54.133343,16.358125,14.084777,63.599649,0
2019-05-21,sh.603288,367.4141340000,368.7039921300,358.1115208200,363.1536935100,363.5054730000,3344914,310953638.0000,0.123869,1,-0.096770,54.080956,16.342294,14.071146,63.538101,0
2019-05-22,sh.603288,361.5902291100,369.2902912800,356.7825760800,363.3491265600,363.1536935100,2356099,219266759.0000,0.087251,1,0.053811,54.110060,16.351089,14.078719,63.572295,0
2019-05-23,sh.603288,361.5511425000,368.9775984000,357.6424815000,358.4633003100,363.3491265600,3325829,307477302.0000,0.123162,1,-1.344664,53.382461,16.131222,13.889407,62.717461,0
2019-05-24,sh.603288,361.4729692800,367.4141340000,357.8770011600,365.3034570600,358.4633003100,3386781,314654793.0000,0.125419,1,1.908189,54.401099,16.439036,14.154443,63.914228,0
2019-05-27,sh.603288,365.4598035000,371.0491887300,360.6912370800,366.5542285800,365.3034570600,3043914,284952292.0000,0.112722,1,0.342392,54.587365,16.495322,14.202907,64.133066,0
2019-05-28,sh.603288,368.3522126400,386.1757068000,367.2968741700,386.0975335800,366.5542285800,9303589,900643485.0000,0.344530,1,5.331627,57.497759,17.374791,14.960153,67.552402,0
2019-05-29,sh.603288,378.7492509000,385.0812817200,374.3715505800,381.2507939400,386.0975335800,4461058,434044770.0000,0.165202,1,-1.255313,56.775981,17.156682,14.772356,66.704406,0
2019-05-30,sh.603288,381.2117073300,392.0386983000,378.4365580200,390.8661000000,381.2507939400,6527121,647582284.0000,0.241712,1,2.522041,58.207896,17.589381,15.144921,68.386720,0
2019-05-31,sh.603288,392.8204305000,394.6965877800,384.2995495200,391.6478322000,390.8661000000,3392568,339468667.0000,0.125633,1,0.199997,58.324311,17.624560,15.175211,68.523493,0
2019-06-03,sh.603288,388.9508561100,404.2728072300,388.9508561100,402.2403035100,391.6478322000,4848206,494691200.0000,0.179539,1,2.704598,59.901745,18.101232,15.585638,70.376773,0
2019-06-04,sh.603288,402.2403035100,409.3149799200,385.0031085000,390.3970606800,402.2403035100,5953050,599470013.0000,0.220453,1,-2.944326,58.138046,17.568274,15.126747,68.304656,0
2019-06-05,sh.603288,394.3838949000,397.9016898000,387.2310452700,393.6021627000,390.3970606800,3779758,380046315.0000,0.139972,1,0.820985,58.615351,17.712507,15.250936,68.865427,0
2019-06-06,sh.603288,394.7747610000,398.4098157300,385.7848407000,387.0356122200,393.6021627000,3541091,353121758.0000,0.131134,1,-1.668322,57.637458,17.417005,14.996501,67.716530,0
2019-06-10,sh.603288,390.0843678000,404.3509804500,388.2472971300,404.0382875700,387.0356122200,4644720,473573903.0000,0.172003,1,4.393058,60.169502,18.182143,15.655305,70.691352,0
2019-06-11,sh.603288,404.5464135000,412.3637355000,401.7321775800,411.0738773700,404.0382875700,4838359,505200257.0000,0.179174,1,1.741313,61.217244,18.498752,15.927913,71.922313,0
2019-06-12,sh.603288,410.3312317800,410.3312317800,399.5042408100,406.5007440000,411.0738773700,4242446,438399339.0000,0.157106,1,-1.112483,60.536211,18.292957,15.750718,71.122188,0
2019-06-13,sh.603288,406.0317046800,408.4550745000,398.7615952200,406.6570904400,406.5007440000,3037751,314867056.0000,0.112494,1,0.038462,60.559495,18.299992,15.756776,71.149543,0
2019-06-14,sh.603288,407.5169958600,408.2596414500,397.9407764100,402.4748231700,406.6570904400,4150808,426122788.0000,0.153713,1,-1.028450,59.936670,18.111786,15.594725,70.417805,0
2019-06-17,sh.603288,396.7681781100,402.5920830000,392.2341313500,396.4554852300,402.4748231700,4308804,437275638.0000,0.159564,1,-1.495582,59.040269,17.840909,15.361493,69.364650,0
2019-06-18,sh.603288,397.4717370900,400.2468864000,391.5696589800,394.7747610000,396.4554852300,4365855,440429575.0000,0.161676,1,-0.423938,58.789975,17.765275,15.296370,69.070587,0
2019-06-19,sh.603288,390.3970606800,402.0839570700,390.3970606800,395.3610601500,394.7747610000,6487175,658500664.0000,0.240233,1,0.148516,58.877286,17.791659,15.319088,69.173167,0
2019-06-20,sh.603288,395.3610601500,408.3769012800,391.6869188100,404.5464135000,395.3610601500,8430452,867924034.0000,0.312196,1,2.323281,60.245172,18.205010,15.674993,70.780255,0
2019-06-21,sh.603288,402.3184767300,405.2499724800,394.8529342200,399.2306345400,404.5464135000,7439506,757840559.0000,0.275500,1,-1.314010,59.453545,17.965794,15.469022,69.850195,0
2019-06-24,sh.603288,397.5108237000,406.9697833200,392.8204305000,402.9829491000,399.2306345400,5545130,568567082.0000,0.205347,1,0.939886,60.012340,18.134652,15.614414,70.506708,0
2019-06-25,sh.603288,401.4585713100,406.5007440000,397.1199576000,406.5007440000,402.9829491000,5224442,537764885.0000,0.193471,1,0.872940,60.536211,18.292957,15.750718,71.122188,0
2019-06-26,sh.603288,404.1946340100,405.9926180700,399.4651542000,403.5301616400,406.5007440000,3600054,370918664.0000,0.133317,1,-0.730771,60.093831,18.159277,15.635617,70.602449,0
2019-06-27,sh.603288,404.5464135000,412.9891212600,401.4585713100,410.2530585600,403.5301616400,5924552,618917338.0000,0.219398,1,1.666022,61.095007,18.461815,15.896109,71.778701,0
2019-06-28,sh.603288,410.2530585600,410.4094050000,405.3672323100,410.4094050000,410.2530585600,3021672,315164132.0000,0.111898,1,0.038111,61.118290,18.468850,15.902167,71.806056,0
2019-07-01,sh.603288,414.2789793900,424.2851515500,410.8002711000,424.2851515500,410.4094050000,5842791,626872170.0000,0.216370,1,3.380955,63.184671,19.093273,16.439812,74.233784,0
2019-07-02,sh.603288,420.9627897000,423.8942854500,415.7642705700,420.4546637700,424.2851515500,3986375,427842426.0000,0.147623,1,-0.902813,62.614233,18.920897,16.291392,73.563594,0
2019-07-03,sh.603288,418.2267270000,421.9399549500,410.3703183900,412.3637355000,420.4546637700,4734284,503701224.0000,0.175320,1,-1.924328,61.409330,18.556797,15.977892,72.147989,0
2019-07-04,sh.603288,415.2170580300,415.2170580300,395.7910128600,397.9016898000,412.3637355000,6134516,629115702.0000,0.227173,1,-3.507106,59.255638,17.905990,15.417530,69.617681,0
2019-07-05,sh.603288,399.8951069100,414.1226329500,399.4651542000,410.7611844900,397.9016898000,5614256,585079054.0000,0.207907,1,3.231821,61.170678,18.484681,15.915798,71.867604,0
2019-07-08,sh.603288,408.5723343300,410.0576255100,395.0483672700,399.0742881000,410.7611844900,4277289,439164000.0000,0.158396,1,-2.845178,59.430261,17.958758,15.462964,69.822841,0
2019-07-09,sh.603288,397.9407764100,402.4357365600,397.0417843800,400.2077997900,399.0742881000,2813906,287628841.0000,0.104204,1,0.284036,59.599064,18.009767,15.506885,70.021162,0
2019-07-10,sh.603288,400.1296265700,404.3118938400,397.5108237000,401.5367445300,400.2077997900,1997932,205021018.0000,0.073987,1,0.332068,59.796971,18.069571,15.558377,70.253677,0
2019-07-11,sh.603288,403.2565553700,404.5073268900,397.9798630200,398.7615952200,401.5367445300,2334191,239417644.0000,0.086440,1,-0.691139,59.383695,17.944687,15.450848,69.768131,0
2019-07-12,sh.603288,397.5108237000,404.3509804500,397.3544772600,399.5042408100,398.7615952200,2650150,272548339.0000,0.098140,1,0.186240,59.494290,17.978107,15.479624,69.898066,0
2019-07-15,sh.603288,399.8560203000,402.5920830000,388.5990766200,398.4098157300,399.5042408100,3447918,349247366.0000,0.127683,1,-0.273945,59.331308,17.928856,15.437218,69.706583,0
2019-07-16,sh.603288,399.4651542000,401.0286186000,388.4427301800,391.4523991500,398.4098157300,4074446,408185876.0000,0.150885,1,-1.746295,58.295207,17.615765,15.167638,68.489300,0
2019-07-17,sh.603288,389.1853757700,394.3838949000,386.4493130700,390.1234544100,391.4523991500,3010035,301026929.0000,0.111468,1,-0.339495,58.097301,17.555961,15.116146,68.256785,0
2019-07-18,sh.603288,391.1787928800,394.1884618500,388.9117695000,391.6478322000,390.1234544100,2521617,253005189.0000,0.093380,1,0.390742,58.324311,17.624560,15.175211,68.523493,0
2019-07-19,sh.603288,394.6965877800,399.8560203000,391.7260054200,396.3773120100,391.6478322000,3641960,369626887.0000,0.134869,1,1.207592,59.028627,17.837392,15.358464,69.350972,0
2019-07-22,sh.603288,398.5661621700,402.4357365600,393.0158635500,398.2925559000,396.3773120100,2440580,248364641.0000,0.090379,1,0.483185,59.313846,17.923580,15.432675,69.686067,0
2019-07-23,sh.603288,397.9016898000,397.9016898000,390.0061945800,392.0386983000,398.2925559000,2034137,204595851.0000,0.075328,1,-1.570165,58.382519,17.642149,15.190356,68.591880,0
2019-07-24,sh.603288,394.7747610000,396.6509182800,388.5990766200,390.8661000000,392.0386983000,3030274,303721466.0000,0.112217,1,-0.299106,58.207896,17.589381,15.144921,68.386720,0
2019-07-25,sh.603288,390.9051866100,394.6575011700,386.4883996800,394.3448082900,390.8661000000,3087748,308130174.0000,0.114345,1,0.889999,58.725946,17.745927,15.279711,68.995361,0
2019-07-26,sh.603288,391.6478322000,396.6900048900,390.3579740700,394.4620681200,394.3448082900,2283355,230243308.0000,0.084600,1,0.029700,58.743408,17.751204,15.284254,69.015877,0
2019-07-29,sh.603288,395.6346664200,397.7453433600,390.9833598300,395.1265404900,394.4620681200,2273865,229714586.0000,0.084206,1,0.168448,58.842362,17.781106,15.310001,69.132135,0
2019-07-30,sh.603288,397.5108237000,398.6052487800,392.1559581300,393.2112966000,395.1265404900,2036891,206035349.0000,0.075400,1,-0.484700,58.557143,17.694918,15.235791,68.797040,0
2019-07-31,sh.603288,391.1006196600,394.1884618500,389.1072025500,390.4752339000,393.2112966000,1981006,197895558.0000,0.073400,1,-0.695800,58.149688,17.571792,15.129776,68.318333,0
2019-08-01,sh.603288,392.8204305000,392.8204305000,371.4400548300,378.7492509000,390.4752339000,5527840,537542155.0000,0.204700,1,-3.003000,56.403451,17.044110,14.675429,66.266731,0
2019-08-02,sh.603288,371.3227950000,382.6969985100,369.3684645000,380.8990144500,378.7492509000,4112909,396029667.0000,0.152300,1,0.567600,56.723594,17.140852,14.758726,66.642858,0
2019-08-05,sh.603288,376.8730936200,380.3908885200,371.8309209300,372.4172200800,380.8990144500,2979058,286087476.0000,0.110300,1,-2.226800,55.460483,16.759162,14.430081,65.158867,0
2019-08-06,sh.603288,370.9319289000,375.6614087100,364.5217248600,375.6614087100,372.4172200800,3684541,349059255.0000,0.136400,1,0.871100,55.943609,16.905154,14.555784,65.726476,0
2019-08-07,sh.603288,376.7558337900,387.1528720500,374.4888104100,383.0487780000,375.6614087100,3282348,321225611.0000,0.121600,1,1.966500,57.043738,17.237594,14.842023,67.018985,0
2019-08-08,sh.603288,388.3645569600,389.2635489900,382.3452190200,387.2701318800,383.0487780000,2487057,246293132.0000,0.092100,1,1.102000,57.672383,17.427559,15.005588,67.757562,0
2019-08-09,sh.603288,388.9117695000,389.3026356000,383.8305102000,386.5274862900,387.2701318800,2534771,251222092.0000,0.093900,1,-0.191800,57.561788,17.394139,14.976812,67.627627,0
2019-08-12,sh.603288,386.5274862900,388.5599900100,381.5634868200,383.1269512200,386.5274862900,2322087,228231718.0000,0.086000,1,-0.879800,57.055379,17.241112,14.845052,67.032663,0
2019-08-13,sh.603288,382.1106993600,390.4752339000,377.2248731100,388.5599900100,383.1269512200,2477909,245025649.0000,0.091800,1,1.418100,57.864469,17.485604,15.055566,67.983238,0
2019-08-14,sh.603288,390.4752339000,392.7031706700,386.0193603600,386.3711398500,388.5599900100,2277628,226235508.0000,0.084300,1,-0.563300,57.538505,17.387103,14.970754,67.600272,0
2019-08-15,sh.603288,383.0487780000,387.7000845900,381.1335341100,382.1106993600,386.3711398500,3529935,345860557.0000,0.130700,1,-1.102700,54.240781,18.884699,14.289407,79.469687,0
2019-08-16,sh.603288,386.9574390000,406.2662243400,384.8076754500,403.3347285900,382.1106993600,7872525,803752236.0000,0.291500,1,5.554400,57.253541,19.933634,15.083101,83.883767,0
2019-08-19,sh.603288,403.3738152000,407.7906021300,399.4651542000,401.5367445300,403.3347285900,5380181,552650234.0000,0.199200,1,-0.445800,56.998317,19.844774,15.015863,83.509830,0
2019-08-20,sh.603288,400.8722721600,408.4159878900,400.4423194500,406.4616573900,401.5367445300,4723308,489075777.0000,0.174900,1,1.226500,57.697410,20.088173,15.200035,84.534091,0
2019-08-21,sh.603288,403.7255946900,410.3703183900,403.7255946900,406.6961770500,406.4616573900,2647654,275662390.0000,0.098000,1,0.057700,57.730700,20.099764,15.208806,84.582866,0
2019-08-22,sh.603288,410.2530585600,414.0444597300,405.7190118000,413.3409007500,406.6961770500,4385717,461561204.0000,0.162400,1,1.633800,58.673922,20.428159,15.457292,85.964806,0
2019-08-23,sh.603288,414.2398927800,427.5684267900,408.6505075500,421.7445219000,413.3409007500,5846848,626056392.0000,0.216500,1,2.033100,59.866820,20.843484,15.771553,87.712554,0
2019-08-26,sh.603288,419.5947583500,421.3536558000,413.5363338000,416.5069161600,421.7445219000,3700346,394892890.0000,0.137000,1,-1.241900,59.123339,20.584630,15.575688,86.623260,0
2019-08-27,sh.603288,414.2789793900,425.5750096800,413.9271999000,421.3145691900,416.5069161600,5827570,627409105.0000,0.215800,1,1.154300,59.805788,20.822235,15.755475,87.623134,0
2019-08-28,sh.603288,421.3536558000,425.4577498500,414.2398927800,423.7770256200,421.3145691900,2973526,320368802.0000,0.110100,1,0.584500,60.155334,20.943934,15.847561,88.135265,0
2019-08-29,sh.603288,425.9658757800,426.0049623900,420.1028842800,425.2623168000,423.7770256200,2126382,230643389.0000,0.078700,1,0.350500,60.366172,21.017340,15.903105,88.444169,0
2019-08-30,sh.603288,427.5684267900,450.6295266900,426.5912615400,448.2061568700,425.2623168000,7823941,884083527.0000,0.289700,1,5.395200,63.623060,22.151272,16.761112,93.215927,0
2019-09-02,sh.603288,447.5025978900,450.6686133000,441.6786930000,445.6655272200,448.2061568700,3998052,455321712.0000,0.148100,1,-0.566800,63.262417,22.025709,16.666103,92.687538,0
2019-09-03,sh.603288,442.9685511300,449.4960150000,441.8741260500,444.3365824800,445.6655272200,3070535,348684763.0000,0.113700,1,-0.298200,63.073772,21.960030,16.616406,92.411150,0
2019-09-04,sh.603288,445.9782201000,446.3690862000,436.9882998000,442.4995118100,444.3365824800,2604370,293306996.0000,0.096400,1,-0.413400,62.812999,21.869238,16.547707,92.029084,0
2019-09-05,sh.603288,443.6330235000,447.4635112800,435.2684889600,441.5223465600,442.4995118100,4140992,466647210.0000,0.153300,1,-0.220800,62.674290,21.820945,16.511165,91.825858,0
2019-09-06,sh.603288,443.7502833300,443.7502833300,435.8157015000,441.4050867300,441.5223465600,3215182,362084956.0000,0.119100,1,-0.026600,62.657645,21.815149,16.506780,91.801471,0
2019-09-09,sh.603288,444.5320155300,447.9325506000,439.7634491100,441.2878269000,441.4050867300,2155278,243924305.0000,0.079800,1,-0.026600,62.641000,21.809354,16.502395,91.777083,0
2019-09-10,sh.603288,443.6330235000,445.5482673900,435.4248354000,439.4116696200,441.2878269000,2580423,290037419.0000,0.095600,1,-0.425200,62.374679,21.716631,16.432234,91.386889,0
2019-09-11,sh.603288,440.8578741900,441.2878269000,426.0440490000,429.1709778000,439.4116696200,3741927,412058420.0000,0.138600,1,-2.330500,60.921008,21.210515,16.049273,89.257075,0
2019-09-12,sh.603288,432.9232923600,439.2944097900,428.7019384800,434.6431032000,429.1709778000,2853923,316694990.0000,0.105700,1,1.275000,61.697779,21.480958,16.253908,90.395143,0
2019-09-16,sh.603288,436.5974337000,437.6527721700,428.7019384800,433.8613710000,434.6431032000,2532702,279886153.0000,0.093800,1,-0.179900,61.586812,21.442323,16.224675,90.232562,0
2019-09-17,sh.603288,430.8126154200,433.0405521900,421.7445219000,423.8551988400,433.8613710000,2950515,322411293.0000,0.109300,1,-2.306300,60.166431,20.947798,15.850484,88.151523,0
2019-09-18,sh.603288,426.8648678100,444.4147557000,426.8648678100,441.5223465600,423.8551988400,4287250,481438272.0000,0.158800,1,4.168200,62.674290,21.820945,16.511165,91.825858,0
2019-09-19,sh.603288,442.5776850300,443.3985038400,427.8029464500,431.0471350800,441.5223465600,3962759,437780010.0000,0.146700,1,-2.372500,61.187330,21.303238,16.119434,89.647270,0
2019-09-20,sh.603288,430.6171823700,437.7700320000,426.8648678100,434.3304103200,431.0471350800,3781585,419796572.0000,0.140000,1,0.761700,61.653392,21.465504,16.242215,90.330111,0
2019-09-23,sh.603288,435.1121425200,436.2847408200,427.2166473000,430.3435761000,434.3304103200,1882197,206929221.0000,0.069700,1,-0.917900,61.087459,21.268467,16.093123,89.500947,0
2019-09-24,sh.603288,433.8613710000,441.2096536800,429.9136233900,433.3923316800,430.3435761000,2502713,278819216.0000,0.092700,1,0.708400,61.520231,21.419143,16.207135,90.135013,0
2019-09-25,sh.603288,432.6887727000,437.1055596300,429.9527100000,433.4705049000,433.3923316800,2028492,224802027.0000,0.075100,1,0.018000,61.531328,21.423006,16.210058,90.151272,0
2019-09-26,sh.603288,436.2847408200,437.5745989500,428.0374661100,428.0374661100,433.4705049000,2035436,224911754.0000,0.075400,1,-1.253400,60.760106,21.154494,16.006884,89.021332,0
2019-09-27,sh.603288,429.0928045800,433.1968986300,426.0440490000,427.2166473000,428.0374661100,2100034,230853543.0000,0.077800,1,-0.191800,60.643590,21.113927,15.976189,88.850622,0
2019-09-30,sh.603288,423.9333720600,434.3694969300,423.1516398600,429.6009305100,427.2166473000,2660247,293088945.0000,0.098500,1,0.558100,60.982040,21.231764,16.065351,89.346495,0
2019-10-08,sh.603288,424.3633247700,434.5649299800,421.7445219000,426.4349151000,429.6009305100,3281131,359894594.0000,0.121500,1,-0.737000,60.532623,21.075293,15.946955,88.688041,0
2019-10-09,sh.603288,425.5750096800,431.5552610100,421.6663486800,428.8973715300,426.4349151000,2197589,240233084.0000,0.081400,1,0.577500,60.882170,21.196992,16.039041,89.200172,0
2019-10-10,sh.603288,429.7572769500,431.3989145700,419.8292780100,428.3110723800,428.8973715300,3279852,356485615.0000,0.121500,1,-0.136700,60.798944,21.168016,16.017116,89.078236,0
2019-10-11,sh.603288,429.5618439000,435.8157015000,424.9887105300,430.4999225400,428.3110723800,2509433,276335972.0000,0.092900,1,0.511000,61.109652,21.276194,16.098970,89.533463,0
2019-10-14,sh.603288,433.0014655800,437.4964257300,429.5618439000,431.3207413500,430.4999225400,3020639,334647220.0000,0.111900,1,0.190700,61.226168,21.316760,16.129665,89.704173,0
2019-10-15,sh.603288,429.9917966100,434.6821898100,426.0831356100,430.9298752500,431.3207413500,2068783,228168060.0000,0.076600,1,-0.090600,61.170684,21.297443,16.115049,89.622883,0
2019-10-16,sh.603288,429.9527100000,433.8613710000,426.3567418800,429.9527100000,430.9298752500,2885556,316663914.0000,0.106900,1,-0.226800,61.031975,21.249149,16.078507,89.419656,0
2019-10-17,sh.603288,428.1547259400,431.0471350800,420.8846164800,423.7770256200,429.9527100000,3820532,414318513.0000,0.141500,1,-1.436400,60.155334,20.943934,15.847561,88.135265,0
2019-10-18,sh.603288,424.1678917200,425.8486159500,419.3993253000,419.9465378400,423.7770256200,2783888,300616918.0000,0.103100,1,-0.903900,59.611595,20.754624,15.704316,87.338617,0
2019-10-21,sh.603288,422.0963013900,425.4968364600,416.6632626000,418.2267270000,419.9465378400,1700534,183168432.0000,0.063000,1,-0.409500,59.367467,20.669627,15.640002,86.980938,0
2019-10-22,sh.603288,421.6663486800,425.2623168000,419.0084592000,422.7216871500,418.2267270000,1639646,176952601.0000,0.060700,1,1.074800,60.005529,20.891777,15.808095,87.915780,0
2019-10-23,sh.603288,420.6891834300,426.0049623900,418.2267270000,419.9856244500,422.7216871500,2074341,223329376.0000,0.076800,1,-0.647300,59.617143,20.756555,15.705778,87.346746,0
2019-10-24,sh.603288,419.6729315700,420.0247110600,403.0220357100,407.6342556900,419.9856244500,6372650,664314508.0000,0.236000,1,-2.940900,57.863861,20.146125,15.243886,84.777963,0
2019-10-25,sh.603288,407.2824762000,419.2820654700,405.3281457000,418.3830734400,407.6342556900,3648422,387001599.0000,0.135100,1,2.636900,59.389660,20.677354,15.645849,87.013454,0
2019-10-28,sh.603288,420.5328369900,429.9527100000,418.2658136100,424.2851515500,418.3830734400,3329400,361740560.0000,0.123300,1,1.410700,60.227463,20.969047,15.866563,88.240943,0
2019-10-29,sh.603288,423.0734666400,429.4836706800,421.2363959700,426.4349151000,424.2851515500,2009261,218684382.0000,0.074400,1,0.506700,60.532623,21.075293,15.946955,88.688041,0
2019-10-30,sh.603288,429.9136233900,431.8288672800,422.9952934200,430.5780957600,426.4349151000,3176512,348975314.0000,0.117600,1,0.971600,58.687994,19.747381,15.536119,71.970713,0
2019-10-31,sh.603288,433.4314182900,436.9101265800,426.6694347600,436.5192604800,430.5780957600,3390644,376762255.0000,0.125600,1,1.379800,59.497777,20.019857,15.750488,72.963773,0
2019-11-01,sh.603288,436.5974337000,440.3497482600,431.9070405000,438.9035436900,436.5192604800,2957136,331172868.0000,0.109500,1,0.546200,59.822756,20.129206,15.836518,73.362304,0
2019-11-04,sh.603288,441.2096536800,450.6686133000,440.8969608000,446.7208656900,438.9035436900,4050742,464506349.0000,0.150000,1,1.781100,60.888261,20.487728,16.118582,74.668962,0
2019-11-05,sh.603288,446.0954799300,453.4046760000,444.4538423100,450.2777472000,446.7208656900,3438068,396118061.0000,0.127300,1,0.796200,61.373065,20.650856,16.246922,75.263491,0
2019-11-06,sh.603288,450.0823141500,455.3590065000,442.5776850300,451.7239517700,450.2777472000,2987879,344463615.0000,0.110600,1,0.321200,61.570184,20.717182,16.299104,75.505223,0
2019-11-07,sh.603288,452.9747232900,455.3590065000,446.9162987400,452.2320777000,451.7239517700,2561802,296374927.0000,0.094900,1,0.112500,61.639442,20.740486,16.317438,75.590155,0
2019-11-08,sh.603288,454.3036680300,455.6716993800,443.2421574000,444.8447084100,452.2320777000,3643484,416576479.0000,0.134900,1,-1.633500,60.632540,20.401683,16.050887,74.355364,0
2019-11-11,sh.603288,443.7893699400,448.5188497500,437.7700320000,441.2487402900,444.8447084100,2717703,309041522.0000,0.100600,1,-0.808400,60.142408,20.236763,15.921137,73.754301,0
2019-11-12,sh.603288,443.1639841800,443.6330235000,435.8157015000,440.1543152100,441.2487402900,2487689,279540384.0000,0.092100,1,-0.248000,59.993237,20.186570,15.881648,73.571369,0
2019-11-13,sh.603288,444.5320155300,444.8056218000,436.2065676000,442.1868189300,440.1543152100,2570096,289656503.0000,0.095200,1,0.461800,60.270268,20.279786,15.954985,73.911100,0
2019-11-14,sh.603288,444.1020628200,445.5873540000,439.9979687700,440.9751340200,442.1868189300,2557795,289858885.0000,0.094700,1,-0.274000,60.105115,20.224215,15.911265,73.708568,0
2019-11-15,sh.603288,442.1868189300,443.5939368900,436.5192604800,438.7862838600,440.9751340200,1731979,195153661.0000,0.064100,1,-0.496400,59.806774,20.123829,15.832287,73.342704,0
2019-11-18,sh.603288,441.6786930000,443.0467243500,435.4248354000,440.1934018200,438.7862838600,2054268,231223983.0000,0.076100,1,0.320700,59.998564,20.188363,15.883059,73.577902,0
2019-11-19,sh.603288,441.6396063900,445.3919209500,440.3106616500,444.3365824800,440.1934018200,3175402,360395920.0000,0.117600,1,0.941200,60.563282,20.378379,16.032553,74.270431,0
2019-11-20,sh.603288,443.7502833300,450.2777472000,443.7502833300,446.7599523000,444.3365824800,2639612,302807504.0000,0.097800,1,0.545400,60.893588,20.489521,16.119993,74.675495,0
2019-11-21,sh.603288,448.4406765300,448.7142828000,436.5974337000,440.7406143600,446.7599523000,2804236,316081870.0000,0.103800,1,-1.347300,60.073150,20.213459,15.902803,73.669368,0
2019-11-22,sh.603288,440.3888348700,441.2487402900,424.0897185000,429.6400171200,440.7406143600,4192188,463647879.0000,0.155200,1,-2.518600,58.560133,19.704358,15.502271,71.813914,0
2019-11-25,sh.603288,431.2425681300,431.2425681300,416.2723965000,427.4511669600,429.6400171200,3364267,365353205.0000,0.124600,1,-0.509500,58.261792,19.603972,15.423293,71.448050,0
2019-11-26,sh.603288,431.3207413500,435.6202684500,426.0049623900,433.0796388000,427.4511669600,5345870,590647699.0000,0.198000,1,1.316800,59.028955,19.862108,15.626380,72.388844,0
2019-11-27,sh.603288,433.1187254100,433.8613710000,425.1450569700,428.8582849200,433.0796388000,2093969,229845530.0000,0.077500,1,-0.974700,58.453583,19.668506,15.474065,71.683248,0
2019-11-28,sh.603288,430.5780957600,431.0862216900,426.4349151000,427.5684267900,428.8582849200,1693244,185572596.0000,0.062700,1,-0.300800,58.277774,19.609350,15.427524,71.467650,0
2019-11-29,sh.603288,426.0440490000,428.1547259400,412.4028221100,418.1485537800,427.5684267900,5022743,538148320.0000,0.186000,1,-2.203100,56.993841,19.177331,15.087636,69.893127,0
2019-12-02,sh.603288,419.3993253000,422.8780335900,416.5850893800,419.7120181800,418.1485537800,2178416,233812435.0000,0.080700,1,0.373900,57.206942,19.249035,15.144049,70.154459,0
2019-12-03,sh.603288,418.9302859800,419.0084592000,410.9957041500,417.3668215800,419.7120181800,3172865,336538346.0000,0.117500,1,-0.558800,56.887291,19.141479,15.059430,69.762461,0
2019-12-04,sh.603288,419.0475458100,425.1841435800,416.2723965000,418.3830734400,417.3668215800,2670377,286544399.0000,0.098900,1,0.243500,57.025807,19.188087,15.096098,69.932327,0
2019-12-05,sh.603288,418.2267270000,432.5324262600,417.4059081900,430.3435761000,418.3830734400,3988914,437156617.0000,0.147700,1,2.858700,58.656029,19.736625,15.527657,71.931513,0
2019-12-06,sh.603288,434.8385362500,434.8385362500,428.3892456000,434.7994496400,430.3435761000,1946600,215242511.0000,0.072100,1,1.035400,59.263366,19.940983,15.688434,72.676308,0
2019-12-09,sh.603288,436.1674809900,437.3791659000,418.9302859800,420.1810575000,434.7994496400,3806751,413464287.0000,0.141000,1,-3.362100,57.270873,19.270547,15.160973,70.232858,0
2019-12-10,sh.603288,422.3308210500,422.3308210500,416.5850893800,418.8521127600,420.1810575000,2894142,309881701.0000,0.107200,1,-0.316300,57.089737,19.209598,15.113022,70.010726,0
2019-12-11,sh.603288,418.8521127600,419.9074512300,411.5820033000,419.0084592000,418.8521127600,2363602,252082392.0000,0.087500,1,0.037300,57.111047,19.216768,15.118663,70.036860,0
2019-12-12,sh.603288,420.5719236000,421.3536558000,414.3180660000,416.6632626000,419.0084592000,2723115,290171419.0000,0.100800,1,-0.559700,56.791396,19.109212,15.034044,69.644862,0
2019-12-13,sh.603288,419.6338449600,421.7054352900,417.2495617500,420.1810575000,416.6632626000,2998548,321921439.0000,0.111000,1,0.844300,57.270873,19.270547,15.160973,70.232858,0
2019-12-16,sh.603288,420.5719236000,423.8942854500,412.9109480400,418.3830734400,420.1810575000,2774469,295424191.0000,0.102700,1,-0.427900,57.025807,19.188087,15.096098,69.932327,0
2019-12-17,sh.603288,418.2267270000,424.3633247700,414.7480187100,420.1810575000,418.3830734400,4119824,442976328.0000,0.152600,1,0.429700,57.270873,19.270547,15.160973,70.232858,0
2019-12-18,sh.603288,420.9237030900,423.2688996900,413.5363338000,416.2723965000,420.1810575000,3301716,352155191.0000,0.122300,1,-0.930200,56.738120,19.091286,15.019941,69.579529,0
2019-12-19,sh.603288,415.1779714200,416.2723965000,410.7611844900,412.9500346500,416.2723965000,3184346,336205726.0000,0.117900,1,-0.798100,56.285281,18.938914,14.900063,69.024200,0
2019-12-20,sh.603288,415.2561446400,415.4124910800,410.9957041500,413.8881132900,412.9500346500,2183554,230770054.0000,0.080900,1,0.227200,56.413141,18.981937,14.933911,69.180999,0
2019-12-23,sh.603288,415.1388848100,416.5850893800,411.6992631300,413.9271999000,413.8881132900,2360994,250149759.0000,0.087400,1,0.009400,56.418469,18.983729,14.935321,69.187532,0
2019-12-24,sh.603288,414.7089321000,417.8358609000,411.1129639800,414.3180660000,413.9271999000,2081227,221264613.0000,0.077100,1,0.094400,56.471744,19.001655,14.949425,69.252865,0
2019-12-25,sh.603288,415.4906643000,416.2723965000,412.5591685500,414.2789793900,414.3180660000,1432466,151768368.0000,0.053000,1,-0.009400,56.466417,18.999863,14.948014,69.246332,0
2019-12-26,sh.603288,413.4581605800,415.0607115900,411.1129639800,413.8881132900,414.2789793900,1282763,135512645.0000,0.047500,1,-0.094300,56.413141,18.981937,14.933911,69.180999,0
2019-12-27,sh.603288,412.4419087200,416.1160500600,411.5820033000,415.4124910800,413.8881132900,2624769,278486756.0000,0.097200,1,0.368300,56.620915,19.051848,14.988914,69.435797,0
2019-12-30,sh.603288,416.2333098900,422.5262541000,413.1454677000,420.2201441100,415.4124910800,3506261,376185778.0000,0.129800,1,1.157300,57.276200,19.272339,15.162383,70.239391,0
2019-12-31,sh.603288,421.0800495300,423.9724586700,418.2658136100,420.2201441100,420.2201441100,2060704,221420472.0000,0.076300,1,0.000000,57.276200,19.272339,15.162383,70.239391,0
2020-01-02,sh.603288,421.1582227500,429.6009305100,420.4937503800,422.1353880000,420.2201441100,4072522,442407988.0000,0.150800,1,0.455800,57.537249,19.360177,15.231489,70.559523,0
2020-01-03,sh.603288,424.0897185000,424.4805846000,406.5007440000,412.0119560100,422.1353880000,5896377,623049159.0000,0.218400,1,-2.398100,56.157420,18.895891,14.866216,68.867401,0
2020-01-06,sh.603288,409.3149799200,410.3312317800,403.8037679100,405.0154528200,412.0119560100,5032218,524145305.0000,0.186400,1,-1.698100,55.203794,18.575014,14.613768,67.697942,0
2020-01-07,sh.603288,405.8362716300,414.3180660000,405.8362716300,414.3180660000,405.0154528200,4021370,423924757.0000,0.148900,1,2.296900,56.471744,19.001655,14.949425,69.252865,0
2020-01-08,sh.603288,414.3180660000,417.1713885300,410.4875782200,414.9825383700,414.3180660000,2588310,274000681.0000,0.095900,1,0.160400,56.562312,19.032130,14.973400,69.363931,0
2020-01-09,sh.603288,416.0769634500,422.1353880000,416.0769634500,421.3145691900,414.9825383700,3513086,377460716.0000,0.130100,1,1.525900,57.425371,19.322532,15.201872,70.422324,0
2020-01-10,sh.603288,423.3079863000,424.7151042600,418.2267270000,421.9790415600,421.3145691900,2176619,234674772.0000,0.080600,1,0.157700,57.515939,19.353007,15.225848,70.533389,0
2020-01-13,sh.603288,425.1059703600,425.8095293400,419.7901914000,423.3079863000,421.9790415600,2670257,288812722.0000,0.098900,1,0.314900,57.697074,19.413955,15.273799,70.755521,0
2020-01-14,sh.603288,425.5750096800,427.9983795000,413.5363338000,413.9271999000,423.3079863000,3936589,420855325.0000,0.145800,1,-2.216100,56.418469,18.983729,14.935321,69.187532,0
2020-01-15,sh.603288,413.9271999000,421.7054352900,412.3637355000,419.6729315700,413.9271999000,3128776,334933935.0000,0.115900,1,1.388100,57.201615,19.247243,15.142639,70.147925,0
2020-01-16,sh.603288,422.1353880000,424.1288051100,414.9825383700,424.0506318900,419.6729315700,3262337,350442761.0000,0.120800,1,1.043100,57.798297,19.448015,15.300595,70.879654,0
2020-01-17,sh.603288,424.0115452800,429.7181903400,419.2820654700,429.4054974600,424.0506318900,3898625,425364039.0000,0.144400,1,1.262800,58.528168,19.693602,15.493809,71.774714,0
2020-01-20,sh.603288,430.2654028800,439.5289294500,425.1059703600,437.9654650500,429.4054974600,4297492,478950689.0000,0.159100,1,1.993400,59.694896,20.086184,15.802670,73.205505,0
2020-01-21,sh.603288,435.0339693000,440.5060947000,426.0440490000,437.5745989500,437.9654650500,4266084,474806222.0000,0.158000,1,-0.089300,59.641620,20.068258,15.788567,73.140172,0
2020-01-22,sh.603288,436.2065676000,436.2065676000,426.1222222200,428.9364581400,437.5745989500,3910360,428874296.0000,0.144800,1,-1.974100,58.464238,19.672091,15.476885,71.696315,0
2020-01-23,sh.603288,429.7572769500,429.7572769500,414.3962392200,419.0475458100,428.9364581400,4615831,496066130.0000,0.170900,1,-2.305400,57.116374,19.218561,15.120074,70.043393,0
2020-02-03,sh.603288,377.1466998900,398.8397684400,377.1466998900,398.0189496300,419.0475458100,8442404,838318029.0000,0.312600,1,-5.018200,54.250167,18.254137,14.361320,66.528483,0
2020-02-04,sh.603288,400.6377525000,406.6570904400,393.9930288000,401.3413114800,398.0189496300,5975165,610398849.0000,0.221300,1,0.834700,54.703007,18.406509,14.481197,67.083813,0
2020-02-05,sh.603288,401.3413114800,407.2824762000,393.6021627000,406.5007440000,401.3413114800,4707485,481037932.0000,0.174300,1,1.285500,55.406240,18.643134,14.667360,67.946207,0
2020-02-06,sh.603288,407.1652163700,415.4906643000,400.6377525000,411.3865702500,406.5007440000,4813525,504796299.0000,0.178300,1,1.201900,56.072180,18.867210,14.843650,68.762868,0
2020-02-07,sh.603288,408.7677673800,418.5394198800,404.4682402800,416.2723965000,411.3865702500,3672357,385546260.0000,0.136000,1,1.187600,56.738120,19.091286,15.019941,69.579529,0
2020-02-10,sh.603288,412.7546016000,416.5460027700,410.8002711000,413.5363338000,416.2723965000,2873797,304402656.0000,0.106400,1,-0.657300,56.365194,18.965803,14.921218,69.122199,0
2020-02-11,sh.603288,410.4094050000,418.3439868300,410.4094050000,418.2267270000,413.5363338000,3531392,375073575.0000,0.130800,1,1.134200,57.004496,19.180916,15.090457,69.906194,0
2020-02-12,sh.603288,415.4906643000,423.2688996900,415.4906643000,418.5394198800,418.2267270000,2976754,318543203.0000,0.110200,1,0.074800,57.047117,19.195257,15.101740,69.958460,0
2020-02-13,sh.603288,418.2267270000,419.6729315700,408.4550745000,409.2368067000,418.5394198800,3318320,349478085.0000,0.122900,1,-2.222600,55.779166,18.768616,14.766083,68.403537,0
2020-02-14,sh.603288,409.9794522900,414.0444597300,406.8134368800,409.2368067000,409.2368067000,2281455,239519343.0000,0.084500,1,0.000000,55.779166,18.768616,14.766083,68.403537,0
2020-02-17,sh.603288,410.9957041500,415.0607115900,408.4550745000,411.8556095700,409.2368067000,2687800,283022689.0000,0.099500,1,0.639900,56.136110,18.888721,14.860574,68.841268,0
2020-02-18,sh.603288,410.0185389000,411.5429166900,402.0839570700,404.0773741800,411.8556095700,4967682,514002851.0000,0.184000,1,-1.888600,55.075933,18.531992,14.579920,67.541143,0
2020-02-19,sh.603288,402.5920830000,408.2596414500,402.2012169000,405.8753582400,404.0773741800,3124650,324778642.0000,0.115700,1,0.445000,55.075933,18.531992,14.579920,67.541143,0
2020-02-20,sh.603288,406.5007440000,415.8033571800,404.1555474000,413.8490266800,405.8753582400,4722815,498134688.0000,0.174900,1,1.964600,56.407814,18.980144,14.932501,69.174465,0
2020-02-21,sh.603288,411.2302238100,413.8490266800,407.5951690800,409.9012790700,413.8490266800,3195217,334703507.0000,0.118300,1,-0.953900,55.869734,18.799091,14.790058,68.514603,0
2020-02-24,sh.603288,406.6180038300,409.9012790700,403.4129018100,406.2662243400,409.9012790700,4836656,503301164.0000,0.179100,1,-0.886800,55.374274,18.632378,14.658898,67.907007,0
2020-02-25,sh.603288,402.0839570700,408.4550745000,395.2047137100,399.3478943700,406.2662243400,4464452,457449511.0000,0.165300,1,-1.702900,54.431303,18.315086,14.409271,66.750615,0
2020-02-26,sh.603288,395.9473593000,400.1687131800,391.6087455900,394.1493752400,399.3478943700,4303663,436248132.0000,0.159400,1,-1.301800,53.722742,18.076669,14.221698,65.881688,0
2020-02-27,sh.603288,394.7747610000,403.2565553700,394.6965877800,400.4423194500,394.1493752400,4396222,450036443.0000,0.162800,1,1.596600,54.580473,18.365279,14.448760,66.933547,0
2020-02-28,sh.603288,385.1594549400,400.4032328400,385.1594549400,389.2244623800,400.4423194500,4380913,438840158.0000,0.162200,1,-2.801400,53.051474,17.850800,14.043997,65.058493,0
2020-03-02,sh.603288,390.1234544100,402.3966499500,390.1234544100,398.4879889500,389.2244623800,4598349,468784999.0000,0.170300,1,2.380000,54.314097,18.275649,14.378244,66.606883,0
2020-03-03,sh.603288,402.5920830000,411.0738773700,399.4651542000,405.5235787500,398.4879889500,4238943,438763404.0000,0.157000,1,1.765600,55.273051,18.598318,14.632102,67.782875,0
2020-03-04,sh.603288,405.4844921400,410.9175309300,398.0971228500,406.8916101000,405.5235787500,3429509,356531260.0000,0.127000,1,0.337300,55.459515,18.661060,14.681463,68.011540,0
2020-03-05,sh.603288,410.4094050000,422.8389469800,405.2499724800,415.9206170100,406.8916101000,7026765,744331886.0000,0.260200,1,2.219000,56.690173,19.075152,15.007248,69.520730,0
2020-03-06,sh.603288,411.3474836400,415.4906643000,410.4094050000,413.1063810900,415.9206170100,2567864,270705478.0000,0.095100,1,-0.676600,56.306591,18.946085,14.905705,69.050333,0
2020-03-09,sh.603288,405.1717992600,408.5332477200,398.2925559000,398.2925559000,413.1063810900,4908118,503466989.0000,0.181800,1,-3.586000,54.287460,18.266686,14.371192,66.574216,0
2020-03-10,sh.603288,395.4783199800,410.4094050000,395.4783199800,407.7515155200,398.2925559000,4606694,476205286.0000,0.170600,1,2.374900,55.576720,18.700497,14.712490,68.155272,0
2020-03-11,sh.603288,409.8231058500,419.5556717400,407.7515155200,412.6764283800,407.7515155200,5084968,537835446.0000,0.188300,1,1.207800,56.247988,18.926366,14.890191,68.978467,0
2020-03-12,sh.603288,408.4550745000,410.1748853400,399.1133747100,401.2631382600,412.6764283800,3688371,378837621.0000,0.136600,1,-2.765700,54.692351,18.402924,14.478377,67.070746,0
2020-03-13,sh.603288,389.3808088200,397.3153906500,380.5863215700,394.6965877800,401.2631382600,5556300,553536997.0000,0.205800,1,-1.636500,53.797328,18.101766,14.241442,65.973154,0
2020-03-16,sh.603288,383.4787307100,394.6575011700,379.9218492000,383.0487780000,394.6965877800,5772622,570032586.0000,0.213800,1,-2.951100,52.209726,17.567568,13.821166,64.026234,0
2020-03-17,sh.603288,383.0487780000,386.5665729000,361.8638353800,379.1401170000,383.0487780000,8072436,773597552.0000,0.298900,1,-1.020400,51.676973,17.388307,13.680134,63.372905,0
2020-03-18,sh.603288,379.0619437800,388.3254703500,375.2314560000,379.1401170000,379.1401170000,6206981,608808950.0000,0.229900,1,0.000000,51.676973,17.388307,13.680134,63.372905,0
2020-03-19,sh.603288,373.2771255000,383.0096913900,360.3003709800,365.0689374000,379.1401170000,7526602,708672515.0000,0.278700,1,-3.711300,49.759065,16.742968,13.172418,61.020921,0
2020-03-20,sh.603288,361.4338826700,396.2600521800,361.4338826700,391.0224464400,365.0689374000,8676957,844760760.0000,0.321300,1,7.109200,53.296540,17.933260,14.108872,65.359024,0
2020-03-23,sh.603288,380.7035814000,407.9860351800,380.0000224200,400.1687131800,391.0224464400,7308960,737689005.0000,0.270700,1,2.339100,54.543181,18.352731,14.438888,66.887814,0
2020-03-24,sh.603288,400.1687131800,412.5591685500,399.5824140300,406.5789172200,400.1687131800,5258464,547559524.0000,0.194700,1,1.601900,55.416895,18.646719,14.670181,67.959274,0
2020-03-25,sh.603288,411.6992631300,420.5719236000,405.2499724800,406.9306967100,406.5789172200,3575540,376412870.0000,0.132400,1,0.086500,55.464842,18.662852,14.682874,68.018073,0
2020-03-26,sh.603288,414.3180660000,443.6330235000,413.8490266800,437.7700320000,406.9306967100,9752898,1070700293.0000,0.361200,1,7.578500,56.497462,18.239186,15.277216,75.441143,0
2020-03-27,sh.603288,440.7015277500,456.4925181900,438.6690240300,450.0041409300,437.7700320000,5642056,648407233.0000,0.208900,1,2.794600,58.076364,18.748906,15.704160,77.549453,0
2020-03-30,sh.603288,445.5873540000,457.2351637800,442.1086457100,444.7665351900,450.0041409300,6160885,706733344.0000,0.228100,1,-1.163900,57.400412,18.530687,15.521379,76.646854,0
2020-03-31,sh.603288,453.4046760000,489.2470973700,449.4960150000,489.2470973700,444.7665351900,9443599,1143524901.0000,0.349700,1,10.000900,63.140958,20.383919,17.073653,84.312213,0
2020-04-01,sh.603288,491.4750341400,491.4750341400,462.7854624000,476.0749098000,489.2470973700,9512464,1146877039.0000,0.352300,1,-2.692300,61.440990,19.835115,16.613973,82.042243,0
2020-04-02,sh.603288,465.1306590000,486.9019007700,465.1306590000,486.1592551800,476.0749098000,7554054,918646246.0000,0.279700,1,2.118200,62.742449,20.255268,16.965894,83.780083,0
2020-04-03,sh.603288,488.5826250000,508.1259300000,481.9379013000,499.9177419000,486.1592551800,7633071,968957511.0000,0.282700,1,2.830000,64.518083,20.828499,17.446035,86.151091,0
2020-04-07,sh.603288,508.1259300000,531.1088566800,502.6928912100,523.1742748500,499.9177419000,7949082,1049888679.0000,0.294400,1,4.652100,67.519511,21.797456,18.257637,90.158901,0
2020-04-08,sh.603288,512.0345910000,515.9432520000,491.3186877000,497.5725453000,523.1742748500,5759703,735809495.0000,0.213300,1,-4.893500,64.215418,20.730789,17.364193,85.746942,0
2020-04-09,sh.603288,497.5725453000,501.0903402000,487.8008928000,498.2761042800,497.5725453000,2537045,321831243.0000,0.094000,1,0.141400,64.306218,20.760102,17.388746,85.868186,0
2020-04-10,sh.603288,498.0806712300,503.8654895100,491.9831600700,495.6182148000,498.2761042800,2325083,295768698.0000,0.086100,1,-0.533400,63.963198,20.649364,17.295991,85.410151,0
2020-04-13,sh.603288,495.2273487000,496.3217737800,483.1104996000,495.8136478500,495.6182148000,2095042,262586068.0000,0.077600,1,0.039400,63.988420,20.657507,17.302811,85.443830,0
2020-04-14,sh.603288,492.4912860000,503.6700564600,488.6217116100,502.2629385000,495.8136478500,4660832,592663658.0000,0.172600,1,1.300800,64.820748,20.926209,17.527878,86.555240,0
2020-04-15,sh.603288,506.1715995000,506.1715995000,484.8693970500,488.1917589000,502.2629385000,4644999,585349789.0000,0.172000,1,-2.801600,63.004759,20.339950,17.036824,84.130346,0
2020-04-16,sh.603288,488.8562312700,498.5497105500,488.1917589000,489.8333965200,488.1917589000,3149488,395688060.0000,0.116600,1,0.336300,63.216624,20.408347,17.094114,84.413250,0
2020-04-17,sh.603288,494.4456165000,501.7157259600,490.2633492300,492.2958529500,489.8333965200,3673449,467050594.0000,0.136000,1,0.502700,63.534422,20.510942,17.180048,84.837606,0
2020-04-20,sh.603288,496.0090809000,496.0090809000,486.0810819600,489.5988768600,492.2958529500,3629253,453607693.0000,0.134400,1,-0.547800,63.186358,20.398576,17.085929,84.372835,0
2020-04-21,sh.603288,486.0419953500,492.4131127800,486.0419953500,488.5435383900,489.5988768600,2365029,295471208.0000,0.087600,1,-0.215600,63.050158,20.354606,17.049101,84.190968,0
2020-04-22,sh.603288,489.4425304200,501.2076000300,486.6282945000,494.1329236200,488.5435383900,4420497,558495699.0000,0.163700,1,1.144100,63.771510,20.587481,17.244158,85.154190,0
2020-04-23,sh.603288,494.6410495500,504.1390957800,488.1917589000,491.9049868500,494.1329236200,5075722,641787881.0000,0.188000,1,-0.450900,63.483978,20.494657,17.166408,84.770248,0
2020-04-24,sh.603288,492.4912860000,498.3542775000,485.4947828100,496.7126398800,491.9049868500,3580443,452329054.0000,0.132600,1,0.977400,64.104441,20.694962,17.334184,85.598754,0
2020-04-27,sh.603288,503.3573635800,508.1259300000,481.9379013000,491.1232546500,496.7126398800,6498075,817674031.0000,0.240600,1,-1.125300,61.818447,18.648484,16.804943,80.122185,0
2020-04-28,sh.603288,490.9669082100,506.2497727200,487.5272865300,499.5268758000,491.1232546500,6179664,786163625.0000,0.228800,1,1.711100,62.876224,18.967579,17.092493,81.493157,0
2020-04-29,sh.603288,499.7223088500,500.2695213900,484.7130506100,494.4065298900,499.5268758000,3583732,450528673.0000,0.132700,1,-1.025000,62.231718,18.773153,16.917288,80.657820,0
2020-04-30,sh.603288,492.4912860000,492.4912860000,476.0749098000,480.4916967300,494.4065298900,5512707,679875616.0000,0.204100,1,-2.814400,60.480236,18.244792,16.441159,78.387745,0
2020-05-06,sh.603288,474.5505320100,497.2989390300,473.1434140500,497.1425925900,480.4916967300,7105943,886855567.0000,0.263100,1,3.465400,62.576110,18.877045,17.010909,81.104183,0
2020-05-07,sh.603288,502.1098111800,512.1860679900,496.7168850000,509.5369112700,497.1426423300,7114000,762478245.0000,0.219500,1,2.493100,63.590592,19.183079,17.286689,82.419042,0
2020-05-08,sh.603288,509.0165412000,520.1335381500,500.8798455600,514.3148546400,509.5369112700,6930389,748783624.0000,0.213900,1,0.937700,64.186883,19.362959,17.448787,83.191888,0
2020-05-11,sh.603288,514.6933056000,532.3385816100,506.2727717400,507.7865755800,514.3148546400,6815343,742007127.0000,0.210300,1,-1.269300,63.372149,19.117182,17.227307,82.135920,0
2020-05-12,sh.603288,513.6052590900,537.6368950500,509.9626686000,532.0547433900,507.7865755800,9367575,1045697287.0000,0.289100,1,4.779200,66.400834,20.030832,18.050635,86.061365,0
2020-05-13,sh.603288,529.8313440000,539.5764562200,522.8300012400,535.4134956600,532.0547433900,6357644,714226086.0000,0.196200,1,0.631300,66.820009,20.157282,18.164585,86.604653,0
2020-05-14,sh.603288,536.9272995000,536.9272995000,521.0796655500,521.8838738400,535.4134956600,5759207,638829732.0000,0.177700,1,-2.526900,65.131502,19.647918,17.705575,84.416198,0
2020-05-15,sh.603288,527.5133318700,528.6959911200,516.5855604000,522.2623248000,521.8838738400,3526482,388733890.0000,0.108800,1,0.072500,65.178733,19.662166,17.718415,84.477413,0
2020-05-18,sh.603288,521.4108101400,535.0350447000,517.0586241000,533.6158536000,522.2623248000,5335015,598932029.0000,0.164600,1,2.173900,66.595662,20.089604,18.103598,86.313879,0
2020-05-19,sh.603288,537.9680396400,545.0639951400,528.4121529000,540.1914390300,533.6158536000,5744433,653586478.0000,0.177300,1,1.232300,67.416300,20.337162,18.326683,87.377499,0
2020-05-20,sh.603288,540.2387454000,544.0232550000,534.8458192200,540.1441326600,540.1914390300,3615226,412105873.0000,0.111600,1,-0.008800,67.410396,20.335381,18.325078,87.369847,0
2020-05-21,sh.603288,541.4687110200,567.4399081500,540.1914390300,558.6409233300,540.1441326600,7077244,833226124.0000,0.218400,1,3.424400,69.718810,21.031750,18.952605,90.361755,0
2020-05-22,sh.603288,553.2006907800,553.4372226300,532.1966625000,536.0757848400,558.6409233300,5662965,645449485.0000,0.174800,1,-4.039300,66.902663,20.182216,18.187054,86.711780,0
2020-05-25,sh.603288,541.9417747200,551.5922742000,526.5198981000,548.6592792600,536.0757848400,5224945,599895995.0000,0.161200,1,2.347300,68.473093,20.655960,18.613965,88.747196,0
2020-05-26,sh.603288,548.2808283000,554.6671882500,540.1441326600,550.6934531700,548.6592792600,3557580,412980636.0000,0.109800,1,0.370800,68.726959,20.732543,18.682977,89.076229,0
2020-05-27,sh.603288,548.8011983700,550.4569213200,534.6092873700,540.9483409500,550.6934531700,4539075,517777648.0000,0.140100,1,-1.769600,67.510762,20.365658,18.352362,87.499930,0
2020-05-28,sh.603288,540.9956473200,543.7394167800,532.1966625000,537.6842014200,540.9483409500,3383681,384952285.0000,0.104400,1,-0.603400,67.103395,20.242770,18.241622,86.971946,0
2020-05-29,sh.603288,538.9141670400,547.2400881600,534.6092873700,543.5501913000,537.6842014200,4358715,500498383.0000,0.134500,1,1.091000,67.835475,20.463613,18.440633,87.920786,0
2020-06-01,sh.603288,551.1192105000,555.4240901700,540.7591154700,550.8353722800,543.5501913000,5928159,685855636.0000,0.182900,1,1.340300,68.744671,20.737886,18.687792,89.099185,0
2020-06-02,sh.603288,552.1126442700,553.0114653000,540.6171963600,543.2663530800,550.8353722800,4959279,568861675.0000,0.153000,1,-1.374100,67.800052,20.452927,18.431003,87.874875,0
2020-06-03,sh.603288,542.1310002000,549.4634875500,539.2926180000,540.9010345800,543.2663530800,3575056,409924740.0000,0.110300,1,-0.435400,67.504858,20.363877,18.350757,87.492278,0
2020-06-04,sh.603288,539.2926180000,544.5436250700,534.5619810000,541.8471619800,540.9010345800,4446444,507674112.0000,0.137200,1,0.174900,67.622936,20.399497,18.382855,87.645316,0
2020-06-05,sh.603288,544.0232550000,548.7538920000,536.1230912100,545.7735906900,541.8471619800,5018355,578144054.0000,0.154900,1,0.724600,68.112957,20.547320,18.516065,88.280427,0
2020-06-08,sh.603288,546.1520416500,547.8077646000,534.6092873700,535.5081084000,545.7735906900,6141538,698876987.0000,0.189500,1,-1.880900,66.831817,20.160844,18.167795,86.619957,0
2020-06-09,sh.603288,535.6500275100,541.1375664300,529.8313440000,538.6776351900,535.5081084000,4094854,464845034.0000,0.126400,1,0.591900,67.227376,20.280171,18.275325,87.132637,0
2020-06-10,sh.603288,541.6106301300,546.2466543900,537.9207332700,539.8602944400,538.6776351900,4242171,486209958.0000,0.130900,1,0.219500,67.374973,20.324695,18.315448,87.323935,0
2020-06-11,sh.603288,538.2991842300,545.4424461000,535.7446402500,537.7315077900,539.8602944400,4378223,500380046.0000,0.135100,1,-0.394300,67.109299,20.244551,18.243227,86.979598,0
2020-06-12,sh.603288,532.6697262000,544.4963187000,531.7235988000,544.4963187000,537.7315077900,4591875,523448646.0000,0.141700,1,1.258000,67.953552,20.499233,18.472731,88.073825,0
2020-06-15,sh.603288,540.0968262900,548.1389091900,536.9272995000,539.3399243700,544.4963187000,3804070,434969752.0000,0.117400,1,-0.947000,67.310030,20.305105,18.297794,87.239764,0
2020-06-16,sh.603288,545.2059142500,553.1060780400,540.5698899900,549.7946321400,539.3399243700,6202589,718722602.0000,0.191400,1,1.938400,68.614786,20.698704,18.652483,88.930842,0
2020-06-17,sh.603288,553.4845290000,553.4845290000,537.0219122400,548.0442964500,549.7946321400,5672006,650943201.0000,0.175000,1,-0.318400,68.396343,20.632807,18.593101,88.647721,0
2020-06-18,sh.603288,550.1730831000,552.9168525600,544.3070932200,551.7341933100,548.0442964500,4004971,465653003.0000,0.123600,1,0.673300,68.856845,20.771725,18.718286,89.244572,0
2020-06-19,sh.603288,553.4845290000,570.0417585000,552.6330143400,564.7907514300,551.7341933100,7205818,859236308.0000,0.222400,1,2.366500,70.486313,21.263279,19.161246,91.356507,0
2020-06-22,sh.603288,565.3111215000,567.0614571900,554.5252691400,557.6947959300,564.7907514300,4754056,561091361.0000,0.146700,1,-1.256400,69.600732,20.996130,18.920507,90.208716,0
2020-06-23,sh.603288,558.9247615500,574.0154935800,557.3163449700,573.8262681000,557.6947959300,6523966,783362708.0000,0.201300,1,2.892500,71.613952,21.603449,19.467787,92.818028,0
2020-06-24,sh.603288,576.6646503000,586.5989880000,572.4070770000,585.6528606000,573.8262681000,5589873,686368486.0000,0.172500,1,2.061000,73.089920,22.048697,19.869020,94.731013,0
2020-06-29,sh.603288,585.6055542300,592.7488161000,580.0707089400,589.6739020500,585.6528606000,5070197,628353233.0000,0.156500,1,0.686600,73.591749,22.200081,20.005439,95.381427,0
2020-06-30,sh.603288,589.6265956800,590.2888848600,581.2060618200,588.4912428000,589.6739020500,3787106,468710066.0000,0.116900,1,-0.200600,73.444152,22.155557,19.965315,95.190129,0
2020-07-01,sh.603288,586.5989880000,592.7015097300,581.8210446300,591.3296250000,588.4912428000,4243030,527650641.0000,0.130900,1,0.482300,73.798384,22.262416,20.061611,95.649245,0
2020-07-02,sh.603288,603.1562175000,605.4269232600,581.8683510000,586.5989880000,591.3296250000,9027682,1128277402.0000,0.278600,1,-0.800000,73.207997,22.084317,19.901118,94.884051,0
2020-07-03,sh.603288,586.6462943700,590.2415784900,580.9222236000,588.2547109500,586.5989880000,5184465,642209904.0000,0.160000,1,0.282300,73.414633,22.146652,19.957291,95.151869,0
2020-07-06,sh.603288,584.4702013500,593.6949435000,583.4294612100,588.6804682800,588.2547109500,8299600,1031734270.0000,0.256100,1,0.072400,73.467768,22.162681,19.971735,95.220737,0
2020-07-07,sh.603288,588.7277746500,623.3560374900,586.6462943700,605.7580678500,588.6804682800,10862468,1393183715.0000,0.335200,1,2.901000,75.599065,22.805619,20.551114,97.983087,0
2020-07-08,sh.603288,610.7252367000,614.3205208200,598.8986442000,604.4334894900,605.7580678500,6382219,814191193.0000,0.197000,1,-0.218700,75.433757,22.755751,20.506176,97.768833,0
2020-07-09,sh.603288,604.4334894900,610.6306239600,598.8986442000,608.5491436800,604.4334894900,5184563,662460070.0000,0.160000,1,0.680900,75.947393,22.910698,20.645805,98.434551,0
2020-07-10,sh.603288,604.4334894900,626.3363388000,603.1562175000,616.1181628800,608.5491436800,6083280,793420997.0000,0.187700,1,1.243800,76.892013,23.195657,20.902594,99.658862,0
2020-07-13,sh.603288,614.9828100000,626.7147897600,612.0498150600,621.4637826900,616.1181628800,6063927,797623555.0000,0.187100,1,0.867600,77.559150,23.396909,21.083951,100.523531,0
2020-07-14,sh.603288,621.3218635800,626.0998069500,608.8329819000,617.8211922000,621.4637826900,5124903,669211267.0000,0.158200,1,-0.586100,77.104552,23.259772,20.960371,99.934332,0
2020-07-15,sh.603288,620.6595744000,642.1839727500,615.0774227400,634.6622599200,617.8211922000,7904138,1052996487.0000,0.243900,1,2.725900,79.206330,23.893806,21.531726,102.658422,0
2020-07-16,sh.603288,632.9592306000,632.9592306000,596.0602620000,600.7908990000,634.6622599200,8630276,1115289240.0000,0.266300,1,-5.336900,74.979159,22.618615,20.382597,97.179633,0
2020-07-17,sh.603288,600.7908990000,621.1799444700,600.7908990000,615.4558737000,600.7908990000,5346821,692144968.0000,0.165000,1,2.440900,76.809358,23.170723,20.880125,99.551735,0
2020-07-20,sh.603288,621.8422336500,629.0328018900,607.4137908000,619.4769151500,615.4558737000,4678234,611273935.0000,0.144400,1,0.653300,77.311188,23.322107,21.016544,100.202149,0
2020-07-21,sh.603288,624.4440840000,643.3193256300,616.1181628800,641.1905389800,619.4769151500,5991170,806762765.8600,0.184900,1,3.505200,80.021064,24.139583,21.753206,103.714390,0
2020-07-22,sh.603288,634.7568726600,647.4822861900,629.6477847000,642.7989555600,641.1905389800,5384198,729364010.0600,0.166200,1,0.250800,80.221796,24.200137,21.807774,103.974556,0
2020-07-23,sh.603288,638.5886886300,673.7846279100,633.9053580000,665.6006259000,642.7989555600,8282848,1156858737.6800,0.255600,1,3.547200,83.067461,25.058576,22.581349,107.662791,0
2020-07-24,sh.603288,665.6006259000,666.8778978900,644.5492912500,648.4284135900,665.6006259000,6480680,896881888.1100,0.200000,1,-2.580000,80.924356,24.412075,21.998760,104.885136,0
2020-07-27,sh.603288,654.8620799100,687.9292325400,647.2930607100,685.8950586300,648.4284135900,7274260,1037050819.7600,0.224500,1,5.778100,85.600222,25.822622,23.269864,110.945473,0
2020-07-28,sh.603288,690.1999383000,719.0568240000,685.9423650000,691.5718230300,685.8950586300,7721848,1141693509.7000,0.238300,1,0.827600,86.308687,26.036341,23.462455,111.863705,0
2020-07-29,sh.603288,686.6046541800,703.9187856000,680.2182942300,702.9726582000,691.5718230300,5457225,798579731.2600,0.168400,1,1.648500,87.731519,26.465560,23.849243,113.707823,0
2020-07-30,sh.603288,700.1342760000,701.6480798400,691.9975803600,695.4036390000,702.9726582000,4448167,655090149.7500,0.137300,1,-1.076700,86.786900,26.180601,23.592455,112.483513,0
2020-07-31,sh.603288,697.2485874300,718.9622112600,695.8767027000,709.9740009600,695.4036390000,5451795,816674504.8000,0.168200,1,2.095200,88.605292,26.729147,24.086773,114.840310,0
2020-08-03,sh.603288,713.0962213800,719.0568240000,700.8438715500,706.9463932800,709.9740009600,5988134,892222844.2900,0.184800,1,-0.426400,88.227445,26.615164,23.984057,114.350586,0
2020-08-04,sh.603288,709.5482436300,714.1842678900,697.2485874300,702.0265308000,706.9463932800,4941142,734255190.3200,0.152500,1,-0.695900,87.613442,26.429941,23.817145,113.554784,0
2020-08-05,sh.603288,701.3169352500,709.1224863000,695.4509453700,706.5206359500,702.0265308000,4241497,631879274.1200,0.130900,1,0.640200,88.174310,26.599135,23.969613,114.281718,0
2020-08-06,sh.603288,709.5955500000,718.3472284500,702.9726582000,712.8123831600,706.5206359500,4726725,712464985.8700,0.145900,1,0.890500,88.959524,26.836007,24.183068,115.299426,0
2020-08-07,sh.603288,709.5955500000,728.5180980000,708.1763589000,721.3748361300,712.8123831600,5873473,894962176.7000,0.181300,1,1.201200,90.028125,27.158367,24.473561,116.684427,0
2020-08-10,sh.603288,716.5968927600,728.2815661500,699.6612123000,719.1041303700,721.3748361300,4594431,693253494.9200,0.141800,1,-0.314800,89.744739,27.072879,24.396524,116.317134,0
2020-08-11,sh.603288,720.9017724300,737.5063083000,720.9017724300,728.1869534100,719.1041303700,4226463,653851166.0600,0.130400,1,1.263100,90.878282,27.414830,24.704670,117.786307,0
2020-08-12,sh.603288,728.1396470400,728.1396470400,710.5416774000,727.1935196400,728.1869534100,4596725,699618573.3900,0.141900,1,-0.136400,90.754301,27.377429,24.670967,117.625616,0
2020-08-13,sh.603288,731.2618674600,731.4037865700,717.1645692000,724.2132183300,727.1935196400,2874163,439617579.2200,0.088700,1,-0.409800,90.382357,27.265226,24.569856,117.143544,0
2020-08-14,sh.603288,724.2132183300,734.4313942500,717.1645692000,733.2487350000,724.2132183300,4017311,618743802.4600,0.124000,1,1.247600,91.509997,27.605396,24.876398,118.605064,0
2020-08-17,sh.603288,737.3643891900,744.1292001000,728.5180980000,735.1409898000,733.2487350000,4183476,649620509.4900,0.129100,1,0.258100,91.746151,27.676636,24.940595,118.911142,0
2020-08-18,sh.603288,728.5180980000,768.7285125000,728.5180980000,749.0017562100,735.1409898000,5827924,922009995.9400,0.179800,1,1.885500,93.475986,28.198467,25.410839,121.153160,0
2020-08-19,sh.603288,749.0017562100,780.4604922600,744.3657319500,775.0202597100,749.0017562100,5513685,898456806.5600,0.170200,1,3.473800,96.723115,29.178013,26.293550,125.361727,0
2020-08-20,sh.603288,770.1477036000,789.4487025600,757.8480474000,776.5813699200,775.0202597100,5224607,853076113.3700,0.161200,1,0.201400,96.917942,29.236786,26.346513,125.614241,0
2020-08-21,sh.603288,782.6365852800,783.5354063100,770.1477036000,782.9204235000,776.5813699200,4708981,774573000.3500,0.145300,1,0.816300,97.709061,29.475439,26.561573,126.639601,0
2020-08-24,sh.603288,782.9204235000,789.4487025600,775.8244680000,780.8389432200,782.9204235000,5311434,876128067.3700,0.163900,1,-0.265900,97.449291,29.397075,26.490956,126.302915,0
2020-08-25,sh.603288,781.5012324000,791.3409573600,781.5012324000,790.8678936600,780.8389432200,5051155,842066630.8300,0.155900,1,1.284400,98.700911,29.774646,26.831201,127.925127,0
2020-08-26,sh.603288,785.2857420000,813.6695640000,780.6497177400,813.6695640000,790.8678936600,6390427,1085141537.4500,0.197200,1,2.883100,101.546577,30.633085,27.604777,131.613362,0
2020-08-27,sh.603288,814.5683850300,867.5042130600,810.7365690600,865.8011837400,813.6695640000,9335992,1669683457.1700,0.288100,1,6.407000,108.052643,32.595739,29.373408,140.045799,0
2020-08-28,sh.603288,842.0533860000,865.7538773700,834.9574305000,855.7722333000,865.8011837400,8453282,1524573172.3700,0.260900,1,-1.158300,100.106798,34.648745,27.609667,141.862583,0
2020-08-31,sh.603288,860.9759340000,875.1678450000,856.3872161100,866.6526984000,855.7722333000,6378794,1170038300.3200,0.196800,1,1.271400,101.379576,35.089277,27.960702,143.666253,0
2020-09-01,sh.603288,866.6526984000,893.0969592300,865.6592646300,892.5765891600,866.6526984000,6933325,1289814767.3100,0.214000,1,2.991300,104.412109,36.138890,28.797082,147.963694,0
2020-09-02,sh.603288,901.6594122000,946.0327872600,901.4701867200,938.9368317600,892.5765891600,10774489,2104526382.4400,0.332500,1,5.194000,109.835253,38.015937,30.292796,155.648897,0
2020-09-03,sh.603288,938.9368317600,960.3193110000,862.1585932500,875.1678450000,938.9368317600,19643346,3788804152.5400,0.606200,1,-6.791600,102.375664,35.434040,28.235426,145.077821,0
2020-09-04,sh.603288,832.6394183700,839.8772929800,796.2608198400,807.9454932300,875.1678450000,16527172,2839679018.7200,0.510000,1,-7.681100,94.512106,32.712323,26.066640,133.934276,0
2020-09-07,sh.603288,797.1123345000,803.6406135600,756.9019200000,764.8493901600,807.9454932300,15067186,2481022674.7600,0.465000,1,-5.334000,89.470796,30.967436,24.676236,126.790174,0
2020-09-08,sh.603288,764.8020837900,803.5460008200,749.1909816900,797.1123345000,764.8493901600,12862461,2110815137.9000,0.396900,1,4.218200,93.244861,32.273707,25.717131,132.138448,0
2020-09-09,sh.603288,773.5064558700,774.8783406000,742.7100090000,751.6982193000,797.1123345000,8590146,1373295101.8300,0.265100,1,-5.697300,87.932394,30.434968,24.251941,124.610086,0
2020-09-10,sh.603288,765.7955175600,777.8586419100,756.9019200000,757.8953537700,751.6982193000,7200946,1169085750.8800,0.222200,1,0.824400,88.657325,30.685879,24.451878,125.637393,0
2020-09-11,sh.603288,763.7140372800,773.4118431300,747.5352587400,762.2948461800,757.8953537700,5886842,947624563.3700,0.181700,1,0.580500,89.171970,30.864007,24.593819,126.366703,0
2020-09-14,sh.603288,775.3514043000,775.3514043000,743.6561364000,752.1712830000,762.2948461800,6707491,1068597634.3700,0.207000,1,-1.328000,87.987733,30.454121,24.267204,124.688506,0
2020-09-15,sh.603288,752.0766702600,770.4315418200,744.7441829100,768.2554488000,752.1712830000,6338938,1021099532.6600,0.195600,1,2.138400,89.869231,31.105341,24.786125,127.354801,0
2020-09-16,sh.603288,774.8783406000,778.4736247200,752.0766702600,757.8480474000,768.2554488000,4982316,800387205.7700,0.153800,1,-1.354700,88.651791,30.683964,24.450352,125.629551,0
2020-09-17,sh.603288,757.9426601400,757.9426601400,733.2487350000,745.8795357900,757.8480474000,6364731,1000698301.0100,0.196400,1,-1.579300,87.251735,30.199379,24.064214,123.645514,0
2020-09-18,sh.603288,738.9254994000,749.8059645000,723.7874610000,748.4813861400,745.8795357900,7031555,1101942054.0800,0.217000,1,0.348800,87.556095,30.304724,24.148157,124.076827,0
2020-09-21,sh.603288,739.0674185100,756.3342435600,735.8505853500,742.7100090000,748.4813861400,4690528,736726235.8100,0.144700,1,-0.771100,86.880969,30.071050,23.961956,123.120097,0
2020-09-22,sh.603288,738.7835802900,748.8598371000,734.5260069900,736.7021000100,742.7100090000,3744773,587461808.4300,0.115600,1,-0.808900,86.178174,29.827800,23.768123,122.124157,0
2020-09-23,sh.603288,741.6692688600,756.3342435600,736.7967127500,748.9071434700,736.7021000100,4223149,667540700.7800,0.130300,1,1.656700,87.605899,30.321962,24.161893,124.147405,0
2020-09-24,sh.603288,745.5483912000,755.8138734900,739.5404822100,739.5404822100,748.9071434700,4085908,643748462.8500,0.126100,1,-1.250700,86.510203,29.942722,23.859698,122.594680,0
2020-09-25,sh.603288,746.9202759300,756.9019200000,744.1292001000,744.3657319500,739.5404822100,4135072,655640934.2100,0.127600,1,0.652500,87.074652,30.138088,24.015374,123.394569,0
2020-09-28,sh.603288,744.2238128400,751.8874447800,738.0739847400,742.3315580400,744.3657319500,2683140,421144825.7300,0.082800,1,-0.273300,86.836698,30.055728,23.949746,123.057361,0
2020-09-29,sh.603288,747.4406460000,752.4078148500,739.3985631000,748.9544498400,742.3315580400,3279052,518433803.8900,0.101200,1,0.892200,87.611433,30.323877,24.163419,124.155247,0
2020-09-30,sh.603288,752.0293638900,781.0281687000,749.0017562100,766.8362577000,748.9544498400,6421780,1044207601.1700,0.198200,1,2.387600,89.703217,31.047881,24.740338,127.119540,0
2020-10-09,sh.603288,782.2581343200,787.3199159100,758.2264983600,771.5195883300,766.8362577000,5825102,951398594.1700,0.179800,1,0.610700,90.251065,31.237501,24.891435,127.895902,0
2020-10-12,sh.603288,778.0951737600,819.3936347700,772.0399584000,815.2779805800,771.5195883300,7067878,1194306839.1500,0.218100,1,5.671700,95.369848,33.009203,26.303207,135.149793,0
2020-10-13,sh.603288,815.2779805800,831.8825164500,808.9389270000,816.6498653100,815.2779805800,3884763,672144366.4500,0.119900,1,0.168300,95.530329,33.064748,26.347468,135.377212,0
2020-10-14,sh.603288,809.0335397400,825.4961565000,807.5197359000,811.2569391300,816.6498653100,5687502,977738692.9500,0.175500,1,-0.660400,94.899473,32.846398,26.173476,134.483219,0
2020-10-15,sh.603288,815.2306742100,819.4409411400,796.0715943600,808.9389270000,811.2569391300,3571551,609920727.1900,0.110200,1,-0.285700,94.628316,32.752545,26.098691,134.098959,0
2020-10-16,sh.603288,808.9389270000,815.1360614700,792.6655357200,796.4027389500,808.9389270000,3051551,517138086.3400,0.094200,1,-1.549700,93.161854,32.244977,25.694237,132.020817,0
2020-10-19,sh.603288,799.4776530000,801.0387632100,768.8231252400,771.4249755900,796.4027389500,5134728,848655059.7300,0.158500,1,-3.136300,90.239997,31.233670,24.888383,127.880218,0
2020-10-20,sh.603288,775.5406297800,804.2082900000,771.9453456600,802.5525670500,771.4249755900,4534660,761150339.1600,0.139900,1,4.035100,93.881251,32.493973,25.892648,133.040283,0
2020-10-21,sh.603288,808.9389270000,809.3173779600,791.0098127700,798.3896064900,802.5525670500,2996245,505588247.8000,0.092500,1,-0.518700,93.394274,32.325421,25.758339,132.350183,0
2020-10-22,sh.603288,803.9717581500,803.9717581500,786.4210948800,798.0584619000,798.3896064900,2271954,381491662.5800,0.070100,1,-0.041500,93.355538,32.312014,25.747656,132.295289,0
2020-10-23,sh.603288,794.7470160000,797.1123345000,779.1359139000,779.2778330100,798.0584619000,2563238,425505931.2800,0.079100,1,-2.353300,91.158611,31.551619,25.141739,129.181997,0
2020-10-26,sh.603288,766.3631940000,770.3369290800,742.7100090000,768.7285125000,779.2778330100,2650637,427834381.7200,0.081800,1,-1.353700,89.924570,31.124495,24.801387,127.433222,0
2020-10-27,sh.603288,762.3894589200,783.0150362400,762.1056207000,778.0478673900,768.7285125000,3479745,569962905.1100,0.107400,1,1.212300,91.014732,31.501819,25.102056,128.978104,0
2020-10-28,sh.603288,778.0478673900,789.9217662600,774.8783406000,785.0019037800,778.0478673900,3228698,535952467.2500,0.099600,1,0.893800,91.828204,31.783376,25.326414,130.130885,0
2020-10-29,sh.603288,780.5551050000,796.1662071000,772.7968603200,790.8205872900,785.0019037800,4316792,718705121.7700,0.133200,1,0.741200,92.508863,32.018965,25.514141,131.095456,0
2020-10-30,sh.603288,792.3816975000,793.8008886000,752.4078148500,757.8480474000,790.8205872900,7271887,1178487601.2500,0.224400,1,-4.169400,88.651791,30.683964,24.450352,125.629551,0
2020-11-02,sh.603288,766.3631940000,777.2436591000,761.6325570000,764.1871009800,757.8480474000,5668813,921210394.3300,0.174900,1,0.836500,85.961942,28.703314,23.730484,178.472676,0
2020-11-03,sh.603288,765.6535984500,768.6812061300,749.1436753200,760.2133659000,764.1871009800,4640851,742911066.3200,0.143200,1,-0.520000,85.514944,28.554059,23.607087,177.544627,0
2020-11-04,sh.603288,759.7403022000,772.9387794300,753.5904741000,767.1200959200,760.2133659000,4613067,747329420.6500,0.142400,1,0.908500,86.291869,28.813479,23.821563,179.157665,0
2020-11-05,sh.603288,771.6142010700,797.8692364200,771.6142010700,797.8219300500,767.1200959200,6876520,1149209761.5100,0.212200,1,4.002200,89.745459,29.966658,24.774955,186.327949,0
2020-11-06,sh.603288,800.0453294400,813.6695640000,787.6510605000,803.7352263000,797.8219300500,4847922,818670077.3600,0.149600,1,0.741200,90.410635,30.188765,24.958582,187.708974,0
2020-11-09,sh.603288,804.2082900000,816.0348825000,790.2529108500,798.8626701900,803.7352263000,6309579,1064129897.1200,0.194700,1,-0.606200,89.862530,30.005749,24.807273,186.571009,0
2020-11-10,sh.603288,803.2148562300,804.1609836300,790.7259745500,793.7535822300,798.8626701900,4296501,723011347.3700,0.132600,1,-0.639500,89.287819,29.813849,24.648619,185.377803,0
2020-11-11,sh.603288,793.2332121600,807.0466722000,788.1714305700,790.9625064000,793.7535822300,4023063,676361046.9300,0.124200,1,-0.351600,88.973856,29.709014,24.561948,184.725959,0
2020-11-12,sh.603288,790.9625064000,796.1662071000,773.4591495000,777.5748036900,790.9625064000,4194352,692243712.2400,0.129400,1,-1.692600,87.467899,29.206164,24.146216,181.599318,0
2020-11-13,sh.603288,775.8244680000,777.1490463600,759.3145448700,770.1950099700,777.5748036900,3097629,501625457.3000,0.095600,1,-0.949100,86.637760,28.928975,23.917050,179.875798,0
2020-11-16,sh.603288,775.8244680000,778.1897865000,764.0451818700,768.0662233200,770.1950099700,2344394,380607874.3300,0.072300,1,-0.276400,86.398297,28.849017,23.850944,179.378629,0
2020-11-17,sh.603288,770.5261545600,770.5261545600,752.4551212200,757.1857582200,768.0662233200,3357768,537658720.7500,0.103600,1,-1.416600,85.174374,28.440340,23.513070,176.837542,0
2020-11-18,sh.603288,757.1857582200,764.4709392000,756.9019200000,763.9978755000,757.1857582200,2482635,399189381.7400,0.076600,1,0.899700,85.940656,28.696207,23.724608,178.428483,0
2020-11-19,sh.603288,761.7744761100,775.2567915600,752.5024275900,771.1411373700,763.9978755000,2589852,420532896.1700,0.079900,1,0.935000,86.744188,28.964512,23.946430,180.096762,0
2020-11-20,sh.603288,770.1477036000,784.8126783000,768.7285125000,777.0544336200,771.1411373700,3151756,518823405.8000,0.097300,1,0.766800,87.409363,29.186619,24.130057,181.477787,0
2020-11-23,sh.603288,775.8244680000,780.9335559600,763.3828926900,768.9177379800,777.0544336200,3879222,629133848.1100,0.119700,1,-1.047100,86.494082,28.881000,23.877386,179.577497,0
2020-11-24,sh.603288,766.3631940000,775.2567915600,761.6325570000,772.2764902500,768.9177379800,2265568,369198680.6200,0.069900,1,0.436800,86.871902,29.007157,23.981686,180.361919,0
2020-11-25,sh.603288,771.0938310000,772.2764902500,753.1174104000,753.1174104000,772.2764902500,3532252,567325699.6400,0.109000,1,-2.480900,84.716733,28.287530,23.386735,175.887397,0
2020-11-26,sh.603288,753.8270059500,762.9098289900,753.8270059500,757.1384518500,753.1174104000,1817152,291108183.1100,0.056100,1,0.533900,85.169053,28.438563,23.511601,176.826494,0
2020-11-27,sh.603288,757.1857582200,765.9847430400,752.1712830000,765.7482111900,757.1384518500,2083026,335260187.6100,0.064300,1,1.137100,86.137548,28.761951,23.778962,178.837267,0
2020-11-30,sh.603288,770.3369290800,771.0938310000,753.1174104000,753.1174104000,765.7482111900,3895811,626076467.4000,0.120200,1,-1.649500,84.716733,28.287530,23.386735,175.887397,0
2020-12-01,sh.603288,759.2199321300,782.7311980200,755.4827289000,781.4539260300,753.1174104000,5766736,942909465.8900,0.178000,1,3.762600,87.904254,29.351866,24.266675,182.505270,0
2020-12-02,sh.603288,783.6773254200,796.7811899100,772.3237966200,788.5971879000,781.4539260300,4053886,673513578.0900,0.125100,1,0.914100,88.707786,29.620172,24.488497,184.173549,0
2020-12-03,sh.603288,795.6931434000,813.7168703700,791.7667146900,811.5407773500,788.5971879000,6238167,1062746132.7700,0.192500,1,2.909400,91.288666,30.481946,25.200969,189.531928,0
2020-12-04,sh.603288,817.8325245600,860.9759340000,815.0887551000,860.7394021500,811.5407773500,10925738,1961913740.9900,0.337200,1,6.062400,96.822925,32.329875,26.728746,201.022059,0
2020-12-07,sh.603288,865.7065710000,881.6961240600,841.0126458600,860.8813212600,860.7394021500,6376336,1153798818.8900,0.196800,1,0.016500,96.838889,32.335206,26.733153,201.055204,0
2020-12-08,sh.603288,860.9286276300,869.2545487500,853.9745912400,868.0718895000,860.8813212600,3665758,669676125.8800,0.113100,1,0.835300,97.647742,32.605288,26.956444,202.734531,0
2020-12-09,sh.603288,865.6592646300,882.7368642000,858.6106155000,870.9102717000,868.0718895000,5344712,988481456.2400,0.164900,1,0.327000,97.967027,32.711899,27.044585,203.397423,0
2020-12-10,sh.603288,863.3412525000,902.9839905600,863.2466397600,899.8144637700,870.9102717000,6600127,1244647347.1500,0.203700,1,3.318800,101.218404,33.797557,27.942153,210.147875,0
2020-12-11,sh.603288,898.3479663000,912.2560390800,880.8446094000,880.8446094000,899.8144637700,8742217,1650577159.2000,0.269800,1,-2.108200,99.084521,33.085039,27.353078,205.717546,0
2020-12-14,sh.603288,894.9892140300,931.7462635200,887.0890502400,918.8316245100,880.8446094000,7864341,1529054709.2400,0.242700,1,4.312600,103.357608,34.511853,28.532698,214.589253,0
2020-12-15,sh.603288,929.0971068000,936.6661260000,914.9051958000,931.5097316700,918.8316245100,6003148,1182410881.2800,0.185300,1,1.379800,104.783744,34.988050,28.926394,217.550171,0
2020-12-16,sh.603288,926.7317883000,946.1274000000,923.3257296600,944.7555152700,931.5097316700,4985084,990175416.5900,0.153800,1,1.422000,106.273736,35.485570,29.337719,220.643668,0
2020-12-17,sh.603288,945.2285789700,969.2129085600,927.2048520000,927.2048520000,944.7555152700,6052269,1205525986.0000,0.186800,1,-1.857700,104.299496,34.826356,28.792714,216.544785,0
2020-12-18,sh.603288,891.0154789500,910.4110906500,875.1678450000,894.2796184800,927.2048520000,10620788,1999733870.8600,0.327800,1,-3.551000,100.595800,33.589665,27.770278,208.855235,0
2020-12-21,sh.603288,900.4767529500,924.0353252100,895.4622777300,919.1627691000,894.2796184800,6190577,1197438503.8500,0.191000,1,2.782500,103.394857,34.524291,28.542981,214.666590,0
2020-12-22,sh.603288,922.7107468500,932.8816164000,913.0129410000,913.0129410000,919.1627691000,4441838,865210880.3100,0.137100,1,-0.669100,102.703075,34.293300,28.352009,213.230324,0
2020-12-23,sh.603288,926.9210137800,931.9354890000,912.5398773000,924.5556952800,913.0129410000,4123352,804819337.2100,0.127200,1,1.264200,104.001497,34.726853,28.710449,215.926085,0
2020-12-24,sh.603288,924.0353252100,931.8881826300,909.7961078400,924.5083889100,924.5556952800,2498583,487890190.1200,0.077100,1,-0.005100,103.996176,34.725076,28.708980,215.915037,0
2020-12-25,sh.603288,913.0129410000,950.8580370000,913.0129410000,950.8580370000,924.5083889100,4199654,836424546.2100,0.129600,1,2.850100,106.960197,35.714784,29.527222,222.068886,0
2020-12-28,sh.603288,941.4440693700,949.9119096000,921.5280876000,930.1851533100,950.8580370000,4707379,928860665.6900,0.145300,1,-2.174100,104.634744,34.938298,28.885262,217.240822,0
2020-12-29,sh.603288,930.1851533100,944.0932260900,922.0011513000,933.7804374300,930.1851533100,3413358,673212368.8400,0.105300,1,0.386500,105.039171,35.073339,28.996907,218.080485,0
2020-12-30,sh.603288,922.0011513000,947.5938974700,920.5819602000,945.9854808900,933.7804374300,3669265,728784215.9200,0.113200,1,1.307100,106.412093,35.531768,29.375913,220.930921,0
2020-12-31,sh.603288,941.3967630000,955.5413676300,939.4098954600,948.6819439800,945.9854808900,4028374,807307034.3100,0.124300,1,0.285000,106.715413,35.633049,29.459647,221.560669,0
2021-01-04,sh.603288,948.6819439800,964.9553352600,941.3967630000,948.5873312400,948.6819439800,5766098,1160663088.4600,0.177900,1,-0.010000,106.704770,35.629495,29.456709,221.538573,0
2021-01-05,sh.603288,946.1274000000,974.5112220000,936.6661260000,952.0880026200,948.5873312400,9117305,1835173929.8600,0.281400,1,0.369000,107.098554,35.760982,29.565416,222.356140,0
2021-01-06,sh.603288,959.7516345600,979.1472462600,950.8580370000,977.4442169400,952.0880026200,6880064,1403899684.3700,0.212300,1,2.663200,109.950826,36.713376,30.352809,228.277977,0
2021-01-07,sh.603288,977.3496042000,1017.0869550000,965.0499480000,1015.1000874600,977.4442169400,8433857,1762291600.2800,0.260300,1,3.852500,114.186662,38.127753,31.522145,237.072347,0
2021-01-08,sh.603288,1023.5679276900,1038.7532724600,995.7990885000,1013.5389772500,1015.1000874600,6187072,1327415995.5600,0.190900,1,-0.153800,114.011056,38.069117,31.473668,236.707756,0
2021-01-11,sh.603288,1013.4443645100,1013.4443645100,974.5112220000,979.2418590000,1013.5389772500,5966262,1247871844.4800,0.184100,1,-3.383900,110.153039,36.780897,30.408631,228.697808,0
2021-01-12,sh.603288,979.2418590000,1005.3076688700,979.2418590000,999.3943726200,979.2418590000,5419599,1141097491.5400,0.167200,1,2.058000,112.419957,37.537837,31.034432,233.404343,0
2021-01-13,sh.603288,1016.9923422600,1016.9923422600,991.0684515000,1007.6256810000,999.3943726200,4056417,862990564.2600,0.125200,1,0.823600,113.345881,37.847010,31.290041,235.326730,0
2021-01-14,sh.603288,997.5494241900,1021.1553028200,986.3378145000,1016.9923422600,1007.6256810000,4373675,925501241.5700,0.135000,1,0.929600,114.399519,38.198827,31.580906,237.514275,0
2021-01-15,sh.603288,1013.2551390300,1014.2485728000,958.0012988700,967.8883302000,1016.9923422600,12058734,2460127684.1200,0.372100,1,-4.828400,108.875902,36.354452,30.056067,226.046240,0
2021-01-18,sh.603288,964.9553352600,964.9553352600,927.6779157000,962.3534849100,967.8883302000,5630835,1131488691.8200,0.173800,1,-0.571800,108.253298,36.146560,29.884192,224.753600,0
2021-01-19,sh.603288,962.3061785400,967.4152665000,928.7659622100,947.0262210300,962.3534849100,8845575,1758504014.3100,0.273000,1,-1.592700,106.529164,35.570859,29.408231,221.173982,0
2021-01-20,sh.603288,936.6661260000,956.8186396200,922.6161341100,949.9592159700,947.0262210300,3827924,766191299.9200,0.118100,1,0.309700,106.859091,35.681024,29.499310,221.858971,0
2021-01-21,sh.603288,958.1905243500,977.3496042000,948.9657822000,960.4139237400,949.9592159700,4364976,886852228.6400,0.134700,1,1.100500,108.035121,36.073709,29.823963,224.300623,0
2021-01-22,sh.603288,960.3193110000,976.8765405000,946.6950764400,960.2720046300,960.4139237400,4502924,914059930.9000,0.139000,1,-0.014800,108.019157,36.068378,29.819556,224.267479,0
2021-01-25,sh.603288,977.6807487900,999.1105344000,960.8869874400,986.2432017600,960.2720046300,6605520,1368185593.2500,0.203800,1,2.704600,110.940607,37.043871,30.626046,230.332942,0
2021-01-26,sh.603288,986.2432017600,986.4324272400,966.9422028000,968.5979257500,986.2432017600,3666887,755498712.9900,0.113200,1,-1.789100,108.955723,36.381105,30.078103,226.211963,0
2021-01-27,sh.603288,968.8344576000,974.5112220000,939.5045082000,944.2351452000,968.5979257500,4928501,988938617.8100,0.152100,1,-2.515300,106.215201,35.466024,29.321559,220.522138,0
2021-01-28,sh.603288,944.2351452000,952.6556790600,931.9354890000,942.7686477300,944.2351452000,3888178,775871623.5100,0.120000,1,-0.155300,106.050238,35.410942,29.276020,220.179644,0
2021-01-29,sh.603288,940.4506356000,950.8580370000,921.0550239000,932.6450845500,942.7686477300,4071008,805918405.0600,0.125600,1,-1.073800,104.911457,35.030695,28.961650,217.815328,0
2021-02-01,sh.603288,922.4269086300,936.6188196300,914.4321321000,922.8526659600,932.6450845500,4867722,947434423.1400,0.150200,1,-1.050000,103.809927,34.662886,28.657564,215.528350,0
2021-02-02,sh.603288,922.8526659600,942.8159541000,920.0615901300,941.5386821100,922.8526659600,4983060,986719298.9500,0.153800,1,2.024800,105.911881,35.364743,29.237825,219.892390,0
2021-02-03,sh.603288,941.3494566300,949.3442331600,922.4742150000,927.2048520000,941.5386821100,4705284,927129546.7500,0.145200,1,-1.522400,104.299496,34.826356,28.792714,216.544785,0
2021-02-04,sh.603288,913.5806174400,935.7199986000,908.2823040000,917.7435780000,927.2048520000,4830081,939478617.6200,0.149100,1,-1.020400,103.235215,34.470985,28.498910,214.335144,0
2021-02-05,sh.603288,925.0760653500,933.5439055800,909.2757377700,910.6949288700,917.7435780000,7321582,1424805160.0200,0.225900,1,-0.768000,102.442326,34.206234,28.280027,212.688962,0
2021-02-08,sh.603288,910.6476225000,926.6844819300,888.7920795600,922.0011513000,910.6949288700,7320296,1408064476.6200,0.225900,1,1.241500,103.714142,34.630902,28.631122,215.329482,0
2021-02-09,sh.603288,931.3678125600,995.2314120600,923.4203424000,976.4034768000,922.0011513000,9566207,1945398737.1700,0.295200,1,5.900500,109.833755,36.674286,30.320490,228.034916,0
2021-02-10,sh.603288,979.1472462600,979.2418590000,956.8659459900,975.0315920700,976.4034768000,5824528,1193760080.5000,0.179700,1,-0.140500,109.679434,36.622757,30.277889,227.714518,0
2021-02-18,sh.603288,983.9251896300,993.3391572600,893.1442656000,893.1442656000,975.0315920700,17023371,3311433687.0500,0.525300,1,-8.398400,100.468086,33.547021,27.735022,208.590078,0
2021-02-19,sh.603288,893.5227165600,906.7685001600,872.8498328700,904.4031816600,893.1442656000,9714652,1831732629.4100,0.299800,1,1.260600,101.734580,33.969912,28.084648,211.219551,0
2021-02-22,sh.603288,913.4386983300,913.8644556600,865.7065710000,865.8484901100,904.4031816600,7730219,1432309644.4900,0.238600,1,-4.263000,97.397636,32.521776,26.887400,202.215265,0
2021-02-23,sh.603288,854.7314931600,886.3794546900,852.0350300700,864.7604436000,865.8484901100,5131445,944156561.1400,0.158400,1,-0.125700,97.275244,32.480908,26.853612,201.961156,0
2021-02-24,sh.603288,864.7604436000,872.9444456100,831.2202272700,838.2215700300,864.7604436000,7509553,1347453230.2800,0.231700,1,-3.068900,94.289937,31.484092,26.029495,195.763114,0
2021-02-25,sh.603288,839.2150038000,846.7367166300,819.2517156600,831.0783081600,838.2215700300,5858578,1031855198.9900,0.180800,1,-0.852200,93.486405,31.215787,25.807673,194.094836,0
2021-02-26,sh.603288,804.2082900000,832.5921120000,798.8153638200,816.9810099000,831.0783081600,5819696,1005373864.3200,0.179600,1,-1.696300,91.900627,30.686284,25.369906,190.802471,0
2021-03-01,sh.603288,816.9810099000,827.0572667100,805.1544174000,815.9402697600,816.9810099000,4851580,834879717.8000,0.149700,1,-0.127400,91.783556,30.647194,25.337588,190.559411,0
2021-03-02,sh.603288,823.1308380000,829.3279724700,795.2200797000,802.4579543100,815.9402697600,5700145,977151691.0000,0.175900,1,-1.652400,90.266957,30.140790,24.918918,187.410673,0
2021-03-03,sh.603288,794.7470160000,811.6826964600,788.4079624200,809.6958289200,802.4579543100,4861142,823218377.1600,0.150000,1,0.902000,91.081131,30.412649,25.143678,189.101048,0
2021-03-04,sh.603288,804.1136772600,808.9389270000,771.3303628500,778.1897865000,809.6958289200,5731684,953364636.0900,0.176900,1,-3.891100,87.537077,29.229263,24.165313,181.742944,0
2021-03-05,sh.603288,767.9243042100,800.3764740300,756.9492263700,787.6510605000,778.1897865000,5180894,857384903.3200,0.159900,1,1.215800,88.601358,29.584634,24.459116,183.952585,0
2021-03-08,sh.603288,789.9690726300,801.3226014300,748.0083224400,750.0424963500,787.6510605000,5300886,860383304.6000,0.163600,1,-4.774800,84.370842,28.172035,23.291249,175.169263,0
2021-03-09,sh.603288,747.4406460000,761.6325570000,723.7874610000,726.9569877900,750.0424963500,7457100,1170809332.9800,0.230100,1,-3.077900,81.773998,27.304930,22.574369,169.777740,0
2021-03-10,sh.603288,742.7100090000,751.2251556000,726.9569877900,729.9372891000,726.9569877900,6779468,1055471683.4300,0.209200,1,0.410000,82.109246,27.416871,22.666917,170.473777,0
2021-03-11,sh.603288,736.9386318600,758.7468684300,730.8834165000,745.5483912000,729.9372891000,6105641,961396683.8600,0.188400,1,2.138700,83.865309,28.003234,23.151692,174.119684,0
2021-03-12,sh.603288,746.7310504500,751.8874447800,724.2605247000,735.1409898000,745.5483912000,5375881,831723030.5200,0.165900,1,-1.395900,82.694600,27.612325,22.828509,171.689079,0
2021-03-15,sh.603288,728.5180980000,732.7283649300,700.1342760000,706.2841041000,735.1409898000,5601958,840541824.5900,0.172900,1,-3.925400,79.448545,26.528444,21.932409,164.949675,0
2021-03-16,sh.603288,709.1224863000,720.0029514000,707.2302315000,718.8202921500,706.2841041000,3632995,549077744.2700,0.112100,1,1.774900,80.858716,26.999311,22.321698,167.877449,0
2021-03-17,sh.603288,718.8675985200,729.8426763600,707.7506015700,723.1724781900,718.8202921500,3639991,555703040.2500,0.112300,1,0.605500,81.348285,27.162781,22.456848,168.893884,0
2021-03-18,sh.603288,730.8834165000,762.5786844000,723.3143973000,743.9872809900,723.1724781900,6585584,1033473191.6600,0.203200,1,2.878300,83.689703,27.944597,23.103215,173.755093,0
2021-03-19,sh.603288,727.5719706000,739.2093376200,715.4142335100,719.2933558500,743.9872809900,4719443,724682703.1900,0.145600,1,-3.319100,80.911930,27.017079,22.336388,167.987931,0
2021-03-22,sh.603288,719.4825813300,730.9307228700,709.6901627400,717.4484074200,719.2933558500,3690801,559033141.5800,0.113900,1,-0.256500,80.704396,26.947782,22.279097,167.557051,0
2021-03-23,sh.603288,711.9608685000,720.9490788000,693.2748523500,702.4995945000,717.4484074200,6967179,1034280645.0000,0.215000,1,-2.083600,79.022832,26.386296,21.814888,164.065819,0
2021-03-24,sh.603288,703.0672709400,709.4063245200,684.9962376000,693.0856268700,702.4995945000,4883714,716338482.2200,0.150700,1,-1.340100,77.963873,26.032701,21.522553,161.867227,0
2021-03-25,sh.603288,688.3076835000,702.9726582000,684.9962376000,699.7085186700,693.0856268700,4050959,595852747.3600,0.125000,1,0.955600,78.708870,26.281461,21.728216,163.413975,0
2021-03-26,sh.603288,700.1815823700,716.6915055000,700.1815823700,711.7243366500,699.7085186700,4712678,706715465.3800,0.145400,1,1.717300,80.060506,26.732782,22.101346,166.220219,0
2021-03-29,sh.603288,713.5692850800,725.6797158000,709.5955500000,719.3406622200,711.7243366500,5158578,784553367.0100,0.159200,1,1.070100,80.917252,27.018856,22.337857,167.998979,0
2021-03-30,sh.603288,722.8413336000,763.9978755000,719.7664195500,745.4537784600,719.3406622200,7859271,1237900459.7600,0.242500,1,3.630100,83.854666,27.999680,23.148754,174.097588,0
2021-03-31,sh.603288,776.3921444400,776.3921444400,738.2632102200,755.9557926000,745.4537784600,6301842,1001546565.5000,0.194500,1,1.408800,80.873676,25.802875,22.719625,248.728358,0
2021-04-01,sh.603288,760.2606722700,784.7180655600,760.2606722700,782.5419725400,755.9557926000,4438077,730016141.1500,0.137000,1,3.516900,83.717919,26.710335,23.518650,257.475876,0
2021-04-02,sh.603288,789.9217662600,808.7497015200,789.0702516000,806.1005448000,782.5419725400,5306396,897199966.5600,0.163800,1,3.010500,86.238263,27.514454,24.226684,265.227235,0
2021-04-06,sh.603288,806.5736085000,807.9927996000,779.2778330100,791.5774892100,806.1005448000,4017382,667969335.8200,0.124000,1,-1.801600,84.684557,27.018742,23.790205,260.448787,0
2021-04-07,sh.603288,793.8955013400,805.6274811000,766.3158876300,805.2963365100,791.5774892100,6819714,1138443147.9900,0.210500,1,1.733100,86.152227,27.487005,24.202514,264.962631,0
2021-04-08,sh.603288,780.6970241100,831.6932909700,780.5551050000,829.7537298000,805.2963365100,6423402,1109463037.5100,0.198200,1,3.037100,88.768728,28.321803,24.937561,273.009725,0
2021-04-09,sh.603288,823.1308380000,824.8338673200,805.2017237700,812.6761302300,829.7537298000,4692863,807633567.8600,0.144800,1,-2.058200,86.941732,27.738897,24.424308,267.390767,0
2021-04-12,sh.603288,812.1084537900,812.7234366000,787.6983668700,798.7680574500,812.6761302300,5077797,857683064.9100,0.156700,1,-1.711400,85.453819,27.264176,24.006312,262.814664,0
2021-04-13,sh.603288,804.1136772600,812.8180493400,799.5249593700,807.0466722000,798.7680574500,3494128,594721008.1400,0.107800,1,1.036400,86.339481,27.546748,24.255119,265.538535,0
2021-04-14,sh.603288,799.9507167000,812.2503729000,786.3264821400,802.4579543100,807.0466722000,3462328,586640926.4700,0.106800,1,-0.568600,85.848571,27.390123,24.117209,264.028732,0
2021-04-15,sh.603288,798.3896064900,807.3305104200,788.4079624200,800.6603122500,802.4579543100,2271595,382193863.0100,0.070100,1,-0.224000,85.656256,27.328764,24.063182,263.437263,0
2021-04-16,sh.603288,808.9389270000,808.9389270000,777.2436591000,790.0163790000,800.6603122500,3416299,570233503.4900,0.105400,1,-1.329400,84.517546,26.965457,23.743288,259.935143,0
2021-04-19,sh.603288,794.1793395600,807.7562677500,781.9742961000,800.6130058800,790.0163790000,3375026,569092483.7700,0.104200,1,1.341300,85.651195,27.327149,24.061760,263.421698,0
2021-04-20,sh.603288,799.4776530000,808.8443142600,793.2332121600,794.5577905200,800.6130058800,3245888,546496160.4900,0.100200,1,-0.756300,85.003396,27.120468,23.879776,261.429381,0
2021-04-21,sh.603288,790.0163790000,799.3357338900,785.9953375500,794.0374204500,794.5577905200,2920002,490216296.2700,0.090100,1,-0.065500,84.947725,27.102706,23.864137,261.258166,0
2021-04-22,sh.603288,795.5512242900,799.0045893000,771.0938310000,773.9322132000,794.0374204500,6107253,1004555990.7800,0.188500,1,-2.532000,82.796830,26.416460,23.259891,254.643050,0
2021-04-23,sh.603288,773.9322132000,810.5000372100,771.1411373700,807.9927996000,773.9322132000,6480456,1092265263.4300,0.200000,1,4.401000,86.440700,27.579042,24.283554,265.849835,0
2021-04-26,sh.603288,814.5210786600,817.6432990800,766.2685812600,766.4105003700,807.9927996000,8812843,1459782862.0500,0.272000,1,-5.146400,81.992142,26.159723,23.033832,252.168218,0
2021-04-27,sh.603288,767.7350787300,775.5879361500,766.3631940000,772.6549412100,766.4105003700,3754499,612689742.0500,0.115900,1,0.814800,82.660185,26.372863,23.221504,254.222796,0
2021-04-28,sh.603288,771.8507329200,771.9926520300,752.1712830000,763.9978755000,772.6549412100,5065090,811588831.3200,0.156300,1,-1.120400,81.734034,26.077373,22.961323,251.374404,0
2021-04-29,sh.603288,766.3631940000,795.6931434000,763.9978755000,785.2857420000,763.9978755000,5077367,840857024.1700,0.156700,1,2.786400,84.011453,26.803987,23.601112,258.378645,0
2021-04-30,sh.603288,804.2082900000,813.5749512600,787.6510605000,801.8429715000,785.2857420000,6789051,1150797862.9400,0.209500,1,2.108400,81.448725,24.941479,22.822940,396.018737,0
2021-05-06,sh.603288,801.8429715000,810.8311818000,773.8376004600,780.5077986300,801.8429715000,5220546,870426702.2600,0.161100,1,-2.660800,79.281564,24.277844,22.215674,385.481601,0
2021-05-07,sh.603288,779.6562839700,786.1372566600,749.1436753200,752.5970403300,780.5077986300,5068022,819955338.4400,0.156400,1,-3.576000,76.446476,23.409675,21.421247,371.696878,0
2021-05-10,sh.603288,752.7862658100,760.6864296000,744.6022638000,755.0096652000,752.5970403300,3495400,554701481.2900,0.107900,1,0.320600,76.691543,23.484720,21.489918,372.888439,0
2021-05-11,sh.603288,754.5366015000,797.1123345000,748.0556288100,794.9835478500,755.0096652000,5501041,908747332.5100,0.169800,1,5.294500,80.751966,24.728115,22.627699,392.630966,0
2021-05-12,sh.603288,794.9835478500,808.7497015200,788.1714305700,797.9638491600,794.9835478500,3081245,519601996.6500,0.095100,1,0.374900,81.054696,24.820818,22.712528,394.102894,0
2021-05-13,sh.603288,797.9638491600,807.2832040500,788.9756388600,807.0466722000,797.9638491600,3695390,624686509.0700,0.114000,1,1.138200,81.977301,25.103341,22.971053,398.588770,0
2021-05-14,sh.603288,808.9389270000,827.8614750000,795.1254669600,821.0966640900,807.0466722000,4890610,844466807.7900,0.150900,1,1.740900,83.404455,25.540369,23.370959,405.527859,0
2021-05-17,sh.603288,841.3890240000,874.3640497200,841.3890240000,844.1730318000,821.0967004800,10418659,1430689532.9600,0.247300,1,2.810400,85.237652,26.101736,23.884644,414.441201,0
2021-05-18,sh.603288,844.3586323200,849.1223790000,827.5927186800,833.1607342800,844.1730318000,5325546,717393876.7500,0.126400,1,-1.304500,84.125721,25.761237,23.573067,409.034786,0
2021-05-19,sh.603288,833.2226011200,835.2023400000,811.0742724000,822.5815046400,833.1607342800,4861034,645965172.6400,0.115400,1,-1.269800,83.057517,25.434128,23.273743,403.840983,0
2021-05-20,sh.603288,821.2823010000,832.5420658800,816.3948206400,822.8289720000,822.5815046400,5020696,668415581.7800,0.119200,1,0.030100,83.082505,25.441780,23.280745,403.962475,0
2021-05-21,sh.603288,824.8705777200,826.9740502800,801.6705127200,814.1057475600,822.8289720000,6725072,881429062.1300,0.159600,1,-1.060200,82.201705,25.172059,23.033934,399.679866,0
2021-05-24,sh.603288,814.0438807200,819.6118963200,801.7942464000,818.4982932000,814.1057475600,4391760,576430930.5800,0.104300,1,0.539600,82.645228,25.307876,23.158215,401.836357,0
2021-05-25,sh.603288,820.4780320800,859.3304076000,820.4780320800,858.4024050000,818.4982932000,11067163,1511637465.1200,0.262700,1,4.875300,86.674417,26.541707,24.287243,421.427018,0
2021-05-26,sh.603288,866.0120263200,869.6621698800,839.9042198400,848.1943764000,858.4024050000,8093605,1109187182.3800,0.192100,1,-1.189200,85.643695,26.226075,23.998422,416.415454,0
2021-05-27,sh.603288,841.6983582000,864.7128226800,835.2642068400,853.8242588400,848.1943764000,6403770,880984317.2000,0.152000,1,0.663700,86.212154,26.400151,24.157711,419.179408,0
2021-05-28,sh.603288,853.8242588400,854.6903946000,835.2023400000,840.3372877200,853.8242588400,6393339,870589565.1700,0.151800,1,-1.579600,84.850350,25.983135,23.776117,412.558068,0
2021-05-31,sh.603288,840.6466219200,849.4317132000,827.7783192000,849.1842458400,840.3372877200,4922501,668279847.2800,0.116900,1,1.052800,85.743644,26.256682,24.026429,416.901424,0
2021-06-01,sh.603288,849.2461126800,861.8050812000,841.5746245200,859.7016086400,849.1842458400,7195240,994012535.7000,0.170800,1,1.238500,86.805600,26.581878,24.324002,422.064854,0
2021-06-02,sh.603288,863.5373527200,864.2797548000,842.6263608000,853.8861256800,859.7016086400,4947566,681070732.7300,0.117400,1,-0.676500,86.218401,26.402064,24.159462,419.209781,0
2021-06-03,sh.603288,853.8861256800,856.1751987600,844.9773007200,846.3383712000,853.8861256800,4082663,561389409.2400,0.096900,1,-0.883900,85.456291,26.168688,23.945909,415.504260,0
2021-06-04,sh.603288,838.2956820000,859.2066739200,838.2956820000,850.1741152800,846.3383712000,4903566,674906284.4100,0.116400,1,0.453200,85.843592,26.287289,24.054436,417.387394,0
2021-06-07,sh.603288,852.5250552000,857.8456034400,840.2754208800,842.1932929200,850.1741152800,4004109,546698639.9900,0.095100,1,-0.938700,85.037755,26.040523,23.828630,413.469261,0
2021-06-08,sh.603288,842.1932929200,853.7005251600,829.4487238800,835.2023400000,842.1932929200,5641452,764924894.1200,0.133900,1,-0.830100,84.331866,25.824363,23.630831,410.037099,0
2021-06-09,sh.603288,835.2023400000,848.1943764000,829.1393896800,840.1516872000,835.2023400000,3955054,538335231.7100,0.093900,1,0.592600,84.831610,25.977396,23.770866,412.466948,0
2021-06-10,sh.603288,840.3372877200,850.9783842000,838.1100814800,842.3788934400,840.1516872000,4370504,597106963.0400,0.103700,1,0.265100,85.056495,26.046261,23.833881,413.560381,0
2021-06-11,sh.603288,842.3788934400,842.6263608000,829.0156560000,833.2226011200,842.3788934400,5343142,719070562.7500,0.126800,1,-1.087000,84.131968,25.763150,23.574817,409.065159,0
2021-06-15,sh.603288,833.2226011200,838.2956820000,807.3622620000,813.2396118000,833.2226011200,5872804,774855722.7800,0.139400,1,-2.398300,82.114250,25.145278,23.009428,399.254642,0
2021-06-16,sh.603288,815.7142854000,828.9537891600,815.7142854000,828.3969876000,813.2396118000,5195860,692825087.1600,0.123300,1,1.863800,83.644717,25.613942,23.438284,406.696056,0
2021-06-17,sh.603288,821.9009694000,825.6748466400,810.4556040000,813.9820138800,828.3969876000,4854176,639427159.6900,0.115200,1,-1.740100,82.189212,25.168233,23.030433,399.619119,0
2021-06-18,sh.603288,819.7356300000,827.5308518400,795.6075624000,801.1755780000,813.9820138800,6974539,909199420.4700,0.165600,1,-1.573300,80.896123,24.772259,22.668094,393.331884,0
2021-06-21,sh.603288,799.9382412000,807.3622620000,792.8235546000,802.6603821600,801.1755780000,4480169,578394655.1000,0.106400,1,0.185300,81.046046,24.818169,22.710104,394.060839,0
2021-06-22,sh.603288,802.7841158400,822.5196378000,802.7841158400,809.9606692800,802.6603821600,7004490,920389942.0200,0.166300,1,0.909500,81.783169,25.043893,22.916655,397.644867,0
2021-06-23,sh.603288,816.0854864400,818.9313610800,804.3926536800,805.3206562800,809.9606692800,4285973,560402583.3500,0.101700,1,-0.572900,81.314659,24.900425,22.785373,395.366883,0
2021-06-24,sh.603288,807.3622620000,809.3420008800,793.1328888000,804.3307868400,805.3206562800,5021924,648633692.3800,0.119200,1,-0.122900,81.214710,24.869818,22.757366,394.880913,0
2021-06-25,sh.603288,801.1755780000,823.1383062000,798.0822360000,819.7356300000,804.3307868400,6908820,910039634.0500,0.164000,1,1.915200,82.770164,25.346134,23.193223,402.443819,0
2021-06-28,sh.603288,819.7356300000,819.7356300000,807.9809304000,819.6118963200,819.7356300000,3981988,524024872.3900,0.094500,1,-0.015100,82.757671,25.342308,23.189722,402.383073,0
2021-06-29,sh.603288,819.1169616000,819.1169616000,797.1542334000,800.1238417200,819.6118963200,5684301,736979802.5300,0.134900,1,-2.377700,80.789927,24.739740,22.638336,392.815541,0
2021-06-30,sh.603288,800.1238417200,805.5062568000,796.8448992000,797.7729018000,800.1238417200,2746178,354562424.4800,0.065200,1,-0.293800,80.552549,24.667049,22.571820,391.661362,0
2021-07-01,sh.603288,797.8347686400,816.6422880000,792.9472882800,816.6422880000,797.7729018000,6318077,825618284.6600,0.150000,1,2.365300,82.457824,25.250488,23.105702,400.925163,0
2021-07-02,sh.603288,810.4556040000,810.4556040000,774.5728368000,781.0069881600,816.6422880000,8804609,1121871006.0200,0.209000,1,-4.363600,78.859665,24.148649,22.097453,383.430247,0
2021-07-05,sh.603288,773.3355000000,778.0373798400,742.4020800000,749.5167666000,781.0069881600,7573136,921471131.1500,0.179800,1,-4.032000,75.680041,23.174975,21.206483,367.970330,0
2021-07-06,sh.603288,748.5887640000,749.4548997600,702.2505008400,727.4921715600,749.5167666000,10801738,1252881409.1200,0.256400,1,-2.938500,73.456178,22.493977,20.583329,357.157500,0
2021-07-07,sh.603288,717.6553440000,731.5753830000,711.4686600000,723.5945606400,727.4921715600,6220992,726634138.6200,0.147700,1,-0.535800,73.062630,22.373463,20.473052,355.243993,0
2021-07-08,sh.603288,729.9668451600,730.6473804000,711.5305268400,725.9455005600,723.5945606400,6177819,719512678.5100,0.146700,1,0.324900,73.300008,22.446154,20.539568,356.398172,0
2021-07-09,sh.603288,723.8420280000,726.9353700000,695.3832816000,704.6633076000,725.9455005600,8159423,929712067.6300,0.193700,1,-2.931700,71.151107,21.788111,19.937420,345.949819,0
2021-07-12,sh.603288,708.0041169600,727.2447042000,694.5171458400,723.0377590800,704.6633076000,8412224,968419714.5400,0.199700,1,2.607600,73.006408,22.356247,20.457298,354.970635,0
2021-07-13,sh.603288,719.0782813200,762.8181372000,714.9332030400,760.8383983200,723.0377590800,9744429,1178080236.6800,0.231300,1,5.228000,76.823206,23.525038,21.526812,373.528611,0
2021-07-14,sh.603288,760.3434636000,778.9035156000,745.7428893600,772.2218968800,760.8383983200,8648133,1069683277.1200,0.205300,1,1.496200,77.972618,23.877015,21.848891,379.117264,0
2021-07-15,sh.603288,772.2837637200,797.3398339200,761.0858656800,794.9270271600,772.2218968800,10146546,1292722399.8800,0.240900,1,2.940200,80.265196,24.579055,22.491300,390.264199,0
2021-07-16,sh.603288,785.9563353600,790.3488810000,760.9621320000,761.6426672400,794.9270271600,6250671,776037914.7900,0.148400,1,-4.187100,76.904415,23.549906,21.549568,373.923461,0
2021-07-19,sh.603288,748.7743645200,761.2714662000,730.6473804000,758.3637247200,761.6426672400,6073858,729780600.9800,0.144200,1,-0.430500,76.573334,23.448522,21.456795,372.313686,0
2021-07-20,sh.603288,752.3007744000,769.8090901200,747.9700956000,766.2826802400,758.3637247200,5315673,650981879.8500,0.126200,1,1.044200,77.372925,23.693375,21.680850,376.201445,0
2021-07-21,sh.603288,754.7754480000,769.6234896000,734.3593908000,737.2052654400,766.2826802400,8209583,988397645.3800,0.194900,1,-3.794600,74.436927,22.794305,20.858147,361.926079,0
2021-07-22,sh.603288,734.7305918400,750.9397039200,727.8633726000,739.9274064000,737.2052654400,5321554,639315257.2700,0.126300,1,0.369300,74.711786,22.878473,20.935166,363.262496,0
2021-07-23,sh.603288,739.9274064000,747.8463619200,725.3886990000,732.4415187600,739.9274064000,5237878,621859557.0200,0.124300,1,-1.011700,73.955923,22.647010,20.723364,359.587349,0
2021-07-26,sh.603288,730.0287120000,738.2570017200,707.9422501200,717.9028113600,732.4415187600,6300789,732156231.1800,0.149600,1,-1.985000,72.487924,22.197475,20.312012,352.449666,0
2021-07-27,sh.603288,726.9353700000,730.7711140800,692.9086080000,699.7139604000,717.9028113600,7697565,888537012.7600,0.182700,1,-2.533600,70.651363,21.635078,19.797385,343.519970,0
2021-07-28,sh.603288,696.0019500000,706.3955791200,666.9245352000,697.2392868000,699.7139604000,8232997,921095560.0100,0.195400,1,-0.353700,70.401491,21.558561,19.727368,342.305045,0
2021-07-29,sh.603288,704.0446392000,713.8814667600,686.7219240000,708.2515843200,697.2392868000,7404765,841101247.1500,0.175800,1,1.579400,71.513422,21.899060,20.038945,347.711460,0
2021-07-30,sh.603288,701.1987645600,713.8814667600,689.5059318000,709.2414537600,708.2515843200,6116419,692462864.6300,0.145200,1,0.139800,71.613371,21.929667,20.066952,348.197430,0
2021-08-02,sh.603288,699.8376940800,742.4639468400,691.0526028000,728.7295083600,709.2414537600,9459053,1104039583.6900,0.224500,1,2.747700,73.581114,22.532235,20.618338,357.764962,0
2021-08-03,sh.603288,726.9353700000,739.3087380000,712.7059968000,736.7103307200,728.7295083600,5811084,685006450.5300,0.137900,1,1.095200,74.386952,22.779001,20.844144,361.683094,0
2021-08-04,sh.603288,741.5359442400,741.5359442400,712.5203962800,717.8409445200,736.7103307200,5904589,688804425.5100,0.140200,1,-2.561300,72.481677,22.195562,20.310262,352.419293,0
2021-08-05,sh.603288,711.4686600000,742.2164794800,705.4057096800,726.0073674000,717.8409445200,6421228,757600714.0000,0.152400,1,1.137600,73.306255,22.448067,20.541319,356.428545,0
2021-08-06,sh.603288,717.6553440000,723.5326938000,705.5913102000,710.1694563600,726.0073674000,4375473,503152245.7300,0.103900,1,-2.181500,71.707073,21.958360,20.093208,348.653027,0
2021-08-09,sh.603288,709.6126548000,758.9205262800,706.0243780800,748.9599650400,710.1694563600,12119497,1449171375.5200,0.287700,1,5.462100,75.623820,23.157759,21.190729,367.696972,0
2021-08-10,sh.603288,748.9599650400,760.9621320000,729.2863099200,759.1061268000,748.9599650400,10152383,1225143348.5400,0.241000,1,1.354700,76.648296,23.471477,21.477800,372.678163,0
2021-08-11,sh.603288,746.4234246000,757.8687900000,739.6799390400,739.6799390400,759.1061268000,5811740,700174099.8000,0.138000,1,-2.559100,74.686799,22.870821,20.928164,363.141004,0
2021-08-12,sh.603288,736.2153960000,744.2580852000,717.7172108400,717.7790776800,739.6799390400,6095482,715418202.8500,0.144700,1,-2.960900,72.475430,22.193649,20.308511,352.388920,0
2021-08-13,sh.603288,711.4686600000,725.1412316400,711.4686600000,715.6756051200,717.7790776800,4110803,475758507.6200,0.097600,1,-0.293100,72.263039,22.128610,20.248997,351.356234,0
2021-08-16,sh.603288,715.1806704000,722.6046912000,706.0243780800,714.5620020000,715.6756051200,4792993,550707347.8000,0.113800,1,-0.155600,72.150596,22.094177,20.217489,350.809518,0
2021-08-17,sh.603288,714.6238688400,717.6553440000,690.0627333600,692.2899396000,714.5620020000,7722782,873371203.3400,0.183300,1,-3.116900,69.901746,21.405528,19.587333,339.875195,0
2021-08-18,sh.603288,692.3518064400,697.2392868000,682.9480467600,689.5059318000,692.2899396000,3672016,409954274.6100,0.087200,1,-0.402100,69.620640,21.319446,19.508564,338.508405,0
2021-08-19,sh.603288,686.1032556000,692.1662059200,680.5352400000,683.1336472800,689.5059318000,4123044,455716104.8200,0.097900,1,-0.924200,68.977219,21.122416,19.328269,335.379974,0
2021-08-20,sh.603288,680.5352400000,682.6387125600,644.2194049200,652.3858278000,683.1336472800,9494232,1010238081.6300,0.225400,1,-4.501000,65.872557,20.171697,18.458305,320.284534,0
2021-08-23,sh.603288,658.8818460000,661.9751880000,643.4151360000,649.4780863200,652.3858278000,7034929,740860005.2300,0.167000,1,-0.445700,65.578957,20.081790,18.376034,318.856997,0
2021-08-24,sh.603288,655.5410366400,679.2979032000,649.6018200000,679.1741695200,649.4780863200,7143188,773843930.1800,0.169600,1,4.572300,68.577424,20.999990,19.216242,333.436094,0
2021-08-25,sh.603288,681.7725768000,696.0019500000,674.4104228400,676.1426943600,679.1741695200,4322306,477504843.3700,0.102600,1,-0.446300,68.271330,20.906257,19.130471,331.947811,0
2021-08-26,sh.603288,676.2045612000,676.8232296000,652.3239609600,660.4285170000,676.1426943600,4923648,525043276.4300,0.116900,1,-2.324100,66.684642,20.420376,18.685861,324.233039,0
2021-08-27,sh.603288,656.6546397600,678.5555011200,653.0044962000,656.3453055600,660.4285170000,3668579,392702448.3000,0.087100,1,-0.618300,66.272353,20.294124,18.570332,322.228413,0
2021-08-30,sh.603288,686.7219240000,686.7219240000,646.8178122000,652.8807625200,656.3453055600,4781782,507627667.3700,0.113500,1,-0.527900,65.922532,20.187000,18.472308,320.527519,0
2021-08-31,sh.603288,587.6112463200,599.3659459200,587.6112463200,587.6112463200,652.8807625200,10404096,989248755.9000,0.247000,1,-9.997200,61.528977,19.922455,17.004699,174.033570,0
2021-09-01,sh.603288,558.0388968000,590.0859199200,533.1684271200,575.6709462000,587.6112463200,19489771,1769314100.0100,0.462700,1,-2.032000,60.278704,19.517630,16.659162,170.497196,0
2021-09-02,sh.603288,562.9882440000,569.0511943200,550.6148760000,555.5642232000,575.6709462000,13018402,1174747536.3400,0.309000,1,-3.492700,58.173322,18.835928,16.077300,164.542163,0
2021-09-03,sh.603288,540.0975132000,572.2682700000,533.9108292000,557.2346278800,555.5642232000,12549715,1122031631.5900,0.297900,1,0.300700,58.348230,18.892562,16.125639,165.036888,0
2021-09-06,sh.603288,550.9242102000,572.6394710400,545.6655288000,569.2986616800,557.2346278800,13772418,1246629466.6900,0.326900,1,2.165000,59.611460,19.301583,16.474757,168.609909,0
2021-09-07,sh.603288,565.9578523200,566.0197191600,555.0074216400,558.2863641600,569.2986616800,11596454,1046493565.2200,0.275300,1,-1.934400,58.458358,18.928220,16.156075,165.348383,0
2021-09-08,sh.603288,555.5642232000,567.0714554400,551.8522128000,561.4415730000,558.2863641600,8995942,816007266.3600,0.213500,1,0.565200,58.788741,19.035195,16.247383,166.282865,0
2021-09-09,sh.603288,564.0399802800,569.0511943200,556.8015600000,556.8015600000,561.4415730000,7544727,685354155.6000,0.179100,1,-0.826400,58.302884,18.877879,16.113107,164.908626,0
2021-09-10,sh.603288,565.8341186400,565.8341186400,555.5642232000,561.5653066800,556.8015600000,6868910,622715437.4600,0.163100,1,0.855600,58.801697,19.039390,16.250963,166.319511,0
2021-09-13,sh.603288,562.4314424400,562.6170429600,547.0265992800,550.3674086400,561.5653066800,7175385,640591323.6700,0.170300,1,-1.994100,57.629161,18.659735,15.926911,163.003015,0
2021-09-14,sh.603288,551.1716775600,556.1828916000,543.1908552000,545.5417951200,550.3674086400,6248924,552961230.1200,0.148300,1,-0.876800,57.123870,18.496127,15.787264,161.573807,0
2021-09-15,sh.603288,538.2415080000,543.5001894000,532.1166908400,534.0345628800,545.5417951200,7200117,622206624.0800,0.170900,1,-2.109300,55.918944,18.105984,15.454260,158.165696,0
2021-09-16,sh.603288,532.0548240000,556.1210247600,528.9614820000,550.9860770400,534.0345628800,9937655,875196553.3200,0.235900,1,3.174200,57.693942,18.680710,15.944814,163.186247,0
2021-09-17,sh.603288,550.9860770400,555.8735574000,537.0041712000,551.2335444000,550.9860770400,6037211,533846298.3700,0.143300,1,0.044900,57.719855,18.689100,15.951976,163.259540,0
2021-09-22,sh.603288,549.3775392000,558.3482310000,537.1279048800,538.7364427200,551.2335444000,4494567,395066112.8600,0.106700,1,-2.267100,56.411279,18.265397,15.590326,159.558257,0
2021-09-23,sh.603288,543.1908552000,568.4943927600,540.4068474000,566.5765207200,538.7364427200,11783748,1068373683.2000,0.279700,1,5.167700,59.326423,19.209291,16.395981,167.803689,0
2021-09-24,sh.603288,587.7349800000,623.2465461600,587.7349800000,623.2465461600,566.5765207200,17339213,1719124574.7600,0.411600,1,10.002200,65.260361,21.130640,18.035938,184.587722,0
2021-09-27,sh.603288,624.9169508400,672.9874855200,618.6684000000,659.6861149200,623.2465461600,19067040,1996404952.0200,0.452600,1,5.846700,69.075961,22.366092,19.090451,195.380076,0
2021-09-28,sh.603288,659.6861149200,673.6680207600,631.0417680000,666.1202662800,659.6861149200,11541274,1226309816.8500,0.274000,1,0.975300,69.749683,22.584236,19.276647,197.285686,0
2021-09-29,sh.603288,659.1293133600,680.4733731600,642.6727339200,678.9885690000,666.1202662800,11072507,1196553389.5200,0.262800,1,1.931800,71.097128,23.020525,19.649039,201.096908,0
2021-09-30,sh.603288,678.9267021600,685.2371198400,666.3058668000,680.5352400000,678.9885690000,9010615,980810095.7600,0.213900,1,0.227800,71.259080,23.072964,19.693797,201.554988,0
2021-10-08,sh.603288,682.9480467600,708.3753180000,662.2226553600,692.9086080000,680.5352400000,9231564,1027768145.5600,0.219100,1,1.818200,72.554700,23.492472,20.051866,205.219624,0
2021-10-11,sh.603288,692.9086080000,699.0334251600,669.5848093200,680.0403052800,692.9086080000,7016694,775192666.1600,0.166600,1,-1.857100,71.207255,23.056183,19.679475,201.408402,0
2021-10-12,sh.603288,679.7928379200,711.4686600000,666.4914673200,705.2819760000,680.0403052800,8346925,939683691.2100,0.198100,1,3.711800,73.850319,23.911980,20.409935,208.884260,0
2021-10-13,sh.603288,723.8420280000,730.0287120000,686.7219240000,702.4979682000,705.2819760000,9772572,1110510603.9400,0.232000,1,-0.394700,73.558805,23.817591,20.329370,208.059717,0
2021-10-14,sh.603288,702.4979682000,709.6126548000,682.3912452000,695.2595479200,702.4979682000,5551923,623367949.1400,0.131800,1,-1.030400,72.800867,23.572179,20.119899,205.915905,0
2021-10-15,sh.603288,694.0222111200,715.7993388000,683.6285820000,709.4270542800,695.2595479200,8909606,1020116345.5800,0.211500,1,2.037700,74.284352,24.052516,20.529889,210.111913,0
2021-10-18,sh.603288,709.4270542800,710.1694563600,691.6712712000,696.3112842000,709.4270542800,6405424,722800516.2400,0.152100,1,-1.848800,72.910995,23.607837,20.150335,206.227399,0
2021-10-19,sh.603288,689.6296654800,726.5641689600,687.7117934400,716.4180072000,696.3112842000,6930167,799892695.3000,0.164500,1,2.887600,75.016377,24.289538,20.732198,212.182432,0
2021-10-20,sh.603288,716.4180072000,732.0703177200,709.4889211200,728.0489731200,716.4180072000,6715982,784751728.3500,0.159400,1,1.623500,76.234259,24.683876,21.068782,215.627190,0
2021-10-21,sh.603288,730.0287120000,735.4729939200,719.5113492000,723.8420280000,728.0489731200,4430415,519656683.3900,0.105200,1,-0.577800,75.793749,24.541243,20.947039,214.381214,0
2021-10-22,sh.603288,732.8127198000,756.1365184800,720.7486860000,753.5381112000,723.8420280000,9179486,1098788643.0600,0.217900,1,4.102600,78.903236,25.548063,21.806405,223.176341,0
2021-10-25,sh.603288,743.0207484000,748.5887640000,724.4606964000,732.8127198000,753.5381112000,7464339,883346229.4000,0.177200,1,-2.750400,76.733073,24.845387,21.206639,217.038075,0
2021-10-26,sh.603288,732.7508529600,732.8127198000,715.6137382800,719.0164144800,732.8127198000,4941258,576341984.2100,0.117300,1,-1.882700,75.288457,24.377635,20.807392,212.952006,0
2021-10-27,sh.603288,716.2324066800,728.6057746800,703.8590386800,719.2020150000,719.0164144800,4629762,535861023.8400,0.109900,1,0.025800,75.307891,24.383927,20.812763,213.006975,0
2021-10-28,sh.603288,722.6046912000,726.8735031600,713.2009315200,720.1918844400,719.2020150000,4349133,505896663.0600,0.103200,1,0.137600,75.411541,24.417488,20.841409,213.300146,0
2021-10-29,sh.603288,718.7689471200,726.8116363200,713.4483988800,723.9657616800,720.1918844400,5269653,615998020.9300,0.125100,1,0.524000,75.806705,24.545438,20.950620,214.417860,0
2021-11-01,sh.603288,717.0366756000,717.0366756000,697.2392868000,698.4147567600,723.9657616800,6100589,693785726.4100,0.144800,1,-3.529300,72.725311,22.182521,20.065619,-454.017464,0
2021-11-02,sh.603288,698.4147567600,742.4020800000,698.4147567600,742.4020800000,698.4147567600,12608194,1494321755.1300,0.299300,1,6.298200,77.305672,23.579613,21.329385,-482.612239,0
2021-11-03,sh.603288,736.8340644000,742.3402131600,723.9038948400,732.0084508800,742.4020800000,7147687,847204898.4500,0.169700,1,-1.400000,76.223393,23.249498,21.030774,-475.855667,0
2021-11-04,sh.603288,735.5967276000,769.6234896000,732.0084508800,764.1792076800,732.0084508800,10351949,1270502911.7700,0.245700,1,4.394900,79.573305,24.271282,21.955047,-496.768865,0
2021-11-05,sh.603288,758.1781242000,769.1285548800,751.6821060000,763.8080066400,764.1792076800,5895316,724796035.7900,0.139900,1,-0.048600,79.534652,24.259492,21.944382,-496.527558,0
2021-11-08,sh.603288,763.1274714000,763.8080066400,739.3087380000,742.7114142000,763.8080066400,5124993,618097629.7700,0.121700,1,-2.762000,77.337883,23.589438,21.338272,-482.813327,0
2021-11-09,sh.603288,741.7834116000,753.4143775200,735.9679286400,741.7834116000,742.7114142000,4344364,522018026.4100,0.103100,1,-0.124900,77.241251,23.559963,21.311611,-482.210062,0
2021-11-10,sh.603288,740.4842079600,751.6821060000,717.6553440000,727.1828373600,741.7834116000,5134017,604138258.6000,0.121900,1,-1.968300,75.720906,23.096231,20.892133,-472.718688,0
2021-11-11,sh.603288,721.6148217600,737.4527328000,719.1401481600,729.3481767600,727.1828373600,4464825,524339545.2600,0.106000,1,0.297800,75.946381,23.165005,20.954343,-474.126307,0
2021-11-12,sh.603288,727.4303047200,728.4820410000,714.5620020000,720.1300176000,729.3481767600,4150922,482778454.5000,0.098500,1,-1.263900,74.986502,22.872225,20.689504,-468.133872,0
2021-11-15,sh.603288,726.9353700000,758.3637247200,724.5844300800,753.9093122400,720.1300176000,7616967,920102800.4700,0.180800,1,4.690700,78.503910,23.945097,21.659991,-490.092729,0
2021-11-16,sh.603288,751.6821060000,757.1263879200,737.4527328000,751.4346386400,753.9093122400,4527585,547742135.6600,0.107500,1,-0.328200,78.246224,23.866498,21.588893,-488.484021,0
2021-11-17,sh.603288,743.3300826000,758.1781242000,742.4020800000,746.7946256400,751.4346386400,4450362,537957295.8800,0.105600,1,-0.617500,77.763064,23.719126,21.455584,-485.467695,0
2021-11-18,sh.603288,751.6202391600,751.6821060000,724.7700306000,736.0916623200,746.7946256400,3915841,464854252.4300,0.093000,1,-1.433200,76.648574,23.379186,21.148085,-478.510035,0
2021-11-19,sh.603288,738.0095343600,747.9700956000,730.0287120000,741.7834116000,736.0916623200,3207839,383147402.7400,0.076100,1,0.773200,77.241251,23.559963,21.311611,-482.210062,0
2021-11-22,sh.603288,736.2153960000,742.4020800000,725.6980332000,730.5236467200,741.7834116000,4029375,476579199.2900,0.095700,1,-1.517900,76.068781,23.202339,20.988115,-474.890443,0
2021-11-23,sh.603288,725.6980332000,739.3087380000,721.2436207200,726.1311010800,730.5236467200,4304139,506382429.2700,0.102200,1,-0.601300,75.611390,23.062826,20.861916,-472.034987,0
2021-11-24,sh.603288,725.6980332000,732.0703177200,717.6553440000,720.0062839200,726.1311010800,3435821,401304317.8500,0.081600,1,-0.843500,74.973618,22.868295,20.685949,-468.053436,0
2021-11-25,sh.603288,726.8735031600,726.8735031600,696.6206184000,713.8195999200,720.0062839200,6981654,798542919.8300,0.165700,1,-0.859300,74.329404,22.671798,20.508204,-464.031668,0
2021-11-26,sh.603288,709.4889211200,717.6553440000,700.9512972000,709.3651874400,713.8195999200,4291885,492767978.6900,0.101900,1,-0.624000,73.865570,22.530320,20.380227,-461.135994,0
2021-11-29,sh.603288,708.8702527200,711.4686600000,696.6824852400,702.1886340000,709.3651874400,4552522,515851580.1000,0.108100,1,-1.011700,73.118282,22.302384,20.174043,-456.470743,0
2021-11-30,sh.603288,704.9107749600,704.9107749600,693.2179422000,694.7646132000,702.1886340000,4531718,510234796.2400,0.107600,1,-1.057300,72.345225,22.066588,19.960750,-451.644620,0
2021-12-01,sh.603288,694.7027463600,705.2819760000,694.4552790000,703.3022371200,694.7646132000,3516049,398562133.9900,0.083500,1,1.228900,73.234240,22.337753,20.206037,-457.194661,0
2021-12-02,sh.603288,703.2403702800,710.0457226800,696.0638168400,697.2392868000,703.3022371200,2817773,318934794.1300,0.066900,1,-0.862100,72.602910,22.145187,20.031847,-453.253328,0
2021-12-03,sh.603288,699.5283598800,705.2819760000,682.3912452000,690.1246002000,697.2392868000,6033234,671798368.1400,0.143200,1,-1.020400,71.862064,21.919215,19.827441,-448.628294,0
2021-12-06,sh.603288,692.9086080000,695.0739474000,666.1821331200,679.6691042400,690.1246002000,7215981,788787869.2300,0.171300,1,-1.515000,70.773343,21.587136,19.527052,-441.831505,0
2021-12-07,sh.603288,683.6285820000,703.1785034400,676.2664280400,697.2392868000,679.6691042400,7490243,842582075.4900,0.177800,1,2.585100,72.602910,22.145187,20.031847,-453.253328,0
2021-12-08,sh.603288,698.1054225600,706.5193128000,686.7837908400,697.8579552000,697.2392868000,6926663,779337707.1100,0.164400,1,0.088700,72.667332,22.164836,20.049622,-453.655505,0
2021-12-09,sh.603288,697.9198220400,739.0612706400,695.3832816000,723.2233596000,697.8579552000,11143444,1291423545.2400,0.264500,1,3.634800,75.308609,22.970473,20.778376,-470.144756,0
2021-12-10,sh.603288,718.7070802800,722.4809575200,701.2606314000,711.4686600000,723.2233596000,9636789,1102193832.6000,0.228800,1,-1.625300,74.084602,22.597129,20.440661,-462.503396,0
2021-12-13,sh.603288,711.4686600000,716.7892082400,697.1155531200,697.2392868000,711.4686600000,9252505,1049287804.0900,0.219600,1,-2.000000,72.602910,22.145187,20.031847,-453.253328,0
2021-12-14,sh.603288,696.0019500000,699.0952920000,688.5779292000,694.0840779600,697.2392868000,6203358,694938894.4700,0.147300,1,-0.452500,72.274361,22.044973,19.941198,-451.202226,0
2021-12-15,sh.603288,692.9086080000,693.8984774400,671.1314803200,672.1832166000,694.0840779600,8952932,982395478.9400,0.212500,1,-3.155400,69.993844,21.349375,19.311981,-436.965165,0
2021-12-16,sh.603288,672.3688171200,678.0605664000,661.9751880000,677.7512322000,672.1832166000,7190682,780917819.8700,0.170700,1,0.828300,70.573637,21.526222,19.471951,-440.584756,0
2021-12-17,sh.603288,675.4621591200,681.6488431200,668.2237388400,671.2552140000,677.7512322000,4379908,476784141.1600,0.104000,1,-0.958500,69.897212,21.319900,19.285319,-436.361899,0
2021-12-20,sh.603288,668.1618720000,679.1741695200,665.0685300000,676.6994959200,671.2552140000,4409708,481147004.9800,0.104700,1,0.811100,70.464120,21.492817,19.441734,-439.901056,0
2021-12-21,sh.603288,673.6061539200,676.6994959200,653.8087651200,663.0887911200,676.6994959200,5317425,570068544.8000,0.126200,1,-2.011300,69.046850,21.060524,19.050696,-431.053165,0
2021-12-22,sh.603288,667.3576030800,667.3576030800,650.0348878800,656.7165066000,663.0887911200,5032935,534262484.2900,0.119500,1,-0.961000,68.383309,20.858133,18.867619,-426.910743,0
2021-12-23,sh.603288,657.4589086800,664.4498616000,653.3138304000,662.1607885200,656.7165066000,4216966,449350165.7000,0.100100,1,0.829000,68.950217,21.031050,19.024034,-430.449899,0
2021-12-24,sh.603288,655.8503708400,662.4701227200,655.8503708400,661.6658538000,662.1607885200,3240545,345373450.7100,0.076900,1,-0.074700,68.898680,21.015330,19.009814,-430.128158,0
2021-12-27,sh.603288,661.7895874800,684.1853835600,661.4802532800,683.7523156800,661.6658538000,6001023,656673851.3300,0.142500,1,3.338000,71.198524,21.716824,19.644364,-444.485872,0
2021-12-28,sh.603288,684.4947177600,686.1032556000,666.7389346800,673.4824202400,683.7523156800,5592438,608757080.7900,0.132800,1,-1.502000,70.129129,21.390639,19.349307,-437.809736,0
2021-12-29,sh.603288,677.4418980000,677.4418980000,648.3026163600,648.4263500400,673.4824202400,8267541,875053687.9800,0.196300,1,-3.720400,67.520062,20.594827,18.629440,-421.521573,0
2021-12-30,sh.603288,648.4882168800,651.4578252000,641.7447313200,647.6220811200,648.4263500400,4235576,442153534.7200,0.100500,1,-0.124000,67.436315,20.569282,18.606334,-420.998743,0
2021-12-31,sh.603288,647.6220811200,655.7266371600,647.6220811200,650.2823552400,647.6220811200,2837783,298440742.0500,0.067400,1,0.410800,67.713327,20.653776,18.682764,-422.728104,0
2022-01-04,sh.603288,653.9324988000,658.8818460000,642.1777992000,656.0359713600,650.2823552400,6145288,648122627.4200,0.145900,1,0.884800,68.312446,20.836518,18.848067,-426.468348,0
2022-01-05,sh.603288,663.8311932000,676.0189606800,656.7783734400,672.0594829200,656.0359713600,8737390,945129254.3100,0.207400,1,2.442500,69.980960,21.345445,19.308426,-436.884729,0
2022-01-06,sh.603288,678.7411016400,680.2259058000,665.0685300000,677.6274985200,672.0594829200,7171161,782389552.3200,0.170200,1,0.828500,70.560752,21.522292,19.468396,-440.504321,0
2022-01-07,sh.603288,680.1021721200,685.8557882400,674.4104228400,676.1426943600,677.6274985200,5032437,554942412.4200,0.119500,1,-0.219100,70.406141,21.475133,19.425737,-439.539097,0
2022-01-10,sh.603288,677.8130990400,680.1640389600,657.1495744800,664.8829294800,676.1426943600,5091775,547654220.7800,0.120900,1,-1.665300,69.233672,21.117508,19.102242,-432.219478,0
2022-01-11,sh.603288,661.9133211600,672.1832166000,653.2519635600,653.3138304000,664.8829294800,4994472,531954511.2600,0.118600,1,-1.740000,68.028992,20.750059,18.769859,-424.698770,0
2022-01-12,sh.603288,658.6962454800,668.1618720000,643.6626033600,664.5735952800,653.3138304000,4754399,504582609.3500,0.112900,1,1.723500,69.201461,21.107684,19.093355,-432.018389,0
2022-01-13,sh.603288,670.3890782400,670.4509450800,650.8391568000,652.7570288400,664.5735952800,3479218,371233211.1300,0.082600,1,-1.778100,67.971012,20.732375,18.753862,-424.336811,0
2022-01-14,sh.603288,652.7570288400,655.7885040000,636.7335172800,636.7335172800,652.7570288400,4710129,489548381.9600,0.111800,1,-2.454700,66.302498,20.223448,18.293503,-413.920430,0
2022-01-17,sh.603288,636.9191178000,641.7447313200,624.1126819200,635.6199141600,636.7335172800,3984084,409411206.3200,0.094600,1,-0.174900,66.186540,20.188079,18.261509,-413.196512,0
2022-01-18,sh.603288,640.1980603200,644.9618070000,632.0316374400,641.7447313200,635.6199141600,3424533,354032947.4600,0.081300,1,0.963600,66.824311,20.382610,18.437476,-417.178063,0
2022-01-19,sh.603288,642.1777992000,648.6738174000,638.0327209200,643.2295354800,641.7447313200,2787489,289875918.8000,0.066200,1,0.231400,66.978923,20.429770,18.480135,-418.143287,0
2022-01-20,sh.603288,648.3644832000,655.7885040000,643.2295354800,650.5298226000,643.2295354800,4123570,433186665.9900,0.097900,1,1.134900,67.739095,20.661636,18.689874,-422.888974,0
2022-01-21,sh.603288,647.4364806000,661.9751880000,643.4151360000,661.9751880000,650.5298226000,3902251,413768322.8400,0.092600,1,1.759400,68.930891,21.025155,19.018702,-430.329246,0
2022-01-24,sh.603288,660.6141175200,660.6141175200,637.1047183200,639.1463240400,661.9751880000,3574835,372391624.3800,0.084900,1,-3.448600,66.553742,20.300082,18.362823,-415.488920,0
2022-01-25,sh.603288,638.8988566800,645.8898096000,622.9990788000,624.3601492800,639.1463240400,3912061,399620242.7800,0.092900,1,-2.313400,65.014070,19.830454,17.938013,-405.876893,0
2022-01-26,sh.603288,625.4737524000,630.3612327600,606.7899667200,616.1937264000,624.3601492800,4737690,472072631.6700,0.112500,1,-1.308000,64.163708,19.571079,17.703390,-400.568158,0
2022-01-27,sh.603288,605.0576952000,612.4817160000,594.1072645200,594.2928650400,616.1937264000,4641306,449961614.3300,0.110200,1,-3.554200,61.883191,18.875480,17.074173,-386.331097,0
2022-01-28,sh.603288,595.1590008000,628.2577602000,595.1590008000,596.7675386400,594.2928650400,7246824,713989101.1700,0.172000,1,0.416400,62.140876,18.954079,17.145271,-387.939805,0
2022-02-07,sh.603288,605.1814288800,608.6459719200,588.7248494400,588.9723168000,596.7675386400,7125430,685864248.7800,0.169100,1,-1.306200,61.329167,18.706493,16.921312,-382.872376,0
2022-02-08,sh.603288,588.9723168000,593.7979303200,575.5472125200,590.8283220000,588.9723168000,5631185,532503385.4400,0.133700,1,0.315100,61.522431,18.765442,16.974636,-384.078907,0
2022-02-09,sh.603288,591.3851235600,595.7776692000,587.7349800000,592.8699277200,590.8283220000,3979821,380890604.3300,0.094500,1,0.345500,61.735021,18.830286,17.033291,-385.406090,0
2022-02-10,sh.603288,595.2827344800,595.2827344800,580.3109592000,592.1275256400,592.8699277200,4633539,439588897.7900,0.110000,1,-0.125200,61.657716,18.806706,17.011962,-384.923478,0
2022-02-11,sh.603288,591.3851235600,591.3851235600,581.8576302000,586.4357763600,592.1275256400,3868614,365949576.2300,0.091800,1,-0.961200,61.065039,18.625929,16.848437,-381.223451,0
2022-02-14,sh.603288,578.4549540000,593.9216640000,575.3616120000,593.9216640000,586.4357763600,4778547,453896999.3700,0.113400,1,1.276500,61.844538,18.863690,17.063508,-386.089791,0
2022-02-15,sh.603288,593.9216640000,606.9137004000,591.4469904000,602.2736874000,593.9216640000,3957500,384816894.5500,0.093900,1,1.406300,62.714227,19.128961,17.303464,-391.519179,0
2022-02-16,sh.603288,602.2118205600,606.2950320000,591.4469904000,601.8406195200,602.2736874000,3317842,322540609.2300,0.078800,1,-0.071900,62.669132,19.115206,17.291022,-391.237655,0
2022-02-17,sh.603288,601.9024863600,605.0576952000,596.0870034000,599.6134132800,601.8406195200,2273565,220573392.0000,0.054000,1,-0.370100,62.437215,19.044467,17.227033,-389.789818,0
2022-02-18,sh.603288,594.1072645200,606.9137004000,589.5909852000,605.5526299200,599.6134132800,2955607,287202551.7300,0.070200,1,0.990500,63.055660,19.233104,17.397668,-393.650716,0
2022-02-21,sh.603288,606.2950320000,618.6065331600,601.4694184800,615.3275906400,605.5526299200,4615187,456548059.3400,0.109600,1,1.614200,64.073518,19.543569,17.678505,-400.005111,0
2022-02-22,sh.603288,613.1003844000,613.1003844000,594.6021992400,598.8710112000,615.3275906400,3905672,378523420.6200,0.092700,1,-2.674400,62.359909,19.020888,17.205704,-389.307206,0
2022-02-23,sh.603288,595.0352671200,601.3456848000,587.7968468400,598.9328780400,598.8710112000,3692996,355300147.9900,0.087700,1,0.010300,62.366351,19.022853,17.207481,-389.347424,0
2022-02-24,sh.603288,592.6843272000,603.2016900000,587.7349800000,591.1376562000,598.9328780400,4059787,389333889.6200,0.096400,1,-1.301500,61.554641,18.775267,16.983523,-384.279995,0
2022-02-25,sh.603288,590.5189878000,615.4513243200,589.2816510000,602.7686221200,591.1376562000,5249587,514386492.7600,0.124600,1,1.967600,62.765764,19.144681,17.317683,-391.840920,0
2022-02-28,sh.603288,603.0779563200,612.4817160000,595.1590008000,612.4817160000,602.7686221200,4520601,442571600.0000,0.107300,1,1.611400,63.777180,19.453181,17.596743,0.000000,0
2022-03-01,sh.603288,611.8630476000,631.6604364000,610.2545097600,629.1857628000,612.4817160000,6511941,657350304.0000,0.154600,1,2.727300,65.516557,19.983722,18.076654,-409.013872,0
2022-03-02,sh.603288,629.1857628000,634.1351100000,622.8134782800,624.8550840000,629.1857628000,3856336,391584640.0000,0.091500,1,-0.688300,65.065607,19.846174,17.952232,-406.198634,0
2022-03-03,sh.603288,625.5974860800,633.3927079200,621.6998751600,627.2060239200,624.8550840000,3021170,306093136.0000,0.071700,1,0.376200,65.310409,19.920843,18.019776,-407.726906,0
2022-03-04,sh.603288,627.0822902400,634.0732431600,618.7302668400,632.1553711200,627.2060239200,3991203,405835264.0000,0.094700,1,0.789100,65.825780,20.078040,18.161971,-410.944321,0
2022-03-07,sh.603288,632.1553711200,634.0732431600,603.2016900000,605.2432957200,632.1553711200,5785228,575954944.0000,0.137300,1,-4.257200,63.023449,19.223279,17.388781,-393.449628,0
2022-03-08,sh.603288,612.4817160000,615.5750580000,573.5056068000,575.3616120000,605.2432957200,7941830,758290128.0000,0.188500,1,-4.937100,59.911896,18.274200,16.530273,-374.024485,0
2022-03-09,sh.603288,575.3616120000,580.6821602400,541.4585836800,559.7711683200,575.3616120000,8071067,732154672.0000,0.191600,1,-2.709700,58.288477,17.779028,16.082356,-363.889628,0
2022-03-10,sh.603288,574.8048104400,577.2176172000,561.9365077200,565.3391839200,559.7711683200,4713640,433742768.0000,0.111900,1,0.994700,58.868269,17.955875,16.242327,-367.509220,0
2022-03-11,sh.603288,565.4010507600,576.7226824800,550.8004765200,575.3616120000,565.3391839200,4893867,447488992.0000,0.116200,1,1.772800,59.911896,18.274200,16.530273,-374.024485,0
2022-03-14,sh.603288,569.1749280000,571.9589358000,549.3775392000,549.3775392000,575.3616120000,5770606,518891200.0000,0.137000,1,-4.516100,57.206197,17.448914,15.783745,-357.133057,0
2022-03-15,sh.603288,548.6351371200,555.2548890000,526.4868084000,537.3135054000,549.3775392000,6090594,535361088.0000,0.144600,1,-2.195900,55.949980,17.065745,15.437142,-349.290608,0
2022-03-16,sh.603288,543.1289883600,550.6148760000,526.5486752400,547.8308682000,537.3135054000,5844515,509645840.0000,0.138700,1,1.957400,57.045144,17.399789,15.739309,-356.127615,0
2022-03-17,sh.603288,556.8015600000,576.5370819600,548.9444713200,575.0522778000,547.8308682000,6511233,596480016.0000,0.154600,1,4.968900,59.879685,18.264375,16.521386,-373.823397,0
2022-03-18,sh.603288,575.0522778000,578.8880218800,564.7205155200,569.4223953600,575.0522778000,16634406,1533047132.3000,0.394900,1,-0.979000,59.293451,18.085563,16.359638,-370.163587,0
2022-03-21,sh.603288,572.2682700000,572.4538705200,549.8724739200,553.3988838000,569.4223953600,5777307,519904228.7800,0.137100,1,-2.814000,57.624936,17.576636,15.899279,-359.747206,0
2022-03-22,sh.603288,553.8319516800,557.3583615600,547.5215340000,554.7599542800,553.3988838000,2732990,244312817.5600,0.064900,1,0.245900,57.766664,17.619866,15.938383,-360.631995,0
2022-03-23,sh.603288,563.0501108400,565.7722518000,554.3268864000,556.1828916000,554.7599542800,3469536,313423858.8500,0.082400,1,0.256500,57.914833,17.665060,15.979264,-361.557002,0
2022-03-24,sh.603288,555.4404895200,557.6676957600,546.1604635200,556.8015600000,556.1828916000,3389082,302623757.7900,0.080500,1,0.111200,57.979254,17.684710,15.997039,-361.959179,0
2022-03-25,sh.603288,556.8015600000,565.9578523200,544.9231267200,544.9231267200,556.8015600000,5463690,488728028.3500,0.129700,1,-2.133300,55.622422,15.855541,14.839356,-244.770769,0
2022-03-28,sh.603288,535.1481660000,536.8185706800,520.9187928000,532.0548240000,544.9231267200,7591896,649047470.3000,0.180200,1,-2.361500,54.308905,15.481114,14.488926,-238.990532,0
2022-03-29,sh.603288,525.8681400000,529.5182835600,521.4755943600,522.4654638000,532.0548240000,3936650,333398460.6600,0.093400,1,-1.802300,53.330081,15.202094,14.227788,-234.683145,0
2022-03-30,sh.603288,522.5273306400,545.6655288000,519.5577223200,545.5417951200,522.4654638000,6634806,574033603.4500,0.157500,1,4.416800,55.685572,15.873542,14.856203,-245.048665,0
2022-03-31,sh.603288,545.0468604000,553.5226174800,538.2415080000,540.8399152800,545.5417951200,3534049,311489001.5400,0.083900,1,-0.861900,55.205633,15.736732,14.728162,-242.936655,0
2022-04-01,sh.603288,541.9535184000,555.9972910800,532.0548240000,546.9647324400,540.8399152800,3873929,341442283.9900,0.092000,1,1.132500,55.830817,15.914945,14.894953,-245.687825,0
2022-04-06,sh.603288,534.7150981200,542.3865862800,527.1054768000,538.2415080000,546.9647324400,5211111,448146431.1200,0.123700,1,-1.594800,54.940404,15.661127,14.657402,-241.769492,0
2022-04-07,sh.603288,533.2921608000,541.8916515600,529.0233488400,532.4878918800,538.2415080000,2964658,255955941.0200,0.070400,1,-1.069000,54.353110,15.493715,14.500719,-239.185060,0
2022-04-08,sh.603288,530.9412208800,535.0244323200,526.1774742000,527.7241452000,532.4878918800,2805334,240426618.2300,0.066600,1,-0.894600,53.866856,15.355105,14.370993,-237.045261,0
2022-04-11,sh.603288,527.7241452000,531.3124219200,513.6185056800,519.6814560000,527.7241452000,3863519,323463321.9500,0.091700,1,-1.524000,53.045907,15.121088,14.151974,-233.432613,0
2022-04-12,sh.603288,525.1257379200,535.2100328400,518.9390539200,533.3540276400,519.6814560000,4510170,383869222.1400,0.107100,1,2.631000,54.441520,15.518916,14.524306,-239.574114,0
2022-04-13,sh.603288,519.6814560000,534.5913644400,519.6814560000,533.0446934400,533.3540276400,2755239,236014298.4400,0.065400,1,-0.058000,54.409945,15.509916,14.515882,-239.435166,0
2022-04-14,sh.603288,533.0446934400,562.3695756000,529.3326830400,562.3077087600,533.0446934400,7665749,683837148.6100,0.182000,1,5.489800,57.396934,16.361377,15.312773,-252.579645,0
2022-04-15,sh.603288,559.8949020000,567.8757243600,553.2751501200,559.0287662400,562.3077087600,4085942,369822101.1800,0.097000,1,-0.583100,57.062240,16.265970,15.223481,-251.106797,0
2022-04-18,sh.603288,556.8015600000,567.0714554400,550.2436749600,559.8330351600,559.0287662400,3054207,276362558.6500,0.072500,1,0.143900,57.144335,16.289372,15.245383,-251.468061,0
2022-04-19,sh.603288,559.5855678000,562.2458419200,545.0468604000,548.5732702800,559.8330351600,3879347,346515086.0600,0.092100,1,-2.011300,55.995007,15.961748,14.938756,-246.410355,0
2022-04-20,sh.603288,548.6351371200,570.5359984800,540.9017821200,566.5146538800,548.5732702800,6643565,603224302.0400,0.157700,1,3.270600,57.826354,16.483786,15.427336,-254.469338,0
2022-04-21,sh.603288,563.5450455600,574.6192099200,559.2762336000,563.0501108400,566.5146538800,5569001,511654759.6500,0.132200,1,-0.611600,57.472714,16.382978,15.332990,-252.913120,0
2022-04-22,sh.603288,554.5124869200,562.4933092800,546.4079308800,553.0276827600,563.0501108400,3307906,296846752.5300,0.078500,1,-1.780000,56.449686,16.091358,15.060059,-248.411206,0
2022-04-25,sh.603288,548.7588708000,567.3807896400,544.4900588400,545.6655288000,553.0276827600,7153781,644101288.7300,0.169800,1,-1.331200,55.698202,15.877142,14.859573,-245.104244,0
2022-04-26,sh.603288,550.0580744400,572.2682700000,546.4079308800,570.2266642800,545.6655288000,8872814,810567026.4600,0.210600,1,4.501100,58.205253,16.591794,15.528422,-256.136714,0
2022-04-27,sh.603288,569.2367948400,577.5888182400,550.8623433600,560.3279698800,570.2266642800,8726195,792797976.8100,0.207100,1,-1.735900,57.194855,16.303773,15.258861,-251.690378,0
2022-04-28,sh.603288,560.3279698800,562.2458419200,547.8927350400,562.2458419200,560.3279698800,6275358,561834779.9600,0.149000,1,0.342300,57.390619,16.359577,15.311088,-252.551856,0
2022-04-29,sh.603288,564.7849845000,570.1377462000,549.0012000000,559.4322228000,562.2458539500,9581245,782759451.9800,0.206800,1,-0.500400,57.702924,14.971927,15.076334,-112.007290,0
2022-05-05,sh.603288,559.4322228000,559.6380982500,534.0409173000,539.2564287000,559.4322228000,11136143,884501919.6100,0.240300,1,-3.606500,55.621881,14.431968,14.532609,-107.967773,0
2022-05-06,sh.603288,535.2761700000,535.2761700000,521.5511400000,522.2373915000,539.2564287000,5062745,386217611.1500,0.109300,1,-3.156000,53.866444,13.976492,14.073958,-104.560290,0
2022-05-09,sh.603288,522.3060166500,526.0117747500,515.4435016500,526.0117747500,522.2373915000,3849803,292695967.8400,0.083100,1,0.722700,54.255755,14.077505,14.175675,-105.315982,0
2022-05-10,sh.603288,529.3057819500,529.3057819500,516.0611280000,522.3060166500,526.0117747500,6577641,500228182.3800,0.141900,1,-0.704500,53.873522,13.978329,14.075807,-104.574029,0
2022-05-11,sh.603288,522.2373915000,529.8547831500,516.2670034500,524.7765220500,522.3060166500,10935065,833072195.8700,0.236000,1,0.473000,54.128344,14.044446,14.142385,-105.068664,0
2022-05-12,sh.603288,519.4923855000,526.0803999000,518.3257579500,522.1001412000,524.7765220500,6210493,472705461.3100,0.134000,1,-0.510000,53.852287,13.972819,14.070259,-104.532810,0
2022-05-13,sh.603288,524.9137723500,534.4526682000,518.1198825000,521.5511400000,522.1001412000,6677854,509302612.0900,0.144100,1,-0.105200,53.795660,13.958126,14.055464,-104.422891,0
2022-05-16,sh.603288,520.1786370000,523.3353939000,501.6498465000,503.5713507000,521.5511400000,11812804,877251921.9900,0.254900,1,-3.447400,51.941126,13.476938,13.570920,-100.823049,0
2022-05-17,sh.603288,503.5713507000,510.5711160000,492.6599518500,510.5711160000,503.5713507000,7228390,531256733.7200,0.156000,1,1.390000,52.663120,13.664271,13.759559,-102.224514,0
2022-05-18,sh.603288,508.9241124000,511.2573675000,504.3948525000,508.7868621000,510.5711160000,5140096,379882020.8300,0.110900,1,-0.349500,52.479082,13.616519,13.711475,-101.867278,0
2022-05-19,sh.603288,503.5713507000,505.0811040000,496.8460860000,501.7870968000,508.7868621000,4399242,321144810.1300,0.094900,1,-1.375800,51.757088,13.429187,13.522835,-100.465813,0
2022-05-20,sh.603288,506.9339830500,514.5513747000,502.3360980000,513.7278729000,501.7870968000,9238613,688976512.7500,0.199400,1,2.379600,52.988725,13.748754,13.844632,-102.856548,0
2022-05-23,sh.603288,518.1198825000,518.5316334000,504.3948525000,505.6987303500,513.7278729000,7136195,528412458.0800,0.154000,1,-1.562900,52.160555,13.533872,13.628251,-101.248985,0
2022-05-24,sh.603288,500.3459686500,509.1986130000,500.2773435000,504.1889770500,505.6987303500,6256103,459296788.5900,0.135000,1,-0.298500,52.004831,13.493467,13.587565,-100.946708,0
2022-05-25,sh.603288,505.7673555000,510.5711160000,501.0322201500,504.7379782500,504.1889770500,5558791,410249748.7900,0.120000,1,0.108900,52.061458,13.508160,13.602360,-101.056627,0
2022-05-26,sh.603288,502.3360980000,504.3948525000,491.0129482500,499.9342177500,504.7379782500,7919644,574040608.9700,0.170900,1,-0.951700,51.565972,13.379598,13.472902,-100.094837,0
2022-05-27,sh.603288,504.2576022000,509.9534896500,497.7382129500,498.9048405000,499.9342177500,6408540,470350790.7800,0.138300,1,-0.205900,51.459796,13.352050,13.445160,-99.888739,0
2022-05-30,sh.603288,498.9048405000,511.1201172000,497.7382129500,508.1692357500,498.9048405000,9526430,703037372.2600,0.205600,1,1.856900,52.415377,13.599990,13.694830,-101.743619,0
2022-05-31,sh.603288,511.1887423500,528.2764047000,503.7772261500,525.9431496000,508.1692357500,12337993,934652404.9400,0.266300,1,3.497600,54.248676,14.075668,14.173825,-105.302242,0
2022-06-01,sh.603288,533.2174155000,533.2174155000,517.0218801000,521.0021388000,525.9431496000,7197865,546905046.6900,0.155300,1,-0.939500,53.739033,13.943433,14.040668,-104.312972,0
2022-06-02,sh.603288,514.5513747000,518.6688837000,511.3259926500,513.5906226000,521.0021388000,6664203,498637827.0500,0.143800,1,-1.422600,52.974569,13.745081,13.840933,-102.829068,0
2022-06-06,sh.603288,511.2573675000,520.7276382000,499.7283423000,520.0413867000,513.5906226000,8274749,616870747.5200,0.178600,1,1.256000,53.639936,13.917721,14.014777,-104.120614,0
2022-06-07,sh.603288,514.6886250000,555.8637150000,511.6004932500,550.7168287500,520.0413867000,19120845,1509873962.4200,0.412600,1,5.898700,56.803970,14.738679,14.841460,-110.262329,0
2022-06-08,sh.603288,550.7168287500,567.4613653500,543.3739377000,561.3537270000,550.7168287500,12567843,1021710359.4900,0.271200,1,1.931500,57.901118,15.023351,15.128117,-112.392006,0
2022-06-09,sh.603288,556.0009653000,560.8047258000,539.2564287000,540.4230562500,561.3537270000,9498774,754382206.1700,0.205000,1,-3.728600,55.742214,14.463190,14.564049,-108.201351,0
2022-06-10,sh.603288,534.3154179000,549.8247018000,532.8742897500,548.7266994000,540.4230562500,8792237,693342766.6800,0.189700,1,1.536500,56.598697,14.685418,14.787827,-109.863873,0
2022-06-13,sh.603288,537.3349245000,546.5306946000,534.4526682000,538.8446778000,548.7266994000,7878663,617228156.3600,0.170000,1,-1.800900,55.579411,14.420948,14.521513,-107.885334,0
2022-06-14,sh.603288,534.5899185000,547.9718227500,533.7664167000,547.6286970000,538.8446778000,6447913,507488801.6900,0.139100,1,1.630200,56.485443,14.656032,14.758237,-109.644036,0
2022-06-15,sh.603288,544.2660646500,569.4514947000,543.5111880000,557.5793437500,547.6286970000,11327587,922726663.5200,0.244500,1,1.817000,57.511808,14.922339,15.026400,-111.636314,0
2022-06-16,sh.603288,558.1969701000,569.4514947000,553.9422108000,557.2362180000,557.5793437500,7758179,635002731.1400,0.167400,1,-0.061500,57.476416,14.913156,15.017153,-111.567615,0
2022-06-17,sh.603288,553.8049605000,576.3140097000,553.8049605000,572.5396264500,557.2362180000,10246075,848647391.9200,0.221100,1,2.746300,59.054894,15.322717,15.429570,-114.631603,0
2022-06-20,sh.603288,573.5690037000,583.1765247000,569.8632456000,574.3925055000,572.5396264500,7144106,599641003.4600,0.154200,1,0.323600,59.246010,15.372305,15.479504,-115.002579,0
2022-06-21,sh.603288,574.3925055000,583.2451498500,568.7652432000,576.4512600000,574.3925055000,5814933,489625853.7300,0.125500,1,0.358400,59.458361,15.427402,15.534986,-115.414774,0
2022-06-22,sh.603288,573.7062540000,583.1765247000,565.9516120500,565.9516120500,576.4512600000,7622296,635785786.8600,0.164500,1,-1.821400,58.375370,15.146403,15.252027,-113.312577,0
2022-06-23,sh.603288,565.0594851000,576.2453845500,560.2557246000,570.2063713500,565.9516120500,6683593,553499199.9500,0.144200,1,0.751800,58.814229,15.260272,15.366690,-114.164448,0
2022-06-24,sh.603288,576.4512600000,582.4902732000,566.5006132500,577.6865127000,570.2063713500,8133114,681003496.9700,0.175500,1,1.311800,59.585772,15.460461,15.568275,-115.662092,0
2022-06-27,sh.603288,575.9708839500,608.6364553500,575.7650085000,599.0975595000,577.6865127000,12037392,1045813222.5100,0.259800,1,3.706300,61.794225,16.033479,16.145289,-119.948926,0
2022-06-28,sh.603288,594.3624241500,601.1563140000,585.9901558500,597.6564313500,599.0975595000,7616125,657690173.6700,0.164400,1,-0.240500,61.645580,15.994911,16.106452,-119.660389,0
2022-06-29,sh.603288,598.1368074000,601.9111906500,588.5979115500,593.6075475000,597.6564313500,6240580,539616139.1300,0.134700,1,-0.677500,61.227955,15.886551,15.997337,-118.849738,0
2022-06-30,sh.603288,590.5880409000,628.2632482500,587.8430349000,620.0968554000,593.6075475000,12212651,1092865165.6900,0.263600,1,4.462400,63.960209,16.595477,16.711206,-124.153321,0
2022-07-01,sh.603288,620.7144817500,629.9788770000,611.6559619500,620.3713560000,620.0968554000,7011535,633158292.5600,0.151300,1,0.044300,63.988522,16.602824,16.718604,-124.208281,0
2022-07-04,sh.603288,629.9788770000,631.2141297000,617.6949751500,622.0869847500,620.3713560000,6358105,575961325.1500,0.137200,1,0.276500,64.165482,16.648739,16.764839,-124.551777,0
2022-07-05,sh.603288,627.9201225000,631.2827548500,606.8522014500,618.7929775500,622.0869847500,7942542,713716675.2800,0.171400,1,-0.529500,63.825719,16.560582,16.676068,-123.892264,0
2022-07-06,sh.603288,616.8714733500,620.3713560000,610.7638350000,617.6263500000,618.7929775500,7732595,692241347.8600,0.166900,1,-0.188500,63.705387,16.529360,16.644628,-123.658687,0
2022-07-07,sh.603288,609.3227068500,614.8127188500,596.9015547000,604.5875715000,617.6263500000,7663188,673989361.6000,0.165400,1,-2.111100,62.360496,16.180407,16.293241,-121.048114,0
2022-07-08,sh.603288,605.1365727000,608.6364553500,594.2937990000,597.6564313500,604.5875715000,6171596,539130413.2100,0.133200,1,-1.146400,61.645580,15.994911,16.106452,-119.660389,0
2022-07-11,sh.603288,589.9704145500,591.4115427000,569.5887450000,581.1863953500,597.6564313500,8193073,688956621.0900,0.176800,1,-2.755800,59.946769,15.554128,15.662595,-116.362824,0
2022-07-12,sh.603288,582.4902732000,585.8529055500,577.3433869500,580.9118947500,581.1863953500,4778210,404819425.6800,0.103100,1,-0.047200,59.918456,15.546781,15.655197,-116.307865,0
2022-07-13,sh.603288,575.0787570000,591.2742924000,575.0787570000,584.0000265000,580.9118947500,5323774,452587462.8500,0.114900,1,0.531600,60.236983,15.629428,15.738420,-116.926158,0
2022-07-14,sh.603288,584.0000265000,587.8430349000,576.4512600000,580.9118947500,584.0000265000,4386433,371961746.3100,0.094700,1,-0.528800,59.918456,15.546781,15.655197,-116.307865,0
2022-07-15,sh.603288,576.4512600000,592.1664193500,572.1965007000,572.9513773500,580.9118947500,7307554,619321607.1600,0.157700,1,-1.370300,59.097364,15.333736,15.440666,-114.714042,0
2022-07-18,sh.603288,571.7161246500,582.4902732000,561.9027282000,579.7452672000,572.9513773500,5645755,472125714.6600,0.121800,1,1.185800,59.798123,15.515559,15.623757,-116.074287,0
2022-07-19,sh.603288,579.7452672000,584.6862780000,571.6474995000,580.5687690000,579.7452672000,4366431,368193529.2100,0.094200,1,0.142000,59.883064,15.537598,15.645950,-116.239166,0
2022-07-20,sh.603288,587.4312840000,596.9701798500,580.5687690000,587.3626588500,580.5687690000,6626681,568755315.6900,0.143000,1,1.170200,60.583823,15.719421,15.829041,-117.599411,0
2022-07-21,sh.603288,585.7156552500,589.4214133500,574.4611306500,575.6277582000,587.3626588500,4461060,376539915.3700,0.096300,1,-1.997900,59.373421,15.405363,15.512793,-115.249896,0
2022-07-22,sh.603288,575.0787570000,586.7450325000,572.1965007000,581.7353965500,575.6277582000,4042110,342533191.7100,0.087200,1,1.061000,60.003396,15.568820,15.677390,-116.472743,0
2022-07-25,sh.603288,575.0787570000,583.3137750000,574.8042564000,582.4216480500,581.7353965500,3053949,257486750.0300,0.065900,1,0.118000,60.074180,15.587186,15.695884,-116.610142,0
2022-07-26,sh.603288,583.2451498500,593.8820481000,581.1177702000,582.7647738000,582.4216480500,3771756,321803481.4500,0.081400,1,0.058900,60.109572,15.596369,15.705131,-116.678841,0
2022-07-27,sh.603288,582.0098971500,582.3530229000,572.0592504000,575.3532576000,582.7647738000,3347867,280598699.7400,0.072200,1,-1.271800,59.345107,15.398017,15.505396,-115.194937,0
2022-07-28,sh.603288,576.4512600000,588.8037870000,573.3631282500,586.2646564500,575.3532576000,5927735,504789567.6600,0.127900,1,1.896500,60.470569,15.690036,15.799451,-117.379573,0
2022-07-29,sh.603288,580.6373941500,583.2451498500,557.9224695000,567.3241150500,586.2646564500,9332425,771869775.3400,0.201400,1,-3.230700,58.516937,15.183135,15.289015,-113.587374,0
2022-08-01,sh.603288,562.7948551500,563.0693557500,551.5403305500,558.4028455500,567.3241150500,4476419,363469001.7500,0.096600,1,-1.572500,57.596748,14.944378,15.048593,-111.801193,0
2022-08-02,sh.603288,558.4028455500,566.0202372000,553.1873341500,561.3537270000,558.4028455500,5336290,435733261.7800,0.115200,1,0.528500,57.901118,15.023351,15.128117,-112.392006,0
2022-08-03,sh.603288,561.4223521500,565.4712360000,555.1774635000,555.8637150000,561.3537270000,4117433,335004051.6500,0.088900,1,-0.978000,57.334848,14.876424,14.980165,-111.292818,0
2022-08-04,sh.603288,560.3243497500,570.2063713500,555.9323401500,567.5299905000,555.8637150000,5224557,430160876.0000,0.112700,1,2.098800,58.538172,15.188645,15.294564,-113.628593,0
2022-08-05,sh.603288,573.9807546000,574.5983809500,564.4418587500,570.9612480000,567.5299905000,3979417,329844984.0000,0.085900,1,0.604600,58.892091,15.280475,15.387034,-114.315586,0
2022-08-08,sh.603288,562.7262300000,572.0592504000,561.4223521500,568.6279929000,570.9612480000,3677687,304389651.0000,0.079400,1,-0.408700,58.651426,15.218031,15.324154,-113.848431,0
2022-08-09,sh.603288,566.9123641500,566.9123641500,557.2362180000,563.0007306000,568.6279929000,3361763,275721984.0000,0.072500,1,-0.989600,58.070999,15.067430,15.172503,-112.721763,0
2022-08-10,sh.603288,562.0399785000,562.0399785000,530.7469101000,535.4820454500,563.0007306000,11621974,914369113.0000,0.250800,1,-4.887900,55.232571,14.330955,14.430892,-107.212081,0
2022-08-11,sh.603288,535.3447951500,544.1974395000,523.6785196500,543.5111880000,535.4820454500,7653232,597657368.0000,0.165200,1,1.499400,56.060741,14.545837,14.647272,-108.819644,0
2022-08-12,sh.603288,540.8348071500,549.6874515000,537.5407999500,548.8639497000,543.5111880000,4165728,330327782.0000,0.089900,1,0.984800,56.612854,14.689091,14.791526,-109.891353,0
2022-08-15,sh.603288,545.7071928000,553.8049605000,540.6289317000,542.1386850000,548.8639497000,4156479,330677404.1600,0.089700,1,-1.225300,55.919173,14.509105,14.610284,-108.544847,0
2022-08-16,sh.603288,542.1386850000,551.6089557000,540.4230562500,541.4524335000,542.1386850000,3293971,261835133.4700,0.071100,1,-0.126600,55.848389,14.490739,14.591790,-108.407449,0
2022-08-17,sh.603288,541.4524335000,543.5111880000,531.8449125000,543.0994371000,541.4524335000,4059848,318644291.2500,0.087600,1,0.304200,56.018270,14.534817,14.636176,-108.737205,0
2022-08-18,sh.603288,542.4818107500,544.4033149500,534.5212933500,535.8251712000,543.0994371000,3320665,259848788.9600,0.071700,1,-1.339400,55.267962,14.340138,14.440139,-107.280781,0
2022-08-19,sh.603288,532.3939137000,541.7269341000,531.9135376500,536.4427975500,535.8251712000,3448026,270090089.8400,0.074400,1,0.115300,55.331668,14.356667,14.456784,-107.404439,0
2022-08-22,sh.603288,529.7861580000,545.5699425000,529.7861580000,537.5407999500,536.4427975500,3529900,277346102.1200,0.076200,1,0.204700,55.444922,14.386053,14.486374,-107.624277,0
2022-08-23,sh.603288,536.3055472500,540.6289317000,530.4724095000,534.8644191000,537.5407999500,3746807,290945512.7400,0.080900,1,-0.497900,55.168865,14.314426,14.414248,-107.088423,0
2022-08-24,sh.603288,535.2761700000,538.8446778000,531.0900358500,531.3645364500,534.8644191000,4299053,335035730.4900,0.092800,1,-0.654300,54.807868,14.220759,14.319928,-106.387690,0
2022-08-25,sh.603288,531.0900358500,537.8839257000,530.2665340500,537.4035496500,531.3645364500,3779520,293743180.7200,0.081600,1,1.136500,55.430765,14.382380,14.482676,-107.596797,0
2022-08-26,sh.603288,537.3349245000,548.0404479000,535.4134203000,543.2366874000,537.4035496500,4785023,377849685.9500,0.103300,1,1.085400,56.032427,14.538490,14.639875,-108.764685,0
2022-08-29,sh.603288,538.4329269000,544.8836910000,535.6192957500,539.1878035500,543.2366874000,3617415,284049326.1900,0.078100,1,-0.745300,55.614803,14.430131,14.530760,-107.954034,0
2022-08-30,sh.603288,539.5995544500,543.4425628500,524.9823975000,536.9917987500,539.1878035500,5281798,410460066.3100,0.114000,1,-0.407300,54.026738,15.368677,13.837475,-99.926135,0
2022-08-31,sh.603288,535.6879209000,554.9029629000,530.4724095000,552.8442084000,536.9917987500,9205114,733930848.6900,0.198700,1,2.952100,55.621649,15.822372,14.245968,-102.876031,0
2022-09-01,sh.603288,547.0110706500,548.2463233500,538.2956766000,539.4623041500,552.8442084000,6375118,503222857.6300,0.137600,1,-2.420600,54.275296,15.439383,13.901137,-100.385859,0
2022-09-02,sh.603288,542.2073101500,546.8738203500,532.8742897500,535.2761700000,539.4623041500,4286987,336300942.4900,0.092500,1,-0.776000,53.854129,15.319576,13.793266,-99.606882,0
2022-09-05,sh.603288,531.9821628000,537.9525508500,518.1198825000,523.2667687500,535.2761700000,5855295,445713819.7600,0.126400,1,-2.243600,52.645863,14.975867,13.483802,-97.372112,0
2022-09-06,sh.603288,527.5901532000,535.2761700000,521.5511400000,523.7471448000,523.2667687500,3824280,292995599.2900,0.082500,1,0.091800,52.694194,14.989616,13.496181,-97.461503,0
2022-09-07,sh.603288,517.9826322000,523.0608933000,516.2670034500,519.1492597500,523.7471448000,4067299,306857499.0500,0.087800,1,-0.877900,52.231601,14.858024,13.377700,-96.605906,0
2022-09-08,sh.603288,520.7276382000,524.4333963000,518.1198825000,520.1786370000,519.1492597500,3169819,240400401.6100,0.068400,1,0.198300,52.335166,14.887485,13.404225,-96.797457,0
2022-09-09,sh.603288,522.9236430000,545.5699425000,517.6395064500,544.8836910000,520.1786370000,11342653,891250360.4300,0.244800,1,4.749300,54.820741,15.594543,14.040838,-101.394698,0
2022-09-13,sh.603288,552.0207066000,560.1870994500,548.3149485000,555.9323401500,544.8836910000,6532091,528683830.8100,0.141000,1,2.027700,55.932346,15.910754,14.325545,-103.450686,0
2022-09-14,sh.603288,555.8637150000,564.7849845000,552.7069581000,562.0399785000,555.9323401500,6739111,550241106.8200,0.145400,1,1.098600,56.546835,16.085555,14.482930,-104.587226,0
2022-09-15,sh.603288,559.8439737000,563.7556072500,556.6185916500,559.9812240000,562.0399785000,5529090,451328785.5700,0.119300,1,-0.366300,56.339704,16.026633,14.429879,-104.204123,0
2022-09-16,sh.603288,557.2362180000,562.6576048500,552.2952072000,555.4519641000,559.9812240000,6240561,507756667.3200,0.134700,1,-0.808800,55.884015,15.897006,14.313166,-103.361295,0
2022-09-19,sh.603288,553.2559593000,561.3537270000,547.6286970000,559.0890970500,555.4519641000,4645477,377104279.8000,0.100300,1,0.654800,56.249947,16.001100,14.406890,-104.038111,0
2022-09-20,sh.603288,561.6968527500,561.6968527500,550.5795784500,554.3539617000,559.0890970500,3679943,297278128.7200,0.079400,1,-0.846900,55.773545,15.865581,14.284872,-103.156974,0
2022-09-21,sh.603288,549.6874515000,554.1480862500,537.8839257000,542.5504359000,554.3539617000,4003840,317690343.5700,0.086400,1,-2.129200,54.585993,15.527765,13.980713,-100.960514,0
2022-09-22,sh.603288,535.3447951500,542.1386850000,533.0801652000,535.2761700000,542.5504359000,3183688,248709332.7600,0.068700,1,-1.340800,53.854129,15.319576,13.793266,-99.606882,0
2022-09-23,sh.603288,535.2761700000,539.2564287000,531.8449125000,535.0016694000,535.2761700000,2889048,225408332.3300,0.062300,1,-0.051300,53.826511,15.311720,13.786193,-99.555802,0
2022-09-26,sh.603288,533.0115400500,551.7462060000,532.3252885500,546.9424455000,535.0016694000,5271131,419173293.1000,0.113800,1,2.231900,55.027873,15.653464,14.093889,-101.777801,0
2022-09-27,sh.603288,541.5210586500,564.9222348000,537.1976742000,561.9713533500,546.9424455000,6919483,559293322.3600,0.149300,1,2.747800,56.539931,16.083591,14.481161,-104.574456,0
2022-09-28,sh.603288,561.9027282000,578.5100145000,556.8930922500,569.5887450000,561.9713533500,7301979,606531010.5300,0.157600,1,1.355500,57.306317,16.301600,14.677450,-105.991939,0
2022-09-29,sh.603288,571.1671234500,590.0390397000,569.5887450000,576.4512600000,569.5887450000,8711198,735906661.2000,0.188000,1,1.204800,57.996754,16.498005,14.854287,-107.268950,0
2022-09-30,sh.603288,576.1081342500,576.1081342500,564.0987330000,568.3534923000,576.4512600000,4332579,359274960.5700,0.093500,1,-1.404800,57.182038,16.266247,14.645619,-105.762077,0
2022-10-10,sh.603288,522.9236430000,538.9819281000,514.6886250000,515.2376262000,568.3534923000,21314072,1623494949.6300,0.460000,1,-9.345600,51.838051,14.746074,13.276903,-95.878009,0
2022-10-11,sh.603288,507.4829842500,516.6101292000,497.5323375000,504.0517267500,515.2376262000,11859915,877051622.0700,0.255900,1,-2.171000,50.712638,14.425934,12.988659,-93.796481,0
2022-10-12,sh.603288,504.0517267500,505.4928549000,476.3957913000,499.2479662500,504.0517267500,11253902,801024563.1300,0.242900,1,-0.953000,50.229332,14.288450,12.864873,-92.902573,0
2022-10-13,sh.603288,494.1010800000,520.3158873000,490.6698225000,517.0905052500,499.2479662500,10535996,785009896.9700,0.227400,1,3.573900,52.024469,14.799103,13.324649,-96.222802,0
2022-10-14,sh.603288,517.1591304000,523.6785196500,507.8947351500,514.0023735000,517.0905052500,7791137,584702249.7900,0.168100,1,-0.597200,51.713772,14.710721,13.245072,-95.648147,0
2022-10-17,sh.603288,514.6886250000,523.9530202500,507.8261100000,519.6296358000,514.0023735000,6253024,470461377.3600,0.134900,1,1.094800,52.279931,14.871773,13.390078,-96.695296,0
2022-10-18,sh.603288,518.1198825000,523.9530202500,513.3161220000,514.3454992500,519.6296358000,4728663,355914561.4700,0.102000,1,-1.016900,51.748294,14.720541,13.253914,-95.711998,0
2022-10-19,sh.603288,508.0319854500,513.1102465500,485.4543111000,487.4444404500,514.3454992500,10756258,775085022.4400,0.232100,1,-5.230200,49.041779,13.950634,12.560714,-90.706113,0
2022-10-20,sh.603288,480.3760500000,500.6890944000,480.3760500000,492.7972021500,487.4444404500,9478213,680632808.7900,0.204500,1,1.098100,49.580320,14.103830,12.698647,-91.702182,0
2022-10-21,sh.603288,490.9443231000,495.1990824000,482.4348045000,483.1896811500,492.7972021500,7028786,497049011.5900,0.151700,1,-1.949600,48.613708,13.828863,12.451075,-89.914366,0
2022-10-24,sh.603288,478.7976715500,487.1699398500,465.0726415500,465.9647685000,483.1896811500,8883096,610276634.8000,0.191700,1,-3.564800,46.880710,13.335887,12.007215,-86.709068,0
2022-10-25,sh.603288,471.7979062500,484.2190584000,469.0529002500,474.4742871000,465.9647685000,7703018,533771731.8200,0.166200,1,1.826200,47.736852,13.579429,12.226493,-88.292562,0
2022-10-26,sh.603288,469.7391517500,477.4937937000,462.7393864500,465.7588930500,474.4742871000,8711424,594908335.9300,0.188000,1,-1.836900,46.859996,13.329995,12.001910,-86.670758,0
2022-10-27,sh.603288,446.5438510500,454.7102439000,437.0049552000,437.0049552000,465.7588930500,14335913,927519269.9400,0.309400,1,-6.173600,44.505718,11.866404,11.304147,202.980435,0
2022-10-28,sh.603288,426.8484330000,436.7304546000,420.6721695000,423.4171755000,437.0049552000,11668190,726380354.2800,0.251800,1,-3.109300,43.121903,11.497442,10.952667,196.669172,0
2022-10-31,sh.603288,415.1821575000,419.3682916500,408.0451419000,409.5548952000,423.4171755000,8521503,512199551.5300,0.183900,1,-3.273900,41.710133,11.121027,10.594087,190.230408,0
2022-11-01,sh.603288,413.4665287500,440.6420881500,413.4665287500,440.0244618000,409.5548952000,12938345,807860366.3300,0.279200,1,7.439700,44.813233,11.948395,11.382253,204.382938,0
2022-11-02,sh.603288,443.4557193000,457.7297505000,440.0930869500,452.9259900000,440.0244618000,11714088,770468187.4500,0.252800,1,2.932000,46.127158,12.298722,11.715981,210.375451,0
2022-11-03,sh.603288,455.4651205500,457.6611253500,448.1222295000,455.5337457000,452.9259900000,6203903,410341748.0200,0.133900,1,0.575800,46.392738,12.369533,11.783437,211.586704,0
2022-11-04,sh.603288,453.9553672500,480.2387997000,452.2397385000,479.0035470000,455.5337457000,13157895,901511250.0500,0.284000,1,5.152200,48.782964,13.006831,12.390538,222.487977,0
2022-11-07,sh.603288,469.3274008500,510.0221148000,466.6510200000,498.2872141500,479.0035470000,15390462,1100288893.0600,0.332100,1,4.025800,50.746862,13.530458,12.889354,231.444871,0
2022-11-08,sh.603288,498.2185890000,500.2773435000,482.1603039000,485.5915614000,498.2872141500,5628375,401134926.8100,0.121500,1,-2.547900,49.453904,13.185721,12.560952,225.547984,0
2022-11-09,sh.603288,484.1504332500,484.4249338500,472.1410320000,475.0232883000,485.5915614000,5030611,349385559.0600,0.108600,1,-2.176400,48.377604,12.898751,12.287579,220.639223,0
2022-11-10,sh.603288,472.4841577500,489.1600692000,470.0822775000,485.1111853500,475.0232883000,6845910,480037022.0700,0.147700,1,2.123700,49.404981,13.172677,12.548526,225.324858,0
2022-11-11,sh.603288,499.5910920000,504.8066034000,486.8954392500,495.4735830000,485.1111853500,9739468,703484960.0500,0.210200,1,2.136100,50.460315,13.454057,12.816573,230.137994,0
2022-11-14,sh.603288,505.4242297500,507.8261100000,496.1598345000,498.9048405000,495.4735830000,8669775,634514158.9200,0.187100,1,0.692500,50.809763,13.547229,12.905331,231.731747,0
2022-11-15,sh.603288,497.5323375000,505.6987303500,495.6108333000,498.7675902000,498.9048405000,6979989,508709909.4000,0.150600,1,-0.027500,50.795785,13.543502,12.901780,231.667997,0
2022-11-16,sh.603288,497.5323375000,510.8456166000,497.5323375000,502.8850992000,498.7675902000,6612533,486449876.9300,0.142700,1,0.825500,51.215123,13.655309,13.008289,233.580501,0
2022-11-17,sh.603288,502.8850992000,507.5516094000,496.5029602500,503.2968501000,502.8850992000,3932226,287138590.8800,0.084900,1,0.081900,51.257057,13.666489,13.018940,233.771751,0
2022-11-18,sh.603288,505.9732309500,505.9732309500,493.2775782000,493.4148285000,503.2968501000,6809547,492116912.1000,0.147000,1,-1.963500,50.250646,13.398154,12.763319,229.181742,0
2022-11-21,sh.603288,492.0423255000,495.2677075500,480.3760500000,494.7873315000,493.4148285000,5782666,411942115.7200,0.124800,1,0.278200,50.390425,13.435423,12.798822,229.819243,0
2022-11-22,sh.603288,499.8655926000,503.6399758500,484.9053099000,487.7189410500,494.7873315000,4417341,315651573.9000,0.095300,1,-1.428600,49.670562,13.243488,12.615982,226.536111,0
2022-11-23,sh.603288,490.6698225000,493.4148285000,483.8073075000,483.8073075000,487.7189410500,4594626,326618802.7500,0.099200,1,-0.802000,49.272191,13.137272,12.514798,224.719232,0
2022-11-24,sh.603288,491.0129482500,494.1010800000,479.8956739500,481.4054272500,483.8073075000,4163179,293957940.3100,0.089800,1,-0.496500,49.027577,13.072051,12.452668,223.603605,0
2022-11-25,sh.603288,481.4054272500,484.6994344500,478.6604212500,480.5819254500,481.4054272500,3195951,224206243.0800,0.069000,1,-0.171100,48.943710,13.049690,12.431366,223.221104,0
2022-11-28,sh.603288,467.0627709000,482.3661793500,462.1903852500,481.6799278500,480.5819254500,7219415,496039351.0200,0.155800,1,0.228500,49.055533,13.079505,12.459768,223.731105,0
2022-11-29,sh.603288,486.0719374500,493.2775782000,482.0916787500,484.1504332500,481.6799278500,9173318,651129944.6100,0.198000,1,0.512900,49.307136,13.146589,12.523674,224.878607,0
2022-11-30,sh.603288,487.0326895500,487.0326895500,479.1407973000,482.8465554000,484.1504332500,5568290,391406235.6400,0.120200,1,-0.269300,49.174346,13.111183,12.489946,224.272981,0
2022-12-01,sh.603288,497.5323375000,514.0023735000,495.4735830000,508.5123615000,482.8465554000,14199156,1051164804.1400,0.306400,1,5.315500,51.788218,13.808111,13.153852,236.194257,0
2022-12-02,sh.603288,504.1203519000,518.1198825000,503.4341004000,517.0905052500,508.5123615000,9303718,698893990.5600,0.200800,1,1.686900,52.661838,14.041041,13.375745,240.178640,0
2022-12-05,sh.603288,527.1097771500,528.2764047000,519.2865100500,525.0510226500,517.0905052500,8437194,644554255.7500,0.182100,1,1.539500,53.472558,14.257201,13.581662,243.876148,0
2022-12-06,sh.603288,521.4825148500,552.4324575000,520.7276382000,549.0698251500,525.0510226500,11597910,922627356.6900,0.250300,1,4.574600,55.918695,14.909406,14.202964,255.032422,0
2022-12-07,sh.603288,550.4423281500,568.1476168500,543.8543137500,561.3537270000,549.0698251500,11135381,903966350.2300,0.240300,1,2.237200,57.169720,15.242962,14.520716,260.738059,0
2022-12-08,sh.603288,559.6380982500,559.9812240000,545.7758179500,549.0012000000,561.3537270000,6248542,500398384.2600,0.134800,1,-2.200500,55.911706,14.907542,14.201189,255.000547,0
2022-12-09,sh.603288,547.3541964000,552.9814587000,535.6879209000,550.3737030000,549.0012000000,8088168,640740322.6700,0.174500,1,0.250000,56.051486,14.944811,14.236692,255.638048,0
2022-12-12,sh.603288,548.1776982000,552.0893317500,539.5309293000,547.2855712500,550.3737030000,4756822,378209188.0100,0.102700,1,-0.561100,55.736982,14.860956,14.156811,254.203670,0
2022-12-13,sh.603288,548.9325748500,556.9617174000,539.2564287000,552.1579569000,547.2855712500,5561386,446889500.6500,0.120000,1,0.890300,56.233199,14.993261,14.282846,256.466800,0
2022-12-14,sh.603288,552.4324575000,561.0106012500,545.5699425000,559.9812240000,552.1579569000,5127244,415239402.1800,0.110600,1,1.416900,57.029940,15.205693,14.485213,260.100558,0
2022-12-15,sh.603288,558.6773461500,558.7459713000,545.2268167500,549.8247018000,559.9812240000,4116539,330194524.8800,0.088800,1,-1.813700,55.995574,14.929904,14.222491,255.383048,0
2022-12-16,sh.603288,549.9619521000,554.6970874500,546.6679449000,554.4225868500,549.8247018000,4398549,353468836.4600,0.094900,1,0.836200,56.463834,15.054754,14.341426,257.518677,0
2022-12-19,sh.603288,554.3539617000,555.7264647000,547.6286970000,549.5502012000,554.4225868500,2843963,228335411.7300,0.061400,1,-0.878800,55.967618,14.922450,14.215390,255.255548,0
2022-12-20,sh.603288,547.5600718500,549.2070754500,529.0999065000,534.7271688000,549.5502012000,4329131,338599411.6800,0.093400,1,-2.697300,54.458002,14.519946,13.831958,248.370533,0
2022-12-21,sh.603288,540.6289317000,541.6583089500,534.1781676000,537.0604239000,534.7271688000,3546517,277673801.1900,0.076500,1,0.436300,54.695627,14.583303,13.892313,249.454285,0
2022-12-22,sh.603288,541.5210586500,545.4326922000,534.2467927500,537.9525508500,537.0604239000,3815392,300477377.4000,0.082300,1,0.166100,54.786483,14.607528,13.915390,249.868661,0
2022-12-23,sh.603288,536.3055472500,555.7264647000,529.7861580000,552.9128335500,537.9525508500,5876073,470995816.9400,0.126800,1,2.781000,56.310077,15.013759,14.302373,256.817426,0
2022-12-26,sh.603288,552.9814587000,566.1574875000,544.8836910000,545.8444431000,552.9128335500,3839661,311076367.8700,0.082900,1,-1.278400,55.590214,14.821824,14.119532,253.534294,0
2022-12-27,sh.603288,552.1579569000,554.3539617000,545.0209413000,546.8051952000,545.8444431000,3704416,295977245.5700,0.079900,1,0.176000,55.688059,14.847912,14.144384,253.980545,0
2022-12-28,sh.603288,549.0698251500,551.8148311500,542.2073101500,551.1285796500,546.8051952000,5140881,410720893.5500,0.110900,1,0.790700,56.128364,14.965309,14.256219,255.988674,0
2022-12-29,sh.603288,547.0110706500,548.9325748500,535.2761700000,540.9720574500,551.1285796500,4357813,342533518.5500,0.094000,1,-1.842900,55.093998,14.689520,13.993497,251.271164,0
2022-12-30,sh.603288,540.9720574500,549.0012000000,537.4721748000,546.2561940000,540.9720574500,4714429,374204621.3900,0.101700,1,0.976800,55.632148,14.833005,14.130183,253.725544,0
2023-01-03,sh.603288,541.8641844000,541.8641844000,528.4136550000,533.1487903500,546.2561940000,6015230,465989399.2800,0.129800,1,-2.399500,54.297256,14.477087,13.791130,247.637406,0
2023-01-04,sh.603288,531.7762873500,534.5899185000,528.4136550000,528.4136550000,533.1487903500,3910455,302243289.2600,0.084400,1,-0.888100,53.815017,14.348509,13.668645,245.438027,0
2023-01-05,sh.603288,538.9819281000,552.3638323500,529.3057819500,548.7266994000,528.4136550000,8012377,633445789.7900,0.172900,1,3.844200,55.883750,14.900089,14.194089,254.873047,0
2023-01-06,sh.603288,546.5993197500,548.3149485000,538.9819281000,544.1974395000,548.7266994000,5280229,418349615.0500,0.113900,1,-0.825400,55.422479,14.777101,14.076929,252.769292,0
2023-01-09,sh.603288,553.0500838500,554.9715880500,539.6681796000,550.5795784500,544.1974395000,6970392,555761915.7600,0.150400,1,1.172800,56.072452,14.950401,14.242018,255.733674,0
2023-01-10,sh.603288,550.0305772500,552.3638323500,543.7856886000,550.0305772500,550.5795784500,5098197,407822912.9400,0.110000,1,-0.099700,56.016541,14.935494,14.227816,255.478673,0
2023-01-11,sh.603288,550.0305772500,551.7462060000,540.7661820000,541.4524335000,550.0305772500,4023231,318981160.1500,0.086800,1,-1.559600,55.142920,14.702564,14.005923,251.494290,0
2023-01-12,sh.603288,546.2561940000,546.3934443000,538.2956766000,542.1386850000,541.4524335000,3947953,311338367.0000,0.085200,1,0.126700,55.212810,14.721198,14.023674,251.813040,0
2023-01-13,sh.603288,542.4818107500,564.8536096500,542.1386850000,564.8536096500,542.1386850000,11357773,925636947.0800,0.245100,1,4.189900,57.526157,15.337998,14.611249,262.363688,0
2023-01-16,sh.603288,565.1281102500,590.1762900000,565.1281102500,583.8627762000,564.8536096500,9907909,840454557.1300,0.213800,1,3.365300,59.462100,15.854171,15.102965,271.193082,0
2023-01-17,sh.603288,581.8040217000,583.3137750000,575.4218827500,579.8825175000,583.8627762000,6175526,520112021.1800,0.133300,1,-0.681700,59.056740,15.746092,15.000006,269.344328,0
2023-01-18,sh.603288,578.5100145000,583.1765247000,567.8731162500,570.0004959000,579.8825175000,6796620,568207419.9000,0.146700,1,-1.704100,58.050329,15.477756,14.744385,264.754318,0
2023-01-19,sh.603288,570.0004959000,570.8239977000,549.7560766500,553.4618347500,570.0004959000,11221570,905617162.3500,0.242200,1,-2.901500,56.365989,15.028666,14.316574,257.072426,0
2023-01-20,sh.603288,555.0402132000,557.0989677000,543.5798131500,547.2169461000,553.4618347500,8458171,675639231.2900,0.182500,1,-1.128300,55.729993,14.859093,14.155035,254.171795,0
2023-01-30,sh.603288,569.0397438000,569.0397438000,547.6286970000,550.9913293500,547.2169461000,10077112,813772139.5200,0.217500,1,0.689700,56.114386,14.961582,14.252669,255.924924,0
2023-01-31,sh.603288,556.1382156000,558.5400958500,544.1974395000,544.4719401000,550.9913293500,6837800,548159492.1200,0.147600,1,-1.183200,55.450435,14.784555,14.084029,252.896793,0
2023-02-01,sh.603288,544.7464407000,547.3541964000,537.4035496500,543.7856886000,544.4719401000,5317469,419477812.6700,0.114800,1,-0.126000,55.380545,14.765921,14.066278,252.578042,0
2023-02-02,sh.603288,545.2268167500,548.2463233500,538.7760526500,548.1776982000,543.7856886000,6074212,481670142.9800,0.131100,1,0.807700,55.827839,14.885181,14.179887,254.618046,0
2023-02-03,sh.603288,543.6484383000,544.5405652500,535.2761700000,539.3250538500,548.1776982000,6179180,484945678.3200,0.133300,1,-1.614900,54.926262,14.644797,13.950893,250.506162,0
2023-02-06,sh.603288,535.0702945500,539.3936790000,529.3057819500,539.3936790000,539.3250538500,4865539,379427325.6800,0.105000,1,0.012700,54.933251,14.646660,13.952668,250.538037,0
2023-02-07,sh.603288,542.0014347000,542.2073101500,534.5899185000,536.1682969500,539.3936790000,3574772,279844092.0600,0.077100,1,-0.598000,54.604770,14.559079,13.869236,249.039909,0
2023-02-08,sh.603288,536.1682969500,540.7661820000,529.6489077000,530.4724095000,536.1682969500,4721234,366220748.9800,0.101900,1,-1.062300,54.024686,14.404413,13.721899,246.394279,0
2023-02-09,sh.603288,529.5802825500,535.8251712000,528.5509053000,534.0409173000,530.4724095000,4145276,322103692.3600,0.089500,1,0.672700,54.388112,14.501312,13.814207,248.051782,0
2023-02-10,sh.603288,533.2174155000,534.3154179000,528.4136550000,533.2174155000,534.0409173000,4883300,377510660.6000,0.105400,1,-0.154200,54.304245,14.478950,13.792905,247.669281,0
2023-02-13,sh.603288,527.5215280500,541.5210586500,527.5215280500,541.2465580500,533.2174155000,8445889,662123150.7800,0.182300,1,1.505800,55.121953,14.696973,14.000597,251.398664,0
2023-02-14,sh.603288,541.4524335000,543.3739377000,536.5800478500,541.2465580500,541.2465580500,3709058,291813860.1500,0.080000,1,0.000000,55.121953,14.696973,14.000597,251.398664,0
2023-02-15,sh.603288,540.7661820000,542.4818107500,533.2860406500,535.6192957500,541.2465580500,3697746,288696448.7300,0.079800,1,-1.039700,54.548858,14.544171,13.855035,248.784909,0
2023-02-16,sh.603288,539.5309293000,545.2954419000,532.2566634000,535.6879209000,535.6192957500,6542069,515404585.5900,0.141200,1,0.012800,54.555847,14.546034,13.856810,248.816784,0
2023-02-17,sh.603288,535.3447951500,549.0012000000,534.0409173000,537.3349245000,535.6879209000,8946524,709515930.7700,0.193100,1,0.307500,54.723583,14.590757,13.899414,249.581785,0
2023-02-20,sh.603288,535.2761700000,549.6874515000,532.5311640000,547.5600718500,537.3349245000,6411845,505981305.2200,0.138400,1,1.902900,55.764938,14.868410,14.163911,254.331171,0
2023-02-21,sh.603288,547.5600718500,556.5499665000,545.4326922000,553.1187090000,547.5600718500,7027322,564839110.1900,0.151700,1,1.015200,56.331044,15.019349,14.307698,256.913051,0
2023-02-22,sh.603288,553.0500838500,557.9224695000,550.6482036000,553.7363353500,553.1187090000,5421518,438644068.0000,0.117000,1,0.111700,56.393945,15.036120,14.323675,257.199927,0
2023-02-23,sh.603288,553.7363353500,562.3831042500,549.5502012000,552.2265820500,553.7363353500,4511482,364836377.8400,0.097400,1,-0.272600,56.240188,14.995124,14.284621,256.498675,0
2023-02-24,sh.603288,549.0012000000,554.3539617000,546.4620694500,547.2855712500,552.2265820500,4525009,362187289.6900,0.097700,1,-0.894700,55.736982,14.860956,14.156811,254.203670,0
2023-02-27,sh.603288,544.7464407000,561.0106012500,544.2660646500,559.7067234000,547.2855712500,8059682,653184850.5700,0.173900,1,2.269600,57.001985,15.198239,14.478112,259.973058,0
2023-02-28,sh.603288,560.6674755000,567.5299905000,557.2362180000,563.9614827000,559.7067234000,6077759,498054817.0100,0.131200,1,0.760200,57.435300,15.313773,14.588172,261.949312,0
2023-03-01,sh.603288,562.7262300000,566.6378635500,560.4616000500,564.0987330000,563.9614827000,4819963,396183843.8200,0.104000,1,0.024300,57.449278,15.317500,14.591722,262.013062,0
2023-03-02,sh.603288,555.8637150000,566.1574875000,555.8637150000,559.9812240000,564.0987330000,3461145,282652290.8800,0.074700,1,-0.729900,57.029940,15.205693,14.485213,260.100558,0
2023-03-03,sh.603288,566.8437390000,567.5299905000,554.5598371500,555.0402132000,559.9812240000,4056716,330143952.9900,0.087500,1,-0.882400,56.526735,15.071525,14.357402,257.805553,0
2023-03-06,sh.603288,553.6677102000,555.0402132000,547.0110706500,552.2952072000,555.0402132000,4123348,331090356.0800,0.089000,1,-0.494600,56.247177,14.996988,14.286396,256.530550,0
2023-03-07,sh.603288,549.6874515000,550.9913293500,533.2174155000,533.9036670000,552.2952072000,6626662,520419161.8300,0.143000,1,-3.330000,54.374134,14.497585,13.810657,247.988032,0
2023-03-08,sh.603288,533.9036670000,533.9036670000,528.6195304500,530.4724095000,533.9036670000,4053846,313170445.0000,0.087500,1,-0.642700,54.024686,14.404413,13.721899,246.394279,0
2023-03-09,sh.603288,530.8155352500,533.2860406500,515.5121268000,516.1983783000,530.4724095000,7214671,549037772.6100,0.155700,1,-2.690800,52.570982,14.016817,13.352668,239.764264,0
2023-03-10,sh.603288,514.0023735000,521.1393891000,513.1788717000,516.4042537500,516.1983783000,4260447,321626949.3800,0.091900,1,0.039900,52.591949,14.022407,13.357994,239.859890,0
2023-03-13,sh.603288,517.3650058500,529.3057819500,517.3650058500,526.0803999000,516.4042537500,4512070,345233395.3800,0.097400,1,1.873800,53.577393,14.285152,13.608290,244.354274,0
2023-03-14,sh.603288,526.0803999000,529.3744071000,516.3356286000,520.5903879000,526.0803999000,3192932,242461514.1400,0.068900,1,-1.043600,53.018275,14.136077,13.466278,241.804269,0
2023-03-15,sh.603288,528.2764047000,528.3450298500,514.8945004500,515.3748765000,520.5903879000,3556533,269593682.2200,0.076800,1,-1.001800,52.487114,13.994455,13.331366,239.381764,0
2023-03-16,sh.603288,515.4435016500,520.5217627500,513.3847471500,517.7081316000,515.3748765000,2814846,212506382.4600,0.060700,1,0.452700,52.724739,14.057812,13.391721,240.465516,0
2023-03-17,sh.603288,519.8355112500,526.5607759500,511.2573675000,513.1102465500,517.7081316000,5171182,390255362.1100,0.111600,1,-0.888100,52.256478,13.932962,13.272787,238.329886,0
2023-03-20,sh.603288,513.2474968500,515.3748765000,507.6888597000,511.3946178000,513.1102465500,3101323,230952265.8600,0.066900,1,-0.334400,52.081754,13.886376,13.228408,237.533010,0
2023-03-21,sh.603288,514.6199998500,517.8453819000,511.6004932500,513.3161220000,511.3946178000,3907145,292773619.8200,0.084300,1,0.375700,52.277445,13.938552,13.278112,238.425511,0
2023-03-22,sh.603288,518.6688837000,519.3551352000,510.7083663000,515.3748765000,513.3161220000,4790340,358853207.2900,0.103400,1,0.401100,52.487114,13.994455,13.331366,239.381764,0
2023-03-23,sh.603288,511.3259926500,515.3062513500,509.8848645000,513.1788717000,515.3748765000,3474780,259337071.6400,0.075000,1,-0.426100,52.263467,13.934825,13.274562,238.361761,0
2023-03-24,sh.603288,507.7574848500,516.5415040500,507.7574848500,514.2768741000,513.1788717000,3081131,230771884.5400,0.066500,1,0.214000,52.375291,13.964640,13.302964,238.871762,0
2023-03-27,sh.603288,518.8061340000,518.8061340000,507.1398585000,508.5123615000,514.2768741000,4560981,339249480.1400,0.098400,1,-1.120900,51.788218,13.808111,13.153852,236.194257,0
2023-03-28,sh.603288,508.7868621000,517.7767567500,508.7868621000,514.2768741000,508.5123615000,3549441,265287194.3300,0.076600,1,1.133600,52.375291,13.964640,13.302964,238.871762,0
2023-03-29,sh.603288,522.2373915000,522.5118921000,511.3259926500,513.7278729000,514.2768741000,2771805,208356477.5300,0.059800,1,-0.106800,52.319379,13.949733,13.288763,238.616762,0
2023-03-30,sh.603288,515.9238777000,521.1393891000,513.7278729000,520.1100118500,513.7278729000,4003592,302292396.8300,0.086400,1,1.242300,52.969353,14.123033,13.453852,241.581143,0
2023-03-31,sh.603288,521.8256406000,527.8646538000,520.3845124500,525.2568981000,520.1100118500,3997810,306065066.5400,0.086300,1,0.989600,53.493525,14.262791,13.586988,243.971773,0
2023-04-03,sh.603288,529.7175328500,531.7076622000,524.6392717500,529.7861580000,525.2568981000,3983070,307334794.4500,0.086000,1,0.862300,53.954797,14.385778,13.704148,246.075528,0
2023-04-04,sh.603288,528.4136550000,538.2270514500,526.2176502000,537.7466754000,529.7861580000,4545559,354551877.8400,0.098100,1,1.502600,54.765516,14.601938,13.910065,249.773036,0
2023-04-06,sh.603288,537.6094251000,537.6094251000,524.0902705500,526.2176502000,537.7466754000,2971555,229018777.5900,0.064100,1,-2.144000,53.591370,14.288879,13.611840,244.418024,0
2023-04-07,sh.603288,525.1196478000,531.2959113000,523.6098945000,526.0117747500,526.2176502000,1732404,133012506.9100,0.037400,1,-0.039100,53.570404,14.283289,13.606514,244.322399,0
2023-04-10,sh.603288,524.9823975000,525.8058993000,517.5708813000,519.4923855000,526.0117747500,3151543,238549686.5100,0.068000,1,-1.239400,52.906452,14.106262,13.437875,241.294268,0
2023-04-11,sh.603288,509.0613627000,522.5118921000,509.0613627000,515.2376262000,519.4923855000,3824407,288632570.8000,0.082500,1,-0.819000,52.473136,13.990728,13.327816,239.318013,0
2023-04-12,sh.603288,517.4336310000,518.1198825000,508.5123615000,509.7476142000,515.2376262000,4295658,319808503.6700,0.092700,1,-1.065500,51.914019,13.841653,13.185804,236.768008,0
2023-04-13,sh.603288,508.8554872500,510.0907399500,500.0714680500,505.6987303500,509.7476142000,3534634,259025395.4300,0.076300,1,-0.794300,51.501670,13.731710,13.081070,234.887379,0
2023-04-14,sh.603288,507.2771088000,509.0613627000,500.2773435000,501.7870968000,505.6987303500,3386257,248247754.1800,0.073100,1,-0.773500,51.103300,13.625494,12.979887,233.070500,0
2023-04-17,sh.603288,496.1598345000,506.3163567000,496.1598345000,505.7673555000,501.7870968000,3700603,270431567.3300,0.079900,1,0.793200,51.508659,13.733573,13.082846,234.919254,0
2023-04-18,sh.603288,505.7673555000,511.1201172000,504.9438537000,510.8456166000,505.7673555000,4662902,346127302.8300,0.100600,1,1.004100,52.025843,13.871468,13.214207,237.278009,0
2023-04-19,sh.603288,510.9142417500,511.2573675000,500.2773435000,502.6105986000,510.8456166000,3296695,241994386.3800,0.071100,1,-1.612000,51.187167,13.647855,13.001189,233.453001,0
2023-04-20,sh.603288,502.6105986000,504.1889770500,494.1010800000,494.3755806000,502.6105986000,4063592,295057283.1700,0.087700,1,-1.638400,50.348491,13.424242,12.788171,229.627993,0
2023-04-21,sh.603288,494.3755806000,497.4637123500,487.5816907500,488.5424428500,494.3755806000,4558890,327483717.4700,0.098400,1,-1.179900,49.754430,13.265849,12.637283,226.918612,0
2023-04-24,sh.603288,487.2385650000,487.2385650000,480.4446751500,481.7485530000,488.5424428500,3243050,228237476.9400,0.070000,1,-1.390600,49.062522,13.081368,12.461544,223.762980,0
2023-04-25,sh.603288,483.1210560000,490.3953219000,480.3760500000,485.5229362500,481.7485530000,4419750,312374620.7600,0.095400,1,0.783500,49.446915,13.183858,12.559177,225.516109,0
2023-04-26,sh.603288,480.4446751500,480.4446751500,456.4258726500,469.6705266000,485.5229362500,9902889,671060103.3100,0.213700,1,-3.265000,52.124766,11.280789,12.495179,-237.420185,0
2023-04-27,sh.603288,471.3175302000,481.0623015000,468.8470248000,476.7389170500,469.6705266000,5696813,394657865.3500,0.122900,1,1.505000,52.909227,11.450562,12.683227,-240.993282,0
2023-04-28,sh.603288,473.5135350000,486.2778129000,473.5135350000,484.4935590000,476.7389170500,4113433,289362266.1500,0.088800,1,1.626600,53.769849,11.636817,12.889533,-244.913283,0
2023-05-04,sh.603288,497.8754632500,498.2185890000,474.4056619500,475.4350392000,484.4935590000,5394603,376741478.5200,0.116400,1,-1.869700,52.764520,11.419244,12.648539,-240.334167,0
2023-05-05,sh.603288,477.4937937000,480.0329242500,472.2782823000,475.9840404000,475.4350392000,2861592,198709346.6800,0.061800,1,0.115500,52.825449,11.432431,12.663145,-240.611689,0
2023-05-08,sh.603288,475.9154152500,480.1701745500,470.7685290000,472.7586583500,475.9840404000,4077756,281544118.0000,0.088000,1,-0.677600,52.467491,11.354962,12.577336,-238.981247,0
2023-05-09,sh.603288,471.4547805000,475.5722895000,466.9941457500,469.1215254000,472.7586583500,4973890,341048265.5200,0.107300,1,-0.769300,52.063837,11.267603,12.480573,-237.142663,0
2023-05-10,sh.603288,476.0526655500,476.0526655500,462.8766367500,467.4745218000,469.1215254000,5752394,392434293.5500,0.124100,1,-0.351100,51.881050,11.228044,12.436756,-236.310096,0
2023-05-11,sh.603288,467.4745218000,468.5038990500,462.1903852500,462.7393864500,467.4745218000,3967759,268376611.8200,0.085600,1,-1.012900,51.355537,11.114314,12.310782,-233.916468,0
2023-05-12,sh.603288,462.8766367500,467.9548978500,460.1316307500,460.2002559000,462.7393864500,3245861,218962030.0600,0.070000,1,-0.548700,51.073740,11.053327,12.243231,-232.632928,0
2023-05-15,sh.603288,458.0728762500,463.2197625000,453.7494918000,462.5335110000,460.2002559000,6301821,420061144.3600,0.136000,1,0.507000,51.332689,11.109369,12.305305,-233.812397,0
2023-05-16,sh.603288,462.6707613000,462.9452619000,450.2496091500,456.2886223500,462.5335110000,6906989,458029632.4700,0.149100,1,-1.350100,50.639621,10.959376,12.139165,-230.655583,0
2023-05-17,sh.603288,456.1513720500,458.4160020000,442.0832163000,444.4164714000,456.2886223500,8687993,566789618.8100,0.187500,1,-2.601900,49.322031,10.674224,11.823317,-224.654167,0
2023-05-18,sh.603288,444.0047205000,450.0437337000,437.0049552000,441.8087157000,444.4164714000,7649368,493297781.7700,0.165100,1,-0.586800,49.032619,10.611590,11.753939,-223.335937,0
2023-05-19,sh.603288,440.0244618000,447.8477289000,438.0343324500,444.0733456500,441.8087157000,5702502,368627500.5200,0.123100,1,0.512600,49.283951,10.665983,11.814188,-224.480715,0
2023-05-22,sh.603288,447.9849792000,458.2787517000,441.7400905500,455.1219948000,444.0733456500,7961741,525665894.4400,0.171800,1,2.488000,50.510147,10.931355,12.108128,-230.065848,0
2023-05-23,sh.603288,454.2298678500,457.0434990000,448.1908546500,448.1908546500,455.1219948000,3736541,245924664.2500,0.080600,1,-1.522900,49.740918,10.764879,11.923731,-226.562131,0
2023-05-24,sh.603288,446.2693504500,451.2789864000,441.9459660000,441.9459660000,448.1908546500,4024562,261129832.1400,0.086900,1,-1.393400,49.047851,10.614886,11.757591,-223.405317,0
2023-05-25,sh.603288,438.9950845500,444.6909720000,437.3480809500,439.0637097000,441.9459660000,3984944,255198557.9900,0.086000,1,-0.652200,48.727974,10.545659,11.680911,-221.948326,0
2023-05-26,sh.603288,439.2009600000,444.4164714000,437.8284570000,440.0244618000,439.0637097000,3161742,202880045.9300,0.068200,1,0.218800,48.834599,10.568735,11.706471,-222.433990,0
2023-05-29,sh.603288,440.3675875500,444.6909720000,430.6228162500,434.1913240500,440.0244618000,6559422,415328880.1000,0.141600,1,-1.325600,48.187229,10.428631,11.551285,-219.485317,0
2023-05-30,sh.603288,437.3480809500,437.3480809500,422.7309240000,424.9955539500,434.1913240500,6312998,392590395.4000,0.136200,1,-2.117900,47.166668,10.207763,11.306640,-214.836821,0
2023-05-31,sh.603288,424.7210533500,424.9269288000,415.1821575000,415.1821575000,424.9955539500,9264796,563508355.9400,0.199900,1,-2.309100,46.077562,9.972059,11.045563,-209.876113,0
2023-06-01,sh.603288,415.1821149300,427.6800714300,414.9321558000,417.5983865200,415.1821149300,10258825,516531877.3700,0.184500,1,0.582000,45.806428,9.913381,10.980568,-208.641140,0
2023-06-02,sh.603288,419.9313384000,425.9303575200,416.1819514500,423.5140859300,417.5983865200,8577245,434874335.2100,0.154300,1,1.416600,46.455322,10.053814,11.136118,-211.596750,0
2023-06-05,sh.603288,423.5974056400,423.5974056400,413.6823601500,414.2655981200,423.5140859300,8548083,427289057.2700,0.153700,1,-2.183700,45.440854,9.834264,10.892933,-206.976007,0
2023-06-06,sh.603288,414.2655981200,420.3479369500,411.5993674000,412.0159659500,414.2655981200,7945329,396551326.4200,0.142900,1,-0.543000,45.194091,9.780860,10.833780,-205.852042,0
2023-06-07,sh.603288,413.3490813100,420.3479369500,409.4330549400,410.7661703000,412.0159659500,7203856,356932348.4400,0.129600,1,-0.303300,45.057001,9.751191,10.800917,-205.227617,0
2023-06-08,sh.603288,410.6828505900,412.5992039200,404.9337906000,410.5995308800,410.7661703000,6037855,295977361.6900,0.108600,1,-0.040600,45.038722,9.747235,10.796536,-205.144361,0
2023-06-09,sh.603288,411.5993674000,413.7656798600,406.1835862500,406.1835862500,410.5995308800,6349625,311607187.6700,0.114200,1,-1.075500,44.554337,9.642405,10.680420,-202.938060,0
2023-06-12,sh.603288,406.1835862500,414.7655163800,402.0176007500,411.7660068200,406.1835862500,8297237,407387347.1300,0.149200,1,1.374400,45.166673,9.774926,10.827208,-205.727157,0
2023-06-13,sh.603288,412.5158842100,422.0143311500,412.4325645000,416.6818697100,411.7660068200,10110894,506036520.6800,0.181800,1,1.193800,45.705895,9.891624,10.956468,-208.183228,0
2023-06-14,sh.603288,418.8481821700,422.9308479600,416.0153120300,418.6815427500,416.6818697100,10150903,511368028.9900,0.182600,1,0.479900,45.925239,9.939094,11.009049,-209.182308,0
2023-06-15,sh.603288,421.5977326000,427.8467108500,418.4315836200,425.5970786800,418.6815427500,9190140,467478526.7600,0.165300,1,1.651700,46.683805,10.103262,11.190890,-212.637458,0
2023-06-16,sh.603288,426.4302757800,429.0965065000,421.1811340500,425.3471195500,425.5970786800,9236910,471470007.0200,0.166100,1,-0.058700,46.656387,10.097328,11.184317,-212.512573,0
2023-06-19,sh.603288,425.0971604200,428.9298670800,419.6813792700,420.0146581100,425.3471195500,7068228,358763358.3200,0.127100,1,-1.253700,46.071469,9.970741,11.044102,-209.848361,0
2023-06-20,sh.603288,420.0146581100,421.4310931800,417.4317471000,418.4315836200,420.0146581100,4177304,210078451.1100,0.075100,1,-0.376900,45.897821,9.933160,11.002476,-209.057423,0
2023-06-21,sh.603288,416.3485908700,419.0981413000,412.8491630500,413.6823601500,418.4315836200,5567826,277860721.6000,0.100100,1,-1.135000,45.376878,9.820418,10.877597,-206.684609,0
2023-06-26,sh.603288,408.2665790000,412.3492447900,403.2673964000,405.3503891500,413.6823601500,6799619,331637970.1500,0.122300,1,-2.014100,44.462943,9.622625,10.658512,-202.521777,0
2023-06-27,sh.603288,405.5170285700,409.4330549400,397.7682955400,399.9346080000,405.3503891500,9865030,474618055.8700,0.177400,1,-1.336100,43.868885,9.494060,10.516106,-199.815936,0
2023-06-28,sh.603288,400.0179277100,402.0176007500,394.9354254000,399.6846488700,399.9346080000,8454824,405188830.6400,0.152000,1,-0.062500,43.841467,9.488126,10.509534,-199.691051,0
2023-06-29,sh.603288,398.8514517700,399.5180094500,392.4358341000,392.4358341000,399.6846488700,8558237,405649731.7300,0.153900,1,-1.813600,43.046344,9.316046,10.318929,-196.069387,0
2023-06-30,sh.603288,390.6028004800,393.1857114900,385.0203799100,390.3528413500,392.4358341000,8947182,419249493.8100,0.160900,1,-0.530800,42.817860,9.266598,10.264158,-195.028679,0
2023-07-03,sh.603288,390.3528413500,403.5173555300,389.8529230900,402.1842401700,390.3528413500,12215498,584882648.1500,0.219700,1,3.030900,44.115648,9.547464,10.575259,-200.939901,0
2023-07-04,sh.603288,402.5175190100,407.8499804500,398.6848123500,407.1834227700,402.1842401700,7569433,367589865.8500,0.136100,1,1.243000,44.664009,9.666140,10.706711,-203.437600,0
2023-07-05,sh.603288,407.1834227700,407.2667424800,395.8519422100,396.8517787300,407.1834227700,7837020,374583225.8000,0.140900,1,-2.537300,43.530729,9.420877,10.435045,-198.275688,0
2023-07-06,sh.603288,394.1022283000,400.7678051000,388.2698486000,389.1030457000,396.8517787300,8856398,416316490.3100,0.159300,1,-1.952600,42.680770,9.236929,10.231295,-194.404254,0
2023-07-07,sh.603288,387.4366515000,389.7696033800,381.4376323800,381.5209520900,389.1030457000,9700662,446879880.0000,0.174500,1,-1.948600,41.849089,9.056938,10.031927,-190.616077,0
2023-07-10,sh.603288,381.5209520900,391.6026370000,381.0210338300,383.5206251300,381.5209520900,11960576,552972476.2500,0.215100,1,0.524100,42.068433,9.104408,10.084508,-191.615157,0
2023-07-11,sh.603288,383.2706660000,384.5204616500,373.9388584800,375.6885723900,383.5206251300,17131944,773688294.1100,0.308100,1,-2.042100,41.209334,8.918483,9.878567,-187.702095,0
2023-07-12,sh.603288,375.6885723900,375.6885723900,367.4399211000,368.7730364600,375.6885723900,14652680,650279106.8600,0.263500,1,-1.840800,40.450768,8.754314,9.696726,-184.246944,0
2023-07-13,sh.603288,368.7730364600,378.3548031100,368.1064787800,377.8548848500,368.7730364600,15123949,680221021.9400,0.272000,1,2.462700,41.446957,8.969909,9.935529,-188.784431,0
2023-07-14,sh.603288,377.8548848500,379.0213607900,374.1054979000,375.7718921000,377.8548848500,9357441,422194863.1800,0.168300,1,-0.551300,41.218473,8.920460,9.880758,-187.743723,0
2023-07-17,sh.603288,372.4391037000,374.9386950000,369.9395124000,374.9386950000,375.7718921000,6517919,291000643.8100,0.117200,1,-0.221700,41.127080,8.900681,9.858850,-187.327440,0
2023-07-18,sh.603288,375.9385315200,376.1884906500,369.6062335600,370.3561109500,374.9386950000,9174582,408821051.1500,0.165000,1,-1.222200,40.624416,8.791895,9.738352,-185.037882,0
2023-07-19,sh.603288,367.8565196500,371.4392671800,365.7735269000,368.2731182000,370.3561109500,9665066,426702827.8300,0.173800,1,-0.562400,40.395932,8.742447,9.683581,-183.997174,0
2023-07-20,sh.603288,370.0228321100,372.3557839900,366.9400028400,367.5232408100,368.2731182000,7021569,311561233.2700,0.126300,1,-0.203600,40.313678,8.724645,9.663863,-183.622519,0
2023-07-21,sh.603288,365.7735269000,378.3548031100,365.5235677700,373.1889810900,367.5232408100,11725745,525100655.3200,0.210900,1,1.541600,40.935154,8.859145,9.812842,-186.453245,0
2023-07-24,sh.603288,368.2731182000,371.3559474700,361.6075414000,364.5237312500,373.1889810900,12514162,547474935.9000,0.225100,1,-2.321900,39.984661,8.653440,9.584993,-182.123900,0
2023-07-25,sh.603288,371.7725460200,378.5214425300,370.8560292100,373.9388584800,364.5237312500,19687522,884749440.3100,0.354100,1,2.582900,41.017408,8.876946,9.832559,-186.827900,0
2023-07-26,sh.603288,372.5224234100,376.1884906500,372.4391037000,376.1051709400,373.9388584800,11013080,494623036.2700,0.198100,1,0.579300,41.255031,8.928372,9.889522,-187.910236,0
2023-07-27,sh.603288,376.1051709400,377.3549665900,371.6059066000,372.6057431200,376.1051709400,15126336,678934252.8000,0.272000,1,-0.930400,40.871178,8.845299,9.797506,-186.161847,0
2023-07-28,sh.603288,370.2727912400,384.4371419400,368.1064787800,381.1876732500,372.6057431200,25544626,1158828150.8600,0.459400,1,2.303200,41.812531,9.049026,10.023164,-190.449564,0
2023-07-31,sh.603288,386.1035361400,390.2695216400,381.8542309300,385.7702573000,381.1876732500,27493516,1271409151.9300,0.494400,1,1.202200,42.315196,9.157812,10.143661,-192.739121,0
2023-08-01,sh.603288,387.9365697600,393.2690312000,382.1041900600,383.6872645500,385.7702573000,21661426,1006915004.9600,0.389600,1,-0.540000,42.086712,9.108364,10.088889,-191.698413,0
2023-08-02,sh.603288,383.1873462900,386.2701755600,380.3544761500,382.0208703500,383.6872645500,9932677,456062051.4800,0.178600,1,-0.434300,41.903925,9.068805,10.045072,-190.865847,0
2023-08-03,sh.603288,379.1046805000,386.4368149800,379.1046805000,385.8535770100,382.0208703500,11206855,516432635.2100,0.201500,1,1.003300,42.324335,9.159790,10.145852,-192.780750,0
2023-08-04,sh.603288,387.4366515000,390.7694399000,383.2706660000,383.5206251300,385.8535770100,12149338,563464584.8500,0.218500,1,-0.604600,42.068433,9.104408,10.084508,-191.615157,0
2023-08-07,sh.603288,382.8540674500,383.2706660000,377.5216060100,379.9378776000,383.5206251300,10018460,456587764.1600,0.180200,1,-0.934200,41.675441,9.019357,9.990301,-189.825139,0
2023-08-08,sh.603288,377.2716468800,381.9375506400,376.6050892000,381.1043535400,379.9378776000,6816831,310404768.8200,0.122600,1,0.307000,41.803392,9.047048,10.020973,-190.407936,0
2023-08-09,sh.603288,381.1043535400,387.2700120800,378.2714834000,385.2703390400,381.1043535400,9283313,428381003.7500,0.166900,1,1.093100,42.260360,9.145944,10.130516,-192.489352,0
2023-08-10,sh.603288,383.9372236800,385.8535770100,378.7714016600,384.1038631000,385.2703390400,7731452,354333727.9400,0.139000,1,-0.302800,42.132409,9.118253,10.099844,-191.906555,0
2023-08-11,sh.603288,384.1038631000,384.3538222300,369.1063153000,369.3562744300,384.1038631000,14626818,657762028.5700,0.263000,1,-3.839500,40.514743,8.768160,9.712062,-184.538342,0
2023-08-14,sh.603288,362.4407385000,364.6903706700,355.1919237300,360.8576640100,369.3562744300,17442281,753668214.5100,0.313700,1,-2.300900,39.582530,8.566411,9.488595,-180.292254,0
2023-08-15,sh.603288,363.2739356000,363.2739356000,353.2755704000,356.0251208300,360.8576640100,10364699,443740254.5900,0.186400,1,-1.339200,39.052447,8.451691,9.361525,-177.877811,0
2023-08-16,sh.603288,353.5255295300,357.5248756100,353.2755704000,354.0254477900,356.0251208300,7427002,316529394.9100,0.133600,1,-0.561700,38.833103,8.404221,9.308945,-176.878732,0
2023-08-17,sh.603288,351.6091762000,356.8583179300,347.5265104100,356.0251208300,354.0254477900,12749545,538693920.5400,0.229300,1,0.564800,39.052447,8.451691,9.361525,-177.877811,0
2023-08-18,sh.603288,355.3585631500,355.3585631500,343.9437628800,344.5270008500,356.0251208300,12081279,505296439.8500,0.217300,1,-3.229600,37.791217,8.178737,9.059187,-172.133103,0
2023-08-21,sh.603288,344.5270008500,345.5268373700,338.2780226000,338.2780226000,344.5270008500,13034690,534865957.0300,0.234400,1,-1.813800,37.105765,8.030392,8.894873,-169.010979,0
2023-08-22,sh.603288,338.6946211500,342.1940489700,332.4456429000,337.3615057900,338.2780226000,15421643,622293298.4800,0.277300,1,-0.270900,37.005233,8.008635,8.870774,-168.553068,0
2023-08-23,sh.603288,337.3615057900,337.6947846300,331.6124458000,331.8624049300,337.3615057900,11035245,442332663.6700,0.198500,1,-1.630000,36.402035,7.878092,8.726177,-165.805598,0
2023-08-24,sh.603288,332.6122823200,337.4448255000,329.2794939200,335.6117918800,331.8624049300,12865543,516346033.5900,0.231400,1,1.129800,36.813306,7.967099,8.824766,-167.678873,0
2023-08-25,sh.603288,333.9453976800,337.8614240500,332.5289626100,333.9453976800,335.6117918800,8887682,357380079.0900,0.159800,1,-0.496500,36.630519,7.927540,8.780949,-166.846306,0
2023-08-28,sh.603288,346.4433541800,349.6928228700,330.5292895700,331.7790852200,333.9453976800,19643331,800898147.9000,0.353300,1,-0.648700,36.392896,7.876114,8.723986,-165.763970,0
2023-08-29,sh.603288,329.9460516000,335.6117918800,329.6127727600,333.2788400000,331.7790852200,17942688,717337866.9000,0.322700,1,0.452000,36.557404,7.911717,8.763422,-166.513280,0
2023-08-30,sh.603288,332.2790034800,338.0280634700,329.4461333400,331.7790852200,333.2788400000,21186781,848574096.5900,0.381000,1,-0.450000,37.525432,8.435099,8.841701,-274.962676,0
2023-08-31,sh.603288,330.4459698600,334.6119553600,324.4469507400,325.7800661000,331.7790852200,18711944,733273826.9300,0.336500,1,-1.808100,36.846921,8.282580,8.681831,-269.990975,0
2023-09-01,sh.603288,327.6964194300,331.1125275400,326.6132632000,328.6962559500,325.7800661000,9439763,372785971.9900,0.169800,1,0.895100,37.176753,8.356721,8.759545,-272.407774,0
2023-09-04,sh.603288,331.8624049300,334.3619962300,327.1965011700,333.6121188400,328.6962559500,19567682,779361816.2000,0.351900,1,1.495600,37.732755,8.481701,8.890550,-276.481807,0
2023-09-05,sh.603288,332.1956837700,335.2785130400,331.3624866700,333.1955202900,333.6121188400,10026947,400991326.0600,0.180300,1,-0.124900,37.685636,8.471110,8.879448,-276.136550,0
2023-09-06,sh.603288,331.6957655100,334.9452342000,329.4461333400,333.9453976800,333.1955202900,10398447,414953196.1200,0.187000,1,0.225100,37.770450,8.490175,8.899432,-276.758012,0
2023-09-07,sh.603288,334.1120371000,334.5286356500,325.8633858100,325.9467055200,333.9453976800,10045121,396839722.0000,0.180600,1,-2.395200,36.865769,8.286817,8.686272,-270.129078,0
2023-09-08,sh.603288,325.2801478400,325.2801478400,319.1978090100,320.4476046600,325.9467055200,9449648,364839153.9400,0.169900,1,-1.687100,36.243800,8.147009,8.539724,-265.571685,0
2023-09-11,sh.603288,318.2812922000,327.0298617500,316.9481768400,325.1968281300,320.4476046600,10171414,393751183.7700,0.182900,1,1.482100,36.780955,8.267752,8.666288,-269.507615,0
2023-09-12,sh.603288,324.9468690000,327.4464603000,322.8638762500,326.6132632000,325.1968281300,8264739,323036704.5600,0.148600,1,0.435600,36.941159,8.303764,8.704035,-270.681489,0
2023-09-13,sh.603288,329.1961742100,331.0292078300,324.5302704500,327.8630588500,326.6132632000,10987181,431791960.7200,0.197600,1,0.382700,37.082515,8.335538,8.737341,-271.717260,0
2023-09-14,sh.603288,328.2796574000,329.3628136300,323.0305156700,325.1135084200,327.8630588500,11021304,430765460.4400,0.198200,1,-0.838600,36.771531,8.265634,8.664067,-269.438564,0
2023-09-15,sh.603288,325.1135084200,330.7792487000,323.4471142200,325.6134266800,325.1135084200,11883657,466289931.5800,0.213700,1,0.153800,36.828073,8.278344,8.677390,-269.852872,0
2023-09-18,sh.603288,324.9468690000,329.3628136300,321.7807200200,325.4467872600,325.6134266800,10700180,418307462.4100,0.192400,1,-0.051200,36.809226,8.274107,8.672949,-269.714769,0
2023-09-19,sh.603288,324.9468690000,325.2801478400,318.3646119100,324.5302704500,325.4467872600,9861510,380891154.7600,0.177300,1,-0.281600,36.705565,8.250806,8.648524,-268.955204,0
2023-09-20,sh.603288,324.2803113200,325.5301069700,320.4476046600,322.1973185700,324.5302704500,6903578,267693700.5500,0.124200,1,-0.718900,36.441699,8.191493,8.586353,-267.021765,0
2023-09-21,sh.603288,321.6140806000,322.4472777000,315.1151432200,315.1151432200,322.1973185700,11249237,428830444.5200,0.202300,1,-2.198100,35.640679,8.011437,8.397617,-261.152396,0
2023-09-22,sh.603288,315.0318235100,327.4464603000,313.2821096000,327.4464603000,315.1151432200,16075542,620722688.7800,0.289100,1,3.913300,37.035396,8.324947,8.726239,-271.372003,0
2023-09-25,sh.603288,327.4464603000,327.8630588500,319.9476864000,320.0310061100,327.4464603000,13009854,502458476.9600,0.234000,1,-2.264600,36.196681,8.136417,8.528622,-265.226428,0
2023-09-26,sh.603288,319.0311695900,326.5299434900,315.4484220600,316.3649388700,320.0310061100,13193900,506350029.3400,0.237300,1,-1.145500,35.782036,8.043212,8.430924,-262.188167,0
2023-09-27,sh.603288,317.3647753900,331.1958472500,316.1982994500,325.1968281300,316.3649388700,21636623,845219835.7100,0.389100,1,2.791700,36.780955,8.267752,8.666288,-269.507615,0
2023-09-28,sh.603288,326.0300252300,326.9465420400,315.6150614800,316.5315782900,325.1968281300,18750158,718449902.6400,0.337200,1,-2.664600,35.800883,8.047448,8.435364,-262.326270,0
2023-10-09,sh.603288,316.4482585800,318.6145710400,311.6157154000,316.6982177100,316.5315782900,14104291,533566386.0000,0.253600,1,0.052600,35.819731,8.051685,8.439805,-262.464372,0
2023-10-10,sh.603288,319.4477681400,326.4466237800,317.8646936500,318.8645301700,316.6982177100,18470784,712143725.3400,0.332200,1,0.684000,36.064749,8.106761,8.497536,-264.259709,0
2023-10-11,sh.603288,323.9470324800,339.4444985400,320.6142440800,336.2783495600,318.8645301700,39870928,1595515025.4800,0.717000,1,5.461200,38.034315,8.549487,8.961603,-278.691451,0
2023-10-12,sh.603288,339.3611788300,339.6111379600,331.7790852200,334.1953568100,336.2783495600,15821646,635374074.8400,0.284500,1,-0.619400,37.798721,8.496529,8.906093,-276.965166,0
2023-10-13,sh.603288,332.6956020300,332.6956020300,322.5305974100,324.2803113200,334.1953568100,15188396,593953927.1400,0.273100,1,-2.966800,36.677293,8.244451,8.641863,-268.748050,0
2023-10-16,sh.603288,324.1136719000,324.1136719000,298.2845618000,298.7011603500,324.2803113200,48140882,1753953498.5300,0.865700,1,-7.888000,33.784197,7.594131,7.960195,-247.549270,0
2023-10-17,sh.603288,301.3673910700,308.9494846800,301.3673910700,303.9503020800,298.7011603500,31784716,1165934194.7200,0.571600,1,1.757300,34.377895,7.727584,8.100081,-251.899508,0
2023-10-18,sh.603288,302.2839078800,306.2832539600,301.6173502000,303.9503020800,303.9503020800,13307353,485244166.2500,0.239300,1,0.000000,34.377895,7.727584,8.100081,-251.899508,0
2023-10-19,sh.603288,302.0339487500,302.8671458500,294.7018142700,295.2017325300,303.9503020800,16536506,591040526.4400,0.297400,1,-2.878300,33.388399,7.505162,7.866938,-244.649111,0
2023-10-20,sh.603288,295.7849705000,296.9514464400,291.6189850000,292.3688623900,295.2017325300,12897018,454504907.5000,0.231900,1,-0.959600,33.067991,7.433139,7.791443,-242.301364,0
2023-10-23,sh.603288,292.1189032600,297.0347661500,288.0362374700,292.2022229700,292.3688623900,12381568,435353619.0400,0.222700,1,-0.057000,33.049144,7.428903,7.787003,-242.163261,0
2023-10-24,sh.603288,292.2022229700,293.6186580400,285.7866053000,288.2028768900,292.2022229700,15651922,541907943.1700,0.281500,1,-1.368700,32.596803,7.327224,7.680423,-238.848793,0
2023-10-25,sh.603288,290.7024681900,297.7846435400,288.7861148600,292.0355835500,288.2028768900,14310912,503020722.0700,0.257400,1,1.329900,33.030296,7.424666,7.782562,-242.025158,0
2023-10-26,sh.603288,290.9524273200,294.5351748500,289.2027134100,293.7852974600,292.0355835500,9313911,326151098.3100,0.167500,1,0.599100,33.228195,7.469151,7.829191,-243.475237,0
2023-10-27,sh.603288,293.7852974600,312.4489125000,291.4523455800,311.0324774300,293.7852974600,26647483,976408779.2200,0.479200,1,5.870700,35.178915,7.907640,8.288817,-257.768877,0
2023-10-30,sh.603288,307.8663284500,316.6148980000,306.6998525100,315.5317417700,311.0324774300,16578599,624548152.0000,0.298100,1,1.446600,35.687798,8.022029,8.408719,-261.497653,0
2023-10-31,sh.603288,315.0318235100,315.1984629300,308.3662467100,313.6987081500,315.5317417700,14935496,560311722.5700,0.268600,1,-0.580900,35.730654,7.617771,8.319185,-55.920844,0
2023-11-01,sh.603288,316.6148980000,317.8646936500,308.4495664200,309.5327226500,313.6987081500,11651623,434355650.6700,0.209500,1,-1.328000,35.256143,7.516606,8.208705,-55.178204,0
2023-11-02,sh.603288,310.7825183000,311.2824365600,306.0332948300,307.1164510600,309.5327226500,10364495,382903823.6000,0.186400,1,-0.780600,34.980927,7.457929,8.144626,-54.747472,0
2023-11-03,sh.603288,306.8664919300,316.6148980000,305.7833357000,312.6988716300,307.1164510600,10074237,377363098.7100,0.181200,1,1.817700,35.616771,7.593491,8.292670,-55.742611,0
2023-11-06,sh.603288,312.6988716300,316.4482585800,311.5323956900,316.1149797400,312.6988716300,12090932,456096846.8800,0.217400,1,1.092500,36.005870,7.676447,8.383264,-56.351576,0
2023-11-07,sh.603288,314.6152249600,319.3644484300,313.0321504700,317.4480951000,316.1149797400,10402302,394962493.2600,0.187100,1,0.421700,36.157713,7.708820,8.418618,-56.589221,0
2023-11-08,sh.603288,316.6982177100,319.2811287200,314.6985446700,316.7815374200,317.4480951000,10134434,385436013.3000,0.182300,1,-0.210000,36.081792,7.692634,8.400941,-56.470399,0
2023-11-09,sh.603288,315.7817009000,323.2804748000,314.7818643800,320.8642032100,316.7815374200,12622378,485018645.2400,0.227000,1,1.288800,36.546812,7.791776,8.509212,-57.198186,0
2023-11-10,sh.603288,318.7812104600,321.0308426300,317.6980542300,319.6144075600,320.8642032100,6541115,250820419.4600,0.117600,1,-0.389500,36.404459,7.761426,8.476068,-56.975394,0
2023-11-13,sh.603288,319.6144075600,321.6974003100,316.1982994500,318.6978907500,319.6144075600,7083765,270928005.3700,0.127400,1,-0.286800,36.300066,7.739170,8.451762,-56.812013,0
2023-11-14,sh.603288,319.2811287200,323.6970733500,318.3646119100,319.5310878500,318.6978907500,7383769,283645804.0200,0.132800,1,0.261400,36.394969,7.759403,8.473858,-56.960541,0
2023-11-15,sh.603288,321.7807200200,326.1966646500,320.9475229200,326.1966646500,319.5310878500,12748334,496757614.4000,0.229300,1,2.086000,37.154186,7.921268,8.650627,-58.148767,0
2023-11-16,sh.603288,325.0301887100,325.0301887100,318.4479316200,319.5310878500,326.1966646500,9053944,348495980.5900,0.162800,1,-2.043400,36.394969,7.759403,8.473858,-56.960541,0
2023-11-17,sh.603288,322.3639579900,322.3639579900,314.2819461200,317.4480951000,319.5310878500,8481900,322379589.1300,0.152500,1,-0.651900,36.157713,7.708820,8.418618,-56.589221,0
2023-11-20,sh.603288,317.4480951000,323.7803930600,313.3654293100,320.0310061100,317.4480951000,8690213,332506372.2800,0.156300,1,0.813600,36.451910,7.771543,8.487116,-57.049658,0
2023-11-21,sh.603288,322.0306791500,324.6969098700,317.8646936500,318.5312513300,320.0310061100,9120098,351869909.6900,0.164000,1,-0.468600,36.281086,7.735123,8.447343,-56.782308,0
2023-11-22,sh.603288,317.8646936500,319.6977272700,315.9483403200,316.6148980000,318.5312513300,7274811,277553343.8400,0.130800,1,-0.601600,36.062811,7.688587,8.396522,-56.440693,0
2023-11-23,sh.603288,316.1149797400,317.4480951000,312.6155519200,315.8650206100,316.6148980000,6269128,236900182.6400,0.112700,1,-0.236800,35.977399,7.670377,8.376635,-56.307018,0
2023-11-24,sh.603288,316.8648571300,318.9478498800,315.4484220600,316.4482585800,315.8650206100,7387913,281185006.7700,0.132900,1,0.184600,36.043831,7.684540,8.392102,-56.410987,0
2023-11-27,sh.603288,316.2816191600,316.2816191600,309.1161241000,312.3655927900,316.4482585800,10057355,375983191.3500,0.180900,1,-1.290200,35.578810,7.585398,8.283831,-55.683199,0
2023-11-28,sh.603288,312.2822730800,317.2814556800,310.7825183000,316.4482585800,312.3655927900,8713739,329796102.9200,0.156700,1,1.307000,36.043831,7.684540,8.392102,-56.410987,0
2023-11-29,sh.603288,317.8646936500,317.9480133600,313.1154701800,315.0318235100,316.4482585800,6502329,245444180.9000,0.116900,1,-0.447600,35.882497,7.650144,8.354539,-56.158489,0
2023-11-30,sh.603288,316.4482585800,319.7810469800,311.8656745300,317.5314148100,315.0318235100,11985414,456293314.3400,0.215500,1,0.793400,36.167203,7.710844,8.420827,-56.604074,0
2023-12-01,sh.603288,316.6982177100,318.1979724900,306.6165328000,310.9491577200,317.5314148100,15950749,594250620.7900,0.286900,1,-2.072900,35.417477,7.551002,8.246268,-55.430702,0
2023-12-04,sh.603288,311.1157971400,311.8656745300,305.2000977300,306.1999342500,310.9491577200,9120810,335974835.4100,0.164000,1,-1.527300,34.876534,7.435673,8.120320,-54.584091,0
2023-12-05,sh.603288,305.9499751200,312.5322322100,304.5335400500,305.7833357000,306.1999342500,12445126,460337746.4300,0.223800,1,-0.136100,34.829083,7.425556,8.109272,-54.509827,0
2023-12-06,sh.603288,305.0334583100,308.2829270000,303.2004246900,303.2837444000,305.7833357000,9660533,354109302.8600,0.173700,1,-0.817400,34.544377,7.364857,8.042984,-54.064243,0
2023-12-07,sh.603288,301.4507107800,304.9501386000,299.3677180300,303.2004246900,303.2837444000,7674042,278153844.5500,0.138000,1,-0.027500,34.534887,7.362834,8.040774,-54.049390,0
2023-12-08,sh.603288,302.4505473000,307.2830904800,301.7006699100,302.8671458500,303.2004246900,6089616,222248436.9900,0.109500,1,-0.109900,34.496926,7.354741,8.031936,-53.989979,0
2023-12-11,sh.603288,302.0339487500,307.2830904800,295.2850522400,305.9499751200,302.8671458500,11964767,430572753.7000,0.215200,1,1.017900,34.848064,7.429603,8.113691,-54.539533,0
2023-12-12,sh.603288,304.3669006300,304.9501386000,301.1174319400,304.7001794700,305.9499751200,7324261,266671527.7700,0.131700,1,-0.408500,34.705711,7.399253,8.080547,-54.316741,0
2023-12-13,sh.603288,303.3670641100,304.5335400500,291.6189850000,291.6189850000,304.7001794700,15294671,541449007.7200,0.275100,1,-4.293100,33.215747,7.081593,7.733638,-51.984849,0
2023-12-14,sh.603288,293.7019777500,296.7014873100,289.7859513800,290.2025499300,291.6189850000,7361322,258103781.4600,0.132400,1,-0.485700,33.054413,7.047197,7.696075,-51.732351,0
2023-12-15,sh.603288,292.0355835500,294.3685354300,288.3695163100,289.0360739900,290.2025499300,8629844,301236376.1600,0.155200,1,-0.402000,32.921550,7.018871,7.665140,-51.524412,0
2023-12-18,sh.603288,287.2863600800,290.7857879000,286.2032038500,287.8695980500,289.0360739900,7062391,244162126.1500,0.127000,1,-0.403600,32.788688,6.990544,7.634206,-51.316472,0
2023-12-19,sh.603288,288.1195571800,289.1193937000,284.1202111000,286.1198841400,287.8695980500,7571813,260362055.9200,0.136200,1,-0.607800,32.589393,6.948055,7.587804,-51.004563,0
2023-12-20,sh.603288,286.1198841400,288.2861966000,282.9537351600,282.9537351600,286.1198841400,8770000,299876144.5800,0.157700,1,-1.106600,32.228765,6.871169,7.503839,-50.440156,0
2023-12-21,sh.603288,281.4539803800,295.4516916600,280.7874227000,293.2020594900,282.9537351600,18830791,658430531.2800,0.338600,1,3.621900,33.396061,7.120036,7.775621,-52.267052,0
2023-12-22,sh.603288,295.3683719500,300.7008333900,290.7024681900,298.4512012200,293.2020594900,16567755,589312526.1800,0.297900,1,1.790300,33.993945,7.247505,7.914826,-53.202780,0
2023-12-25,sh.603288,298.4512012200,304.4502203400,295.7016507900,302.4505473000,298.4512012200,12309834,444836922.2100,0.221400,1,1.340000,34.449475,7.344624,8.020888,-53.915715,0
2023-12-26,sh.603288,302.3672275900,302.3672275900,297.8679632500,301.6173502000,302.4505473000,6035085,217361230.5700,0.108500,1,-0.275500,34.354573,7.324391,7.998792,-53.767186,0
2023-12-27,sh.603288,301.2007516500,303.7003429500,298.3678815100,302.2839078800,301.6173502000,7559401,273414010.6700,0.135900,1,0.221000,34.430494,7.340577,8.016468,-53.886009,0
2023-12-28,sh.603288,304.3669006300,318.7812104600,302.0339487500,315.4484220600,302.2839078800,18377006,690101574.4000,0.330500,1,4.355000,35.929948,7.660261,8.365587,-56.232754,0
2023-12-29,sh.603288,316.0316600300,317.9480133600,314.1153067000,316.1982994500,315.4484220600,8673850,328853441.0900,0.156000,1,0.237700,36.015360,7.678471,8.385473,-56.366429,0
2024-01-02,sh.603288,316.1982994500,316.8648571300,309.3660832300,310.1159606200,316.1982994500,9173511,343290245.0100,0.165000,1,-1.923600,35.322575,7.530769,8.224172,-55.282173,0
2024-01-03,sh.603288,309.4494029400,312.4489125000,306.6998525100,308.6995255500,310.1159606200,6730273,249321149.8600,0.121000,1,-0.456700,35.161241,7.496372,8.186609,-55.029676,0
2024-01-04,sh.603288,308.6162058400,308.6162058400,296.2848887600,298.3678815100,308.6995255500,11610779,417476609.6400,0.208800,1,-3.346800,33.984454,7.245482,7.912617,-53.187927,0
2024-01-05,sh.603288,298.3678815100,300.0342757100,289.2860331200,291.2023864500,298.3678815100,13088690,460755407.6400,0.235400,1,-2.401600,33.168296,7.071477,7.722590,-51.910585,0
2024-01-08,sh.603288,291.0357470300,292.2855426800,286.2032038500,287.5363192100,291.2023864500,8961089,309961045.5700,0.161200,1,-1.258900,32.750727,6.982451,7.625367,-51.257061,0
2024-01-09,sh.603288,287.5363192100,292.2855426800,284.7867687800,288.3695163100,287.5363192100,8039805,278390217.4700,0.144600,1,0.289800,32.845629,7.002684,7.647463,-51.405589,0
2024-01-10,sh.603288,286.2032038500,294.7851339800,284.9534082000,290.1192302200,288.3695163100,9208188,320081145.1800,0.165600,1,0.606800,33.044923,7.045174,7.693865,-51.717498,0
2024-01-11,sh.603288,289.1193937000,292.4521821000,285.3700067500,290.4525090600,290.1192302200,9406051,326300847.9800,0.169200,1,0.114900,33.082884,7.053267,7.702704,-51.776909,0
2024-01-12,sh.603288,288.1195571800,291.7023047100,285.8699250100,287.7862783400,290.4525090600,7288921,252552769.8000,0.131100,1,-0.918000,32.779197,6.988521,7.631996,-51.301619,0
2024-01-15,sh.603288,285.7866053000,290.3691893500,284.2868505200,285.8699250100,287.7862783400,8798951,302758461.1900,0.158200,1,-0.665900,32.560922,6.941985,7.581175,-50.960005,0
2024-01-16,sh.603288,284.9534082000,286.8697615300,282.4538169000,286.2865235600,285.8699250100,9647861,329582988.8000,0.173500,1,0.145700,32.608373,6.952101,7.592223,-51.034269,0
2024-01-17,sh.603288,286.2865235600,286.3698432700,280.7874227000,280.7874227000,286.2865235600,10249951,347156789.5200,0.184300,1,-1.920800,31.982019,6.818563,7.446389,-50.053983,0
2024-01-18,sh.603288,281.2040212500,289.9525908000,275.1216824200,289.1193937000,280.7874227000,17007670,572543865.2400,0.305900,1,2.967400,32.931041,7.020894,7.667350,-51.539264,0
2024-01-19,sh.603288,286.6198024000,293.4520186200,286.4531629800,291.6189850000,289.1193937000,14990096,523390969.6300,0.269600,1,0.864600,33.215747,7.081593,7.733638,-51.984849,0
2024-01-22,sh.603288,292.1189032600,294.1185763000,287.4529995000,293.2853792000,291.6189850000,14655027,513387930.4100,0.263600,1,0.571400,33.405551,7.122060,7.777830,-52.281905,0
2024-01-23,sh.603288,289.9525908000,295.1184128200,287.5363192100,292.9521003600,293.2853792000,11962844,418499941.4600,0.215100,1,-0.113600,33.367591,7.113966,7.768992,-52.222494,0
2024-01-24,sh.603288,297.2847252800,300.7008333900,290.9524273200,296.8681267300,292.9521003600,12431984,440842106.8000,0.223600,1,1.336700,33.813631,7.209062,7.872844,-52.920576,0
2024-01-25,sh.603288,300.1175954200,300.2842348400,294.9517734000,298.4512012200,296.8681267300,9901315,354022753.3000,0.178100,1,0.533300,33.993945,7.247505,7.914826,-53.202780,0
2024-01-26,sh.603288,295.6183310800,298.1179223800,293.4520186200,297.2847252800,298.4512012200,9755777,345750531.5600,0.175400,1,-0.390800,33.861082,7.219179,7.883892,-52.994840,0
2024-01-29,sh.603288,295.3683719500,298.6178406400,290.3691893500,292.4521821000,297.2847252800,8918031,314585104.3400,0.160400,1,-1.625600,33.310649,7.101826,7.755734,-52.133377,0
2024-01-30,sh.603288,290.7857879000,293.2853792000,286.5364826900,291.5356652900,292.4521821000,10097882,351906122.8300,0.181600,1,-0.313400,33.206257,7.079570,7.731429,-51.969996,0
2024-01-31,sh.603288,290.8691076100,291.8689441300,282.1205380600,282.7037760300,291.5356652900,10208091,350101624.4300,0.183600,1,-3.029400,32.200294,6.865099,7.497210,-50.395598,0
2024-02-01,sh.603288,284.1202111000,288.8694345700,282.1205380600,286.6198024000,282.7037760300,9898011,339968172.7300,0.178000,1,1.385200,32.646334,6.960195,7.601062,-51.093680,0
2024-02-02,sh.603288,287.9529177600,292.2855426800,279.1210285000,288.6194754400,286.6198024000,10598248,365190316.8800,0.190600,1,0.697700,32.874099,7.008754,7.654092,-51.450147,0
2024-02-05,sh.603288,285.6199658800,294.1185763000,280.3708241500,292.4521821000,288.6194754400,15523749,534880662.8700,0.279200,1,1.327900,33.310649,7.101826,7.755734,-52.133377,0
2024-02-06,sh.603288,291.6189850000,306.6165328000,289.5359922500,306.5332130900,292.4521821000,18093796,656566098.3400,0.325400,1,4.814800,34.914495,7.443766,8.129159,-54.643502,0
2024-02-07,sh.603288,307.4497299000,312.6988716300,304.2002612100,312.6988716300,306.5332130900,17084100,635489987.9100,0.307200,1,2.011400,35.616771,7.593491,8.292670,-55.742611,0
2024-02-08,sh.603288,312.4489125000,316.1149797400,307.8663284500,311.2824365600,312.6988716300,13093997,488449733.6600,0.235500,1,-0.453000,35.455437,7.559095,8.255106,-55.490113,0
2024-02-19,sh.603288,316.4482585800,318.6978907500,312.5322322100,314.7818643800,311.2824365600,14037468,530811482.1700,0.252400,1,1.124200,35.854026,7.644074,8.347910,-56.113931,0
2024-02-20,sh.603288,316.4482585800,318.5312513300,312.4489125000,315.0318235100,314.7818643800,9675195,364837888.2800,0.174000,1,0.079400,35.882497,7.650144,8.354539,-56.158489,0
2024-02-21,sh.603288,312.2822730800,332.8622414500,311.6990351100,329.9460516000,315.0318235100,26134438,1023619760.5800,0.470000,1,4.734200,37.581245,8.012317,8.750059,-58.817143,0
2024-02-22,sh.603288,330.7792487000,344.6936402700,327.8630588500,343.9437628800,329.9460516000,19590000,791910114.5700,0.352300,1,4.242400,39.175601,8.352234,9.121274,-61.312416,0
2024-02-23,sh.603288,344.0270825900,347.7764695400,339.1112197000,345.6101570800,343.9437628800,15120349,624838581.3500,0.271900,1,0.484500,39.365405,8.392700,9.165466,-61.609472,0
2024-02-26,sh.603288,343.9437628800,345.6101570800,334.9452342000,335.1118736200,345.6101570800,13637350,554623172.1000,0.245200,1,-3.037600,38.169639,8.137762,8.887055,-59.738018,0
2024-02-27,sh.603288,332.4456429000,335.9450707200,330.7792487000,335.6951115900,335.1118736200,9487893,379413456.9800,0.170600,1,0.174000,38.236070,8.151926,8.902522,-59.841987,0
2024-02-28,sh.603288,335.6951115900,344.7769599800,333.4454794200,336.6949481100,335.6951115900,12652941,515322091.6400,0.227500,1,0.297800,38.349953,8.176205,8.929038,-60.020221,0
2024-02-29,sh.603288,336.6949481100,341.6108110000,336.0283904300,338.7779408600,336.6949481100,8731601,355245758.9100,0.157000,1,0.618700,38.587208,8.226788,8.984278,-60.391541,0
2024-03-01,sh.603288,337.4448255000,339.2778591200,334.1120371000,336.5283086900,338.7779408600,9673626,390533729.3100,0.174000,1,-0.664000,38.330972,8.172159,8.924619,-59.990515,0
2024-03-04,sh.603288,335.3618327500,335.7784313000,328.8628953700,332.9455611600,336.5283086900,8891969,355221804.2000,0.159900,1,-1.064600,37.922893,8.085156,8.829605,-59.351844,0
2024-03-05,sh.603288,332.3623231900,341.4441715800,330.9458881200,341.1108927400,332.9455611600,11922092,484362173.6700,0.214400,1,2.452500,38.852934,8.283441,9.046147,-60.807420,0
2024-03-06,sh.603288,341.1108927400,343.4438446200,333.2788400000,333.2788400000,341.1108927400,8343862,336566549.8200,0.150100,1,-2.296000,37.960854,8.093250,8.838444,-59.411256,0
2024-03-07,sh.603288,333.2788400000,335.7784313000,327.4464603000,327.9463785600,333.2788400000,8740237,346789486.4600,0.157200,1,-1.600000,37.353480,7.963758,8.697029,-58.460676,0
2024-03-08,sh.603288,328.1130179800,331.3624866700,323.7803930600,325.9467055200,327.9463785600,6046807,236738196.4200,0.108700,1,-0.609800,37.125715,7.915198,8.643998,-58.104208,0
2024-03-11,sh.603288,326.5299434900,334.9452342000,326.2799843600,333.2788400000,325.9467055200,8904882,354880374.2300,0.160100,1,2.249500,37.960854,8.093250,8.838444,-59.411256,0
2024-03-12,sh.603288,333.2788400000,352.4423733000,332.7789217400,351.3592170700,333.2788400000,19510221,808795228.3000,0.350900,1,5.425000,40.020230,8.532308,9.317929,-62.634316,0
2024-03-13,sh.603288,350.7759791000,354.9419646000,343.6104840400,347.6931498300,351.3592170700,11630456,485358767.8000,0.209200,1,-1.043400,39.602661,8.443283,9.220706,-61.980793,0
2024-03-14,sh.603288,347.3598709900,349.9427820000,342.6939672300,343.4438446200,347.6931498300,6331144,262203071.6700,0.113900,1,-1.222100,39.118660,8.340094,9.108016,-61.223299,0
2024-03-15,sh.603288,342.5273278100,347.2765512800,337.8614240500,341.6108110000,343.4438446200,8279168,338823425.9700,0.148900,1,-0.533700,38.909875,8.295581,9.059405,-60.896537,0
2024-03-18,sh.603288,341.5274912900,344.7769599800,337.8614240500,342.8606066500,341.6108110000,8219841,336666261.7200,0.147800,1,0.365900,39.052228,8.325930,9.092549,-61.119329,0
2024-03-19,sh.603288,341.4441715800,344.0270825900,337.2781860800,339.1945394100,342.8606066500,7046188,287813444.5000,0.126700,1,-1.069300,38.634659,8.236905,8.995326,-60.465806,0
2024-03-20,sh.603288,339.1112197000,339.9444168000,336.1950298500,338.1113831800,339.1945394100,5098344,206743528.2400,0.091700,1,-0.319300,38.511286,8.210602,8.966601,-60.272719,0
2024-03-21,sh.603288,341.0275730300,343.2772052000,337.3615057900,339.7777773800,338.1113831800,6887130,281026850.5100,0.123900,1,0.492900,38.701090,8.251068,9.010793,-60.569775,0
2024-03-22,sh.603288,338.8612605700,339.6944576700,328.3629771100,331.8624049300,339.7777773800,9398224,374391576.0000,0.169000,1,-2.329600,37.799520,8.058853,8.800880,-59.158758,0
2024-03-25,sh.603288,333.3621597100,337.2781860800,328.1130179800,330.1960107300,331.8624049300,6080061,242176252.9700,0.109300,1,-0.502100,37.609716,8.018387,8.756688,-58.861702,0
2024-03-26,sh.603288,334.1120371000,341.6108110000,332.1123640600,341.6108110000,330.1960107300,8680440,349687414.4300,0.156100,1,3.457000,38.909875,8.295581,9.059405,-60.896537,0
2024-03-27,sh.603288,338.5279817300,340.7776139000,333.2788400000,333.6954385500,341.6108110000,7095225,285443525.3300,0.127600,1,-2.317100,38.008305,8.103366,8.849492,-59.485520,0
2024-03-28,sh.603288,328.5296165300,334.9452342000,324.3636310300,329.7794121800,333.6954385500,12640965,500438225.9600,0.227300,1,-1.173500,37.562265,8.008270,8.745640,-58.787438,0
2024-03-29,sh.603288,329.5294530500,333.2788400000,326.6132632000,328.3629771100,329.7794121800,3995244,157617695.6800,0.071800,1,-0.429500,37.400931,7.973874,8.708077,-58.534940,0
2024-04-01,sh.603288,328.1963376900,336.1950298500,328.1130179800,331.5291260900,328.3629771100,8016301,319756975.8700,0.144200,1,0.964200,37.761559,8.050760,8.792042,-59.099347,0
2024-04-02,sh.603288,331.6957655100,332.3623231900,321.6140806000,323.1971550900,331.5291260900,9806806,381187674.5900,0.176400,1,-2.513200,36.812538,7.848429,8.571081,-57.614065,0
2024-04-03,sh.603288,321.6974003100,325.8633858100,319.9476864000,321.1974820500,323.1971550900,6492122,251107814.1500,0.116800,1,-0.618700,36.584773,7.799869,8.518050,-57.257598,0
2024-04-08,sh.603288,320.7808835000,321.1141623400,315.0318235100,315.5317417700,321.1974820500,8354239,317550350.2300,0.150200,1,-1.763900,35.939438,7.662284,8.367797,-56.247606,0
2024-04-09,sh.603288,316.2816191600,318.2812922000,311.2824365600,316.1149797400,315.5317417700,8073977,305187212.7800,0.145200,1,0.184800,36.005870,7.676447,8.383264,-56.351576,0
2024-04-10,sh.603288,316.1149797400,316.4482585800,310.0326409100,311.6157154000,316.1149797400,6440697,241395569.1000,0.115800,1,-1.423300,35.493398,7.567188,8.263945,-55.549524,0
2024-04-11,sh.603288,308.2829270000,310.7825183000,305.3667371500,307.3664101900,311.6157154000,7124338,262899089.3200,0.128100,1,-1.363600,35.009397,7.463999,8.151255,-54.792031,0
2024-04-12,sh.603288,307.4497299000,310.9491577200,299.9509560000,301.2840713600,307.3664101900,9684276,353523573.7200,0.174200,1,-1.978900,34.316612,7.316298,7.989953,-53.707775,0
2024-04-15,sh.603288,300.7841531000,308.4495664200,300.1175954200,307.0331313500,301.2840713600,9607751,353020495.5700,0.172800,1,1.908200,34.971437,7.455906,8.142416,-54.732619,0
2024-04-16,sh.603288,305.8666554100,312.7821913400,303.4503838200,304.4502203400,307.0331313500,11435915,422466535.4300,0.205700,1,-0.841200,34.677240,7.393183,8.073918,-54.272182,0
2024-04-17,sh.603288,304.7001794700,311.1991168500,302.9504655600,310.5325591700,304.4502203400,8869848,327993273.2500,0.159500,1,1.997800,35.370026,7.540885,8.235220,-55.356438,0
2024-04-18,sh.603288,309.9493212000,320.3642849500,307.2830904800,313.9486672800,310.5325591700,10742881,406846870.5800,0.193200,1,1.100100,35.759124,7.623841,8.325814,-55.965403,0
2024-04-19,sh.603288,312.7821913400,313.9486672800,305.8666554100,309.8660014900,313.9486672800,7246768,268660106.5400,0.130300,1,-1.300400,35.294104,7.524699,8.217543,-55.237615,0
2024-04-22,sh.603288,309.7826817800,318.5312513300,307.3664101900,316.6148980000,309.8660014900,9112930,344826018.8000,0.163900,1,2.178000,36.062811,7.688587,8.396522,-56.440693,0
2024-04-23,sh.603288,319.1144893000,320.3642849500,313.7820278600,316.3649388700,316.6148980000,6297066,239405414.5000,0.113200,1,-0.078900,36.034341,7.682517,8.389893,-56.396135,0
2024-04-24,sh.603288,320.1976455300,320.3642849500,312.6155519200,314.1986264100,316.3649388700,5910895,223340502.8800,0.106300,1,-0.684800,35.787595,7.629911,8.332443,-56.009961,0
2024-04-25,sh.603288,314.1986264100,318.1146527800,310.1992803300,317.1148162600,314.1986264100,6310757,238755710.6300,0.113500,1,0.928100,36.119752,7.700727,8.409779,-56.529810,0
2024-04-26,sh.603288,315.3651023500,325.5301069700,315.0318235100,323.6137536400,317.1148162600,10245901,396528564.0300,0.184300,1,2.049400,36.859989,7.858545,8.582129,-57.688329,0
2024-04-29,sh.603288,326.6132632000,336.3616692700,325.1135084200,329.6960924700,323.6137536400,14900399,591259153.0400,0.268000,1,1.879500,37.741903,7.287800,8.706530,149.156617,0
2024-04-30,sh.603288,329.4461333400,331.9457246400,325.6967463900,327.1131814600,329.6960924700,7982849,314636388.9300,0.143600,1,-0.783400,37.446225,7.230706,8.638321,147.988091,0
2024-05-06,sh.603288,332.5289626100,336.5283086900,327.6964194300,330.6126092800,327.1131814600,11245702,448610275.5100,0.202200,1,1.069800,37.846821,7.308060,8.730733,149.571255,0
2024-05-07,sh.603288,328.7795756600,332.4456429000,325.6967463900,331.0292078300,330.6126092800,8239089,326517389.8900,0.148200,1,0.126000,37.894511,7.317268,8.741734,149.759727,0
2024-05-08,sh.603288,330.6126092800,331.2791669600,324.5302704500,325.6967463900,331.0292078300,7409073,290600771.8000,0.133200,1,-1.610900,37.284079,7.199396,8.600916,147.347287,0
2024-05-09,sh.603288,325.6134266800,327.2798208800,322.5305974100,324.3636310300,325.6967463900,9763016,380241046.1800,0.175600,1,-0.409300,37.131471,7.169928,8.565711,146.744177,0
2024-05-10,sh.603288,324.8635492900,327.9463785600,320.7808835000,323.6970733500,324.3636310300,6980230,270982619.6300,0.125500,1,-0.205500,37.055167,7.155194,8.548109,146.442622,0
2024-05-13,sh.603288,321.6974003100,323.4471142200,317.9480133600,321.9473594400,323.6970733500,6273493,241319689.6000,0.112800,1,-0.540500,36.854868,7.116518,8.501903,145.651040,0
2024-05-14,sh.603288,321.9473594400,324.1969916100,318.3646119100,319.1144893000,321.9473594400,8423101,323786260.0700,0.151500,1,-0.879900,36.530576,7.053898,8.427093,144.369432,0
2024-05-15,sh.603288,318.9478498800,320.7808835000,315.4484220600,315.7817009000,319.1144893000,5388410,204779731.1800,0.096900,1,-1.044400,36.149056,6.980228,8.339082,142.861657,0
2024-05-16,sh.603288,316.6148980000,317.0314965500,310.6158788800,312.4489125000,315.7817009000,9896898,371613500.5700,0.178000,1,-1.055400,35.767535,6.906558,8.251071,141.353882,0
2024-05-17,sh.603288,312.4489125000,316.9481768400,310.1992803300,316.6148980000,312.4489125000,10300262,388947135.5900,0.185200,1,1.333300,36.244436,6.998646,8.361085,143.238601,0
2024-05-20,sh.603288,316.6148980000,323.6970733500,316.6148980000,319.5310878500,316.6148980000,13006733,500019285.4500,0.233900,1,0.921100,36.578266,7.063107,8.438095,144.557904,0
2024-05-21,sh.603288,319.1144893000,324.6135901600,315.2817826400,324.6135901600,319.5310878500,8192001,313141254.0600,0.147300,1,1.590600,37.160085,7.175454,8.572312,146.857260,0
2024-05-22,sh.603288,321.2808017600,321.2808017600,314.4485855400,315.8650206100,324.6135901600,13508667,513051458.0200,0.242900,1,-2.695100,36.158594,6.982070,8.341282,142.899351,0
2024-05-23,sh.603288,314.1153067000,314.7818643800,308.2829270000,309.0328043900,315.8650206100,10989346,410232378.9900,0.197600,1,-2.163000,35.376477,6.831047,8.160859,139.808413,0
2024-05-24,sh.603288,306.3665736700,307.2830904800,300.0342757100,300.0342757100,309.0328043900,17869628,648003317.7400,0.321400,1,-2.911800,34.346372,6.632138,7.923228,135.737421,0
2024-05-27,sh.603288,300.1175954200,301.9506290400,296.5348478900,301.7006699100,300.0342757100,11507571,412631878.6900,0.206900,1,0.555400,34.537132,6.668973,7.967234,136.491309,0
2024-05-28,sh.603288,301.2007516500,301.4507107800,297.6180041200,298.3678815100,301.7006699100,7350511,263744772.8800,0.132200,1,-1.104700,34.155612,6.595303,7.879222,134.983534,0
2024-05-29,sh.603288,298.3678815100,301.4507107800,298.3678815100,299.9509560000,298.3678815100,5789907,208709767.6100,0.104100,1,0.530600,34.336834,6.630296,7.921028,135.699727,0
2024-05-30,sh.603288,300.3675545500,303.2004246900,299.1177589000,300.9507925200,299.9509560000,7558304,273015722.2100,0.135900,1,0.333300,34.451290,6.652397,7.947431,136.152059,0
2024-05-31,sh.603288,303.2004246900,303.9503020800,298.2845618000,298.2845618000,300.9507925200,7861163,282871777.3400,0.141400,1,-0.885900,34.146074,6.593461,7.877022,134.945840,0
2024-06-03,sh.603288,298.2845618000,299.1177589000,294.1185763000,296.6181676000,298.2845618000,8337145,296458342.6800,0.149900,1,-0.558700,33.955313,6.556626,7.833016,134.191952,0
2024-06-04,sh.603288,296.3682084700,301.4507107800,295.8682902100,300.2009151300,296.6181676000,7549310,271375823.2000,0.135800,1,1.207900,34.365448,6.635821,7.927629,135.812810,0
2024-06-05,sh.603288,301.4507107800,303.4503838200,299.5343574500,300.1175954200,300.2009151300,6310257,228161141.8100,0.113500,1,-0.027800,34.355910,6.633980,7.925428,135.775116,0
2024-06-06,sh.603288,300.2842348400,302.7005064300,297.0347661500,297.7846435400,300.1175954200,7959279,285497078.0700,0.143100,1,-0.777300,34.088846,6.582411,7.863820,134.719673,0
2024-06-07,sh.603288,299.5343574500,301.2007516500,294.1185763000,295.4516916600,297.7846435400,7824887,278213529.9200,0.140700,1,-0.783400,33.821781,6.530842,7.802212,133.664231,0
2024-06-11,sh.603288,294.7851339800,296.3682084700,292.0355835500,294.5351748500,295.4516916600,6068227,214508185.4600,0.109100,1,-0.310200,33.716863,6.510582,7.778009,133.249593,0
2024-06-12,sh.603288,294.1185763000,298.2012420900,294.1185763000,296.0349296300,294.5351748500,6682905,237796323.7300,0.120200,1,0.509200,33.888547,6.543734,7.817614,133.928092,0
2024-06-13,sh.603288,296.0349296300,296.4515281800,293.7019777500,295.0350931100,296.0349296300,5781544,204670068.8900,0.104000,1,-0.337700,33.774091,6.521633,7.791211,133.475759,0
2024-06-14,sh.603288,294.9517734000,300.5341939700,292.2022229700,299.4510377400,295.0350931100,10436326,370951849.5900,0.187700,1,1.496800,34.279606,6.619246,7.907826,135.473561,0
2024-06-17,sh.603288,298.7844800600,300.5341939700,297.0347661500,299.6176771600,299.4510377400,6724668,241539333.8400,0.120900,1,0.055600,34.298682,6.622929,7.912227,135.548950,0
2024-06-18,sh.603288,300.2009151300,302.6171867200,298.1179223800,300.1175954200,299.6176771600,6773446,244269315.5700,0.121800,1,0.166900,34.355910,6.633980,7.925428,135.775116,0
2024-06-19,sh.603288,301.3058595000,301.3058595000,296.3831158800,297.2318647800,300.1176110400,6074442,213074537.4100,0.109200,1,-0.961500,33.402109,6.449805,7.705400,132.005679,0
2024-06-20,sh.603288,296.6377405500,298.8444876900,293.8368691800,294.2612436300,297.2318647800,6099494,212268880.2200,0.109700,1,-0.999400,33.068279,6.385343,7.628390,130.686376,0
2024-06-21,sh.603288,294.1763687400,294.9402427500,288.5746260000,291.5452471500,294.2612436300,10777561,369879326.0400,0.193800,1,-0.923000,32.763062,6.326407,7.557981,129.480156,0
2024-06-24,sh.603288,295.3646172000,303.7672313100,288.9141255600,300.2873608200,291.5452471500,17062599,600730710.0100,0.306800,1,2.998500,33.745477,6.516108,7.784610,133.362676,0
2024-06-25,sh.603288,300.2873608200,302.7487326300,297.4864894500,299.2688621400,300.2873608200,8895635,314209747.3900,0.160000,1,-0.339200,33.631021,6.494007,7.758207,132.910344,0
2024-06-26,sh.603288,299.2688621400,299.6932365900,291.2906224800,296.4679907700,299.2688621400,10758859,372764912.5400,0.193500,1,-0.935900,33.316267,6.433229,7.685597,131.666430,0
2024-06-27,sh.603288,296.0436163200,297.7411141200,292.2242462700,296.0436163200,296.4679907700,8289295,288508135.0600,0.149100,1,-0.143100,33.268577,6.424020,7.674596,131.477958,0
2024-06-28,sh.603288,295.5343669800,297.4016145600,291.1208727000,292.5637458300,296.0436163200,8687349,300798484.0600,0.156200,1,-1.175500,32.877518,6.348508,7.584384,129.932489,0
2024-07-01,sh.603288,291.7998718200,293.1578700600,288.5746260000,291.9696216000,292.5637458300,6721631,230269227.4400,0.120900,1,-0.203100,32.810752,6.335616,7.568982,129.668628,0
2024-07-02,sh.603288,289.5931246800,292.6486207200,288.9990004500,289.8477493500,291.9696216000,8691279,297032694.0000,0.156300,1,-0.726700,32.572302,6.289572,7.513975,128.726269,0
2024-07-03,sh.603288,289.1687502300,291.5452471500,286.7073784200,289.8477493500,289.8477493500,7396459,251742649.8400,0.133000,1,0.000000,32.572302,6.289572,7.513975,128.726269,0
2024-07-04,sh.603288,290.6964982500,297.0621150000,288.3200013300,290.4418735800,289.8477493500,10152255,349124271.4800,0.182600,1,0.205000,32.639068,6.302465,7.529377,128.990129,0
2024-07-05,sh.603288,290.4418735800,291.1208727000,284.5006312800,286.1132541900,290.4418735800,9983709,336981227.1200,0.179500,1,-1.490400,32.152630,6.208536,7.417162,127.067717,0
2024-07-08,sh.603288,284.3308815000,285.8586295200,282.3787590300,282.9728832600,286.1132541900,6774483,226249912.9900,0.121800,1,-1.097600,31.799723,6.140391,7.335752,125.673025,0
2024-07-09,sh.603288,283.4821326000,287.9805017700,281.6148850200,287.2166277600,282.9728832600,9059044,304288888.8900,0.162900,1,1.499700,32.276624,6.232478,7.445766,127.557743,0
2024-07-10,sh.603288,285.8586295200,291.7149969300,284.3308815000,289.6779995700,287.2166277600,8636292,294351348.1600,0.155300,1,0.857000,32.553226,6.285889,7.509574,128.650880,0
2024-07-11,sh.603288,292.3091211600,298.5049881300,290.4418735800,293.5822445100,289.6779995700,10068053,349394161.3100,0.181100,1,1.347800,32.991975,6.370609,7.610787,130.384821,0
2024-07-12,sh.603288,297.9108639000,298.0806136800,291.6301220400,294.0066189600,293.5822445100,6414712,222428757.9900,0.115400,1,0.144600,33.039665,6.379818,7.621789,130.573293,0
2024-07-15,sh.603288,293.0729951700,295.7889916500,289.4233749000,291.4603722600,294.0066189600,5268181,181021734.6700,0.094700,1,-0.866100,32.753524,6.324566,7.555780,129.442462,0
2024-07-16,sh.603288,290.1023740200,294.0914938500,289.5082497900,290.6964982500,291.4603722600,6781312,233283183.8400,0.122000,1,-0.262100,32.667682,6.307990,7.535978,129.103213,0
2024-07-17,sh.603288,289.4233749000,298.3352383500,288.1502515500,297.9108639000,290.6964982500,12928270,449641365.6200,0.232500,1,2.481800,33.478413,6.464539,7.723002,132.307234,0
2024-07-18,sh.603288,297.0621150000,304.3613555400,296.2133661000,303.6823564200,297.9108639000,14910071,530402942.9800,0.268100,1,1.937300,34.126998,6.589778,7.872621,134.870451,0
2024-07-19,sh.603288,303.6823564200,308.6899749300,300.7966101600,307.8412260300,303.6823564200,13361041,481930424.1900,0.240300,1,1.369500,34.594360,6.680023,7.980435,136.717475,0
2024-07-22,sh.603288,308.6899749300,308.9445996000,301.8151088400,303.0033573000,307.8412260300,10004845,359254891.5000,0.179900,1,-1.571500,34.050694,6.575044,7.855019,134.568896,0
2024-07-23,sh.603288,303.0033573000,303.5126066400,292.1393713800,292.1393713800,303.0033573000,10076971,352605494.5100,0.181200,1,-3.585400,32.829828,6.339300,7.573383,129.744017,0
2024-07-24,sh.603288,292.2242462700,293.4973696200,286.5376286400,288.3200013300,292.1393713800,7600303,259185618.7700,0.136700,1,-1.307400,32.400618,6.256421,7.474370,128.047770,0
2024-07-25,sh.603288,287.1317528700,292.8183705000,287.0468779800,290.6964982500,288.3200013300,7158066,245031597.1200,0.128700,1,0.824300,32.667682,6.307990,7.535978,129.103213,0
2024-07-26,sh.603288,289.4233749000,296.8923652200,289.4233749000,291.3754973700,290.6964982500,6578755,226606204.2000,0.118300,1,0.233600,32.743986,6.322724,7.553580,129.404767,0
2024-07-29,sh.603288,291.3754973700,293.6671194000,284.5006312800,284.7552559500,291.3754973700,8547213,289024696.4300,0.153700,1,-2.272100,32.000022,6.179068,7.381958,126.464607,0
2024-07-30,sh.603288,284.6703810600,285.1796304000,280.7661361200,285.1796304000,284.7552559500,7782318,259244295.2600,0.140000,1,0.149000,32.047712,6.188276,7.392959,126.653079,0
2024-07-31,sh.603288,283.4821326000,298.5049881300,283.1426330400,298.2503634600,285.1796304000,15407536,533820947.9000,0.277100,1,4.583300,33.516565,6.471906,7.731803,132.458011,0
2024-08-01,sh.603288,299.3537370300,299.5234868100,293.7519942900,293.7519942900,298.2503634600,7428345,259090269.2800,0.133600,1,-1.508300,33.011051,6.374293,7.615188,130.460210,0
2024-08-02,sh.603288,292.3939960500,297.9108639000,292.3091211600,294.0914938500,293.7519942900,5554140,193094907.2600,0.099900,1,0.115600,33.049203,6.381660,7.623989,130.610987,0
2024-08-05,sh.603288,294.0914938500,301.5604841700,291.6301220400,296.2133661000,294.0914938500,10645527,373413537.5300,0.191400,1,0.721500,33.287653,6.427704,7.678996,131.553347,0
2024-08-06,sh.603288,298.3352383500,303.6823564200,297.0621150000,299.5234868100,296.2133661000,8378009,296294292.5000,0.150700,1,1.117500,33.659635,6.499532,7.764807,133.023427,0
2024-08-07,sh.603288,299.5234868100,301.2209846100,295.7889916500,297.3167396700,299.5234868100,5759521,202149062.6000,0.103600,1,-0.736800,33.411647,6.451646,7.707600,132.043373,0
2024-08-08,sh.603288,297.3167396700,305.5496040000,294.7704929700,303.2579819700,297.3167396700,9056954,322069698.9600,0.162900,1,1.998300,34.079308,6.580569,7.861620,134.681979,0
2024-08-09,sh.603288,305.2101044400,305.3798542200,301.2209846100,301.2209846100,303.2579819700,6360641,227385381.2400,0.114400,1,-0.671700,33.850395,6.536367,7.808813,133.777314,0
2024-08-12,sh.603288,300.4571106000,304.1916057600,299.8629863700,301.1361097200,301.2209846100,4833387,171837560.5700,0.086900,1,-0.028200,33.840857,6.534525,7.806613,133.739620,0
2024-08-13,sh.603288,301.8151088400,301.8151088400,295.5343669800,297.1469898900,301.1361097200,5300370,185532549.1600,0.095300,1,-1.324700,33.392571,6.447963,7.703199,131.967985,0
2024-08-14,sh.603288,297.1469898900,297.1469898900,291.9696216000,293.5822445100,297.1469898900,4353616,150761434.3000,0.078300,1,-1.199700,32.991975,6.370609,7.610787,130.384821,0
2024-08-15,sh.603288,293.0729951700,301.7302339500,292.8183705000,298.7596128000,293.5822445100,8755604,307671645.0300,0.157500,1,1.763500,33.573793,6.482956,7.745005,132.684178,0
2024-08-16,sh.603288,297.1469898900,300.1176110400,294.9402427500,296.2133661000,298.7596128000,6427723,224996121.3300,0.115600,1,-0.852300,33.287653,6.427704,7.678996,131.553347,0
2024-08-19,sh.603288,296.2133661000,300.8814850500,294.3461185200,294.5158683000,296.2133661000,4997950,174705361.5300,0.089900,1,-0.573100,33.096893,6.390869,7.634991,130.799459,0
2024-08-20,sh.603288,293.6671194000,294.8553678600,291.7998718200,291.9696216000,294.5158683000,4565435,157462146.2700,0.082100,1,-0.864600,32.810752,6.335616,7.568982,129.668628,0
2024-08-21,sh.603288,291.4603722600,295.7889916500,290.7813731400,293.6671194000,291.9696216000,4439830,153665389.3200,0.079800,1,0.581400,33.001513,6.372451,7.612988,130.422515,0
2024-08-22,sh.603288,294.7704929700,295.3646172000,287.8107519900,291.7149969300,293.6671194000,6137660,210331283.8100,0.110400,1,-0.664700,32.782138,6.330091,7.562381,129.555545,0
2024-08-23,sh.603288,291.6301220400,295.7041167600,290.3569986900,294.2612436300,291.7149969300,4379873,151508145.7900,0.078800,1,0.872900,33.068279,6.385343,7.628390,130.686376,0
2024-08-26,sh.603288,295.7041167600,296.8074903300,290.2721238000,291.2057475900,294.2612436300,5049942,173854560.2000,0.090800,1,-1.038400,32.724910,6.319040,7.549179,129.329379,0
2024-08-27,sh.603288,290.2721238000,291.9696216000,287.7258771000,290.2721238000,291.2057475900,4027396,137658940.2000,0.072400,1,-0.320600,32.619992,6.298781,7.524976,128.914741,0
2024-08-28,sh.603288,289.2536251200,290.2721238000,284.7552559500,286.8771282000,290.2721238000,7536101,254654658.8200,0.135500,1,-1.169600,32.238472,6.225111,7.436965,127.406966,0
2024-08-29,sh.603288,286.0283793000,289.0838753400,284.3308815000,288.4897511100,286.8771282000,5057377,171425865.1900,0.091000,1,0.562100,32.419694,6.260104,7.478770,128.123159,0
2024-08-30,sh.603288,295.1948674200,317.3472137100,294.1763687400,314.0370930000,288.4897511100,43801635,1609709203.7700,0.787700,1,8.855500,34.385169,7.341691,7.990090,-119.818046,0
2024-09-02,sh.603288,309.7933485000,313.8673432200,304.0218559800,305.1252295500,314.0370930000,18127353,656967644.2600,0.326000,1,-2.837800,33.409374,7.133346,7.763344,-116.417804,0
2024-09-03,sh.603288,308.6051000400,309.3689740500,303.0033573000,306.2286031200,305.1252295500,10878062,392659041.5500,0.195600,1,0.361600,33.530186,7.159141,7.791417,-116.838787,0
2024-09-04,sh.603288,306.7378524600,309.1992242700,300.4571106000,300.5419854900,306.2286031200,11814232,421874502.7400,0.212500,1,-1.857000,32.907536,7.026197,7.646732,-114.669108,0
2024-09-05,sh.603288,301.8999837300,304.7008551000,300.7117352700,302.7487326300,300.5419854900,6774855,241440291.8800,0.121800,1,0.734300,33.149162,7.077787,7.702878,-115.511073,0
2024-09-06,sh.603288,302.6638577400,304.4462304300,300.5419854900,301.2209846100,302.7487326300,4576924,162913070.8600,0.082300,1,-0.504600,32.981882,7.042071,7.664008,-114.928175,0
2024-09-09,sh.603288,300.9663599400,303.5126066400,297.4016145600,299.3537370300,301.2209846100,8973374,316838780.8500,0.161400,1,-0.619900,32.777430,6.998418,7.616499,-114.215743,0
2024-09-10,sh.603288,299.3537370300,302.8336075200,297.9108639000,301.0512348300,299.3537370300,8455438,299290508.8700,0.152100,1,0.567100,32.963296,7.038102,7.659689,-114.863408,0
2024-09-11,sh.603288,300.3722357100,307.9261009200,298.5898630200,307.1622269100,301.0512348300,10949056,393021007.9500,0.196900,1,2.029900,33.632413,7.180968,7.815172,-117.195002,0
2024-09-12,sh.603288,307.0773520200,309.3689740500,304.7008551000,304.9554797700,307.1622269100,6822677,246551248.4000,0.122700,1,-0.718400,33.390787,7.129378,7.759025,-116.353038,0
2024-09-13,sh.603288,305.3798542200,306.9076022400,302.8336075200,304.2764806500,304.9554797700,6459232,231959053.3500,0.116200,1,-0.222700,33.316441,7.113504,7.741749,-116.093972,0
2024-09-18,sh.603288,304.2764806500,307.4168515800,300.7966101600,306.7378524600,304.2764806500,6977195,250284761.9900,0.125500,1,0.808900,33.585946,7.171047,7.804374,-117.033086,0
2024-09-19,sh.603288,307.4168515800,313.0185943200,300.7966101600,307.0773520200,306.7378524600,13526263,490048800.9400,0.243300,1,0.110700,33.623119,7.178984,7.813012,-117.162619,0
2024-09-20,sh.603288,306.3134780100,307.2471018000,303.3428568600,304.8706048800,307.0773520200,12179016,437701311.6100,0.219000,1,-0.718600,33.381494,7.127393,7.756866,-116.320655,0
2024-09-23,sh.603288,305.8891035600,311.3210965200,302.6638577400,307.9261009200,304.8706048800,11744345,427659134.6700,0.211200,1,1.002200,33.716052,7.198826,7.834607,-117.486452,0
2024-09-24,sh.603288,313.8673432200,325.7498278200,309.1992242700,325.2405784800,307.9261009200,23445434,881115338.8100,0.421600,1,5.622900,35.611883,7.603611,8.275142,-124.092636,0
2024-09-25,sh.603288,330.9271961100,333.9826921500,327.1078260600,327.6170754000,325.2405784800,20437451,795154590.6500,0.367500,1,0.730700,35.872095,7.659170,8.335607,-124.999367,0
2024-09-26,sh.603288,327.7019502900,350.7879203700,327.7019502900,350.7879203700,327.6170754000,28986071,1165314513.8600,0.521300,1,7.072500,38.409163,8.200868,8.925146,-133.839996,0
2024-09-27,sh.603288,358.6812851400,371.7520182000,358.3417855800,371.7520182000,350.7879203700,25263438,1087790126.4600,0.454300,1,5.976300,40.704605,8.690975,9.458539,-141.838660,0
2024-09-30,sh.603288,390.5093688900,408.9272200200,383.2101283500,408.8423451300,371.7520182000,43211314,2039123714.2700,0.777100,1,9.977200,44.765773,9.558088,10.402233,-155.990143,0
2024-10-08,sh.603288,449.7520421100,449.7520421100,428.7030693900,439.6519302000,408.8423451300,56286395,2939542500.4400,1.012200,1,7.535800,48.139237,10.278368,11.186126,-167.745265,0
2024-10-09,sh.603288,440.2460544300,441.0099284400,395.9413618500,395.9413618500,439.6519302000,39086971,1894443317.9500,0.702900,1,-9.942100,43.353193,9.256484,10.073992,-151.067888,0
2024-10-10,sh.603288,395.8564869600,408.9272200200,393.2253653700,399.0817327800,395.9413618500,23458994,1111084560.3800,0.421900,1,0.793100,43.697044,9.329901,10.153892,-152.266068,0
2024-10-11,sh.603288,399.0817327800,401.9674790400,385.1622508200,390.5942437800,399.0817327800,14465369,668222836.3700,0.260100,1,-2.126800,42.767716,9.131477,9.937944,-149.027743,0
2024-10-14,sh.603288,397.1296103100,397.3842349800,382.6160041200,393.9043644900,390.5942437800,16869785,777483252.5000,0.303400,1,0.847500,43.130154,9.208862,10.022164,-150.290690,0
2024-10-15,sh.603288,393.9043644900,394.5833636100,383.9740023600,384.9076261500,393.9043644900,13725553,629906545.5800,0.246800,1,-2.284000,42.145065,8.998532,9.793259,-146.858065,0
2024-10-16,sh.603288,379.7302578600,381.0882561000,361.5670314000,366.5746499100,384.9076261500,27329546,1188181037.0500,0.491500,1,-4.763000,40.137715,8.569936,9.326810,-139.863281,0
2024-10-17,sh.603288,366.6595248000,370.8183944100,357.7476613500,358.5115353600,366.5746499100,13761267,589277934.1700,0.247500,1,-2.199600,39.254852,8.381434,9.121659,-136.786872,0
2024-10-18,sh.603288,357.7476613500,373.3646411100,354.9467899800,365.7259010100,358.5115353600,21159554,905299634.2700,0.380500,1,2.012300,40.044782,8.550094,9.305215,-139.539449,0
2024-10-21,sh.603288,367.1687741400,369.4603961700,359.0207847000,366.5746499100,365.7259010100,18443894,792537599.2300,0.331700,1,0.232100,40.137715,8.569936,9.326810,-139.863281,0
2024-10-22,sh.603288,366.4897750200,372.6007671000,365.8107759000,369.0360217200,366.5746499100,14164140,615272341.3000,0.254700,1,0.671500,40.407220,8.627479,9.389435,-140.802396,0
2024-10-23,sh.603288,369.6301459500,378.3722596200,367.5931485900,373.1100164400,369.0360217200,16993404,748670028.4700,0.305600,1,1.104000,40.853298,8.722723,9.493090,-142.356792,0
2024-10-24,sh.603288,370.9032693000,374.2982649000,367.5082737000,369.0360217200,373.1100164400,8908256,388427646.3600,0.160200,1,-1.091900,40.407220,8.627479,9.389435,-140.802396,0
2024-10-25,sh.603288,369.2057715000,380.9185063200,367.5931485900,376.2503873700,369.0360217200,13229036,585172731.5600,0.237900,1,1.954900,41.197150,8.796140,9.572991,-143.554973,0
2024-10-28,sh.603288,376.2503873700,385.1622508200,375.2318886900,385.0773759300,376.2503873700,13891430,624878178.6300,0.249800,1,2.346000,42.163652,9.002501,9.797578,-146.922831,0
2024-10-29,sh.603288,386.6051239500,391.9522420200,380.6638816500,381.9370050000,385.0773759300,15293356,693843440.7100,0.275000,1,-0.815500,40.934592,8.519194,9.511278,-79.930274,0
2024-10-30,sh.603288,378.2025098400,384.9076261500,372.4310173200,374.7226393500,381.9370050000,10654875,473773813.1400,0.191600,1,-1.888900,40.161383,8.358276,9.331620,-78.420480,0
2024-10-31,sh.603288,374.0436402300,375.9957627000,368.1872728200,371.4973935300,374.7226393500,12097924,529593981.2000,0.217600,1,-0.860700,39.815713,8.286336,9.251303,-77.745513,0
2024-11-01,sh.603288,371.5822684200,379.3907583000,369.7150208400,375.4016384700,371.4973935300,10449151,462417576.0800,0.187900,1,1.050900,40.234156,8.373421,9.348529,-78.562578,0
2024-11-04,sh.603288,373.4495160000,381.8521301100,371.3276437500,380.0697574200,375.4016384700,11028470,489283420.2800,0.198300,1,1.243500,40.734467,8.477544,9.464778,-79.539503,0
2024-11-05,sh.603288,379.8151327500,388.5572464200,376.5898869300,386.0958746100,380.0697574200,12076982,546673464.7800,0.217200,1,1.585500,41.380324,8.611958,9.614845,-80.800625,0
2024-11-06,sh.603288,386.1807495000,389.2362455400,379.7302578600,383.6345028000,386.0958746100,13893670,628871425.0500,0.249900,1,-0.637500,41.116523,8.557057,9.553550,-80.285519,0
2024-11-07,sh.603288,383.5496279100,414.5289627600,382.1067547800,413.6802138600,383.6345028000,30046196,1425231446.7600,0.540300,1,7.831900,44.336711,9.227233,10.301771,-86.573367,0
2024-11-08,sh.603288,421.7433284100,424.3744500000,403.6649768400,414.1045883100,413.6802138600,26722431,1295317368.3300,0.480600,1,0.102600,44.382194,9.236699,10.312339,-86.662179,0
2024-11-11,sh.603288,405.7019742000,410.6247178200,394.6682385000,402.2221037100,414.1045883100,22335171,1051742182.0100,0.401700,1,-2.869400,43.108674,8.971658,10.016432,-84.175459,0
2024-11-12,sh.603288,397.8934843200,414.5289627600,396.1959865200,398.0632341000,402.2221037100,19621880,934303450.8500,0.352900,1,-1.034000,42.662941,8.878893,9.912865,-83.305107,0
2024-11-13,sh.603288,394.0741142700,401.4582297000,394.0741142700,399.5909821200,398.0632341000,10239466,480099495.0300,0.184100,1,0.383800,42.826680,8.912970,9.950910,-83.624828,0
2024-11-14,sh.603288,395.8564869600,401.1187301400,392.1219918000,392.6312411400,399.5909821200,9846765,460752926.5800,0.177100,1,-1.741700,42.080760,8.757731,9.777594,-82.168321,0
2024-11-15,sh.603288,391.3581177900,401.2036050300,391.1883680100,391.3581177900,392.6312411400,12459261,581619200.6700,0.224100,1,-0.324300,41.944312,8.729334,9.745889,-81.901887,0
2024-11-18,sh.603288,391.3581177900,394.2438640500,383.8042525800,386.2656243900,391.3581177900,11130200,510564184.6400,0.200200,1,-1.301200,41.398517,8.615745,9.619072,-80.836150,0
2024-11-19,sh.603288,386.6899988400,390.3396191100,378.4571345100,385.3320006000,386.2656243900,8894689,402881215.7500,0.160000,1,-0.241700,41.298455,8.594920,9.595823,-80.640765,0
2024-11-20,sh.603288,386.9446235100,387.2841230700,381.1731309900,383.6345028000,385.3320006000,8816211,398889722.1300,0.158500,1,-0.440500,41.116523,8.557057,9.553550,-80.285519,0
2024-11-21,sh.603288,382.1916296700,386.6899988400,380.1546323100,382.7857539000,383.6345028000,6831650,307596275.8700,0.122900,1,-0.221200,41.025558,8.538125,9.532414,-80.107896,0
2024-11-22,sh.603288,381.9370050000,383.4647530200,369.2057715000,369.4603961700,382.7857539000,10609773,469113294.3800,0.190800,1,-3.481200,39.597395,8.240900,9.200576,-77.319218,0
2024-11-25,sh.603288,374.5528895700,378.4571345100,369.2057715000,370.9032693000,369.4603961700,10668449,468493233.3800,0.191900,1,0.390500,39.752037,8.273084,9.236508,-77.621177,0
2024-11-26,sh.603288,369.2057715000,378.1176349500,368.6116472700,376.6747618200,370.9032693000,8801639,389074469.5400,0.158300,1,1.556100,40.370604,8.401818,9.380234,-78.829012,0
2024-11-27,sh.603288,376.5050120400,381.5126305500,374.2133900100,377.6083856100,376.6747618200,11389932,506789846.8900,0.204800,1,0.247900,40.470666,8.422643,9.403483,-79.024397,0
2024-11-28,sh.603288,378.5420094000,379.1361336300,372.0915177600,373.8738904500,377.6083856100,7843825,346383315.4800,0.141100,1,-0.989000,40.070417,8.339344,9.310484,-78.242857,0
2024-11-29,sh.603288,377.1840111600,392.1219918000,374.2982649000,383.1252534600,373.8738904500,15949633,721714287.4600,0.286800,1,2.474500,41.061944,8.545698,9.540869,-80.178946,0
2024-12-02,sh.603288,390.7639935600,400.6094808000,385.0773759300,399.3363574500,383.1252534600,20616644,962882700.7500,0.370800,1,4.231300,42.799390,8.907290,9.944569,-83.571542,0
2024-12-03,sh.603288,399.3363574500,403.3254772800,396.1959865200,400.6094808000,399.3363574500,10395252,489841209.0000,0.186900,1,0.318800,42.935839,8.935688,9.976274,-83.837976,0
2024-12-04,sh.603288,400.1851063500,400.1851063500,392.1219918000,395.5169874000,400.6094808000,9071829,422772624.6700,0.163100,1,-1.271200,42.390044,8.822098,9.849457,-82.772239,0
2024-12-05,sh.603288,390.8488684500,395.6867371800,388.9816208700,391.9522420200,395.5169874000,7492186,346007276.0700,0.134700,1,-0.901300,42.007988,8.742586,9.760685,-82.026223,0
2024-12-06,sh.603288,391.1034931200,400.0153565700,390.4244940000,394.8379882800,391.9522420200,9845433,458838244.0100,0.177100,1,0.736200,42.317271,8.806953,9.832548,-82.630141,0
2024-12-09,sh.603288,390.5942437800,396.0262367400,387.3689979600,392.7161160300,394.8379882800,7213123,332760786.9700,0.129700,1,-0.537400,42.089857,8.759624,9.779707,-82.186084,0
2024-12-10,sh.603288,407.4843468900,415.3777116600,401.4582297000,402.5616032700,392.7161160300,19023816,915020367.4700,0.342100,1,2.507000,43.145060,8.979230,10.024887,-84.246508,0
2024-12-11,sh.603288,402.8162279400,409.0120949100,402.5616032700,406.1263486500,402.5616032700,8974000,429228696.1200,0.161400,1,0.885500,43.527116,9.058743,10.113659,-84.992524,0
2024-12-12,sh.603288,403.1557275000,412.4919654000,402.0523539300,411.0490922700,406.1263486500,15820017,760750879.8900,0.284500,1,1.212100,44.054717,9.168546,10.236249,-86.022737,0
2024-12-13,sh.603288,408.0784711200,410.2003433700,400.1851063500,400.4397310200,411.0490922700,13441139,640393491.3500,0.241700,1,-2.581000,42.917645,8.931901,9.972046,-83.802451,0
2024-12-16,sh.603288,400.1851063500,403.1557275000,395.5169874000,396.6203609700,400.4397310200,6958917,326241142.1700,0.125100,1,-0.953800,42.508300,8.846709,9.876934,-83.003149,0
2024-12-17,sh.603288,395.9413618500,401.0338552500,391.2732429000,397.2144852000,396.6203609700,8397997,392758563.8300,0.151000,1,0.149800,42.571976,8.859961,9.891729,-83.127485,0
2024-12-18,sh.603288,398.7422332200,406.2112235400,398.1481089900,402.3069786000,397.2144852000,8176081,387775687.6500,0.147000,1,1.282100,43.117770,8.973551,10.018546,-84.193222,0
2024-12-19,sh.603288,396.9598605300,400.6094808000,395.0077380600,398.3178587700,402.3069786000,6485097,303938434.0500,0.116600,1,-0.991600,42.690231,8.884572,9.919206,-83.358394,0
2024-12-20,sh.603288,398.3178587700,400.1851063500,394.3287389400,395.9413618500,398.3178587700,7654767,358200070.0500,0.137700,1,-0.596600,42.435527,8.831564,9.860025,-82.861050,0
2024-12-23,sh.603288,396.8749856400,400.6094808000,395.0926129500,396.1959865200,395.9413618500,6331324,296732035.1000,0.113900,1,0.064300,42.462817,8.837244,9.866366,-82.914337,0
2024-12-24,sh.603288,394.7531133900,403.6649768400,394.7531133900,402.6464781600,396.1959865200,7714642,364382316.0400,0.138700,1,1.628100,43.154156,8.981123,10.027001,-84.264271,0
2024-12-25,sh.603288,402.7313530500,403.4103521700,396.1111116300,398.3178587700,402.6464781600,5392261,253650635.9400,0.097000,1,-1.075000,42.690231,8.884572,9.919206,-83.358394,0
2024-12-26,sh.603288,398.8271081100,399.4212323400,393.9043644900,394.4136138300,398.3178587700,5624159,262376208.9000,0.101100,1,-0.980200,42.271789,8.797487,9.821980,-82.541329,0
2024-12-27,sh.603288,395.1774878400,397.7237345400,391.0186182300,396.6203609700,394.4136138300,6223189,289395984.2000,0.111900,1,0.559500,42.508300,8.846709,9.876934,-83.003149,0
2024-12-30,sh.603288,394.3287389400,400.3548561300,391.4429926800,393.3951151500,396.6203609700,7053008,327777476.9800,0.126800,1,-0.813200,42.162630,8.774770,9.796616,-82.328182,0
2024-12-31,sh.603288,389.8303697700,396.0262367400,389.4059953200,389.5757451000,393.3951151500,8690715,402305067.9700,0.156300,1,-0.970900,41.753284,8.689578,9.701503,-81.528879,0
2025-01-02,sh.603288,389.5757451000,392.5463662500,379.2210085200,382.5311292300,389.5757451000,12190997,554467295.5500,0.219200,1,-1.808300,40.998268,8.532446,9.526073,-80.054610,0
2025-01-03,sh.603288,381.6823803300,384.9076261500,372.7705168800,375.9957627000,382.5311292300,9268783,413906239.1500,0.166700,1,-1.708500,40.297832,8.386673,9.363325,-78.686914,0
2025-01-06,sh.603288,381.0033812100,381.0033812100,368.1872728200,369.7150208400,375.9957627000,8781640,386163599.3000,0.157900,1,-1.670400,39.624685,8.246580,9.206917,-77.372505,0
2025-01-07,sh.603288,369.8847706200,373.0251415500,363.0947794200,363.7737785400,369.7150208400,11404382,492591120.0800,0.205100,1,-1.607000,38.987925,8.114059,9.058964,-76.129145,0
2025-01-08,sh.603288,363.9435283200,366.5746499100,356.4745380000,361.9914058500,363.7737785400,9690389,412466658.0200,0.174300,1,-0.490000,38.796897,8.074302,9.014578,-75.756137,0
2025-01-09,sh.603288,362.0762807400,369.8847706200,357.4081617900,358.8510349200,361.9914058500,8559288,364388514.9600,0.153900,1,-0.867500,38.460323,8.004256,8.936374,-75.098933,0
2025-01-10,sh.603288,360.6334076100,363.2645292000,356.4745380000,356.4745380000,358.8510349200,6584798,278508962.1300,0.118400,1,-0.662300,38.205619,7.951247,8.877193,-74.601589,0
2025-01-13,sh.603288,353.8434164100,361.3972816200,353.0795424000,358.8510349200,356.4745380000,6758367,285699731.3400,0.121500,1,0.666700,38.460323,8.004256,8.936374,-75.098933,0
2025-01-14,sh.603288,359.0207847000,366.4897750200,355.7955388800,364.8771521100,358.8510349200,9196016,392934512.3600,0.165400,1,1.679300,39.106180,8.138670,9.086441,-76.360055,0
2025-01-15,sh.603288,364.9620270000,366.2351503500,359.1905344800,360.3787829400,364.8771521100,6204062,263842666.5000,0.111600,1,-1.232800,38.624062,8.038333,8.974419,-75.418654,0
2025-01-16,sh.603288,361.9914058500,365.4712763400,353.9282913000,355.6257891000,360.3787829400,7781308,328516423.5100,0.139900,1,-1.318900,38.114653,7.932316,8.856057,-74.423966,0
2025-01-17,sh.603288,355.8804137700,361.9914058500,353.9282913000,359.9544084900,355.6257891000,6554483,277569260.2500,0.117900,1,1.217200,38.578579,8.028867,8.963851,-75.329842,0
2025-01-20,sh.603288,364.8771521100,364.9620270000,356.6442877800,357.4930366800,359.9544084900,6106882,259553993.1300,0.109800,1,-0.683800,38.314778,7.973965,8.902556,-74.814736,0
2025-01-21,sh.603288,358.5115353600,362.7552798600,354.8619150900,359.3602842600,357.4930366800,6114495,258595421.3000,0.110000,1,0.522300,38.514903,8.015615,8.949056,-75.205506,0
2025-01-22,sh.603288,358.9359098100,359.1056595900,348.4114234500,348.8357979000,359.3602842600,10204612,421944316.2100,0.183500,1,-2.928700,37.386927,7.780864,8.686967,-73.002983,0
2025-01-23,sh.603288,352.4854181700,356.0501635500,347.1383001000,349.4299221300,348.8357979000,8629280,357117117.6100,0.155200,1,0.170300,37.450603,7.794116,8.701762,-73.127319,0
2025-01-24,sh.603288,347.9870490000,352.7400428400,347.6475494400,348.4114234500,349.4299221300,7977041,329101061.1700,0.143500,1,-0.291500,37.341444,7.771398,8.676399,-72.914172,0
2025-01-27,sh.603288,348.4962983400,351.5517943800,347.9021741100,347.9021741100,348.4114234500,7041556,289717403.5200,0.126600,1,-0.146200,37.286865,7.760039,8.663717,-72.807598,0
2025-02-05,sh.603288,346.2895512000,347.7324243300,339.6693097800,343.8281793900,347.9021741100,9863068,398672640.3800,0.177400,1,-1.171000,36.850229,7.669168,8.562264,-71.955009,0
2025-02-06,sh.603288,343.9130542800,349.5147970200,343.1491802700,347.9021741100,343.8281793900,6965708,284561801.5600,0.125300,1,1.184900,37.286865,7.760039,8.663717,-72.807598,0
2025-02-07,sh.603288,347.3080498800,358.1720358000,344.1676789500,355.2014146500,347.9021741100,9842458,409695714.3900,0.177000,1,2.098100,38.069170,7.922850,8.845488,-74.335154,0
2025-02-10,sh.603288,355.2862895400,357.1535371200,351.3820446000,354.4375406400,355.2014146500,6665957,277913990.7200,0.119900,1,-0.215100,37.987301,7.905812,8.826466,-74.175294,0
2025-02-11,sh.603288,354.5224155300,356.4745380000,345.6954269700,346.4593009800,354.4375406400,9476006,388956257.2500,0.170400,1,-2.251000,37.132223,7.727855,8.627786,-72.505639,0
2025-02-12,sh.603288,344.6769282900,350.9576701500,343.4038049400,349.6845468000,346.4593009800,8103929,330523851.4100,0.145700,1,0.930900,37.477893,7.799795,8.708103,-73.180606,0
2025-02-13,sh.603288,349.5147970200,352.1459186100,347.1383001000,348.4962983400,349.6845468000,11002742,453389736.4600,0.197900,1,-0.339800,37.350541,7.773291,8.678513,-72.931934,0
2025-02-14,sh.603288,347.3080498800,351.7215441600,346.7988005400,350.0240463600,348.4962983400,9272475,381838720.1000,0.166800,1,0.438400,37.514279,7.807368,8.716558,-73.251655,0
2025-02-17,sh.603288,350.1937961400,353.5887917400,347.9870490000,349.9391714700,350.0240463600,9115369,376642020.5100,0.163900,1,-0.024200,37.505183,7.805475,8.714444,-73.233893,0
2025-02-18,sh.603288,349.5147970200,351.8064190500,345.2710525200,346.7139256500,349.9391714700,9200887,377469318.5200,0.165500,1,-0.921700,37.159513,7.733535,8.634127,-72.558926,0
2025-02-19,sh.603288,345.8651767500,349.1752974600,344.0828040600,347.5626745500,346.7139256500,7661240,313080325.3200,0.137800,1,0.244800,37.250479,7.752466,8.655263,-72.736549,0
2025-02-20,sh.603288,346.7139256500,350.9576701500,345.6105520800,349.0904225700,347.5626745500,5903424,242707104.5200,0.106200,1,0.439600,37.414217,7.786543,8.693308,-73.056270,0
2025-02-21,sh.603288,349.6845468000,356.2199133300,348.3265485600,351.8912939400,349.0904225700,11812993,490070870.4500,0.212400,1,0.802300,37.714404,7.849017,8.763057,-73.642425,0
2025-02-24,sh.603288,352.2307935000,359.4451591500,349.6845468000,351.3820446000,351.8912939400,12330734,514183662.8800,0.221800,1,-0.144700,37.659825,7.837658,8.750376,-73.535852,0
2025-02-25,sh.603288,347.9870490000,349.5147970200,343.7433045000,344.2525538400,351.3820446000,9012415,367454471.1900,0.162100,1,-2.029000,36.895712,7.678633,8.572832,-72.043820,0
2025-02-26,sh.603288,344.2525538400,345.3559274100,340.2634340100,343.2340551600,344.2525538400,8942440,360639153.9400,0.160800,1,-0.295900,36.786553,7.655915,8.547468,-71.830673,0
2025-02-27,sh.603288,343.2340551600,351.1274199300,341.5365573600,349.8542965800,343.2340551600,15138608,618699899.3900,0.272200,1,1.928800,37.496086,7.803581,8.712331,-73.216131,0
2025-02-28,sh.603288,350.0240463600,357.3232869000,348.2416736700,348.9206727900,349.8542965800,17515474,728538455.9600,0.315000,1,-0.266900,37.396024,7.782757,8.689081,-73.020746,0
2025-03-03,sh.603288,348.9206727900,354.1829159700,342.8945556000,343.7433045000,348.9206727900,13228978,541241476.2100,0.237900,1,-1.483800,36.841133,7.667274,8.560150,-71.937246,0
2025-03-04,sh.603288,341.2819326900,345.7803018600,341.1970578000,343.4038049400,343.7433045000,8365078,338936470.3700,0.150400,1,-0.098800,36.804746,7.659702,8.551696,-71.866197,0
2025-03-05,sh.603288,343.4886798300,344.9315529600,340.0088093400,342.5550560400,343.4038049400,8270073,332867911.5600,0.148700,1,-0.247200,36.713781,7.640770,8.530559,-71.688574,0
2025-03-06,sh.603288,343.3189300500,350.5332957000,342.4701811500,349.0904225700,342.5550560400,11858240,483876622.2300,0.213300,1,1.907800,37.414217,7.786543,8.693308,-73.056270,0
2025-03-07,sh.603288,349.2601723500,350.7879203700,344.0828040600,347.9870490000,349.0904225700,8254138,337727618.9700,0.148400,1,-0.316100,37.295961,7.761932,8.665831,-72.825360,0
2025-03-10,sh.603288,346.2895512000,347.6475494400,340.7726833500,342.4701811500,347.9870490000,10614790,428658983.8800,0.190900,1,-1.585400,36.704684,7.638877,8.528446,-71.670812,0
2025-03-11,sh.603288,340.2634340100,347.3080498800,339.9239344500,347.3080498800,342.4701811500,10150180,410729154.7600,0.182500,1,1.412600,37.223189,7.746787,8.648922,-72.683262,0
2025-03-12,sh.603288,346.9685503200,347.2231749900,341.1970578000,341.1970578000,347.3080498800,12319308,496787557.3500,0.221500,1,-1.759500,36.568235,7.610480,8.496742,-71.404378,0
2025-03-13,sh.603288,341.2819326900,343.4038049400,340.5180586800,341.0273080200,341.1970578000,8720710,351200018.6500,0.156800,1,-0.049800,36.550042,7.606693,8.492514,-71.368853,0
2025-03-14,sh.603288,344.3374287300,356.3896631100,342.4701811500,352.9946675100,341.0273080200,27027313,1117480324.0400,0.486100,1,3.509200,37.832659,7.873628,8.790534,-73.873335,0
2025-03-17,sh.603288,359.1905344800,362.2460305200,354.7770402000,356.9837873400,352.9946675100,17183745,725404508.7400,0.309000,1,1.130100,38.260199,7.962606,8.889874,-74.708162,0
2025-03-18,sh.603288,356.8989124500,358.4266604700,351.3820446000,351.8064190500,356.9837873400,10569462,440624294.3800,0.190100,1,-1.450300,37.705307,7.847124,8.760944,-73.624663,0
2025-03-19,sh.603288,351.8064190500,354.1829159700,350.2786710300,351.8064190500,351.8064190500,7826081,324256438.7700,0.140700,1,0.000000,37.705307,7.847124,8.760944,-73.624663,0
2025-03-20,sh.603288,351.6366692700,351.6366692700,345.4408023000,346.2046763100,351.8064190500,10328261,422233178.8200,0.185700,1,-1.592300,37.104933,7.722176,8.621445,-72.452352,0
2025-03-21,sh.603288,345.5256771900,347.8172992200,340.1785591200,340.1785591200,346.2046763100,14583593,588574734.2300,0.262300,1,-1.740600,36.459076,7.587762,8.471378,-71.191230,0
2025-03-24,sh.603288,340.1785591200,342.7248058200,339.0751855500,342.5550560400,340.1785591200,10232695,410957406.9900,0.184000,1,0.698600,36.713781,7.640770,8.530559,-71.688574,0
2025-03-25,sh.603288,342.5550560400,343.6584296100,340.0088093400,343.5735547200,342.5550560400,7298122,293869651.7600,0.131200,1,0.297300,36.822940,7.663488,8.555923,-71.901722,0
2025-03-26,sh.603288,343.6584296100,345.2710525200,341.3668075800,343.9979291700,343.5735547200,7317313,296088771.4000,0.131600,1,0.123500,36.868422,7.672954,8.566491,-71.990533,0
2025-03-27,sh.603288,343.9979291700,351.0425450400,342.5550560400,350.7879203700,343.9979291700,13460699,553101094.8000,0.242100,1,1.973800,37.596148,7.824406,8.735580,-73.411516,0
2025-03-28,sh.603288,350.7879203700,352.8249177300,346.7139256500,347.8172992200,350.7879203700,7355452,302448442.1000,0.132300,1,-0.846800,37.277768,7.758146,8.661604,-72.789836,0
2025-03-31,sh.603288,346.2895512000,349.6845468000,343.5735547200,344.4223036200,347.8172992200,8435170,344042374.5200,0.151700,1,-0.976100,36.913905,7.682420,8.577059,-72.079345,0
2025-04-01,sh.603288,344.4223036200,347.0534252100,342.3853062600,345.2710525200,344.4223036200,7133311,289715607.4800,0.128300,1,0.246400,37.004871,7.701351,8.598195,-72.256967,0
2025-04-02,sh.603288,345.4408023000,347.4777996600,342.8945556000,346.6290507600,345.2710525200,7169811,292282081.5700,0.128900,1,0.393300,37.150416,7.731642,8.632013,-72.541164,0
2025-04-03,sh.603288,340.8575582400,346.8836754300,340.4331837900,345.1861776300,346.6290507600,11662967,472588075.9700,0.209700,1,-0.416300,35.647089,7.319846,8.406744,-242.065641,0
2025-04-07,sh.603288,333.5583177000,342.0458067000,323.4582057900,333.5583177000,345.1861776300,32467484,1280961511.9200,0.583900,1,-3.368600,34.446290,7.073271,8.123556,-233.911475,0
2025-04-08,sh.603288,332.7095688000,350.7879203700,329.3145732000,349.6845468000,333.5583177000,33536039,1337388168.2900,0.603100,1,4.834600,36.111632,7.415236,8.516298,-245.220172,0
2025-04-09,sh.603288,346.2895512000,358.2569106900,343.7433045000,358.0871609100,349.6845468000,30451820,1266024278.4300,0.547600,1,2.402900,36.979363,7.593418,8.720937,-251.112598,0
2025-04-10,sh.603288,360.7182825000,360.8880322800,351.3820446000,358.1720358000,358.0871609100,19763843,830155108.6300,0.355400,1,0.023700,36.988128,7.595218,8.723004,-251.172118,0
2025-04-11,sh.603288,360.1241582700,360.8880322800,353.9282913000,356.8140375600,358.1720358000,13033136,547274174.5900,0.234400,1,-0.379100,36.847889,7.566420,8.689931,-250.219806,0
2025-04-14,sh.603288,356.6442877800,362.2460305200,354.7770402000,357.7476613500,356.8140375600,12103187,512202069.0500,0.217700,1,0.261700,36.944303,7.586218,8.712669,-250.874520,0
2025-04-15,sh.603288,357.4930366800,365.7259010100,355.6257891000,362.9250296400,357.7476613500,14055055,599862612.6900,0.252800,1,1.447200,37.478966,7.696007,8.838760,-254.505208,0
2025-04-16,sh.603288,365.8107759000,369.2906463900,360.8031573900,368.6116472700,362.9250296400,13572515,582346365.4000,0.244100,1,1.566900,38.066218,7.816595,8.977253,-258.493011,0
2025-04-17,sh.603288,366.9141494700,368.6965221600,362.7552798600,368.6116472700,368.6116472700,9045033,391221853.1000,0.162700,1,0.000000,38.066218,7.816595,8.977253,-258.493011,0
2025-04-18,sh.603288,365.3864014500,367.5082737000,357.3232869000,357.6627864600,368.6116472700,10657413,452324977.2700,0.191700,1,-2.970300,36.935538,7.584419,8.710602,-250.815001,0
2025-04-21,sh.603288,356.7291626700,359.5300340400,355.9652886600,357.8325362400,357.6627864600,5677221,239708844.1800,0.102100,1,0.047500,36.953068,7.588018,8.714736,-250.934040,0
2025-04-22,sh.603288,357.8325362400,360.7182825000,356.8140375600,358.0871609100,357.8325362400,6611756,279769834.3800,0.118900,1,0.071200,36.979363,7.593418,8.720937,-251.112598,0
2025-04-23,sh.603288,359.0207847000,359.4451591500,353.9282913000,354.9467899800,358.0871609100,7079181,296769442.5600,0.127300,1,-0.877000,36.655059,7.526825,8.644456,-248.910378,0
2025-04-24,sh.603288,355.6257891000,362.8401547500,354.9467899800,361.1426569500,354.9467899800,9051455,384975765.8200,0.162800,1,1.745600,37.294902,7.658211,8.795352,-253.255299,0
2025-04-25,sh.603288,361.1426569500,363.5191538700,356.3047882200,356.4745380000,361.1426569500,7904689,334001715.5600,0.142200,1,-1.292600,36.812829,7.559221,8.681663,-249.981729,0
2025-04-28,sh.603288,356.3047882200,357.9174111300,350.1937961400,350.1937961400,356.4745380000,7430470,310059796.5500,0.133600,1,-1.761900,36.164222,7.426035,8.528700,-245.577289,0
2025-04-29,sh.603288,355.2862895400,363.1796543100,354.3526657500,360.3787829400,350.1937961400,12570318,533629445.3900,0.226100,1,2.908400,35.624236,7.133605,8.578539,-79.100998,0
2025-04-30,sh.603288,358.0871609100,364.0284032100,355.7955388800,355.7955388800,360.3787829400,8354297,354029842.8500,0.150200,1,-1.271800,35.171172,7.042881,8.469439,-78.095003,0
2025-05-06,sh.603288,356.3047882200,359.0207847000,353.9282913000,354.6072904200,355.7955388800,11274425,473140810.2900,0.202800,1,-0.334000,35.053711,7.019360,8.441154,-77.834190,0
2025-05-07,sh.603288,362.1611556300,366.9141494700,358.8510349200,366.7443996900,354.6072904200,16392639,701822960.8400,0.294800,1,3.422700,36.253491,7.259611,8.730068,-80.498213,0
2025-05-08,sh.603288,364.9620270000,367.0838992500,361.1426569500,361.6519062900,366.7443996900,10849770,463941141.9400,0.195100,1,-1.388600,35.750087,7.158806,8.608845,-79.380441,0
2025-05-09,sh.603288,361.7367811800,363.0947794200,359.3602842600,359.8695336000,361.6519062900,7019963,298437608.8600,0.126200,1,-0.492800,35.573895,7.123525,8.566417,-78.989221,0
2025-05-12,sh.603288,361.3124067300,365.7259010100,359.9544084900,361.0577820600,359.8695336000,8259270,352843333.4400,0.148500,1,0.330200,35.691356,7.147046,8.594703,-79.250034,0
2025-05-13,sh.603288,361.4821565100,362.1611556300,356.0501635500,356.8989124500,361.0577820600,9572707,403390106.1400,0.172200,1,-1.151900,35.280243,7.064722,8.495704,-78.337187,0
2025-05-14,sh.603288,358.0871609100,364.0284032100,355.6257891000,360.8880322800,356.8989124500,10111071,428112424.4200,0.181800,1,1.117700,35.674576,7.143686,8.590662,-79.212775,0
2025-05-15,sh.603288,360.5485327200,367.1687741400,358.0022860200,366.2351503500,360.8880322800,12864349,551132631.8500,0.231300,1,1.481700,36.203151,7.249531,8.717946,-80.386436,0
2025-05-16,sh.603288,364.7074023300,365.3864014500,359.1056595900,361.3972816200,366.2351503500,9431956,401857081.4300,0.169600,1,-1.321000,35.724917,7.153766,8.602784,-79.324552,0
2025-05-19,sh.603288,361.0577820600,366.4049001300,360.6334076100,364.1981529900,361.3972816200,7513732,322007888.2100,0.135100,1,0.775000,36.001789,7.209209,8.669457,-79.939327,0
2025-05-20,sh.603288,363.7737785400,369.2057715000,362.8401547500,364.7922772200,364.1981529900,8613889,371495053.6000,0.154900,1,0.163100,36.060519,7.220969,8.683599,-80.069734,0
2025-05-21,sh.603288,364.7922772200,376.5050120400,364.2830278800,372.4310173200,364.7922772200,12467684,544690492.0600,0.224200,1,2.094000,36.815626,7.372176,8.865434,-81.746392,0
2025-05-22,sh.603288,372.6007671000,380.9185063200,370.0545204000,372.9402666600,372.4310173200,9095666,400304245.4300,0.163600,1,0.136700,36.865966,7.382257,8.877556,-81.858169,0
2025-05-23,sh.603288,376.5050120400,382.6160041200,374.8923891300,376.5898869300,372.9402666600,15762510,704267649.4900,0.283500,1,0.978600,37.226739,7.454500,8.964432,-82.659239,0
2025-05-26,sh.603288,378.9663838500,388.3026217500,376.5898869300,380.0697574200,376.5898869300,18391689,828755092.0900,0.330800,1,0.924000,37.570732,7.523383,9.047268,-83.423050,0
2025-05-27,sh.603288,378.1176349500,381.5126305500,373.7041406700,377.8630102800,380.0697574200,10849877,481981272.5500,0.195100,1,-0.580600,37.352590,7.479701,8.994738,-82.938682,0
2025-05-28,sh.603288,375.9957627000,386.9446235100,373.4495160000,385.2471257100,377.8630102800,13656590,616299493.5000,0.245600,1,1.954200,38.082526,7.625868,9.170511,-84.559451,0
2025-05-29,sh.603288,384.1437521400,385.2471257100,377.8630102800,378.7966340700,385.2471257100,12621787,565521178.0600,0.227000,1,-1.674400,37.444881,7.498182,9.016962,-83.143607,0
2025-05-30,sh.603288,377.8630102800,381.6823803300,376.5050120400,377.0142613800,378.7966340700,9543771,425670020.7600,0.171600,1,-0.470500,37.268689,7.462900,8.974534,-82.752386,0
2025-06-03,sh.603288,372.4310173200,377.5235107200,369.7150208400,376.8445116000,377.0142613800,13016356,573523458.2300,0.234100,1,-0.045000,37.251909,7.459540,8.970493,-82.715127,0
2025-06-04,sh.603288,376.8445116000,378.4571345100,373.4495160000,374.8923891300,376.8445116000,8621517,381556913.3900,0.155000,1,-0.518000,37.058938,7.420898,8.924025,-82.286648,0
2025-06-05,sh.603288,377.4891630300,379.8262892400,372.3821094600,373.0745913000,374.8923561300,11759793,508631464.4100,0.211500,1,-0.484900,36.161200,7.241130,8.707844,-80.293288,0
2025-06-06,sh.603288,373.2477117600,374.2864345200,370.0449832500,370.7374650900,373.0745913000,10425374,447423408.4200,0.187500,1,-0.626500,35.934668,7.195768,8.653294,-79.790291,0
2025-06-09,sh.603288,371.1702662400,371.7761878500,363.1201648500,364.5916887600,370.7374650900,18064956,762887642.7500,0.324900,1,-1.657700,35.338973,7.076483,8.509847,-78.467594,0
2025-06-10,sh.603288,364.3320080700,366.4960138200,359.2249545000,361.1292795600,364.5916887600,14983882,628073626.5400,0.269500,1,-0.949700,35.003371,7.009280,8.429031,-77.722412,0
2025-06-11,sh.603288,361.8217614000,364.4185683000,359.9174363400,361.2158397900,361.1292795600,15201985,635184564.8400,0.273400,1,0.024000,35.011761,7.010960,8.431052,-77.741042,0
2025-06-12,sh.603288,361.5620807100,361.6486409400,354.2910213900,357.4071896700,361.2158397900,23715885,977908028.8300,0.426500,1,-1.054400,34.642598,6.937036,8.342155,-76.921342,0
2025-06-13,sh.603288,357.4937499000,358.5324726600,351.5210940300,355.5028646100,357.4071896700,32982189,1347760962.8100,0.593100,1,-0.532800,34.458016,6.900075,8.297706,-76.511493,0
2025-06-16,sh.603288,353.2522986300,353.5985395500,347.2796427600,347.2796427600,355.5028646100,28408419,1145010482.9900,0.510900,1,-2.313100,33.660959,6.740467,8.105770,-74.741687,0
2025-06-17,sh.603288,348.6646064400,354.7238225400,348.5780462100,349.9630098900,347.2796427600,21270751,861973482.9400,0.382500,1,0.772700,33.921052,6.792550,8.168402,-75.319203,0
2025-06-18,sh.603288,352.7329372500,352.7329372500,347.6258836800,348.2318052900,349.9630098900,15884641,641384487.3100,0.285700,1,-0.494700,33.753250,6.758948,8.127994,-74.946612,0
2025-06-19,sh.603288,346.2409200000,347.4527632200,333.6896866500,334.9015298700,348.2318052900,31785252,1238925904.5600,0.571600,1,-3.828000,34.090086,6.826398,8.209107,-75.694531,0
2025-06-20,sh.603288,335.6805719400,338.8833004500,333.3434457300,333.3434457300,334.9015298700,16560741,643310612.3500,0.297800,1,-0.465200,33.931486,6.794639,8.170915,-75.342372,0
2025-06-23,sh.603288,331.0928797500,334.1224878000,328.2363921600,332.7375241200,333.3434457300,15869634,607636013.9600,0.285400,1,-0.181800,33.869809,6.782289,8.156062,-75.205422,0
2025-06-24,sh.603288,334.1224878000,339.7489027500,333.7762468800,337.4117765400,332.7375241200,15386164,599867874.9900,0.276700,1,1.404800,34.345607,6.877565,8.270638,-76.261898,0
2025-06-25,sh.603288,339.0564209100,341.8263482700,336.5461742400,341.5666675800,337.4117765400,15052136,589744058.1500,0.270700,1,1.231400,34.768539,6.962256,8.372482,-77.200987,0
2025-06-26,sh.603288,341.5666675800,341.9129085000,337.0655356200,337.1520958500,341.5666675800,12265996,480187843.8500,0.220600,1,-1.292400,34.319174,6.872272,8.264272,-76.203204,0
2025-06-27,sh.603288,337.1520958500,337.6714572300,335.0746503300,335.5074514800,337.1520958500,11997938,466037717.2700,0.215800,1,-0.487800,34.151764,6.838749,8.223959,-75.831481,0
2025-06-30,sh.603288,335.3343310200,337.4983367700,334.5552889500,336.8058549300,335.5074514800,10168787,394910336.2300,0.182900,1,0.387000,34.283930,6.865215,8.255785,-76.124947,0
2025-07-01,sh.603288,336.9789753900,339.8354629800,335.5940117100,338.4504993000,336.8058549300,9477570,370083326.0100,0.170400,1,0.488300,34.451340,6.898738,8.296099,-76.496670,0
2025-07-02,sh.603288,338.8833004500,340.1817039000,336.2864935500,336.7192947000,338.4504993000,9613584,374710287.8300,0.172900,1,-0.511500,34.275119,6.863450,8.253664,-76.105383,0
2025-07-03,sh.603288,336.3730537800,337.9311379200,335.6805719400,336.8924151600,336.7192947000,8184366,318334849.0600,0.147200,1,0.051400,34.292741,6.866979,8.257907,-76.144511,0
2025-07-04,sh.603288,336.7192947000,338.0176981500,335.0746503300,336.3730537800,336.8924151600,10130354,393530399.1900,0.182200,1,-0.154200,34.239874,6.856393,8.245177,-76.027125,0
2025-07-07,sh.603288,335.8536924000,336.5461742400,333.6896866500,334.1224878000,336.3730537800,8696315,336316633.6200,0.156400,1,-0.669100,34.010786,6.810519,8.190011,-75.518452,0
2025-07-08,sh.603288,333.7762468800,337.1520958500,333.6896866500,336.5461742400,334.1224878000,8701549,337747069.4400,0.156500,1,0.725400,34.257497,6.859921,8.249420,-76.066254,0
2025-07-09,sh.603288,336.7192947000,339.3161016000,334.1224878000,334.1224878000,336.5461742400,13957535,543540190.6300,0.251000,1,-0.720200,34.010786,6.810519,8.190011,-75.518452,0
2025-07-10,sh.603288,334.2956082600,336.6327344700,333.8628071100,334.9015298700,334.1224878000,11834236,457916946.2900,0.212800,1,0.233200,34.090086,6.826398,8.209107,-75.694531,0
2025-07-11,sh.603288,335.1612105600,339.3161016000,334.9015298700,334.9015298700,334.9015298700,24674730,961458139.6600,0.443700,1,0.000000,34.090086,6.826398,8.209107,-75.694531,0
2025-07-14,sh.603288,334.9015298700,335.9402526300,333.2568855000,333.4300059600,334.9015298700,16282040,628974338.9100,0.292800,1,-0.439400,33.940297,6.796404,8.173037,-75.361937,0
2025-07-15,sh.603288,332.4778434300,334.0359275700,330.6600786000,332.3047229700,333.4300059600,10917449,418942473.3500,0.196300,1,-0.337500,33.825753,6.773467,8.145454,-75.107600,0
2025-07-16,sh.603288,332.3047229700,333.8628071100,331.6122411300,332.2181627400,332.3047229700,9560441,367018065.9900,0.171900,1,-0.026000,33.816942,6.771702,8.143332,-75.088036,0
2025-07-17,sh.603288,332.3047229700,335.0746503300,332.2181627400,333.4300059600,332.2181627400,11613906,446893057.5700,0.208900,1,0.364800,33.940297,6.796404,8.173037,-75.361937,0
2025-07-18,sh.603288,334.5552889500,336.4596140100,333.6896866500,335.8536924000,333.4300059600,17576659,680867137.1800,0.316100,1,0.726900,34.187008,6.845806,8.232446,-75.909739,0
2025-07-21,sh.603288,335.8536924000,336.9789753900,335.2477707900,336.7192947000,335.8536924000,14705295,570853203.0500,0.264500,1,0.257700,34.346683,6.877780,8.270897,-76.264285,0
2025-07-22,sh.603288,336.3730537800,341.9129085000,336.1999333200,341.9129085000,336.7192947000,25346545,993800926.9500,0.455800,1,1.542400,34.876451,6.983865,8.398468,-77.440598,0
2025-07-23,sh.603288,342.4322698800,344.9425165500,340.8741857400,341.3069868900,341.9129085000,21632320,856308437.1200,0.389000,1,-0.177200,34.814645,6.971488,8.383585,-77.303361,0
2025-07-24,sh.603288,341.2204266600,345.8081188500,339.7489027500,345.4618779300,341.3069868900,19967474,791701074.6000,0.359100,1,1.217300,35.238460,7.056355,8.485642,-78.244411,0
2025-07-25,sh.603288,344.9425165500,345.4618779300,339.1429811400,340.3548243600,345.4618779300,22461631,887223946.1400,0.403900,1,-1.478300,34.717521,6.952039,8.360197,-77.087704,0
2025-07-28,sh.603288,339.1429811400,340.4413845900,337.4117765400,338.0176981500,340.3548243600,17293979,676353056.6200,0.311000,1,-0.686700,34.479125,6.904301,8.302790,-76.558363,0
2025-07-29,sh.603288,337.5848970000,339.3161016000,335.3343310200,336.4596140100,338.0176981500,14869378,578422797.3500,0.267400,1,-0.460900,34.320194,6.872476,8.264518,-76.205469,0
2025-07-30,sh.603288,336.5461742400,341.0473062000,334.9015298700,339.3161016000,336.4596140100,20455620,800980343.9200,0.367900,1,0.849000,34.611567,6.930822,8.334682,-76.852441,0
2025-07-31,sh.603288,339.4026618300,339.4892220600,331.3525604400,331.9584820500,339.3161016000,24023863,926592209.0000,0.432000,1,-2.168400,33.861061,6.780537,8.153956,-75.185998,0
2025-08-01,sh.603288,331.9584820500,332.7375241200,328.9288740000,329.7079160700,331.9584820500,17009956,649518274.0500,0.305900,1,-0.678000,33.631495,6.734567,8.098675,-74.676262,0
2025-08-04,sh.603288,328.2363921600,331.3525604400,328.0632717000,331.1794399800,329.7079160700,11898732,452957036.8000,0.214000,1,0.446300,33.781596,6.764624,8.134820,-75.009551,0
2025-08-05,sh.603288,331.3525604400,333.7762468800,330.8331990600,332.3912832000,331.1794399800,10601989,406615253.0400,0.190700,1,0.365900,33.905208,6.789377,8.164587,-75.284024,0
2025-08-06,sh.603288,332.4778434300,332.6509638900,329.9675967600,331.9584820500,332.3912832000,9134627,349855212.8200,0.164300,1,-0.130200,33.861061,6.780537,8.153956,-75.185998,0
2025-08-07,sh.603288,330.7466388300,332.1316025100,330.2272774500,331.9584820500,331.9584820500,10236867,391777419.9900,0.184100,1,0.000000,33.861061,6.780537,8.153956,-75.185998,0
2025-08-08,sh.603288,331.9584820500,332.4778434300,330.7466388300,331.1794399800,331.9584820500,7867192,301088761.7200,0.141500,1,-0.234700,33.781596,6.764624,8.134820,-75.009551,0
2025-08-11,sh.603288,331.1794399800,334.0359275700,330.6600786000,333.1703252700,331.1794399800,13107601,503667282.1600,0.235700,1,0.601200,33.984674,6.805290,8.183723,-75.460471,0
2025-08-12,sh.603288,333.1703252700,335.4208912500,332.6509638900,333.7762468800,333.1703252700,14102211,544372843.8200,0.253600,1,0.181900,34.046480,6.817666,8.198606,-75.597707,0
2025-08-13,sh.603288,333.8628071100,335.5940117100,333.3434457300,334.0359275700,333.7762468800,14054286,542692707.6500,0.252700,1,0.077800,34.072969,6.822970,8.204985,-75.656523,0
2025-08-14,sh.603288,333.9493673400,339.7489027500,333.7762468800,335.5940117100,334.0359275700,24849658,967531662.8500,0.446900,1,0.466400,34.231899,6.854796,8.243256,-76.009417,0
2025-08-15,sh.603288,335.1612105600,337.7580174600,333.0837650400,336.6327344700,335.5940117100,17009072,659598987.0100,0.305900,1,0.309500,34.337853,6.876012,8.268770,-76.244680,0
2025-08-18,sh.603288,337.5848970000,341.9129085000,337.4983367700,340.3548243600,336.6327344700,24715439,970484740.7600,0.444500,1,1.105700,34.717521,6.952039,8.360197,-77.087704,0
2025-08-19,sh.603288,340.3548243600,341.9129085000,339.3161016000,339.8354629800,340.3548243600,18322568,720749096.4900,0.329500,1,-0.152600,34.664544,6.941431,8.347440,-76.970072,0
2025-08-20,sh.603288,337.6714572300,341.8263482700,336.8058549300,341.8263482700,339.8354629800,18309727,720404763.1900,0.329300,1,0.585800,34.867622,6.982096,8.396342,-77.420992,0
2025-08-21,sh.603288,341.9129085000,345.0290767800,340.9607459700,344.0769142500,341.8263482700,18980665,753515026.4700,0.341300,1,0.658400,35.097188,7.028066,8.451623,-77.930728,0
2025-08-22,sh.603288,344.1634744800,344.9425165500,342.5188301100,344.9425165500,344.0769142500,18383536,729924931.1000,0.330600,1,0.251600,35.185483,7.045747,8.472885,-78.126780,0
2025-08-25,sh.603288,345.8081188500,356.1087862200,345.7215586200,355.7625453000,344.9425165500,32581909,1327103240.0900,0.585900,1,3.136800,36.289168,7.266755,8.738659,-80.577432,0
2025-08-26,sh.603288,355.9356657600,360.6099181800,353.6850997800,355.5028646100,355.7625453000,26587960,1097651512.8600,0.478100,1,-0.073000,36.262680,7.261451,8.732281,-80.518616,0
2025-08-27,sh.603288,354.8969430000,356.9743885200,349.5302087400,349.7033292000,355.5028646100,26839609,1095497546.4500,0.482700,1,-1.631400,35.671105,7.142991,8.589826,-79.205067,0
2025-08-28,sh.603288,348.8377269000,351.0017326500,341.9129085000,346.9334018400,349.7033292000,24237937,971039042.8200,0.435900,1,-0.792100,35.388561,7.086412,8.521788,-78.577700,0
2025-08-29,sh.603288,352.4732565600,360.8695988700,352.3866963300,358.7055931200,346.9334018400,34363236,1419512350.1800,0.618000,1,3.393200,35.635082,6.188234,8.668444,26.401012,0
2025-09-01,sh.603288,358.3593522000,364.8513694500,355.5028646100,356.8012680600,358.7055931200,26320376,1093518365.8700,0.473300,1,-0.530900,35.445900,6.155381,8.622424,26.260852,0
2025-09-02,sh.603288,356.5415873700,360.0905568000,352.7329372500,354.3775816200,356.8012680600,20606682,846965480.2000,0.370600,1,-0.679300,35.205122,6.113569,8.563853,26.082467,0
2025-09-03,sh.603288,356.6281476000,358.7921533500,346.9334018400,347.7990041400,354.3775816200,19335163,783140905.2100,0.347700,1,-1.856400,34.551583,6.000078,8.404876,25.598278,0
2025-09-04,sh.603288,347.7990041400,350.8286121900,344.6828358600,349.8764496600,347.7990041400,23678864,949194286.7500,0.425800,1,0.597300,34.757964,6.035917,8.455079,25.751180,0
2025-09-05,sh.603288,349.8764496600,350.7420519600,346.5006006900,350.0495701200,349.8764496600,18161368,730765132.2100,0.326600,1,0.049500,34.775162,6.038904,8.459263,25.763922,0
2025-09-08,sh.603288,350.0495701200,358.7921533500,349.0108473600,356.3684669100,350.0495701200,25129618,1030383906.0900,0.451900,1,1.805100,35.402904,6.147915,8.611965,26.228998,0
2025-09-09,sh.603288,357.4937499000,360.0039965700,355.0700634600,357.7534305900,356.3684669100,16587445,684911078.5000,0.298300,1,0.388600,35.540491,6.171808,8.645434,26.330932,0
2025-09-10,sh.603288,357.7534305900,358.3593522000,354.4641418500,354.4641418500,357.7534305900,12884389,530085855.0300,0.231700,1,-0.919400,35.213721,6.115062,8.565945,26.088838,0
2025-09-11,sh.603288,353.8582202400,357.4071896700,351.0882928800,357.4071896700,354.4641418500,16413091,670589689.5600,0.295200,1,0.830300,35.506094,6.165834,8.637066,26.305448,0
2025-09-12,sh.603288,357.4071896700,359.8308761100,351.6076542600,351.8673349500,357.4071896700,16595060,679752833.6300,0.298400,1,-1.550000,34.955745,6.070263,8.503191,25.897711,0
2025-09-15,sh.603288,350.7420519600,355.0700634600,349.7033292000,353.5119793200,351.8673349500,14188491,578654875.8100,0.255200,1,0.467400,35.119130,6.098636,8.542935,26.018758,0
2025-09-16,sh.603288,353.5985395500,354.5507020800,348.4049257500,349.0974075900,353.5119793200,13624588,552244528.4100,0.245000,1,-1.248800,34.680571,6.022478,8.436253,25.693842,0
2025-09-17,sh.603288,349.1839678200,351.9538951800,346.7602813800,348.7511666700,349.0974075900,10362099,417275586.5600,0.186300,1,-0.099200,34.646174,6.016504,8.427886,25.668358,0
2025-09-18,sh.603288,348.6646064400,349.3570882800,342.7785108000,344.4231551700,348.7511666700,17163024,686826607.4000,0.308700,1,-1.241000,34.216214,5.941839,8.323296,25.349813,0
2025-09-19,sh.603288,343.6441131000,346.6737211500,342.6053903400,344.5097154000,344.4231551700,10946004,436226776.2500,0.196800,1,0.025100,34.224813,5.943333,8.325387,25.356184,0
2025-09-22,sh.603288,344.5962756300,348.3183655200,341.9994687300,341.9994687300,344.5097154000,10611024,422017714.4300,0.190800,1,-0.728600,33.975437,5.900027,8.264725,25.171428,0
2025-09-23,sh.603288,343.9903540200,347.0199620700,337.7580174600,340.1817039000,341.9994687300,15207753,600554777.4200,0.273500,1,-0.531500,33.794854,5.868668,8.220797,25.037639,0
2025-09-24,sh.603288,339.8331690000,342.5344070100,337.3933411200,338.0904348000,340.1817158400,13689088,532259827.1900,0.246200,1,-0.614800,33.364894,5.794003,8.116207,24.719094,0
2025-09-25,sh.603288,338.0032980900,338.7875284800,336.3477006000,336.3477006000,338.0904348000,12462667,482168923.4000,0.224100,1,-0.515500,33.192910,5.764137,8.074371,24.591676,0
2025-09-26,sh.603288,336.2605638900,339.8331690000,334.4306929800,338.0904348000,336.3477006000,13501166,522436433.7900,0.242800,1,0.518100,33.364894,5.794003,8.116207,24.719094,0
2025-09-29,sh.603288,341.5759032000,341.5759032000,335.1277866600,338.7875284800,338.0904348000,17290932,669810642.9200,0.311000,1,0.206200,33.433687,5.805949,8.132941,24.770061,0
2025-09-30,sh.603288,338.9618019000,340.2688525500,336.4348373100,339.4846221600,338.7875284800,12204697,474592935.3000,0.219500,1,0.205800,33.502481,5.817896,8.149676,24.821028,0
2025-10-09,sh.603288,338.7875284800,343.1443639800,333.7335993000,342.7958171400,339.4846221600,16683955,648105898.7400,0.300000,1,0.975400,33.829250,5.874641,8.229164,25.063123,0
2025-10-10,sh.603288,341.6630399100,347.1526526400,340.1817158400,342.2729968800,342.7958171400,17591533,693962898.6600,0.316400,1,-0.152500,33.777655,5.865681,8.216613,25.024897,0
2025-10-13,sh.603288,337.0447942800,340.7045361000,335.4763335000,338.9618019000,342.2729968800,15273444,593439183.0100,0.274700,1,-0.967400,33.450886,5.808936,8.137125,24.782803,0
2025-10-14,sh.603288,339.1360753200,344.0157310800,338.0904348000,340.7045361000,338.9618019000,13823057,540287394.6300,0.248600,1,0.514100,33.622870,5.838802,8.178961,24.910221,0
2025-10-15,sh.603288,342.8829538500,345.7584652800,340.2688525500,344.1028677900,340.7045361000,16848266,664327015.1300,0.303000,1,0.997400,33.958238,5.897040,8.260541,25.158686,0
2025-10-16,sh.603288,344.1028677900,347.5011994800,343.0572272700,346.5426956700,344.1028677900,11490797,455577825.8500,0.206600,1,0.709000,34.199016,5.938853,8.319112,25.337071,0
2025-10-17,sh.603288,345.8456019900,348.2854298700,340.5302626800,340.5302626800,346.5426956700,11799763,465960849.5600,0.212200,1,-1.735000,33.605671,5.835815,8.174777,24.897479,0
2025-10-20,sh.603288,342.5344070100,342.9700905600,338.0904348000,339.3103487400,340.5302626800,10345926,403483269.1200,0.186100,1,-0.358200,33.485282,5.814909,8.145492,24.808287,0
2025-10-21,sh.603288,338.9618019000,340.7916728100,338.7875284800,339.3974854500,339.3103487400,8060788,314153609.8000,0.145000,1,0.025700,33.493882,5.816402,8.147584,24.814658,0
2025-10-22,sh.603288,339.3974854500,339.3974854500,336.6091107300,336.7833841500,339.3974854500,9389450,363697322.1700,0.168900,1,-0.770200,33.235906,5.771603,8.084830,24.623531,0
2025-10-23,sh.603288,336.3477006000,337.2190677000,335.0406499500,336.6091107300,336.7833841500,8703732,335661660.4600,0.156500,1,-0.051700,33.218707,5.768617,8.080646,24.610789,0
2025-10-24,sh.603288,336.7833841500,338.7003917700,335.4763335000,336.3477006000,336.6091107300,9042209,349365800.1200,0.162600,1,-0.077700,33.192910,5.764137,8.074371,24.591676,0
2025-10-27,sh.603288,336.5219740200,338.0032980900,335.5634702100,337.3062044100,336.3477006000,13054443,504476593.5700,0.234800,1,0.285000,33.287501,5.780563,8.097381,24.661756,0
2025-10-28,sh.603288,337.3933411200,337.4804778300,333.8207360100,334.6049664000,337.3062044100,15926587,612415516.8400,0.286400,1,-0.800800,33.020926,5.734271,8.032535,24.464258,0
2025-10-29,sh.603288,335.3020600800,335.4763335000,331.9908651000,334.9535132400,334.6049664000,13665642,523090177.9000,0.245800,1,0.104200,32.831709,5.687142,7.996716,98.550192,0
2025-10-30,sh.603288,335.6506069200,335.8248803400,330.2481309000,330.9452245800,334.9535132400,24660443,938767975.6900,0.443500,1,-1.196700,32.438822,5.619086,7.901022,97.370871,0
2025-10-31,sh.603288,330.2481309000,332.7750954900,329.1153536700,332.0780018100,330.9452245800,16817649,639945112.8000,0.302400,1,0.342300,32.549855,5.638319,7.928066,97.704157,0
2025-11-03,sh.603288,332.1651385200,333.2107790400,330.7709511600,332.4265486500,332.0780018100,13284109,505904081.4000,0.238900,1,0.105000,32.584019,5.644237,7.936387,97.806707,0
2025-11-04,sh.603288,332.4265486500,332.4265486500,328.1568498600,328.9410802500,332.4265486500,16254622,615499805.3500,0.292300,1,-1.048500,32.242378,5.585058,7.853175,96.781210,0
2025-11-05,sh.603288,327.6340296000,328.4182599900,325.1070650100,328.4182599900,328.9410802500,13302143,498951454.6600,0.239200,1,-0.158900,32.191132,5.576181,7.840693,96.627386,0
2025-11-06,sh.603288,328.2439865700,329.9867207700,327.7211663100,328.5925334100,328.4182599900,9333788,352337398.1500,0.167900,1,0.053100,32.208214,5.579140,7.844854,96.678661,0
2025-11-07,sh.603288,328.0697131500,331.4680448400,326.7626625000,330.8580878700,328.5925334100,12690710,479914212.0800,0.228200,1,0.689500,32.430281,5.617606,7.898942,97.345233,0
2025-11-10,sh.603288,330.8580878700,337.5676145400,329.4639005100,336.7833841500,330.8580878700,25915970,995680977.1700,0.466100,1,1.790900,33.011071,5.718211,8.040403,99.088577,0
2025-11-11,sh.603288,336.7833841500,337.3933411200,333.9078727200,336.5219740200,336.7833841500,14903721,574270416.0000,0.268000,1,-0.077600,32.985447,5.713773,8.034162,99.011665,0
2025-11-12,sh.603288,336.7833841500,337.6547512500,334.0821461400,335.1277866600,336.5219740200,13579358,523620883.0000,0.244200,1,-0.414300,32.848791,5.690101,8.000877,98.601466,0
2025-11-13,sh.603288,335.1277866600,336.6962474400,332.4265486500,336.3477006000,335.1277866600,16039337,615667624.7600,0.288400,1,0.364000,32.968365,5.710814,8.030001,98.960390,0
2025-11-14,sh.603288,335.4763335000,341.3144930700,334.4306929800,334.7792398200,336.3477006000,18102605,701816443.9500,0.325600,1,-0.466300,32.814627,5.684183,7.992556,98.498917,0
2025-11-17,sh.603288,334.7792398200,334.8663765300,329.3767638000,332.7750954900,334.7792398200,13689809,521237623.6100,0.246200,1,-0.598600,32.618183,5.650155,7.944709,97.909256,0
2025-11-18,sh.603288,332.4265486500,334.3435562700,329.9867207700,330.8580878700,332.7750954900,11097551,422861530.6100,0.199600,1,-0.576100,32.430281,5.617606,7.898942,97.345233,0
2025-11-19,sh.603288,331.5551815500,331.9908651000,329.0282169600,329.3767638000,330.8580878700,7115501,269592713.7000,0.128000,1,-0.447700,32.285083,5.592455,7.863576,96.909397,0
2025-11-20,sh.603288,330.5966777400,331.9908651000,328.5925334100,328.9410802500,329.3767638000,8349565,316169972.2400,0.150200,1,-0.132300,32.242378,5.585058,7.853175,96.781210,0
2025-11-21,sh.603288,328.5053967000,329.2896270900,322.4058270000,324.9327915900,328.9410802500,13306210,497860007.5500,0.239300,1,-1.218500,31.849491,5.517001,7.757481,95.601890,0
2025-11-24,sh.603288,325.7170219800,326.4141156600,321.0987763500,321.3601864800,324.9327915900,16235944,600958249.9400,0.292000,1,-1.099500,31.499309,5.456342,7.672188,94.550756,0
2025-11-25,sh.603288,321.8830067400,323.4514675200,320.0531358300,323.2771941000,321.3601864800,11665499,431057680.6200,0.209800,1,0.596500,31.687211,5.488891,7.717955,95.114779,0
2025-11-26,sh.603288,322.4058270000,323.4514675200,320.4888193800,320.9245029300,323.2771941000,10545937,388688666.3100,0.189700,1,-0.727800,31.456604,5.448945,7.661786,94.422569,0
2025-11-27,sh.603288,321.0116396400,323.1029206800,318.5718117600,322.3186902900,320.9245029300,10180624,375370170.9400,0.183100,1,0.434400,31.593260,5.472617,7.695071,94.832768,0
2025-11-28,sh.603288,322.1444168700,322.8415105500,320.1402725400,322.0572801600,322.3186902900,6892560,254465583.2800,0.124000,1,-0.081100,31.567637,5.468178,7.688830,94.755855,0
2025-12-01,sh.603288,322.0572801600,325.2813384300,321.7087333200,323.8000143600,322.0572801600,8370549,310233957.7400,0.150500,1,0.541100,31.738458,5.497768,7.730437,95.268603,0
2025-12-02,sh.603288,323.5386042300,323.7128776500,320.7502295100,321.2730497700,323.8000143600,6606946,243701618.3000,0.118800,1,-0.780400,31.490768,5.454863,7.670108,94.525119,0
2025-12-03,sh.603288,320.8373662200,321.0987763500,317.1776244000,317.2647611100,321.2730497700,9442649,345394362.8700,0.169800,1,-1.247600,31.097880,5.386807,7.574413,93.345798,0
2025-12-04,sh.603288,318.0489915000,318.8332218900,314.5635231000,315.6091636200,317.2647611100,8534182,309292437.6800,0.153500,1,-0.521800,30.935601,5.358696,7.534887,92.858687,0
2025-12-05,sh.603288,315.6091636200,318.4846750500,314.3892496800,318.1361282100,315.6091636200,6938870,252080496.0600,0.124800,1,0.800700,31.183291,5.401601,7.595216,93.602172,0
2025-12-08,sh.603288,318.1361282100,319.6174522800,317.6133079500,318.1361282100,318.1361282100,8191084,299581925.0500,0.147300,1,0.000000,31.183291,5.401601,7.595216,93.602172,0
2025-12-09,sh.603288,318.0489915000,319.8788624100,316.5676674300,317.7875813700,318.1361282100,6571550,239768132.8800,0.118200,1,-0.109600,31.149127,5.395683,7.586895,93.499622,0
2025-12-10,sh.603288,317.8747180800,319.7917257000,315.0863433600,317.3518978200,317.7875813700,8006837,291236242.5800,0.144000,1,-0.137100,31.106421,5.388286,7.576493,93.371435,0
2025-12-11,sh.603288,317.2647611100,317.2647611100,314.6506598100,316.6548041400,317.3518978200,7261624,262890050.9500,0.130600,1,-0.219700,31.038093,5.376450,7.559851,93.166336,0
2025-12-12,sh.603288,316.7419408500,317.9618547900,313.1693357400,317.9618547900,316.6548041400,10721254,388765088.8500,0.192800,1,0.412800,31.166209,5.398642,7.591056,93.550897,0
2025-12-15,sh.603288,317.6133079500,321.0987763500,317.0904876900,318.1361282100,317.9618547900,9973805,365847220.4000,0.179400,1,0.054800,31.183291,5.401601,7.595216,93.602172,0
2025-12-16,sh.603288,318.4846750500,320.8373662200,318.1361282100,320.1402725400,318.1361282100,9834500,360350531.3500,0.176900,1,0.630000,31.379734,5.435630,7.643063,94.191832,0
2025-12-17,sh.603288,320.5759560900,323.1900573900,317.7875813700,322.6672371300,320.1402725400,12917177,476374958.7400,0.232300,1,0.789300,31.627424,5.478535,7.703392,94.935317,0
2025-12-18,sh.603288,323.4514675200,323.7128776500,321.5344599000,322.4929637100,322.6672371300,7627406,282256780.0500,0.137200,1,-0.054000,31.610342,5.475576,7.699232,94.884042,0
2025-12-19,sh.603288,326.8497992100,329.8995840600,323.9742877800,329.2024903800,322.4929637100,21941058,824133922.9300,0.394600,1,2.080500,32.268001,5.589496,7.859416,96.858123,0
2025-12-22,sh.603288,329.2024903800,330.6838144500,326.1527055300,329.8124473500,329.2024903800,15100899,569208864.0800,0.271600,1,0.185300,32.327788,5.599852,7.873978,97.037585,0
2025-12-23,sh.603288,329.8124473500,330.4224043200,327.7211663100,329.2024903800,329.8124473500,11005505,415836968.2200,0.197900,1,-0.184900,32.268001,5.589496,7.859416,96.858123,0
2025-12-24,sh.603288,328.9410802500,329.2024903800,325.4556118500,325.4556118500,329.2024903800,10946728,410149424.4600,0.196900,1,-1.138200,31.900737,5.525878,7.769962,95.755714,0
2025-12-25,sh.603288,325.3684751400,325.9784321100,323.8000143600,325.8912954000,325.4556118500,10523900,392388606.8700,0.189300,1,0.133900,31.943442,5.533276,7.780364,95.883901,0
2025-12-26,sh.603288,325.6298852700,326.9369359200,324.7585181700,326.0655688200,325.8912954000,7676637,287215751.2000,0.138100,1,0.053500,31.960524,5.536235,7.784525,95.935176,0
2025-12-29,sh.603288,326.0655688200,326.5883890800,324.1485612000,324.3228346200,326.0655688200,8992160,335592664.5600,0.161700,1,-0.534500,31.789704,5.506645,7.742918,95.422428,0
2025-12-30,sh.603288,324.3228346200,327.6340296000,323.7128776500,324.8456548800,324.3228346200,8190410,305740885.9500,0.147300,1,0.161200,31.840950,5.515522,7.755400,95.576252,0
2025-12-31,sh.603288,324.4971080400,325.1070650100,322.2315535800,322.5801004200,324.8456548800,9882942,366462305.7200,0.177700,1,-0.697400,31.618883,5.477055,7.701312,94.909680,0
2026-01-05,sh.603288,324.0614244900,331.5551815500,322.4929637100,330.5095410300,322.5801004200,21383066,805083253.8400,0.384500,1,2.458100,32.396117,5.611688,7.890620,97.242684,0
2026-01-06,sh.603288,331.0323612900,335.0406499500,329.0282169600,334.4306929800,330.5095410300,16874917,644351556.5100,0.303500,1,1.186400,32.780463,5.678265,7.984235,98.396367,0
2026-01-07,sh.603288,334.1692828500,336.6962474400,332.3394119400,332.7750954900,334.4306929800,12155328,465480820.6100,0.218600,1,-0.495000,32.618183,5.650155,7.944709,97.909256,0
2026-01-08,sh.603288,331.8165916800,331.9908651000,329.1153536700,331.2937714200,332.7750954900,9640471,365508644.1600,0.173400,1,-0.445100,32.472986,5.625004,7.909343,97.473420,0
2026-01-09,sh.603288,332.1651385200,333.4721891700,328.6796701200,330.1609941900,331.2937714200,10505227,398360233.3800,0.188900,1,-0.341900,32.361953,5.605770,7.882299,97.140134,0
2026-01-12,sh.603288,330.1609941900,335.9991537600,329.3767638000,333.9078727200,330.1609941900,17689448,677186159.7600,0.318100,1,1.134900,32.729217,5.669388,7.971753,98.242543,0
2026-01-13,sh.603288,336.9576575700,337.0447942800,332.1651385200,332.6879587800,333.9078727200,14394455,551573244.3400,0.258900,1,-0.365300,32.609642,5.648675,7.942628,97.883619,0
2026-01-14,sh.603288,332.4265486500,333.9950094300,328.1568498600,329.2896270900,332.6879587800,18571822,705444242.0500,0.334000,1,-1.021500,32.276542,5.590976,7.861496,96.883760,0
2026-01-15,sh.603288,328.5053967000,331.1194980000,326.5012523700,327.5468928900,329.2896270900,12055957,454289403.9600,0.216800,1,-0.529200,32.105722,5.561386,7.819890,96.371012,0
2026-01-16,sh.603288,328.5053967000,328.8539435400,319.7917257000,322.3186902900,327.5468928900,18149602,673657560.5300,0.326400,1,-1.596200,31.593260,5.472617,7.695071,94.832768,0
2026-01-19,sh.603288,320.6630928000,322.3186902900,319.9659991200,321.1859130600,322.3186902900,11162862,411483819.3600,0.200700,1,-0.351400,31.482227,5.453383,7.668027,94.499481,0
2026-01-20,sh.603288,321.3601864800,323.7128776500,320.7502295100,321.3601864800,321.1859130600,11533530,426005130.4400,0.207400,1,0.054300,31.499309,5.456342,7.672188,94.550756,0
2026-01-21,sh.603288,321.3601864800,321.3601864800,317.9618547900,318.0489915000,321.3601864800,14298972,523998778.3000,0.257100,1,-1.030400,31.174750,5.400122,7.593136,93.576535,0
2026-01-22,sh.603288,318.4846750500,319.5303155700,314.7377965200,314.9120699400,318.0489915000,20413873,741372212.3000,0.367100,1,-0.986300,30.867273,5.346860,7.518245,92.653588,0
2026-01-23,sh.603288,316.0448471700,316.2191205900,312.0365585100,312.2979686400,314.9120699400,24909085,897447411.7100,0.448000,1,-0.830100,30.611042,5.302476,7.455835,91.884466,0
2026-01-26,sh.603288,312.2108319300,313.1693357400,308.5510901100,310.9037812800,312.2979686400,23563559,840131059.5800,0.423800,1,-0.446400,30.474385,5.278804,7.422550,91.474267,0
2026-01-27,sh.603288,310.8166445700,311.9494218000,308.5510901100,308.5510901100,310.9037812800,15219313,541084995.0000,0.273700,1,-0.756700,30.243778,5.238858,7.366382,90.782057,0
2026-01-28,sh.603288,308.8125002400,309.3353205000,303.9328444800,304.7170748700,308.5510901100,23613547,828553805.1700,0.424700,1,-1.242600,29.867973,5.173761,7.274848,89.654011,0
2026-01-29,sh.603288,303.6714343500,317.1776244000,303.4971609300,317.1776244000,304.7170748700,38424715,1370885497.6000,0.691000,1,4.089200,31.089339,5.385327,7.572333,93.320161,0
2026-01-30,sh.603288,316.2191205900,316.2191205900,307.3311761700,307.5925863000,317.1776244000,25749691,916067976.0600,0.463100,1,-3.022000,30.149826,5.222584,7.343499,90.500046,0
2026-02-02,sh.603288,307.5925863000,314.5635231000,307.4183128800,309.9452774700,307.5925863000,17586401,627933172.9200,0.316300,1,0.764900,30.380434,5.262530,7.399667,91.192256,0
2026-02-03,sh.603288,309.9452774700,312.9950623200,308.8125002400,312.5593787700,309.9452774700,13776707,491500427.0200,0.247800,1,0.843400,30.636665,5.306914,7.462076,91.961378,0
2026-02-04,sh.603288,312.5593787700,317.0904876900,311.0780547000,316.1319838800,312.5593787700,16558824,598318943.4400,0.297800,1,1.143000,30.986847,5.367573,7.547369,93.012512,0
2026-02-05,sh.603288,315.5220269100,332.6879587800,314.3892496800,330.7709511600,316.1319838800,59645750,2241775481.6700,1.072600,1,4.630700,32.421740,5.616127,7.896861,97.319596,0
2026-02-06,sh.603288,330.2439584000,331.5614210000,325.0619388400,325.7645855600,330.7709434400,25716216,958091648.0100,0.462500,1,-1.513500,31.678670,5.487412,7.715874,95.089142,0
2026-02-09,sh.603288,324.9741080000,329.0143266400,323.6566454000,326.3794014400,325.7645855600,15846688,588552230.5900,0.285000,1,0.188700,31.738458,5.497768,7.730437,95.268603,0
2026-02-10,sh.603288,328.0481874000,328.0481874000,321.4608744000,321.6365360800,326.3794014400,14374870,529214542.3500,0.258500,1,-1.453200,31.277242,5.417876,7.618100,93.884183,0
2026-02-11,sh.603288,321.4608744000,321.6365360800,318.8259492000,319.8799192800,321.6365360800,11316285,412042558.0400,0.203500,1,-0.546100,31.106421,5.388286,7.576493,93.371435,0
2026-02-12,sh.603288,320.5825660000,320.5825660000,314.4344072000,315.6640389600,319.8799192800,16736465,602244343.9700,0.301000,1,-1.318000,30.696452,5.317271,7.476639,92.140840,0
2026-02-13,sh.603288,315.4883772800,316.8058398800,312.7656212400,313.0291137600,315.6640389600,11591578,414800639.7200,0.208500,1,-0.834700,30.440221,5.272886,7.414229,91.371718,0
2026-02-24,sh.603288,315.7518698000,319.3529342400,315.4883772800,317.6841482800,313.0291137600,17150717,620271352.0800,0.308400,1,1.487100,30.892896,5.351299,7.524486,92.730500,0
2026-02-25,sh.603288,318.0354716400,318.6502875200,314.8735614000,315.1370539200,317.6841482800,13548052,488149845.5900,0.243600,1,-0.801800,30.645206,5.308394,7.464157,91.987015,0
2026-02-26,sh.603288,315.4883772800,315.6640389600,312.0629745200,314.7857305600,315.1370539200,10947955,391723243.6500,0.196900,1,-0.111500,30.611042,5.302476,7.455835,91.884466,0
2026-02-27,sh.603288,316.0153623200,317.5963174400,314.7857305600,315.8397006400,314.7857305600,11864913,426781984.6000,0.213400,1,0.334800,30.713534,5.320230,7.480799,92.192115,0
2026-03-02,sh.603288,313.0291137600,314.0830838400,309.6037110000,313.1169446000,315.8397006400,14483248,514275919.8700,0.260500,1,-0.862100,30.448762,5.274366,7.416310,91.397355,0
2026-03-03,sh.603288,313.0291137600,321.6365360800,311.7994820000,316.7180090400,313.1169446000,22036989,795851828.1600,0.396300,1,1.150100,30.798945,5.335025,7.501602,92.448489,0
2026-03-04,sh.603288,315.5762081200,316.9815015600,310.4820194000,311.7994820000,316.7180090400,14870720,529923504.0000,0.267400,1,-1.553000,30.320647,5.252173,7.385105,91.012794,0
2026-03-05,sh.603288,312.6777904000,319.3529342400,312.6777904000,316.0153623200,311.7994820000,12852559,463840428.7800,0.231100,1,1.352100,30.730616,5.323189,7.484960,92.243389,0
2026-03-06,sh.603288,316.1910240000,325.6767547200,315.3127156000,325.1497696800,316.0153623200,23079600,847356520.8600,0.415100,1,2.890500,31.618883,5.477055,7.701312,94.909680,0
2026-03-09,sh.603288,323.0418295200,329.4534808400,321.1095510400,327.6968640400,325.1497696800,25387823,946079178.0900,0.456600,1,0.783400,31.866573,5.519960,7.761641,95.653165,0
2026-03-10,sh.603288,326.3794014400,328.4873416000,325.0619388400,327.4333715200,327.6968640400,13539753,504533918.2700,0.243500,1,-0.080400,31.840950,5.515522,7.755400,95.576252,0
2026-03-11,sh.603288,327.5212023600,329.3656500000,325.1497696800,328.3995107600,327.4333715200,12223027,455628780.8800,0.219800,1,0.295100,31.934901,5.531796,7.778284,95.858264,0
2026-03-12,sh.603288,328.3995107600,329.2778191600,324.1836304400,325.1497696800,328.3995107600,11782136,437211988.4300,0.211900,1,-0.989600,31.618883,5.477055,7.701312,94.909680,0
2026-03-13,sh.603288,324.9741080000,336.3921172000,324.7106154800,331.9127443600,325.1497696800,28735039,1090182469.1000,0.516800,1,2.080000,32.276542,5.590976,7.861496,96.883760,0
2026-03-16,sh.603288,331.9127443600,340.0810124800,331.3857593200,338.2365648400,331.9127443600,31104463,1194722170.4300,0.559400,1,1.905300,32.891496,5.697499,8.011279,98.729653,0
2026-03-17,sh.603288,340.3445050000,348.6884348000,339.0270424000,342.1011218000,338.2365648400,34809353,1366113932.6700,0.626000,1,1.142600,33.267301,5.762596,8.102812,99.857699,0
2026-03-18,sh.603288,340.7836592000,342.8915993600,335.6894704800,338.6757190400,342.1011218000,21364104,823938703.6200,0.384200,1,-1.001300,32.934201,5.704896,8.021680,98.857840,0
2026-03-19,sh.603288,338.6757190400,338.6757190400,333.7571920000,335.6016396400,338.6757190400,14709402,562221908.8100,0.264500,1,-0.907700,32.635265,5.653114,7.948869,97.960531,0
2026-03-20,sh.603288,334.4598387200,337.3582564400,331.2100976400,332.4397294000,335.6016396400,12832812,487822406.6300,0.230800,1,-0.942200,32.327788,5.599852,7.873978,97.037585,0
2026-03-23,sh.603288,328.5751724400,330.5952817600,317.4206557600,318.7381183600,332.4397294000,26556119,975280585.1900,0.477600,1,-4.121500,30.995388,5.369053,7.549449,93.038149,0
2026-03-24,sh.603288,323.0418295200,324.3592921200,318.8259492000,321.9000286000,318.7381183600,14061601,514023295.6400,0.252900,1,0.992000,31.302865,5.422314,7.624341,93.961096,0
2026-03-25,sh.603288,323.3053220400,325.4132622000,320.6703968400,324.9741080000,321.9000286000,12092019,444457586.2400,0.217500,1,0.955000,31.601801,5.474096,7.697152,94.858405,0
2026-03-26,sh.603288,324.3592921200,328.6630032800,323.3053220400,324.5349538000,324.9741080000,11850138,439354100.0600,0.213100,1,-0.135100,31.559096,5.466699,7.686750,94.730218,0
2026-03-27,sh.603288,332.8788836000,352.2016684000,330.5952817600,348.6884348000,324.5349538000,55947769,2212477094.7700,1.006100,1,7.442500,33.006834,5.621096,8.046077,-98.013755,0
2026-03-30,sh.603288,349.6545740400,356.5053795600,343.0672610400,354.3096085600,348.6884348000,38828177,1557116165.0200,0.698300,1,1.612100,33.538934,5.711713,8.175787,-99.593826,0
2026-03-31,sh.603288,357.0323646000,366.9572495200,357.0323646000,360.1064440000,354.3096085600,42733720,1762741989.6300,0.768500,1,1.636100,34.087662,5.805162,8.309551,-101.223274,0
2026-04-01,sh.603288,363.0048617200,369.5921747200,356.5932104000,366.7815878400,360.1064440000,29224283,1216694686.3600,0.525600,1,1.853700,34.719531,5.912770,8.463582,-103.099608,0
2026-04-02,sh.603288,365.0249710400,372.8419158000,363.7953392800,370.8218064800,366.7815878400,25435313,1070287450.2900,0.457400,1,1.101500,35.101978,5.977901,8.556811,-104.235283,0
2026-04-03,sh.603288,369.6800055600,370.1191597600,364.4979860000,366.1667719600,370.8218064800,18489665,772579311.8000,0.332500,1,-1.255300,34.661332,5.902859,8.449394,-102.926787,0
2026-04-07,sh.603288,365.9032794400,371.5244532000,362.7413692000,364.7614785200,366.1667719600,24060038,1004866023.5100,0.432700,1,-0.383800,34.528307,5.880204,8.416967,-102.531770,0
2026-04-08,sh.603288,361.5117374400,364.7614785200,357.4715188000,361.4239066000,364.7614785200,26257666,1077371580.2100,0.472200,1,-0.915000,34.212373,5.826401,8.339952,-101.593603,0
2026-04-09,sh.603288,361.9508916400,365.7276177600,360.0186131600,361.4239066000,361.4239066000,13742574,567217829.1300,0.247100,1,0.000000,34.212373,5.826401,8.339952,-101.593603,0
2026-04-10,sh.603288,361.8630608000,367.1329112000,359.9307823200,363.1805234000,361.4239066000,16929026,702155412.1700,0.304400,1,0.486000,34.378654,5.854718,8.380486,-102.087375,0
2026-04-13,sh.603288,362.7413692000,362.7413692000,359.1403047600,360.0186131600,363.1805234000,11741268,482144666.6300,0.211200,1,-0.870600,34.079348,5.803746,8.307524,-101.198585,0
2026-04-14,sh.603288,361.4239066000,362.5657075200,352.3773300800,358.0863346800,360.0186131600,16161091,654919633.0900,0.290600,1,-0.536700,33.896439,5.772597,8.262936,-100.655436,0
2026-04-15,sh.603288,356.3297178800,360.6334290400,355.9783945200,359.4037972800,358.0863346800,10389952,424563765.8800,0.186800,1,0.367900,34.021150,5.793835,8.293337,-101.025765,0
2026-04-16,sh.603288,359.1403047600,363.6196776000,355.7149020000,357.8228421600,359.4037972800,11681498,477683812.7200,0.210100,1,-0.439900,33.871496,5.768349,8.256856,-100.581370,0
2026-04-17,sh.603288,355.7149020000,357.6471804800,347.8979572400,350.7963749600,357.8228421600,18159540,724662499.0000,0.326600,1,-1.963700,33.206371,5.655077,8.094719,-98.606282,0
2026-04-20,sh.603288,350.4450516000,355.2757478000,348.8640964800,353.8704543600,350.7963749600,14056459,564909317.3400,0.252800,1,0.876300,33.497363,5.704634,8.165654,-99.470383,0
2026-04-21,sh.603288,354.9244244400,361.4239066000,353.4313001600,357.0323646000,353.8704543600,16380643,669179320.2200,0.294600,1,0.893500,33.796670,5.755606,8.238616,-100.359173,0
2026-04-22,sh.603288,357.9106730000,359.9307823200,348.7762656400,349.8302357200,357.0323646000,15228727,609888591.5700,0.273900,1,-2.017200,33.114917,5.639503,8.072425,-98.334707,0
2026-04-23,sh.603288,348.2492806000,351.5868525200,342.9794302000,347.6344647200,349.8302357200,15061106,597525737.0000,0.270900,1,-0.627700,32.907065,5.604105,8.021757,-97.717492,0
2026-04-24,sh.603288,349.5667432000,355.6270711600,349.5667432000,350.6207132800,347.6344647200,11977055,480221660.4800,0.215400,1,0.859000,33.189743,5.652246,8.090665,-98.556905,0
2026-04-27,sh.603288,350.0058974000,355.0122552800,347.7222955600,350.0058974000,350.6207132800,12356403,493013720.8700,0.222200,1,-0.175400,33.131545,5.642334,8.076478,-98.384084,0
2026-04-28,sh.603288,353.0799768000,356.5053795600,344.2090619600,344.8238778400,350.0058974000,15756163,624385848.1600,0.283400,1,-1.480600,31.558033,5.467141,7.765311,-7556.778827,0
2026-04-29,sh.603288,345.7900170800,349.4789123600,340.7836592000,344.9117086800,344.8238778400,17053335,666974107.6600,0.306700,1,0.025500,31.566071,5.468533,7.767289,-7558.703631,0
2026-04-30,sh.603288,342.5402760000,343.9455694400,337.3582564400,339.3783657600,344.9117086800,18464929,715280500.3000,0.332100,1,-1.604300,31.059663,5.380803,7.642680,-7437.441006,0
2026-05-06,sh.603288,339.3783657600,343.0672610400,336.7434405600,340.2566741600,339.3783657600,23228761,897997259.9300,0.417700,1,0.258800,31.140046,5.394728,7.662460,-7456.689041,0
2026-05-07,sh.603288,339.9931816400,342.6281068400,338.3243956800,340.1688433200,340.2566741600,21748500,843665410.9400,0.391100,1,-0.025800,31.132007,5.393336,7.660482,-7454.764238,0
2026-05-08,sh.603288,339.7296891200,340.6079975200,334.5476695600,335.3381471200,340.1688433200,16427616,628604127.8500,0.295400,1,-1.420100,30.689905,5.316746,7.551696,-7348.900041,0
2026-05-11,sh.603288,334.8111620800,336.2164555200,331.6492518400,335.0746546000,335.3381471200,22376579,849664780.6400,0.402400,1,-0.078600,30.665791,5.312568,7.545762,-7343.125630,0
2026-05-12,sh.603288,335.3381471200,337.7095798000,332.1762368800,332.3518985600,335.0746546000,15143932,576301369.9400,0.272300,1,-0.812600,30.416606,5.269399,7.484447,-7283.456720,0
2026-05-13,sh.603288,331.2979284800,335.7773013200,329.2778191600,331.4735901600,332.3518985600,13286076,500604602.7100,0.238900,1,-0.264300,30.336224,5.255474,7.464668,-7264.208684,0
2026-05-14,sh.603288,331.2100976400,333.3180378000,327.8725257200,328.0481874000,331.4735901600,14089592,528765166.7700,0.253400,1,-1.033400,30.022734,5.201164,7.387529,-7189.141345,0
2026-05-15,sh.603288,326.7307248000,327.8725257200,322.6026753200,323.3053220400,328.0481874000,15357131,567701161.2300,0.276200,1,-1.445800,29.588670,5.125967,7.280721,-7085.201952,0
2026-05-18,sh.603288,323.3053220400,323.3053220400,317.6841482800,319.5285959200,323.3053220400,14319367,520941772.0700,0.257500,1,-1.168200,29.243027,5.066087,7.195671,-7002.435398,0
2026-05-19,sh.603288,319.2651034000,324.8862771600,317.2449940800,317.8598099600,319.5285959200,14387275,524301265.4700,0.258700,1,-0.522300,29.090301,5.039629,7.158090,-6965.864130,0
2026-05-20,sh.603288,317.2449940800,319.6164267600,314.9613922400,315.1370539200,317.8598099600,14507888,522387766.9800,0.260900,1,-0.856600,28.841116,4.996460,7.096775,-6906.195219,0
2026-05-21,sh.603288,315.1370539200,317.3328249200,309.9550343600,310.3941885600,315.1370539200,16996632,607076651.6400,0.305700,1,-1.505000,28.407052,4.921262,6.989967,-6802.255827,0
2026-05-22,sh.603288,310.6576810800,311.7994820000,306.3539699200,309.9550343600,310.3941885600,16227685,569606527.3800,0.291800,1,-0.141500,28.366861,4.914300,6.980077,-6792.631809,0
2026-05-25,sh.603288,309.9550343600,315.6640389600,306.7931241200,313.1169446000,309.9550343600,19752915,701964120.7000,0.355200,1,1.020100,28.656237,4.964431,7.051282,-6861.924737,0
2026-05-26,sh.603288,313.2047754400,316.6301782000,310.6576810800,312.9412829200,313.1169446000,16470488,587432466.3600,0.296200,1,-0.056100,28.640161,4.961646,7.047327,-6858.075130,0
2026-05-27,sh.603288,313.3804371200,319.2651034000,306.7931241200,314.8735614000,312.9412829200,24478482,871098733.0900,0.440200,1,0.617500,28.817001,4.992282,7.090841,-6900.420809,0
2026-05-28,sh.603288,314.4344072000,314.4344072000,307.4957708400,309.9550343600,314.8735614000,17577180,620448821.7900,0.316100,1,-1.562100,28.366861,4.914300,6.980077,-6792.631809,0
2026-05-29,sh.603288,309.9550343600,319.2651034000,307.4079400000,315.4883772800,309.9550343600,31138004,1116702286.4800,0.560000,1,1.785200,28.873269,5.002030,7.104686,-6913.894434,0
2026-06-01,sh.603288,314.4344072000,316.1031931600,311.7116511600,313.6439296400,315.4883772800,22074202,787379956.2600,0.397000,1,-0.584600,28.704466,4.972787,7.063150,-6873.473559,0
2026-06-02,sh.603288,311.7994820000,316.9815015600,301.6989354000,304.5973531200,313.6439296400,41350173,1445670606.4000,0.743600,1,-2.884300,27.876530,4.829354,6.859424,-6675.218791,0
2026-06-03,sh.603288,302.9285671600,303.8947064000,296.8682392000,302.1380896000,304.5973531200,24240018,826998514.6000,0.435900,1,-0.807400,27.651460,4.790363,6.804043,-6621.324291,0
2026-06-04,sh.603288,299.6788260800,301.5232737200,296.8682392000,296.8682392000,302.1380896000,15218501,516891950.6600,0.273700,1,-1.744200,27.169167,4.706810,6.685367,-6505.836076,0
2026-06-05,sh.603288,297.2195625600,301.6989354000,297.2195625600,298.8883485200,296.8682392000,13827562,470834660.6000,0.248700,1,0.680500,27.354046,4.738839,6.730860,-6550.106558,0
2026-06-08,sh.603288,296.9560700400,299.6788260800,293.0915130800,299.2396718800,298.8883485200,16939040,571555545.7800,0.304600,1,0.117500,27.386199,4.744409,6.738771,-6557.805773,0
2026-06-09,sh.603288,299.2396718800,307.4079400000,297.4830550800,306.4418007600,299.2396718800,22649585,781975462.2600,0.407300,1,2.406800,28.045333,4.858598,6.900961,-6715.639666,0
2026-06-10,sh.603288,305.3878306800,312.3264670400,304.4216914400,308.2862484000,306.4418007600,17471363,615585995.3000,0.314200,1,0.601900,28.214135,4.887841,6.942497,-6756.060541,0
2026-06-11,sh.603288,306.5296316000,310.9211736000,303.8947064000,308.9010642800,308.2862484000,13392018,468736524.9000,0.240800,1,0.199400,28.270403,4.897589,6.956342,-6769.534166,0
2026-06-12,sh.603288,307.4079400000,313.3804371200,305.4756615200,312.0629745200,308.9010642800,19686974,695757804.5700,0.354000,1,1.023600,28.559778,4.947721,7.027547,-6838.827094,0
2026-06-15,sh.603288,311.7035953800,315.2079021600,305.8630840800,306.7616242800,312.0630114600,20091293,690750637.6500,0.361300,1,-1.698800,27.442467,4.754157,6.752617,-6571.279398,0
2026-06-16,sh.603288,305.7732300600,306.9413323200,302.2689232800,303.6167335800,306.7616242800,13123395,443405585.6800,0.236000,1,-1.025200,27.161129,4.705418,6.683389,-6503.911273,0
2026-06-17,sh.603288,303.0776094600,305.4138139800,298.9443245400,299.3935946400,303.6167335800,12605151,421166964.9000,0.226700,1,-1.390900,26.783333,4.639968,6.590427,-6413.445505,0
2026-06-18,sh.603288,297.4168062000,298.9443245400,291.2168788200,291.4864408800,299.3935946400,23277461,760051300.8500,0.418600,1,-2.641100,26.075970,4.517424,6.416370,-6244.062790,0
2026-06-22,sh.603288,290.0487765600,302.3587773000,283.9387032000,296.8776820800,291.4864408800,23616015,769244938.9900,0.424700,1,1.849600,26.558263,4.600976,6.535046,-6359.551005,0
2026-06-23,sh.603288,309.9963690000,318.3527928600,305.1442519200,307.1210403600,296.8776820800,45736050,1582552852.2400,0.822500,1,3.450400,27.474619,4.759727,6.760528,-6578.978612,0
2026-06-24,sh.603288,309.9963690000,325.9903845600,303.9761496600,314.5789240200,307.1210403600,47662750,1681159914.6700,0.857200,1,2.428300,28.141791,4.875308,6.924696,-6738.737309,0
2026-06-25,sh.603288,311.7934494000,311.7934494000,300.6515509200,304.7848358400,314.5789240200,34020512,1148681024.3900,0.611800,1,-3.113400,27.265626,4.723521,6.709102,-6528.933719,0
2026-06-26,sh.603288,303.7065876000,306.8514783000,295.8892878600,296.3385579600,304.7848358400,21080025,701551141.8700,0.379100,1,-2.771200,26.510034,4.592621,6.523178,-6348.002183,0
2026-06-29,sh.603288,296.2487039400,310.7152011600,292.2951270600,306.2225001600,296.3385579600,32788718,1109769096.9800,0.589700,1,3.335400,27.394237,4.745801,6.740749,-6559.730576,0
2026-06-30,sh.603288,306.0427921200,308.0195805600,295.0806016800,297.9559303200,306.2225001600,27247622,905594744.0300,0.490000,1,-2.699500,26.654721,4.617687,6.558781,-6382.648648,0
2026-07-01,sh.603288,297.9559303200,303.7065876000,293.1936672600,300.8312589600,297.9559303200,23261673,774352373.3200,0.418300,1,0.965000,26.911944,4.662249,6.622074,-6444.242362,0
2026-07-02,sh.603288,299.3935946400,306.7616242800,298.7646165000,301.5500911200,300.8312589600,20899374,703389660.6000,0.375800,1,0.238900,26.976250,4.673389,6.637897,-6459.640791,0
2026-07-03,sh.603288,305.3239599600,309.8166609600,303.7964416200,305.5935220200,301.5500911200,22494827,767835843.1400,0.404500,1,1.340900,27.337970,4.736054,6.726904,-6546.256951,0
2026-07-06,sh.603288,305.5036680000,312.4224275400,301.5500911200,308.7384127200,305.5935220200,20099583,689194303.3400,0.361500,1,1.029100,27.619307,4.784793,6.796131,-6613.625076,0
2026-07-07,sh.603288,308.7384127200,310.8949092000,303.9761496600,306.4920622200,308.7384127200,15581930,531076004.5400,0.280200,1,-0.727600,27.418352,4.749979,6.746683,-6565.504987,0
2026-07-08,sh.603288,304.6949818200,308.1992886000,301.1906750400,306.4022082000,306.4920622200,16454112,558768840.7600,0.295900,1,-0.029300,27.410314,4.748586,6.744705,-6563.580183,0
2026-07-09,sh.603288,304.1558577000,304.3355657400,298.1356383600,299.4834486600,306.4022082000,15603568,521533196.6100,0.280600,1,-2.258100,26.791371,4.641360,6.592405,-6415.370308,0
2026-07-10,sh.603288,298.9443245400,306.1326461400,296.2487039400,302.9877554400,299.4834486600,17662115,594080029.7100,0.317600,1,1.170100,27.104861,4.695670,6.669544,-6490.437648,0
2026-07-13,sh.603288,300.1124268000,311.1644712600,299.2138866000,309.0978288000,302.9877554400,22486708,765453316.3500,0.404400,1,2.016600,27.651460,4.790363,6.804043,-6621.324291,0
2026-07-14,sh.603288,307.8398725200,313.5905298000,307.0311863400,310.5354931200,309.0978288000,20778492,717196711.3400,0.373700,1,0.465100,27.780072,4.812644,6.835689,-6652.121148,0
2026-07-15,sh.603288,309.2775368400,323.4744720000,307.8398725200,319.4310411000,310.5354931200,29052382,1027891232.1400,0.522500,1,2.864600,28.575855,4.950506,7.031503,-6842.676702,0
2026-07-16,sh.603288,319.4310411000,327.0686328000,318.5325009000,326.3498006400,319.4310411000,29544414,1065189914.6000,0.531300,1,2.166000,29.194797,5.057732,7.183803,-6990.886577,0
2026-07-17,sh.603288,324.3730122000,329.1352752600,321.5875375800,323.4744720000,326.3498006400,28666780,1037508150.0400,0.515500,1,-0.881100,28.937575,5.013170,7.120510,-6929.292862,0
2026-07-20,sh.603288,323.5643260200,332.4598740000,320.9585594400,332.4598740000,323.4744720000,32366308,1184792656.3100,0.582100,1,2.777800,29.741396,5.152425,7.318302,-7121.773220,0
2026-07-21,sh.603288,330.6627936000,338.2105312800,324.8222823000,328.1468810400,332.4598740000,32347750,1188769088.7300,0.581700,1,-1.297300,29.355562,5.085583,7.223361,-7029.382648,0
2026-07-22,sh.603288,326.9787787800,329.5845453600,322.8454938600,327.5179029000,328.1468810400,26560673,963137374.9800,0.477700,1,-0.191700,29.299294,5.075835,7.209516,-7015.909023,0
2026-07-23,sh.603288,325.7208225000,329.6743993800,323.2049099400,329.3149833000,327.5179029000,15125450,550438525.7100,0.272000,1,0.548700,29.460059,5.103686,7.249074,-7054.405095,0
2026-07-24,sh.603288,328.8657132000,329.7642534000,321.9469536600,322.1266617000,329.3149833000,15736426,569627487.5400,0.283000,1,-2.182800,28.817001,4.992282,7.090841,-6900.420809,0
2026-07-27,sh.603288,322.2165157200,327.0686328000,320.4194353200,323.6541800400,322.1266617000,13191575,475335789.5100,0.237200,1,0.474200,28.953651,5.015956,7.124465,-6933.142469,0
2026-07-28,sh.603288,325.5411144600,333.3584142000,322.2165157200,332.5497280200,323.6541800400,18653834,684528846.1800,0.335500,1,2.748500,29.749434,5.153818,7.320279,-7123.698023,0
2026-07-29,sh.603288,332.5497280200,341.8046920800,331.7410418400,338.2105312800,332.5497280200,26965383,1016979602.8400,0.484900,1,1.702200,30.255842,5.241548,7.444888,-7244.960648,0
2026-07-30,sh.603288,338.2105312800,350.1611159400,337.0424290200,347.3756413200,338.2105312800,29261457,1127698144.7400,0.526200,1,2.709900,31.075740,5.383588,7.646636,-7441.290613,0
2026-07-31,sh.603288,336.9525750000,345.3988528800,336.9525750000,345.3988528800,347.3756413200,20057141,763062925.9500,0.360700,1,-0.569100,30.898899,5.352952,7.603122,-7398.944934,0
2026-08-03,sh.603288,344.9495827800,350.4306780000,341.0858599200,341.6249840400,345.3988528800,21948955,841672645.3700,0.394700,1,-1.092600,30.561294,5.294465,7.520049,-7318.103184,0
2026-08-04,sh.603288,340.1873197200,342.2539621800,334.0772463600,335.4250566600,341.6249840400,20157757,754899577.4200,0.362500,1,-1.814800,30.006657,5.198379,7.383573,-7185.291738,0
2026-08-05,sh.603288,335.4250566600,337.2221370600,327.8773189800,332.1903119400,335.4250566600,19835730,729906620.8000,0.356700,1,-0.964400,29.717281,5.148248,7.312368,-7115.998809,0
2026-08-06,sh.603288,332.4598740000,333.9873923400,327.4280488800,328.4164431000,332.1903119400,16852505,617802422.7700,0.303100,1,-1.136100,29.375761,5.089082,7.228332,-7034.219451,0
2026-08-07,sh.603288,328.4164431000,329.9439614400,323.6541800400,327.2483408400,328.4164431000,17092155,620091452.6400,0.307400,1,-0.355700,29.271278,5.070982,7.202622,-7009.200339,0
2026-08-10,sh.603288,326.7092167200,333.5381222400,325.2715524000,330.4830855600,327.2483408400,18571358,684325148.8400,0.334000,1,0.988500,29.560615,5.121107,7.273818,-7078.484033,0
2026-08-11,sh.603288,330.3932315400,331.7410418400,324.6425742600,325.0019903400,330.4830855600,16736197,610351752.1900,0.301000,1,-1.658500,29.070349,5.036172,7.153181,-6961.086663,0
2026-08-12,sh.603288,325.2715524000,326.7990707400,320.7788514000,325.6309684800,325.0019903400,9897105,357726434.3700,0.178000,1,0.193500,29.126609,5.045919,7.167024,-6974.558492,0
2026-08-13,sh.603288,325.2715524000,326.4396546600,323.2947639600,325.2715524000,325.6309684800,11108786,401760499.8800,0.199800,1,-0.110400,29.094461,5.040350,7.159114,-6966.860304,0
2026-08-14,sh.603288,325.0019903400,325.0019903400,321.2281215000,321.8570996400,325.2715524000,9329366,334622898.2700,0.167800,1,-1.049700,28.789049,4.987440,7.083963,-6893.727516,0
2026-08-17,sh.603288,320.3295813000,321.6773916000,316.2861504000,318.2629388400,321.8570996400,13754409,487432444.3500,0.247400,1,-1.116700,28.467564,4.931745,7.004857,-6816.745635,0
2026-08-18,sh.603288,318.2629388400,320.6889973800,316.8252745200,319.4310411000,318.2629388400,10955411,388317858.6200,0.197000,1,0.367000,28.572046,4.949846,7.030566,-6841.764746,0
2026-08-19,sh.603288,319.6107491400,321.6773916000,315.7470262800,317.3643986400,319.4310411000,10008388,353662403.7300,0.180000,1,-0.647000,28.387192,4.917822,6.985080,-6797.500164,0
2026-08-20,sh.603288,317.1846906000,322.3962237600,316.9151285400,321.2281215000,317.3643986400,10839621,386494977.9900,0.195000,1,1.217400,28.732789,4.977693,7.070119,-6880.255687,0
2026-08-21,sh.603288,319.7006031600,320.6889973800,311.3441793000,314.9383401000,321.2281215000,16063929,562650488.8400,0.288900,1,-1.958000,28.170189,4.880228,6.931683,-6745.537394,0
2026-08-24,sh.603288,314.4890700000,320.9585594400,312.4224275400,320.5092893400,314.9383401000,15983932,567331429.3000,0.287500,1,1.768900,28.668492,4.966554,7.054298,-6864.859311,0
2026-08-25,sh.603288,321.6773916000,324.2831581800,319.4310411000,323.1150559200,320.5092893400,12730095,456690960.2400,0.229000,1,0.813000,28.901569,5.006933,7.111650,-6920.671175,0
2026-08-26,sh.603288,322.4860777800,327.1584868200,321.6773916000,322.8454938600,323.1150559200,12764665,461058114.5400,0.229600,1,-0.083400,28.877458,5.002756,7.105717,-6914.897534,0
2026-08-27,sh.603288,316.2861504000,316.2861504000,303.1674634800,306.4022082000,322.8454938600,52351986,1783603123.3100,0.941600,1,-5.093200,27.267491,5.103674,6.697974,-15.969866,0
