date,code,open,high,low,close,preclose,volume,amount,turn,tradestatus,pctChg,peTTM,pbMRQ,psTTM,pcfNcfTTM,isST
2016-08-29,sh.600391,90.2162230000,90.2162230000,84.0678568000,84.3089692000,82.0384941000,28780040,1239643616.0000,8.717807,1,2.767600,337.998589,8.050885,6.516248,1268.199602,0
2016-08-30,sh.600391,84.6907305000,91.5222485000,82.6613678000,88.5887143000,84.3089692000,30829464,1348797744.0000,9.338601,1,5.076300,355.156287,8.459569,6.847030,1332.576750,0
2016-08-31,sh.600391,86.7000005000,89.0508464000,86.0369414000,87.5840793000,88.5887143000,16597464,722565312.0000,5.027564,1,-1.134000,351.128658,8.363634,6.769382,1317.464744,0
2016-09-01,sh.600391,87.2023180000,89.9952033000,84.4295254000,84.8916575000,87.5840793000,15649530,679310624.0000,4.740423,1,-3.074100,340.334614,8.106527,6.561284,1276.964566,0
2016-09-02,sh.600391,84.6505451000,85.2935115000,82.7015532000,82.9426656000,84.8916575000,10240795,426047088.0000,3.102055,1,-2.295900,332.521014,7.920413,6.410646,1247.647273,0
2016-09-05,sh.600391,83.1234999000,84.3491546000,82.7417386000,83.3646123000,82.9426656000,6853254,284483968.0000,2.075930,1,0.508728,334.212618,7.960706,6.443259,1253.994315,0
2016-09-06,sh.600391,83.0833145000,83.3244269000,81.2146934000,83.2038707000,83.3646123000,7960489,325854736.0000,2.411324,1,-0.192822,333.568198,7.945356,6.430835,1251.576394,0
2016-09-07,sh.600391,83.2842415000,84.3491546000,82.6010897000,82.7819240000,83.2038707000,7921263,329159664.0000,2.399442,1,-0.507122,331.876594,7.905063,6.398223,1245.229352,0
2016-09-08,sh.600391,83.0632218000,83.5856320000,82.1791430000,83.4047977000,82.7819240000,4992665,206311998.0000,1.512336,1,0.752421,334.373723,7.964543,6.446365,1254.598796,0
2016-09-09,sh.600391,84.1482276000,84.2486911000,81.7772890000,81.8777525000,83.4047977000,6787970,280702512.0000,2.056155,1,-1.830880,328.251728,7.818721,6.328339,1231.628545,0
2016-09-12,sh.600391,79.5871847000,80.1296876000,77.9596760000,78.0199541000,81.8777525000,8548626,336403952.0000,2.589478,1,-4.711652,312.785634,7.450330,6.030170,1173.598440,0
2016-09-13,sh.600391,78.3816227000,78.8638475000,77.7587490000,78.6026424000,78.0199541000,4737264,184752777.0000,1.434972,1,0.746838,315.121659,7.505973,6.075206,1182.363404,0
2016-09-14,sh.600391,78.2811592000,78.2811592000,76.9751337000,77.2564315000,78.6026424000,4555116,175847485.0000,1.379797,1,-1.712674,309.724637,7.377419,5.971157,1162.113315,0
2016-09-19,sh.600391,77.3167096000,78.6629205000,77.3167096000,78.1806957000,77.2564315000,3988750,154996887.0000,1.208238,1,1.196357,313.430055,7.465680,6.042593,1176.016361,0
2016-09-20,sh.600391,78.3615300000,78.9241256000,77.4171731000,77.5578220000,78.1806957000,2617107,101369993.0000,0.792752,1,-0.796714,310.932925,7.406200,5.994451,1166.646917,0
2016-09-21,sh.600391,77.2564315000,78.1606030000,77.2564315000,77.6984709000,77.5578220000,3289331,127183602.0000,0.996376,1,0.181346,311.496793,7.419631,6.005322,1168.762598,0
2016-09-22,sh.600391,78.1606030000,78.4218081000,77.7185636000,78.1606030000,77.6984709000,4105535,159678325.0000,1.243614,1,0.594785,313.349502,7.463761,6.041040,1175.714121,0
2016-09-23,sh.600391,78.4619935000,78.4619935000,77.1559680000,77.3368023000,78.1606030000,3204820,124157672.0000,0.970777,1,-1.053984,310.046847,7.385094,5.977369,1163.322275,0
2016-09-26,sh.600391,76.9148556000,77.0555045000,74.3429900000,74.4836389000,77.3368023000,5517015,206850936.0000,1.671168,1,-3.689275,298.608382,7.112638,5.756847,1120.404176,0
2016-09-27,sh.600391,74.3429900000,76.3522600000,74.1420630000,76.0709622000,74.4836389000,4023919,150177375.0000,1.218892,1,2.131106,304.972035,7.264216,5.879532,1144.281147,0
2016-09-28,sh.600391,76.2517965000,77.1760607000,75.3677177000,76.3120746000,76.0709622000,3873724,147368391.0000,1.173396,1,0.316954,305.938666,7.287240,5.898167,1147.908028,0
2016-09-29,sh.600391,76.2517965000,77.1157826000,76.2517965000,76.4527235000,76.3120746000,2522792,96274790.0000,0.764183,1,0.184307,306.502534,7.300671,5.909038,1150.023709,0
2016-09-30,sh.600391,76.1915184000,77.2966169000,76.1915184000,76.6737432000,76.4527235000,2313949,88471648.0000,0.700922,1,0.289095,307.388612,7.321777,5.926121,1153.348351,0
2016-10-10,sh.600391,76.8545775000,78.4017154000,76.8545775000,78.3414373000,76.6737432000,4293443,166376509.0000,1.300533,1,2.175057,314.074475,7.481029,6.055017,1178.434282,0
2016-10-11,sh.600391,78.5624570000,80.3507073000,78.5624570000,79.0446818000,78.3414373000,5546068,219599096.0000,1.679968,1,0.897662,316.893815,7.548184,6.109371,1189.012687,0
2016-10-12,sh.600391,78.7432913000,79.1451453000,78.0802322000,78.7633840000,79.0446818000,3107431,121502733.0000,0.941277,1,-0.355870,315.766079,7.521322,6.087629,1184.781325,0
2016-10-13,sh.600391,78.4619935000,79.0647745000,78.1806957000,78.4017154000,78.7633840000,2304639,90080353.0000,0.698102,1,-0.459184,314.316133,7.486786,6.059676,1179.341002,0
2016-10-14,sh.600391,78.7633840000,78.7633840000,77.3769877000,78.0400468000,78.4017154000,2513910,97533874.0000,0.761492,1,-0.461303,312.866187,7.452249,6.031723,1173.900680,0
2016-10-17,sh.600391,78.4820862000,78.7231986000,76.5933724000,76.6536505000,78.0400468000,3229318,125124602.0000,0.978198,1,-1.776515,307.308059,7.319858,5.924568,1153.046111,0
2016-10-18,sh.600391,76.4125381000,77.9596760000,76.4125381000,77.8391198000,76.6536505000,2833818,109007545.0000,0.858396,1,1.546527,312.060661,7.433062,6.016193,1170.878279,0
2016-10-19,sh.600391,77.9395833000,80.3507073000,77.7587490000,79.0446818000,77.8391198000,6150247,241982525.0000,1.862981,1,1.548783,316.893815,7.548184,6.109371,1189.012687,0
2016-10-20,sh.600391,79.3259796000,79.5469993000,78.3615300000,78.6830132000,79.0446818000,3220156,126356459.0000,0.975422,1,-0.457550,315.443869,7.513647,6.081418,1183.572364,0
2016-10-21,sh.600391,78.4619935000,79.1853307000,77.8592125000,78.9040329000,78.6830132000,3190448,124676433.0000,0.966424,1,0.280900,316.329947,7.534753,6.098500,1186.897006,0
2016-10-24,sh.600391,79.0647745000,80.3306146000,78.4619935000,80.2301511000,78.9040329000,6688347,265311641.0000,2.025978,1,1.680672,321.646417,7.661388,6.200996,1206.844855,0
2016-10-25,sh.600391,80.1698730000,80.3507073000,79.6072774000,79.9890387000,80.2301511000,3546138,141021949.0000,1.074166,1,-0.300523,320.679786,7.638363,6.182360,1203.217973,0
2016-10-26,sh.600391,80.1296876000,80.2301511000,78.4419008000,78.8638475000,79.9890387000,4572563,179967624.0000,1.385082,1,-1.406685,316.168842,7.530916,6.095394,1186.292525,0
2016-10-27,sh.600391,78.7834767000,80.1296876000,78.6026424000,79.6273701000,78.8638475000,3825601,151216347.0000,1.158819,1,0.968156,319.229840,7.603827,6.154407,1197.777651,0
2016-10-28,sh.600391,79.9689460000,79.9689460000,78.1204176000,78.1606030000,79.6273701000,3676586,144449571.0000,1.113680,1,-1.842038,330.981560,7.423345,5.931453,-392.579268,0
2016-10-31,sh.600391,78.1405103000,79.2255161000,77.9395833000,79.1451453000,78.1606030000,3749718,147260804.0000,1.135833,1,1.259634,335.150736,7.516852,6.006168,-397.524354,0
2016-11-01,sh.600391,79.3661650000,79.5068139000,78.4017154000,79.4264431000,79.1451453000,3991469,156867218.0000,1.209062,1,0.355419,336.341930,7.543569,6.027515,-398.937236,0
2016-11-02,sh.600391,79.3661650000,80.1095949000,78.0802322000,78.2007884000,79.4264431000,4575191,180350210.0000,1.385878,1,-1.543133,331.151730,7.427161,5.934503,-392.781108,0
2016-11-03,sh.600391,78.4017154000,78.9442183000,77.3970804000,78.5423643000,78.2007884000,5669165,220822001.0000,1.717256,1,0.436798,332.598179,7.459603,5.960424,-394.496751,0
2016-11-04,sh.600391,78.6428278000,78.6428278000,77.1961534000,77.3167096000,78.5423643000,4882387,188765027.0000,1.478931,1,-1.560503,327.407980,7.343196,5.867412,-388.340623,0
2016-11-07,sh.600391,76.7541140000,77.4774512000,76.3522600000,76.5130016000,77.3167096000,3438154,131248828.0000,1.041457,1,-1.039495,324.004571,7.266863,5.806420,-384.303818,0
2016-11-08,sh.600391,77.2162461000,77.5176366000,76.3924454000,76.7139286000,76.5130016000,4892465,186751911.0000,1.481984,1,0.262601,324.855423,7.285946,5.821668,-385.313020,0
2016-11-09,sh.600391,76.6536505000,76.8545775000,74.4635462000,75.5284593000,76.7139286000,4598541,173261055.0000,1.392951,1,-1.545312,319.835394,7.173356,5.731705,-379.358732,0
2016-11-10,sh.600391,76.3120746000,77.0956899000,75.8499425000,76.7139286000,75.5284593000,3777064,143727289.0000,1.144116,1,1.569567,324.855423,7.285946,5.821668,-385.313020,0
2016-11-11,sh.600391,76.5531870000,77.3568950000,75.9905914000,77.2363388000,76.7139286000,4515514,172643538.0000,1.367801,1,0.680980,327.067639,7.335562,5.861313,-387.936943,0
2016-11-14,sh.600391,76.9550410000,78.0601395000,76.7942994000,77.7185636000,77.2363388000,4582750,176923220.0000,1.388168,1,0.624354,329.109685,7.381362,5.897908,-390.359026,0
2016-11-15,sh.600391,77.7185636000,77.7587490000,76.7742067000,77.5980074000,77.7185636000,2704199,103990288.0000,0.819133,1,-0.155122,328.599173,7.369912,5.888759,-389.753505,0
2016-11-16,sh.600391,77.5779147000,77.8592125000,77.1559680000,77.4774512000,77.5980074000,3044868,117428718.0000,0.922326,1,-0.155354,328.088662,7.358462,5.879610,-389.147984,0
2016-11-17,sh.600391,77.1760607000,78.0199541000,76.9952264000,77.8793052000,77.4774512000,3695429,142845744.0000,1.119388,1,0.518664,329.790367,7.396628,5.910106,-391.166387,0
2016-11-18,sh.600391,77.8793052000,78.3414373000,76.9148556000,76.9952264000,77.8793052000,3791111,146463294.0000,1.148371,1,-1.135187,326.046616,7.312663,5.843015,-386.725901,0
2016-11-21,sh.600391,76.9952264000,77.4573585000,76.4929089000,76.9550410000,76.9952264000,2436927,93315325.0000,0.738173,1,-0.052193,325.876446,7.308846,5.839965,-386.524061,0
2016-11-22,sh.600391,76.9751337000,77.3568950000,76.3522600000,77.0956899000,76.9550410000,2818298,107713367.0000,0.853695,1,0.182767,326.472042,7.322204,5.850639,-387.230502,0
2016-11-23,sh.600391,76.8947629000,79.6273701000,76.5933724000,78.5624570000,77.0956899000,9509306,370470640.0000,2.880479,1,1.902527,332.683265,7.461511,5.961949,-394.597671,0
2016-11-24,sh.600391,78.1204176000,78.1204176000,76.5732797000,76.7541140000,78.5624570000,5483615,210585371.0000,1.661050,1,-2.301785,325.025593,7.289763,5.824718,-385.514860,0
2016-11-25,sh.600391,77.1760607000,78.2811592000,76.9550410000,77.5980074000,76.7541140000,4506009,173947189.0000,1.364922,1,1.099472,328.599173,7.369912,5.888759,-389.753505,0
2016-11-28,sh.600391,77.3568950000,78.3213446000,77.1961534000,77.3568950000,77.5980074000,3909980,151265062.0000,1.184378,1,-0.310717,327.578151,7.347012,5.870461,-388.542463,0
2016-11-29,sh.600391,77.3769877000,79.4867212000,77.3568950000,78.1606030000,77.3568950000,8943745,350297232.0000,2.709164,1,1.038965,330.981560,7.423345,5.931453,-392.579268,0
2016-11-30,sh.600391,77.5578220000,77.9596760000,76.8545775000,77.1559680000,78.1606030000,4013192,154239539.0000,1.215642,1,-1.285347,326.727298,7.327929,5.855213,-387.533262,0
2016-12-01,sh.600391,77.0755972000,77.4975439000,76.7541140000,77.0153191000,77.1559680000,2691556,103188646.0000,0.815303,1,-0.182291,326.131702,7.314571,5.844540,-386.826821,0
2016-12-02,sh.600391,77.0956899000,77.5377293000,75.3074396000,75.3677177000,77.0153191000,4326417,163880975.0000,1.310522,1,-2.139325,319.154712,7.158089,5.719507,-378.551371,0
2016-12-05,sh.600391,74.6041951000,76.9349483000,74.2626192000,75.4480885000,75.3677177000,3929720,147815039.0000,1.190358,1,0.106641,319.495053,7.165722,5.725606,-378.955052,0
2016-12-06,sh.600391,75.4279958000,75.8700352000,74.7448440000,74.9055856000,75.4480885000,2195879,81995599.0000,0.665157,1,-0.719043,317.197752,7.114198,5.684436,-376.230209,0
2016-12-07,sh.600391,74.9055856000,75.3074396000,74.6644732000,75.2471615000,74.9055856000,3257154,121594976.0000,0.986630,1,0.456014,318.644201,7.146639,5.710358,-377.945851,0
2016-12-08,sh.600391,75.3074396000,75.3074396000,73.8808579000,73.9411360000,75.2471615000,4616274,170944570.0000,1.398323,1,-1.735651,313.113661,7.022599,5.611246,-371.386043,0
2016-12-09,sh.600391,73.9210433000,74.1822484000,72.7757594000,72.9365010000,73.9411360000,3458728,126119350.0000,1.047689,1,-1.358696,308.859399,6.927183,5.535006,-366.340037,0
2016-12-12,sh.600391,72.9766864000,73.4790039000,68.2950873000,68.3955508000,72.9365010000,6181154,216812946.0000,1.872343,1,-6.225891,289.630136,6.495904,5.190403,-343.532090,0
2016-12-13,sh.600391,68.5161070000,70.0230595000,68.1343457000,69.5207420000,68.3955508000,4063361,139739374.0000,1.230839,1,1.645116,294.394909,6.602769,5.275791,-349.183616,0
2016-12-14,sh.600391,69.4202785000,75.5485520000,67.7726771000,72.3337200000,69.5207420000,9145253,326035280.0000,2.770203,1,4.046247,306.306842,6.869934,5.489263,-363.312433,0
2016-12-15,sh.600391,71.6304755000,75.3074396000,71.4697339000,73.9813214000,72.3337200000,8043340,296127936.0000,2.436421,1,2.277777,313.283831,7.026415,5.614296,-371.587883,0
2016-12-16,sh.600391,73.7402090000,73.7402090000,72.5949251000,72.9565937000,73.9813214000,3519103,127895845.0000,1.065977,1,-1.385112,308.944484,6.929091,5.536531,-366.440957,0
2016-12-19,sh.600391,72.8360375000,73.6598382000,72.4341835000,73.2981696000,72.9565937000,2671214,97264620.0000,0.809142,1,0.468185,310.390933,6.961533,5.562453,-368.156599,0
2016-12-20,sh.600391,73.6397455000,73.8004871000,71.5300120000,72.1729784000,73.2981696000,2789624,100744439.0000,0.845009,1,-1.535092,305.626160,6.854667,5.477064,-362.505072,0
2016-12-21,sh.600391,72.3337200000,73.7402090000,71.8916806000,73.5392820000,72.1729784000,4265925,155046402.0000,1.292198,1,1.893097,311.411956,6.984432,5.580750,-369.367641,0
2016-12-22,sh.600391,72.8360375000,73.3182623000,72.5145543000,73.0972426000,73.5392820000,2684328,97384600.0000,0.813114,1,-0.601086,309.540081,6.942450,5.547205,-367.147398,0
2016-12-23,sh.600391,73.2378915000,74.0215068000,72.8360375000,73.1173353000,73.0972426000,3700326,135192170.0000,1.120872,1,0.027483,309.625166,6.944358,5.548730,-367.248318,0
2016-12-26,sh.600391,73.0168718000,73.0168718000,70.7263040000,72.8360375000,73.1173353000,2824164,100875246.0000,0.855472,1,-0.384719,308.433973,6.917641,5.527382,-365.835436,0
2016-12-27,sh.600391,72.6351105000,72.7154813000,71.5300120000,71.5902901000,72.8360375000,2202859,78994800.0000,0.667271,1,-1.710342,303.158688,6.799326,5.432845,-359.578389,0
2016-12-28,sh.600391,71.6304755000,72.3337200000,71.0678799000,71.1281580000,71.5902901000,1855246,66179977.0000,0.561975,1,-0.645522,301.201728,6.755435,5.397775,-357.257226,0
2016-12-29,sh.600391,71.2286215000,71.9318660000,70.9875091000,71.0477872000,71.1281580000,1535800,54564011.0000,0.465212,1,-0.112997,300.861387,6.747801,5.391676,-356.853546,0
2016-12-30,sh.600391,71.0477872000,71.5300120000,70.5052843000,70.8267675000,71.0477872000,1503650,53145284.0000,0.455473,1,-0.311088,299.925449,6.726810,5.374903,-355.743424,0
2017-01-03,sh.600391,71.4295485000,73.6598382000,71.0477872000,73.0972426000,70.8267675000,4650275,168671331.0000,1.408622,1,3.205677,309.540081,6.942450,5.547205,-367.147398,0
2017-01-04,sh.600391,72.5346470000,73.4589112000,72.5346470000,73.2780769000,73.0972426000,3228872,117567698.0000,0.978063,1,0.247389,310.305848,6.959624,5.560928,-368.055679,0
2017-01-05,sh.600391,73.2378915000,75.0462345000,72.8360375000,74.3028046000,73.2780769000,6056299,223852785.0000,1.834523,1,1.398405,314.645195,7.056948,5.638693,-373.202605,0
2017-01-06,sh.600391,74.3228973000,74.9055856000,73.3383550000,74.0014141000,74.3028046000,4774361,176013131.0000,1.446209,1,-0.405618,313.368916,7.028324,5.615821,-371.688803,0
2017-01-09,sh.600391,73.3383550000,77.6984709000,73.2981696000,76.7742067000,74.0014141000,10801920,408773408.0000,3.272026,1,3.746938,325.110679,7.291671,5.826242,-385.615780,0
2017-01-10,sh.600391,76.3522600000,76.5531870000,75.1868834000,75.3275323000,76.7742067000,5645398,213182687.0000,1.710056,1,-1.884317,318.984542,7.154272,5.716457,-378.349531,0
2017-01-11,sh.600391,75.6691082000,76.6536505000,75.0462345000,75.1065126000,75.3275323000,4627493,174422569.0000,1.401721,1,-0.293413,318.048604,7.133281,5.699684,-377.239410,0
2017-01-12,sh.600391,74.7448440000,75.5284593000,73.4790039000,73.5995601000,75.1065126000,3459164,128109010.0000,1.047821,1,-2.006421,311.667212,6.990157,5.585325,-369.670401,0
2017-01-13,sh.600391,73.9411360000,75.4279958000,73.3383550000,73.8808579000,73.5995601000,4818562,178615347.0000,1.459598,1,0.382199,312.858405,7.016874,5.606672,-371.083283,0
2017-01-16,sh.600391,73.0972426000,73.7402090000,68.6768486000,71.9921441000,73.8808579000,4950948,177316013.0000,1.499699,1,-2.556428,304.860393,6.837492,5.463341,-361.596791,0
2017-01-17,sh.600391,71.5300120000,73.0972426000,71.3290850000,73.0369645000,71.9921441000,3016553,108839660.0000,0.913749,1,1.451288,309.284825,6.936725,5.542630,-366.844638,0
2017-01-18,sh.600391,72.8561302000,73.6397455000,72.4341835000,72.6351105000,73.0369645000,2183233,79237672.0000,0.661327,1,-0.550198,307.583121,6.898558,5.512135,-364.826235,0
2017-01-19,sh.600391,71.6304755000,72.6552032000,71.6304755000,72.0725149000,72.6351105000,2387339,85643429.0000,0.723153,1,-0.774558,305.200734,6.845125,5.469440,-362.000472,0
2017-01-20,sh.600391,72.0323295000,72.9365010000,71.7108463000,72.6150178000,72.0725149000,2189882,78977355.0000,0.663341,1,0.752719,307.498035,6.896650,5.510610,-364.725315,0
2017-01-23,sh.600391,73.2981696000,74.6242878000,73.0570572000,73.6799309000,72.6150178000,3256706,119731054.0000,0.986494,1,1.466516,312.007553,6.997791,5.591424,-370.074081,0
2017-01-24,sh.600391,73.0771499000,73.5392820000,72.7757594000,72.9365010000,73.6799309000,1710379,62206567.0000,0.518094,1,-1.008996,308.859399,6.927183,5.535006,-366.340037,0
2017-01-25,sh.600391,72.5346470000,74.0817849000,72.5346470000,74.0215068000,72.9365010000,2515796,92078015.0000,0.762064,1,1.487606,313.454002,7.030232,5.617345,-371.789723,0
2017-01-26,sh.600391,74.0215068000,74.7046586000,73.7402090000,74.4836389000,74.0215068000,2324300,86028088.0000,0.704057,1,0.624320,315.410962,7.074123,5.652416,-374.110886,0
2017-02-03,sh.600391,74.6443805000,75.3476250000,73.9411360000,74.5439170000,74.4836389000,2536528,94358870.0000,0.768344,1,0.080925,315.666218,7.079848,5.656990,-374.413647,0
2017-02-06,sh.600391,74.5037316000,75.5284593000,74.0616922000,75.4681812000,74.5439170000,3419451,127629957.0000,1.035791,1,1.239900,319.580139,7.167631,5.727131,-379.055972,0
2017-02-07,sh.600391,75.4079031000,75.4079031000,73.8004871000,74.3028046000,75.4681812000,3811683,141160764.0000,1.154603,1,-1.544201,314.645195,7.056948,5.638693,-373.202605,0
2017-02-08,sh.600391,74.1420630000,75.6490155000,73.7000236000,75.5686447000,74.3028046000,5126769,191297554.0000,1.552958,1,1.703627,320.005565,7.177172,5.734755,-379.560573,0
2017-02-09,sh.600391,75.4480885000,75.6691082000,74.9256783000,75.3275323000,75.5686447000,3411391,127724392.0000,1.033350,1,-0.319061,318.984542,7.154272,5.716457,-378.349531,0
2017-02-10,sh.600391,75.3275323000,75.4279958000,74.3630827000,74.5238243000,75.3275323000,3037996,112984965.0000,0.920244,1,-1.066955,315.581133,7.077940,5.655465,-374.312726,0
2017-02-13,sh.600391,74.5037316000,74.7649367000,74.1621557000,74.5841024000,74.5238243000,2672576,99069046.0000,0.809554,1,0.080881,315.836388,7.083665,5.660040,-374.615487,0
2017-02-14,sh.600391,74.7046586000,75.1065126000,74.2224338000,74.2827119000,74.5841024000,3359179,124749159.0000,1.017534,1,-0.404089,314.560110,7.055040,5.637168,-373.101685,0
2017-02-15,sh.600391,75.0462345000,75.6892009000,74.2425265000,74.9859564000,74.2827119000,5610270,209118869.0000,1.699416,1,0.946709,317.538093,7.121831,5.690536,-376.633889,0
2017-02-16,sh.600391,74.8453075000,75.5284593000,74.3630827000,75.0462345000,74.9859564000,3659761,136593326.0000,1.108584,1,0.080383,317.793349,7.127556,5.695110,-376.936650,0
2017-02-17,sh.600391,75.1266053000,77.6984709000,74.6644732000,76.6134651000,75.0462345000,11648385,442160192.0000,3.528430,1,2.088361,324.429997,7.276405,5.814044,-384.808419,0
2017-02-20,sh.600391,76.9952264000,77.3368023000,75.6892009000,76.7541140000,76.6134651000,6439273,244964816.0000,1.950530,1,0.183582,325.025593,7.289763,5.824718,-385.514860,0
2017-02-21,sh.600391,76.6536505000,77.2966169000,76.1312403000,77.0956899000,76.7541140000,5040999,192313356.0000,1.526977,1,0.445021,326.472042,7.322204,5.850639,-387.230502,0
2017-02-22,sh.600391,76.9751337000,77.3167096000,75.7896644000,76.1312403000,77.0956899000,4921222,186886053.0000,1.490695,1,-1.250976,322.387951,7.230605,5.777449,-382.386336,0
2017-02-23,sh.600391,76.1312403000,76.2718892000,74.7247513000,75.1868834000,76.1312403000,4589292,171952195.0000,1.390150,1,-1.240436,318.388945,7.140914,5.705783,-377.643090,0
2017-02-24,sh.600391,75.2270688000,75.8499425000,75.0663272000,75.7092936000,75.1868834000,4149484,156010078.0000,1.256927,1,0.694821,320.601161,7.190530,5.745428,-380.267014,0
2017-02-27,sh.600391,75.7092936000,75.8499425000,73.9411360000,74.2023411000,75.7092936000,5047933,187808160.0000,1.529077,1,-1.990446,314.219769,7.047407,5.631069,-372.698005,0
2017-02-28,sh.600391,74.1420630000,74.8252148000,73.9411360000,74.7649367000,74.2023411000,2723368,100821744.0000,0.824940,1,0.758188,316.602155,7.100840,5.673763,-375.523768,0
2017-03-01,sh.600391,74.9256783000,76.1513330000,74.7448440000,75.4882739000,74.7649367000,5050870,190072653.0000,1.529967,1,0.967484,319.665224,7.169539,5.728655,-379.156892,0
2017-03-02,sh.600391,75.5083666000,75.8901279000,74.5640097000,74.9658637000,75.4882739000,3466484,129344957.0000,1.050038,1,-0.692037,317.453008,7.119923,5.689011,-376.532969,0
2017-03-03,sh.600391,74.8854929000,76.5330943000,74.6041951000,75.4279958000,74.9658637000,5473660,206229255.0000,1.658035,1,0.616455,319.409968,7.163814,5.724081,-378.854132,0
2017-03-06,sh.600391,75.5083666000,76.5732797000,75.1667907000,76.4125381000,75.4279958000,6051237,228873357.0000,1.832990,1,1.305269,323.579145,7.257321,5.798796,-383.799218,0
2017-03-07,sh.600391,76.5531870000,76.6335578000,75.4681812000,75.8700352000,76.4125381000,3894537,146996389.0000,1.179700,1,-0.709967,321.281843,7.205797,5.757627,-381.074374,0
2017-03-08,sh.600391,76.0307768000,77.2363388000,75.8499425000,75.9102206000,75.8700352000,5854380,222730362.0000,1.773359,1,0.052967,321.452014,7.209614,5.760676,-381.276215,0
2017-03-09,sh.600391,75.4079031000,75.4279958000,74.2827119000,74.4434535000,75.9102206000,4533669,168830429.0000,1.373301,1,-1.932238,315.240792,7.070307,5.649366,-373.909046,0
2017-03-10,sh.600391,74.6443805000,74.8453075000,73.8004871000,73.8607652000,74.4434535000,3319867,122650120.0000,1.005626,1,-0.782729,312.773320,7.014965,5.605147,-370.982362,0
2017-03-13,sh.600391,73.9411360000,74.7247513000,73.9411360000,74.6242878000,73.8607652000,2935991,108761986.0000,0.889346,1,1.033735,316.006559,7.087481,5.663089,-374.817327,0
2017-03-14,sh.600391,75.0462345000,75.1466980000,74.4434535000,74.5439170000,74.6242878000,2920430,108617332.0000,0.884632,1,-0.107703,315.666218,7.079848,5.656990,-374.413647,0
2017-03-15,sh.600391,74.4032681000,74.8453075000,74.1621557000,74.3429900000,74.5439170000,2352250,87209331.0000,0.712524,1,-0.269538,314.815365,7.060765,5.641742,-373.404445,0
2017-03-16,sh.600391,74.3831754000,75.2270688000,74.3831754000,75.1466980000,74.3429900000,4254047,158434402.0000,1.288600,1,1.081085,318.218775,7.137098,5.702734,-377.441250,0
2017-03-17,sh.600391,75.2270688000,75.9102206000,74.5640097000,74.6644732000,75.1466980000,6158090,230816366.0000,1.865357,1,-0.641716,316.176729,7.091298,5.666139,-375.019167,0
2017-03-20,sh.600391,74.7046586000,74.7448440000,72.9164083000,73.6397455000,74.6644732000,4691552,172355916.0000,1.421125,1,-1.372439,311.837382,6.993974,5.588374,-369.872241,0
2017-03-21,sh.600391,73.7201163000,73.9210433000,73.1575207000,73.7803944000,73.6397455000,2964976,108453303.0000,0.898125,1,0.190995,312.432979,7.007332,5.599048,-370.578682,0
2017-03-22,sh.600391,73.3986331000,73.5794674000,72.4341835000,72.4944616000,73.7803944000,3781273,136788871.0000,1.145391,1,-1.742918,306.987524,6.885200,5.501461,-364.119794,0
2017-03-23,sh.600391,72.5748324000,73.1575207000,71.6706609000,72.8360375000,72.4944616000,3675763,132784096.0000,1.113431,1,0.471170,308.433973,6.917641,5.527382,-365.835436,0
2017-03-24,sh.600391,72.8963156000,72.9565937000,72.2332565000,72.8963156000,72.8360375000,2346609,84821431.0000,0.710815,1,0.082755,308.689229,6.923366,5.531957,-366.138197,0
2017-03-27,sh.600391,73.3383550000,73.6196528000,72.7958521000,73.3986331000,72.8963156000,3404633,124157936.0000,1.031303,1,0.689085,310.816359,6.971074,5.570077,-368.661200,0
2017-03-28,sh.600391,73.3383550000,73.6196528000,72.7154813000,73.0771499000,73.3986331000,2053922,74750421.0000,0.622157,1,-0.437996,309.454996,6.940541,5.545680,-367.046478,0
2017-03-29,sh.600391,73.1374280000,73.9009506000,72.6953886000,73.4990966000,73.0771499000,3335585,121825842.0000,1.010387,1,0.577407,311.241786,6.980616,5.577701,-369.165800,0
2017-03-30,sh.600391,73.4187258000,73.6397455000,71.6304755000,71.7108463000,73.4990966000,4030240,145399605.0000,1.220806,1,-2.433032,303.669200,6.810776,5.441994,-360.183910,0
2017-03-31,sh.600391,71.5501047000,73.0168718000,71.5501047000,72.0926076000,71.7108463000,3426153,123346151.0000,1.037821,1,0.532369,305.285819,6.847034,5.470965,-362.101392,0
2017-04-05,sh.600391,71.5501047000,72.7154813000,71.1482507000,72.5145543000,72.0926076000,3505075,125709974.0000,1.061728,1,0.585282,280.008994,6.871505,5.604554,-175.419337,0
2017-04-06,sh.600391,72.6351105000,72.6552032000,72.0323295000,72.1127003000,72.5145543000,2742931,98625629.0000,0.830865,1,-0.554172,278.457268,6.833426,5.573495,-174.447215,0
2017-04-07,sh.600391,72.1528857000,73.2981696000,72.1528857000,73.2378915000,72.1127003000,4288630,155630583.0000,1.299076,1,1.560327,282.802101,6.940049,5.660460,-177.169156,0
2017-04-10,sh.600391,73.4388185000,73.7402090000,72.5547397000,72.8360375000,73.2378915000,3816735,138820394.0000,1.156133,1,-0.548699,281.250375,6.901969,5.629401,-176.197034,0
2017-04-11,sh.600391,72.7355740000,78.2610665000,72.1327930000,77.8793052000,72.8360375000,22434824,852875328.0000,6.795767,1,6.924133,300.724539,7.379871,6.019189,-188.397160,0
2017-04-12,sh.600391,77.6582855000,78.7633840000,76.1111476000,76.4125381000,77.8793052000,13842307,531925376.0000,4.192995,1,-1.883384,295.060738,7.240880,5.905824,-184.848916,0
2017-04-13,sh.600391,76.0106841000,76.1513330000,74.9055856000,75.7494790000,76.4125381000,7748183,290992496.0000,2.347014,1,-0.867731,292.500390,7.178048,5.854577,-183.244915,0
2017-04-14,sh.600391,75.7293863000,76.8947629000,74.9658637000,75.0060491000,75.7494790000,6506058,245336562.0000,1.970760,1,-0.981429,289.629697,7.107600,5.797119,-181.446490,0
2017-04-17,sh.600391,74.9457710000,74.9457710000,71.9519587000,72.4944616000,75.0060491000,7712890,279764336.0000,2.336324,1,-3.348513,279.931408,6.869601,5.603001,-175.370731,0
2017-04-18,sh.600391,72.6552032000,73.1977061000,72.1327930000,72.1528857000,72.4944616000,3292898,118791621.0000,0.997457,1,-0.471181,278.612441,6.837234,5.576601,-174.544427,0
2017-04-19,sh.600391,72.4341835000,72.7958521000,71.3290850000,72.0926076000,72.1528857000,4304556,154093808.0000,1.303900,1,-0.083539,278.379682,6.831522,5.571943,-174.398609,0
2017-04-20,sh.600391,72.2332565000,72.8360375000,71.4295485000,72.3136273000,72.0926076000,3564750,128007563.0000,1.079804,1,0.306579,279.233131,6.852465,5.589025,-174.933276,0
2017-04-21,sh.600391,72.6752959000,72.8159448000,71.4295485000,71.5099193000,72.3136273000,2623600,93856035.0000,0.794719,1,-1.111424,276.129679,6.776306,5.526907,-172.989033,0
2017-04-24,sh.600391,71.6103828000,71.9318660000,68.5763851000,68.7773121000,71.5099193000,3987457,138650614.0000,1.207847,1,-3.821300,265.577940,6.517363,5.315708,-166.378606,0
2017-04-25,sh.600391,68.4558289000,69.5810201000,68.4558289000,69.2595369000,68.7773121000,2545641,87561511.0000,0.771104,1,0.701144,267.440012,6.563059,5.352978,-167.545152,0
2017-04-26,sh.600391,69.6212055000,69.8422252000,68.6366632000,68.7572194000,69.2595369000,2471927,85093269.0000,0.748775,1,-0.725268,265.500354,6.515459,5.314155,-166.330000,0
2017-04-27,sh.600391,68.8978683000,68.9179610000,64.2966400000,67.7726771000,68.7572194000,5928828,196847559.0000,1.795911,1,-1.431916,261.698625,6.422163,5.238061,-163.948302,0
2017-04-28,sh.600391,67.1096180000,68.0941603000,66.9287837000,67.6722136000,67.7726771000,2383528,80082397.0000,0.721998,1,-0.148234,279.485834,6.394899,5.408181,-125.279688,0
2017-05-02,sh.600391,67.6722136000,67.6722136000,66.3059100000,66.3661881000,67.6722136000,2802016,92943062.0000,0.848763,1,-1.929933,274.091957,6.271482,5.303807,-122.861880,0
2017-05-03,sh.600391,66.4867443000,68.2549019000,66.3862808000,67.8329552000,66.3661881000,4761266,159929093.0000,1.442242,1,2.210111,280.149696,6.410089,5.421027,-125.577265,0
2017-05-04,sh.600391,68.3151800000,68.3151800000,66.8685056000,66.9689691000,67.8329552000,3484779,116827088.0000,1.055580,1,-1.273686,276.581438,6.328444,5.351979,-123.977791,0
2017-05-05,sh.600391,67.5114720000,68.9782391000,65.5022020000,65.5423874000,66.9689691000,6649918,224255100.0000,2.014337,1,-2.130222,270.689665,6.193634,5.237971,-121.336800,0
2017-05-08,sh.600391,64.3167327000,64.7386794000,59.6351336000,59.7155044000,65.5423874000,7736678,237094454.0000,2.343529,1,-8.890250,246.624673,5.643005,4.772302,-110.549654,0
2017-05-09,sh.600391,59.2734650000,60.6598613000,59.2734650000,59.8561533000,59.7155044000,3775015,112387466.0000,1.143496,1,0.235537,247.205552,5.656296,4.783542,-110.810033,0
2017-05-10,sh.600391,60.0771730000,60.0771730000,54.3708462000,54.9937199000,59.8561533000,9941005,281699232.0000,3.011245,1,-8.123531,227.123731,5.196805,4.394950,-101.808345,0
2017-05-11,sh.600391,54.2502900000,54.9334418000,50.8144383000,54.0292703000,54.9937199000,8393321,221791305.0000,2.542434,1,-1.753750,223.140560,5.105666,4.317874,-100.022887,0
2017-05-12,sh.600391,53.4465820000,54.1699192000,51.9396295000,52.4218543000,54.0292703000,5286075,138711609.0000,1.601213,1,-2.975081,216.501942,4.953768,4.189413,-97.047122,0
2017-05-15,sh.600391,52.1606492000,53.1451915000,51.9798149000,52.1606492000,52.4218543000,2827180,73928420.0000,0.856385,1,-0.498279,215.423167,4.929085,4.168538,-96.563560,0
2017-05-16,sh.600391,52.1606492000,53.0447280000,50.2317500000,53.0246353000,52.1606492000,5229277,134466074.0000,1.584008,1,1.656396,218.991424,5.010730,4.237586,-98.163034,0
2017-05-17,sh.600391,53.2255623000,55.8577060000,53.0246353000,54.2101046000,53.0246353000,6694714,182449078.0000,2.027906,1,2.235696,223.887405,5.122755,4.332325,-100.357660,0
2017-05-18,sh.600391,53.3461185000,54.7526075000,53.3461185000,53.6073236000,54.2101046000,3318464,88894721.0000,1.005201,1,-1.111932,221.397923,5.065793,4.284153,-99.241748,0
2017-05-19,sh.600391,54.0694557000,54.4110316000,53.0246353000,53.5068601000,53.6073236000,2257211,60263599.0000,0.683735,1,-0.187411,220.983009,5.056299,4.276124,-99.055763,0
2017-05-22,sh.600391,53.4465820000,53.9890849000,51.8391660000,52.2209273000,53.5068601000,2731583,71796027.0000,0.827428,1,-2.403302,215.672115,4.934781,4.173356,-96.675151,0
2017-05-23,sh.600391,52.5022251000,52.6026886000,49.3677639000,49.3878566000,52.2209273000,4307046,108271440.0000,1.304654,1,-5.425163,203.971550,4.667061,3.946944,-91.430366,0
2017-05-24,sh.600391,49.1869296000,49.7495252000,47.0169180000,49.6088763000,49.3878566000,4845019,116839436.0000,1.467612,1,0.447521,204.884360,4.687947,3.964608,-91.839534,0
2017-05-25,sh.600391,49.6088763000,50.5331405000,48.4234070000,50.3723989000,49.6088763000,3519900,87104135.0000,1.066218,1,1.539081,208.037704,4.760099,4.025626,-93.253022,0
2017-05-26,sh.600391,50.2317500000,50.6135113000,49.9504522000,50.1111938000,50.3723989000,2462482,61575992.0000,0.745914,1,-0.518545,206.958928,4.735415,4.004751,-92.769460,0
2017-05-31,sh.600391,51.0555507000,51.3167558000,50.3322135000,50.3723989000,50.1111938000,3036437,76857049.0000,0.919772,1,0.521248,208.037704,4.760099,4.025626,-93.253022,0
2017-06-01,sh.600391,49.8298960000,50.2920281000,48.2224800000,48.3229435000,50.3723989000,2526232,61857668.0000,0.765225,1,-4.068610,199.573465,4.566429,3.861839,-89.458922,0
2017-06-02,sh.600391,48.3430362000,49.7294325000,46.8360837000,49.4481347000,48.3229435000,3368158,81464447.0000,1.020254,1,2.328488,204.220498,4.672757,3.951762,-91.541958,0
2017-06-05,sh.600391,49.4481347000,50.2518427000,49.0663734000,49.9504522000,49.4481347000,2267401,56439247.0000,0.686822,1,1.015847,206.295066,4.720225,3.991905,-92.471884,0
2017-06-06,sh.600391,50.1915646000,54.1699192000,49.9906376000,52.9442645000,49.9504522000,8062346,211951322.0000,2.442178,1,5.993563,218.659493,5.003135,4.231163,-98.014246,0
2017-06-07,sh.600391,52.8438010000,53.8484360000,52.3615762000,53.6073236000,52.9442645000,6556818,173687645.0000,1.986136,1,1.252372,221.397923,5.065793,4.284153,-99.241748,0
2017-06-08,sh.600391,53.2456550000,54.6119586000,52.9442645000,53.2657477000,53.6073236000,5190969,138709604.0000,1.572404,1,-0.637182,219.987217,5.033515,4.256855,-98.609398,0
2017-06-09,sh.600391,53.0447280000,54.2101046000,52.6629667000,53.4063966000,53.2657477000,3771455,99941258.0000,1.142417,1,0.264050,220.568096,5.046806,4.268095,-98.869778,0
2017-06-12,sh.600391,53.0447280000,53.3059331000,52.0200003000,52.3213908000,53.4063966000,3349905,87497335.0000,1.014725,1,-2.031599,216.087028,4.944275,4.181384,-96.861137,0
2017-06-13,sh.600391,52.3213908000,53.1853769000,52.0802784000,52.8438010000,52.3213908000,2705596,70932384.0000,0.819556,1,0.998457,218.244579,4.993641,4.223134,-97.828260,0
2017-06-14,sh.600391,52.8438010000,54.2502900000,52.4419470000,53.1451915000,52.8438010000,5304768,141312572.0000,1.606876,1,0.570348,219.489320,5.022122,4.247220,-98.386216,0
2017-06-15,sh.600391,53.0648207000,53.8484360000,52.9442645000,53.3863039000,53.1451915000,4736950,126197355.0000,1.434877,1,0.453682,220.485113,5.044907,4.266489,-98.832581,0
2017-06-16,sh.600391,53.3863039000,54.8329783000,53.0045426000,54.7124221000,53.3863039000,6349582,170875794.0000,1.923362,1,2.484004,225.961973,5.170223,4.372469,-101.287587,0
2017-06-19,sh.600391,55.2147396000,57.2039169000,54.7526075000,56.1390038000,54.7124221000,7933804,222060293.0000,2.403241,1,2.607422,231.853747,5.305032,4.486478,-103.928578,0
2017-06-20,sh.600391,56.1590965000,56.2796527000,55.3352958000,55.4357593000,56.1390038000,5082669,140897055.0000,1.539599,1,-1.252686,228.949352,5.238577,4.430276,-102.626681,0
2017-06-21,sh.600391,56.0184476000,56.5408578000,54.5717732000,55.1745542000,55.4357593000,5244858,144771610.0000,1.588728,1,-0.471189,227.870576,5.213893,4.409402,-102.143119,0
2017-06-22,sh.600391,54.9736272000,55.8577060000,53.6475090000,53.7278798000,55.1745542000,5664418,153977967.0000,1.715818,1,-2.621993,221.895820,5.077185,4.293787,-99.464931,0
2017-06-23,sh.600391,53.6475090000,54.5315878000,52.2611127000,53.7881579000,53.7278798000,4398546,116815222.0000,1.332370,1,0.112194,222.144768,5.082881,4.298605,-99.576522,0
2017-06-26,sh.600391,53.7881579000,54.5315878000,53.0447280000,54.4713097000,53.7881579000,3530818,94949773.0000,1.069526,1,1.270079,224.966181,5.147438,4.353200,-100.841222,0
2017-06-27,sh.600391,54.4512170000,55.5764082000,54.2301973000,54.9535345000,54.4713097000,5023514,137699365.0000,1.521680,1,0.885281,226.957766,5.193007,4.391738,-101.733951,0
2017-06-28,sh.600391,54.6521440000,54.6722367000,53.7479725000,53.8484360000,54.9535345000,3628744,97522169.0000,1.099188,1,-2.010973,222.393716,5.088578,4.303422,-99.688113,0
2017-06-29,sh.600391,53.8685287000,54.5315878000,53.7278798000,54.1297338000,53.8484360000,2369285,63752160.0000,0.717684,1,0.522393,223.555474,5.115160,4.325902,-100.208872,0
2017-06-30,sh.600391,53.7479725000,54.0292703000,53.0648207000,53.7881579000,54.1297338000,2174331,57997398.0000,0.658630,1,-0.631032,222.144768,5.082881,4.298605,-99.576522,0
2017-07-03,sh.600391,53.6876944000,53.9689922000,53.1451915000,53.8685287000,53.7881579000,1972997,52690807.0000,0.597644,1,0.149417,222.476699,5.090476,4.305028,-99.725310,0
2017-07-04,sh.600391,53.8283433000,54.9535345000,53.5671382000,54.8932564000,53.8685287000,4496810,121588018.0000,1.362136,1,1.902276,226.708818,5.187311,4.386921,-101.622360,0
2017-07-05,sh.600391,54.7727002000,55.1544615000,54.2502900000,54.9133491000,54.8932564000,3327967,90536796.0000,1.008080,1,0.036604,226.791801,5.189210,4.388527,-101.659557,0
2017-07-06,sh.600391,54.9133491000,55.0539980000,53.9288068000,54.7927929000,54.9133491000,3188715,86591628.0000,0.965899,1,-0.219537,226.293904,5.177818,4.378892,-101.436375,0
2017-07-07,sh.600391,54.7927929000,56.0184476000,54.4512170000,55.5161301000,54.7927929000,5824532,160452384.0000,1.764318,1,1.320127,229.281282,5.246172,4.436699,-102.775469,0
2017-07-10,sh.600391,56.1590965000,56.7618775000,54.8731637000,55.0138126000,55.5161301000,6191043,172161029.0000,1.875338,1,-0.904814,227.206714,5.198704,4.396556,-101.845542,0
2017-07-11,sh.600391,54.9736272000,55.8376133000,54.4713097000,54.8530710000,55.0138126000,4137743,113445744.0000,1.253370,1,-0.292184,226.542852,5.183514,4.383709,-101.547966,0
2017-07-12,sh.600391,54.8329783000,55.4156666000,53.2456550000,55.3553885000,54.8530710000,4849113,130966977.0000,1.468852,1,0.915751,228.617421,5.230982,4.423853,-102.477892,0
2017-07-13,sh.600391,55.2549250000,56.5408578000,54.6923294000,56.3600235000,55.3553885000,7193473,200230156.0000,2.178986,1,1.814882,232.766557,5.325918,4.504141,-104.337745,0
2017-07-14,sh.600391,56.1590965000,57.1637315000,55.7572425000,56.3600235000,56.3600235000,6835655,192298389.0000,2.070599,1,0.000000,232.766557,5.325918,4.504141,-104.337745,0
2017-07-17,sh.600391,56.1590965000,56.1791892000,50.9952726000,51.3569412000,56.3600235000,7493887,198640289.0000,2.269985,1,-8.877005,212.103857,4.853136,4.104308,-95.075678,0
2017-07-18,sh.600391,51.2363850000,52.2209273000,49.9705449000,51.7587952000,51.3569412000,4675990,119061410.0000,1.416411,1,0.782476,213.763512,4.891110,4.136423,-95.819619,0
2017-07-19,sh.600391,51.6985171000,52.6227813000,50.3322135000,52.2008346000,51.7587952000,4174012,108151350.0000,1.264356,1,0.854035,215.589132,4.932882,4.171750,-96.637954,0
2017-07-20,sh.600391,52.1405565000,52.8438010000,52.0802784000,52.6830594000,52.2008346000,4434792,115759982.0000,1.343350,1,0.923787,217.580718,4.978452,4.210288,-97.530684,0
2017-07-21,sh.600391,52.5424105000,53.4063966000,52.1204638000,52.6830594000,52.6830594000,3844554,100991433.0000,1.164560,1,0.000000,217.580718,4.978452,4.210288,-97.530684,0
2017-07-24,sh.600391,53.0447280000,54.4512170000,52.0400930000,54.4311243000,52.6830594000,7260758,193852142.0000,2.199367,1,3.318081,224.800215,5.143641,4.349989,-100.766828,0
2017-07-25,sh.600391,54.2502900000,54.9334418000,53.4666747000,53.7077871000,54.4311243000,5570938,149852777.0000,1.687501,1,-1.328906,221.812837,5.075287,4.292181,-99.427734,0
2017-07-26,sh.600391,53.7278798000,54.4713097000,53.3662112000,54.0895484000,53.7077871000,3850785,103324915.0000,1.166447,1,0.710814,223.389509,5.111362,4.322691,-100.134478,0
2017-07-27,sh.600391,54.2301973000,55.1343688000,53.2456550000,55.1142761000,54.0895484000,5653612,153081055.0000,1.712544,1,1.894503,227.621628,5.208197,4.404584,-102.031528,0
2017-07-28,sh.600391,54.9133491000,54.9937199000,54.3105681000,54.3909389000,55.1142761000,3820175,103782574.0000,1.157175,1,-1.312434,224.634250,5.139843,4.346777,-100.692434,0
2017-07-31,sh.600391,54.7325148000,54.7526075000,53.5470455000,53.6274163000,54.3909389000,4352842,116680200.0000,1.318526,1,-1.403765,221.480906,5.067692,4.285758,-99.278945,0
2017-08-01,sh.600391,53.6475090000,54.0091776000,52.6629667000,52.8237083000,53.6274163000,3815838,101214912.0000,1.155861,1,-1.498687,218.161597,4.991743,4.221528,-97.791063,0
2017-08-02,sh.600391,52.9040791000,53.0447280000,50.2317500000,51.0153653000,52.8237083000,6007692,154337431.0000,1.819799,1,-3.423361,210.693151,4.820858,4.077010,-94.443328,0
2017-08-03,sh.600391,50.7139748000,51.9195368000,50.6336040000,51.1761069000,51.0153653000,3112986,79456750.0000,0.942959,1,0.315084,211.357013,4.836047,4.089856,-94.740905,0
2017-08-04,sh.600391,51.4574047000,55.6366863000,51.4574047000,54.6119586000,51.1761069000,13508131,362650896.0000,4.091769,1,6.713785,225.547060,5.160729,4.364440,-101.101601,0
2017-08-07,sh.600391,54.4713097000,54.5516805000,53.3863039000,53.8886214000,54.6119586000,6438789,172627547.0000,1.950384,1,-1.324506,222.559681,5.092375,4.306633,-99.762507,0
2017-08-08,sh.600391,53.6876944000,54.5516805000,52.8237083000,53.9488995000,53.8886214000,5930854,158695263.0000,1.796524,1,0.111859,222.808630,5.098071,4.311451,-99.874098,0
2017-08-09,sh.600391,53.7680652000,53.8484360000,52.8638937000,53.0246353000,53.9488995000,3588140,95226754.0000,1.086889,1,-1.713225,218.991424,5.010730,4.237586,-98.163034,0
2017-08-10,sh.600391,52.9442645000,53.9288068000,52.8839864000,53.1451915000,53.0246353000,4102751,108980594.0000,1.242771,1,0.227364,219.489320,5.022122,4.247220,-98.386216,0
2017-08-11,sh.600391,52.9442645000,54.1699192000,52.0200003000,52.4218543000,53.1451915000,6545834,173596407.0000,1.982809,1,-1.361061,216.501942,4.953768,4.189413,-97.047122,0
2017-08-14,sh.600391,52.2812054000,52.9241718000,51.6382390000,52.8237083000,52.4218543000,3853394,100265119.0000,1.167238,1,0.766580,218.161597,4.991743,4.221528,-97.791063,0
2017-08-15,sh.600391,52.6428740000,53.5872309000,52.5022251000,53.2255623000,52.8237083000,3459641,91407739.0000,1.047965,1,0.760741,219.821251,5.029717,4.253643,-98.535004,0
2017-08-16,sh.600391,52.9643572000,54.0292703000,52.7634302000,53.7278798000,53.2255623000,4679232,124390862.0000,1.417393,1,0.943752,221.895820,5.077185,4.293787,-99.464931,0
2017-08-17,sh.600391,53.7479725000,55.2348323000,53.6475090000,54.4512170000,53.7278798000,8071640,219511219.0000,2.444993,1,1.346300,224.883198,5.145539,4.351594,-100.804025,0
2017-08-18,sh.600391,54.0091776000,54.6119586000,53.6676017000,53.8886214000,54.4512170000,4779017,128604567.0000,1.447619,1,-1.033213,222.559681,5.092375,4.306633,-99.762507,0
2017-08-21,sh.600391,53.6475090000,54.3105681000,53.3260258000,53.9488995000,53.8886214000,3560283,95244906.0000,1.078451,1,0.111859,222.808630,5.098071,4.311451,-99.874098,0
2017-08-22,sh.600391,53.8484360000,54.0493630000,52.7232448000,52.8237083000,53.9488995000,3443125,91431165.0000,1.042962,1,-2.085659,218.161597,4.991743,4.221528,-97.791063,0
2017-08-23,sh.600391,52.8036156000,53.2456550000,52.2812054000,52.6428740000,52.8237083000,2325361,61039102.0000,0.704379,1,-0.342336,217.414752,4.974654,4.207077,-97.456290,0
2017-08-24,sh.600391,52.4419470000,53.1652842000,52.4218543000,52.5022251000,52.6428740000,2340283,61372941.0000,0.708899,1,-0.267182,216.833873,4.961363,4.195836,-97.195910,0
2017-08-25,sh.600391,52.4419470000,53.0045426000,52.3615762000,52.7433375000,52.5022251000,2387235,62600804.0000,0.723121,1,0.459245,217.829666,4.984148,4.215105,-97.642275,0
2017-08-28,sh.600391,52.8036156000,53.7881579000,52.5625032000,53.6876944000,52.7433375000,3918972,104164585.0000,1.187102,1,1.790474,221.729854,5.073388,4.290576,-99.390537,0
2017-08-29,sh.600391,53.3461185000,53.5470455000,52.6227813000,52.7232448000,53.6876944000,3275874,86323453.0000,0.992300,1,-1.796406,217.746683,4.982249,4.213500,-97.605078,0
2017-08-30,sh.600391,52.8036156000,53.5872309000,52.6026886000,53.5269528000,52.7232448000,2585073,68210054.0000,0.783048,1,1.524389,221.065992,5.058198,4.277730,-99.092960,0
2017-08-31,sh.600391,53.3863039000,53.7278798000,52.9643572000,53.5671382000,53.5269528000,3269869,86866348.0000,0.990481,1,0.075077,228.601503,4.987355,4.281483,-2795.337330,0
2017-09-01,sh.600391,53.3260258000,53.5671382000,52.9844499000,53.1451915000,53.5671382000,2682011,70986681.0000,0.812412,1,-0.787693,226.800816,4.948069,4.247758,-2773.318544,0
2017-09-04,sh.600391,53.8685287000,55.8577060000,53.8484360000,55.1745542000,53.1451915000,12448196,341095856.0000,3.770702,1,3.818519,235.461263,5.137013,4.409959,-2879.218420,0
2017-09-05,sh.600391,54.7927929000,54.9334418000,54.3306608000,54.6923294000,55.1745542000,5676522,154208060.0000,1.719484,1,-0.873998,233.403335,5.092115,4.371416,-2854.054093,0
2017-09-06,sh.600391,54.4512170000,56.9226191000,54.4110316000,56.9025264000,54.6923294000,14463620,403738960.0000,4.381198,1,4.041148,242.835505,5.297895,4.548072,-2969.390592,0
2017-09-07,sh.600391,56.7618775000,57.5454928000,56.2193746000,56.4002089000,56.9025264000,13171104,372614560.0000,3.989680,1,-0.882768,240.691830,5.251127,4.507923,-2943.177752,0
2017-09-08,sh.600391,56.2394673000,57.1838242000,55.6567790000,56.1390038000,56.4002089000,7772801,218441090.0000,2.354471,1,-0.463125,239.577119,5.226807,4.487045,-2929.547074,0
2017-09-11,sh.600391,56.0586330000,57.6258636000,55.1745542000,57.0230826000,56.1390038000,8270987,233405112.0000,2.505378,1,1.574798,243.349987,5.309119,4.557707,-2975.681674,0
2017-09-12,sh.600391,56.9628045000,56.9828972000,55.6768717000,55.7773352000,57.0230826000,6150231,172279045.0000,1.862976,1,-2.184633,238.033673,5.193134,4.458138,-2910.673829,0
2017-09-13,sh.600391,55.9380768000,56.9828972000,55.7371498000,55.8175206000,55.7773352000,4514825,126464148.0000,1.367593,1,0.072048,238.205167,5.196876,4.461350,-2912.770856,0
2017-09-14,sh.600391,55.7773352000,55.9581695000,54.6722367000,55.0339053000,55.8175206000,5593080,153479878.0000,1.694209,1,-1.403892,234.861034,5.123918,4.398718,-2871.878825,0
2017-09-15,sh.600391,55.2348323000,56.0586330000,55.0941834000,55.4759447000,55.0339053000,5404981,149752591.0000,1.637231,1,0.803217,236.747468,5.165074,4.434049,-2894.946125,0
2017-09-18,sh.600391,55.2549250000,55.6567790000,55.0138126000,55.4759447000,55.4759447000,3939834,108365495.0000,1.193421,1,0.000000,236.747468,5.165074,4.434049,-2894.946125,0
2017-09-19,sh.600391,55.5362228000,55.7773352000,55.1946469000,55.4759447000,55.4759447000,3104044,85752401.0000,0.940251,1,0.000000,236.747468,5.165074,4.434049,-2894.946125,0
2017-09-20,sh.600391,55.5161301000,56.4604870000,55.4558520000,56.3801162000,55.4759447000,6770870,188362164.0000,2.050975,1,1.629840,240.606083,5.249256,4.506317,-2942.129238,0
2017-09-21,sh.600391,56.0184476000,56.3801162000,55.2750177000,55.3955739000,56.3801162000,4576101,127446771.0000,1.386154,1,-1.746257,236.404480,5.157591,4.427625,-2890.752070,0
2017-09-22,sh.600391,55.2549250000,55.6366863000,54.5315878000,55.1343688000,55.3955739000,3468175,94865001.0000,1.050550,1,-0.471524,235.289769,5.133271,4.406747,-2877.121393,0
2017-09-25,sh.600391,55.4357593000,55.7974279000,54.5717732000,54.7124221000,55.1343688000,2601907,71533380.0000,0.788148,1,-0.765310,233.489082,5.093986,4.373022,-2855.102607,0
2017-09-26,sh.600391,54.5516805000,55.4357593000,54.2904754000,54.9736272000,54.7124221000,2165929,59128865.0000,0.656085,1,0.477419,234.603793,5.118305,4.393900,-2868.733284,0
2017-09-27,sh.600391,55.0539980000,56.8623410000,55.0539980000,56.4203016000,54.9736272000,7761704,217663380.0000,2.351110,1,2.631576,240.777577,5.252998,4.509529,-2944.226265,0
2017-09-28,sh.600391,56.0586330000,57.5856782000,55.7572425000,57.1235461000,56.4203016000,9668066,273751935.0000,2.928569,1,1.246440,243.778722,5.318473,4.565737,-2980.924242,0
2017-09-29,sh.600391,57.1235461000,57.6459563000,56.8221556000,56.9427118000,57.1235461000,6624355,188253461.0000,2.006594,1,-0.316568,243.006999,5.301637,4.551284,-2971.487620,0
2017-10-09,sh.600391,57.0632680000,57.5655855000,56.6212286000,56.9427118000,56.9427118000,6497703,184522927.0000,1.968229,1,0.000000,243.006999,5.301637,4.551284,-2971.487620,0
2017-10-10,sh.600391,56.9828972000,57.6258636000,56.5810432000,57.5856782000,56.9427118000,6284311,178527282.0000,1.903590,1,1.129145,245.750903,5.361500,4.602674,-3005.040056,0
2017-10-11,sh.600391,57.4651220000,57.8669760000,56.8221556000,56.9226191000,57.5856782000,5855356,166986505.0000,1.773655,1,-1.151430,242.921252,5.299766,4.549678,-2970.439106,0
2017-10-12,sh.600391,56.7618775000,59.1529088000,56.6212286000,57.8267906000,56.9226191000,12244809,353174049.0000,3.709094,1,1.588425,246.779867,5.383948,4.621946,-3017.622219,0
2017-10-13,sh.600391,57.3646585000,57.5655855000,56.7819702000,57.2641950000,57.8267906000,5369700,152954924.0000,1.626544,1,-0.972900,244.378951,5.331568,4.576979,-2988.263838,0
2017-10-16,sh.600391,57.2641950000,58.8113329000,56.4604870000,56.5609505000,57.2641950000,8676863,249090087.0000,2.628322,1,-1.228071,241.377806,5.266093,4.520770,-2951.565861,0
2017-10-17,sh.600391,56.2595600000,56.7216921000,55.5764082000,56.3399308000,56.5609505000,5942107,165838646.0000,1.799933,1,-0.390759,240.434589,5.245515,4.503105,-2940.032211,0
2017-10-18,sh.600391,56.3399308000,56.4805797000,55.0138126000,55.0539980000,56.3399308000,4656512,129240691.0000,1.410511,1,-2.282458,234.946781,5.125788,4.400324,-2872.927339,0
2017-10-19,sh.600391,54.8731637000,55.2951104000,53.2657477000,53.5671382000,55.0539980000,4934500,132964442.0000,1.494717,1,-2.700729,228.601503,4.987355,4.281483,-2795.337330,0
2017-10-20,sh.600391,53.4465820000,54.2904754000,53.4465820000,54.2101046000,53.5671382000,1851143,49606739.0000,0.560733,1,1.200299,231.345407,5.047218,4.332873,-2828.889766,0
2017-10-23,sh.600391,54.3507535000,54.6923294000,53.7479725000,53.8082506000,54.2101046000,1925880,51793653.0000,0.583371,1,-0.741286,229.630467,5.009803,4.300754,-2807.919494,0
2017-10-24,sh.600391,54.2101046000,54.6923294000,53.6876944000,53.9890849000,53.8082506000,3002107,81115950.0000,0.909373,1,0.336072,230.402190,5.026640,4.315208,-2817.356116,0
2017-10-25,sh.600391,54.0694557000,54.2101046000,53.2054696000,53.8283433000,53.9890849000,3225101,86091054.0000,0.976920,1,-0.297729,229.716214,5.011674,4.302360,-2808.968007,0
2017-10-26,sh.600391,53.8484360000,54.3909389000,53.6274163000,54.1699192000,53.8283433000,2358314,63386560.0000,0.714361,1,0.634558,231.173913,5.043476,4.329661,-2826.792739,0
2017-10-27,sh.600391,54.3306608000,54.4110316000,52.4620397000,52.5625032000,54.1699192000,4591413,121777036.0000,1.390792,1,-2.967356,224.314153,4.893818,4.201185,-2742.911649,0
2017-10-30,sh.600391,52.2209273000,52.2209273000,49.8499887000,50.1915646000,52.5625032000,5701320,143661650.0000,1.726996,1,-4.510705,323.469900,4.680927,4.345376,-116.440626,0
2017-10-31,sh.600391,50.2518427000,50.5532332000,49.4682274000,50.1111938000,50.1915646000,2751986,68397224.0000,0.833608,1,-0.160124,322.951933,4.673431,4.338417,-116.254172,0
2017-11-01,sh.600391,50.1312865000,50.3322135000,49.6892471000,50.2116573000,50.1111938000,1919012,47856950.0000,0.581291,1,0.200478,323.599391,4.682800,4.347115,-116.487240,0
2017-11-02,sh.600391,50.2317500000,50.2317500000,49.2271150000,49.2271150000,50.2116573000,2103461,51765907.0000,0.637163,1,-1.960783,317.254305,4.590981,4.261877,-114.203176,0
2017-11-03,sh.600391,49.2472077000,49.9303595000,48.6042413000,48.9257245000,49.2271150000,2499731,61245536.0000,0.757197,1,-0.612243,315.311932,4.562873,4.235784,-113.503973,0
2017-11-06,sh.600391,49.0261880000,49.6490617000,49.0261880000,49.5485982000,48.9257245000,1692569,41642874.0000,0.512699,1,1.273098,319.326170,4.620963,4.289710,-114.948993,0
2017-11-07,sh.600391,49.5485982000,49.8298960000,49.0663734000,49.5285055000,49.5485982000,2750982,67705801.0000,0.833304,1,-0.040552,319.196678,4.619089,4.287971,-114.902379,0
2017-11-08,sh.600391,49.4883201000,50.0107303000,49.3074858000,49.7495252000,49.5285055000,2378418,58888595.0000,0.720450,1,0.446250,320.621085,4.639701,4.307106,-115.415128,0
2017-11-09,sh.600391,49.7495252000,50.0710084000,49.5485982000,49.9705449000,49.7495252000,2053853,50990673.0000,0.622136,1,0.444267,322.045493,4.660314,4.326241,-115.927877,0
2017-11-10,sh.600391,50.1513792000,50.1513792000,49.1266515000,49.2271150000,49.9705449000,2430823,59924789.0000,0.736324,1,-1.487740,317.254305,4.590981,4.261877,-114.203176,0
2017-11-13,sh.600391,48.8252610000,49.4280420000,48.6042413000,48.9056318000,49.2271150000,2497823,60828765.0000,0.756619,1,-0.653061,315.182440,4.560999,4.234045,-113.457360,0
2017-11-14,sh.600391,48.8855391000,50.0911011000,48.8654464000,49.5887836000,48.9056318000,3538465,87305718.0000,1.071842,1,1.396878,319.585153,4.624710,4.293189,-115.042220,0
2017-11-15,sh.600391,49.5887836000,49.5887836000,48.4234070000,48.4836851000,49.5887836000,2440819,59259893.0000,0.739352,1,-2.228530,312.463118,4.521648,4.197514,-112.478475,0
2017-11-16,sh.600391,48.4234070000,48.7649829000,47.3384012000,47.4790501000,48.4836851000,2517645,60285075.0000,0.762624,1,-2.072109,305.988540,4.427954,4.110537,-110.147798,0
2017-11-17,sh.600391,47.4790501000,47.7201625000,44.9473699000,45.1081115000,47.4790501000,5137743,117950339.0000,1.556282,1,-4.993646,290.708537,4.206838,3.905271,-104.647400,0
2017-11-20,sh.600391,44.7263502000,44.9875553000,44.0030130000,44.8870918000,45.1081115000,2809042,62139011.0000,0.850891,1,-0.489980,289.284130,4.186225,3.886136,-104.134651,0
2017-11-21,sh.600391,44.8870918000,45.5501509000,44.1235692000,44.4450524000,44.8870918000,2547125,56616956.0000,0.771554,1,-0.984778,286.435315,4.145000,3.847867,-103.109153,0
2017-11-22,sh.600391,44.6459794000,46.6753421000,44.2843108000,46.1529319000,44.4450524000,5476741,124695042.0000,1.658968,1,3.842669,297.442097,4.304279,3.995728,-107.071304,0
2017-11-23,sh.600391,46.0323757000,46.5748786000,44.3044035000,44.3445889000,46.1529319000,3226545,72892338.0000,0.977358,1,-3.918153,285.787858,4.135630,3.839169,-102.876086,0
2017-11-24,sh.600391,44.0833838000,44.6660721000,43.9427349000,44.2039400000,44.3445889000,1936268,42710888.0000,0.586518,1,-0.317171,284.881417,4.122513,3.826992,-102.549791,0
2017-11-27,sh.600391,44.2240327000,44.9674626000,43.3399539000,43.7819933000,44.2039400000,2077319,45619793.0000,0.629244,1,-0.954541,282.162094,4.083162,3.790462,-101.570907,0
2017-11-28,sh.600391,43.2997685000,44.3044035000,43.2997685000,44.2240327000,43.7819933000,1243571,27225171.0000,0.376692,1,1.009634,285.010908,4.124387,3.828732,-102.596404,0
2017-11-29,sh.600391,44.2039400000,44.2039400000,43.6614371000,44.0833838000,44.2240327000,1494326,32667641.0000,0.452649,1,-0.318036,284.104467,4.111270,3.816555,-102.270110,0
2017-11-30,sh.600391,44.1838473000,45.1884823000,43.9427349000,44.3847743000,44.0833838000,2137865,47497100.0000,0.647584,1,0.683681,286.046841,4.139378,3.842648,-102.969313,0
2017-12-01,sh.600391,44.4048670000,44.8067210000,43.8422714000,44.4852378000,44.3847743000,1595197,35227008.0000,0.483204,1,0.226343,286.694299,4.148748,3.851346,-103.202381,0
2017-12-04,sh.600391,44.5455159000,44.8067210000,43.6413444000,43.6815298000,44.4852378000,2121770,46793879.0000,0.642709,1,-1.806683,281.514636,4.073793,3.781764,-101.337839,0
2017-12-05,sh.600391,44.0833838000,44.9272772000,42.4960605000,42.7572656000,43.6815298000,3106962,67824101.0000,0.941135,1,-2.115911,275.558025,3.987595,3.701745,-99.193616,0
2017-12-06,sh.600391,42.4357824000,43.1189342000,42.3152262000,43.0787488000,42.7572656000,2177634,46259533.0000,0.659631,1,0.751879,277.629890,4.017577,3.729578,-99.939433,0
2017-12-07,sh.600391,42.9983780000,44.5656086000,42.9380999000,43.9226422000,43.0787488000,3947808,86503968.0000,1.195837,1,1.958955,283.068535,4.096279,3.802638,-101.897201,0
2017-12-08,sh.600391,43.7016225000,44.3044035000,43.4404174000,44.1235692000,43.9226422000,2368425,51818519.0000,0.717423,1,0.457450,284.363451,4.115018,3.820034,-102.363337,0
2017-12-11,sh.600391,44.1436619000,44.4852378000,44.0030130000,44.3646816000,44.1235692000,1803287,39674386.0000,0.546236,1,0.546452,285.917349,4.137504,3.840908,-102.922699,0
2017-12-12,sh.600391,44.2843108000,44.3044035000,43.2193977000,43.2394904000,44.3646816000,1999378,43494912.0000,0.605635,1,-2.536229,278.665822,4.032568,3.743494,-100.312341,0
2017-12-13,sh.600391,43.5006955000,44.0231057000,43.2796758000,44.0030130000,43.2394904000,1562035,34036260.0000,0.473158,1,1.765795,283.586501,4.103775,3.809597,-102.083656,0
2017-12-14,sh.600391,43.9427349000,44.2039400000,43.6614371000,44.1034765000,44.0030130000,1722006,37698808.0000,0.521616,1,0.228316,284.233959,4.113144,3.818294,-102.316723,0
2017-12-15,sh.600391,44.1034765000,44.3646816000,43.7016225000,44.3044035000,44.1034765000,2319613,50826757.0000,0.702638,1,0.455574,285.528875,4.131883,3.835690,-102.782859,0
2017-12-18,sh.600391,44.2642181000,44.3044035000,43.5609736000,43.7016225000,44.3044035000,2020693,44072079.0000,0.612091,1,-1.360541,281.644128,4.075667,3.783503,-101.384452,0
2017-12-19,sh.600391,43.7016225000,43.9628276000,43.4203247000,43.5609736000,43.7016225000,1551284,33711676.0000,0.469902,1,-0.321838,280.737687,4.062550,3.771327,-101.058158,0
2017-12-20,sh.600391,43.5006955000,43.6212517000,42.2951335000,42.3554116000,43.5609736000,2290999,48772275.0000,0.693970,1,-2.767529,272.968194,3.950117,3.666954,-98.261345,0
2017-12-21,sh.600391,42.2549481000,42.5161532000,40.7881810000,41.5717963000,42.3554116000,3327465,68933697.0000,1.007928,1,-1.850092,267.918023,3.877036,3.599112,-96.443417,0
2017-12-22,sh.600391,41.5717963000,41.5918890000,40.8082737000,41.1498496000,41.5717963000,2268020,46394937.0000,0.687009,1,-1.014988,265.198701,3.837685,3.562582,-95.464533,0
2017-12-25,sh.600391,41.1498496000,41.1699423000,39.2812285000,39.5223409000,41.1498496000,3807588,75738497.0000,1.153362,1,-3.955076,254.709885,3.685902,3.421679,-91.688836,0
2017-12-26,sh.600391,39.6027117000,39.9041022000,39.3214139000,39.7634533000,39.5223409000,2157626,42617961.0000,0.653570,1,0.610070,256.263784,3.708388,3.442553,-92.248198,0
2017-12-27,sh.600391,39.7835460000,39.9442876000,39.5424336000,39.5826190000,39.7634533000,1742099,34412924.0000,0.527702,1,-0.454776,255.098360,3.691523,3.426897,-91.828676,0
2017-12-28,sh.600391,39.5223409000,39.8639168000,39.3816920000,39.5223409000,39.5826190000,2053911,40530324.0000,0.622153,1,-0.152288,254.709885,3.685902,3.421679,-91.688836,0
2017-12-29,sh.600391,39.7835460000,39.7835460000,39.1003942000,39.6027117000,39.5223409000,2304162,45205890.0000,0.697957,1,0.203350,255.227851,3.693397,3.428637,-91.875290,0
2018-01-02,sh.600391,39.7835460000,40.0849365000,39.6228044000,39.9442876000,39.6027117000,2193539,43494724.0000,0.664448,1,0.862507,257.429208,3.725253,3.458209,-92.667720,0
2018-01-03,sh.600391,39.9643803000,41.2503131000,39.9442876000,41.1297569000,39.9442876000,3791427,76930541.0000,1.148467,1,2.967808,265.069209,3.835811,3.560842,-95.417919,0
2018-01-04,sh.600391,40.9489226000,41.3909620000,40.6877175000,41.0092007000,41.1297569000,2594108,52903384.0000,0.785785,1,-0.293109,264.292260,3.824568,3.550405,-95.138238,0
2018-01-05,sh.600391,40.7078102000,41.3909620000,40.5470686000,41.3306839000,41.0092007000,2756909,56162928.0000,0.835100,1,0.783929,266.364125,3.854550,3.578238,-95.884055,0
2018-01-08,sh.600391,41.4713328000,41.5316109000,40.7680883000,40.8685518000,41.3306839000,2358900,48063222.0000,0.714538,1,-1.118131,263.385819,3.811451,3.538228,-94.811943,0
2018-01-09,sh.600391,40.8685518000,41.6923525000,40.5872540000,41.6722598000,40.8685518000,3798050,77937372.0000,1.150473,1,1.966566,268.565481,3.886406,3.607810,-96.676485,0
2018-01-10,sh.600391,41.6923525000,41.9535576000,40.6073467000,40.8685518000,41.6722598000,4019701,82573886.0000,1.217614,1,-1.928638,263.385819,3.811451,3.538228,-94.811943,0
2018-01-11,sh.600391,40.3662343000,40.8082737000,39.8036387000,40.7279029000,40.8685518000,2844214,56994813.0000,0.861545,1,-0.344148,262.479378,3.798334,3.526051,-94.485648,0
2018-01-12,sh.600391,40.6877175000,40.6877175000,39.8036387000,39.8438241000,40.7279029000,2027107,40532958.0000,0.614034,1,-2.170698,256.781750,3.715884,3.449511,-92.434652,0
2018-01-15,sh.600391,39.8438241000,39.8438241000,37.5733490000,37.5934417000,39.8438241000,4030636,77303294.0000,1.220926,1,-5.648013,242.278696,3.506010,3.254683,-87.213936,0
2018-01-16,sh.600391,37.5331636000,37.7340906000,36.9705680000,37.2719585000,37.5934417000,2976088,55250175.0000,0.901491,1,-0.855157,240.206831,3.476028,3.226850,-86.468119,0
2018-01-17,sh.600391,36.9705680000,37.9551103000,36.4481578000,37.6738125000,37.2719585000,3015927,55894469.0000,0.913559,1,1.078171,242.796662,3.513506,3.261641,-87.400390,0
2018-01-18,sh.600391,37.5733490000,37.7340906000,37.1112169000,37.3121439000,37.6738125000,1824339,33909085.0000,0.552613,1,-0.960002,240.465814,3.479776,3.230329,-86.561346,0
2018-01-19,sh.600391,37.4126074000,38.7186329000,37.4126074000,37.7742760000,37.3121439000,3510408,66632886.0000,1.063343,1,1.238554,243.444120,3.522875,3.270339,-87.633458,0
2018-01-22,sh.600391,37.6537198000,37.8948322000,36.9303826000,37.7541833000,37.7742760000,2718553,50508607.0000,0.823481,1,-0.053183,243.314628,3.521001,3.268599,-87.586844,0
2018-01-23,sh.600391,37.8345541000,38.3368716000,37.5331636000,37.8546468000,37.7541833000,2422463,45673573.0000,0.733792,1,0.266095,243.962086,3.530371,3.277297,-87.819912,0
2018-01-24,sh.600391,37.8747395000,38.3368716000,37.3322366000,38.1962227000,37.8546468000,3233422,60915039.0000,0.979441,1,0.902336,246.163442,3.562226,3.306869,-88.612342,0
2018-01-25,sh.600391,37.8948322000,39.9241949000,37.8948322000,38.8994672000,38.1962227000,5749986,111748698.0000,1.741737,1,1.841138,250.695647,3.627812,3.367753,-90.243816,0
2018-01-26,sh.600391,38.5980767000,39.1405796000,38.4775205000,38.8190964000,38.8994672000,2578379,49716519.0000,0.781021,1,-0.206616,250.177681,3.620316,3.360795,-90.057362,0
2018-01-29,sh.600391,38.8391891000,39.4419701000,37.5733490000,37.7139979000,38.8190964000,3650869,69629771.0000,1.105890,1,-2.846787,243.055645,3.517253,3.265120,-87.493617,0
2018-01-30,sh.600391,37.6738125000,38.0957592000,37.5733490000,37.6939052000,37.7139979000,1473001,27670785.0000,0.446189,1,-0.053278,242.926154,3.515380,3.263380,-87.447004,0
2018-01-31,sh.600391,37.6939052000,37.6939052000,36.0061184000,36.1467673000,37.6939052000,3279657,59822255.0000,0.993446,1,-4.104480,232.955304,3.371092,3.129436,-83.857761,0
2018-02-01,sh.600391,36.1668600000,36.2874162000,32.5300813000,33.0926769000,36.1467673000,4326037,73883581.0000,1.310407,1,-8.449141,213.272588,3.086263,2.865025,-76.772503,0
2018-02-02,sh.600391,32.9520280000,33.2735112000,31.8268368000,32.7711937000,33.0926769000,2990992,48597029.0000,0.906006,1,-0.971462,211.200723,3.056282,2.837193,-76.026686,0
2018-02-05,sh.600391,31.9473930000,33.0725842000,31.9473930000,32.6707302000,32.7711937000,1834260,29781064.0000,0.555619,1,-0.306556,210.553265,3.046912,2.828495,-75.793618,0
2018-02-06,sh.600391,31.9875784000,32.2889689000,29.3956201000,29.3956201000,32.6707302000,5486299,83351803.0000,1.661863,1,-10.024600,189.446142,2.741471,2.544950,-68.195611,0
2018-02-07,sh.600391,29.9381230000,30.3399770000,27.8082968000,29.3353420000,29.3956201000,4635770,67396743.0000,1.404228,1,-0.205056,189.057668,2.735850,2.539731,-68.055770,0
2018-02-08,sh.600391,29.2750639000,30.7418310000,29.1344150000,30.3198843000,29.3353420000,3762112,56517469.0000,1.139587,1,3.356163,195.402754,2.827669,2.624969,-70.339834,0
2018-02-09,sh.600391,29.3353420000,30.1189573000,27.5269990000,28.7325610000,30.3198843000,5103648,73491354.0000,1.545954,1,-5.235255,185.172921,2.679634,2.487545,-66.657364,0
2018-02-12,sh.600391,29.2348785000,30.0787719000,28.8933026000,29.9984011000,28.7325610000,3804826,55861998.0000,1.152526,1,4.405595,193.330889,2.797687,2.597136,-69.594017,0
2018-02-13,sh.600391,29.9783084000,30.9226653000,29.5563617000,29.5965471000,29.9984011000,4079179,61335104.0000,1.235630,1,-1.339590,190.741058,2.760210,2.562345,-68.661746,0
2018-02-14,sh.600391,29.4759909000,29.7974741000,29.2147858000,29.4358055000,29.5965471000,2421558,35478819.0000,0.733518,1,-0.543109,189.705125,2.745219,2.548429,-68.288838,0
2018-02-22,sh.600391,29.6769179000,30.3198843000,29.5563617000,30.1390500000,29.4358055000,3083241,46012560.0000,0.933949,1,2.389081,194.237330,2.810805,2.609313,-69.920312,0
2018-02-23,sh.600391,30.1993281000,31.0432215000,29.8979376000,30.2596062000,30.1390500000,3616346,54590096.0000,1.095433,1,0.400003,195.014279,2.822048,2.619750,-70.199993,0
2018-02-26,sh.600391,30.4605332000,31.7665587000,30.3801624000,31.4450755000,30.2596062000,5136185,79581165.0000,1.555810,1,3.917657,202.654281,2.932606,2.722383,-72.950192,0
2018-02-27,sh.600391,31.2441485000,34.5996294000,30.9628507000,34.5996294000,31.4450755000,12254718,202954894.0000,3.712096,1,10.031950,222.984454,3.226804,2.995491,-80.268518,0
2018-02-28,sh.600391,35.0416688000,37.9752030000,34.5192586000,36.0262111000,34.5996294000,21813323,391188009.0000,6.607508,1,4.123118,232.178355,3.359848,3.118999,-83.578080,0
2018-03-01,sh.600391,35.5640790000,36.9303826000,34.6800002000,36.1266746000,36.0262111000,14907421,264338553.0000,4.515630,1,0.278858,232.825812,3.369218,3.127696,-83.811147,0
2018-03-02,sh.600391,35.3631520000,36.0061184000,35.0617615000,35.4033374000,36.1266746000,8316237,146602773.0000,2.519084,1,-2.002218,228.164117,3.301758,3.065073,-82.133060,0
2018-03-05,sh.600391,35.9659330000,36.3276016000,34.8608345000,35.6042644000,35.4033374000,8004913,141758725.0000,2.424781,1,0.567528,229.459032,3.320497,3.082468,-82.599195,0
2018-03-06,sh.600391,35.5038009000,36.7696410000,35.0416688000,36.1668600000,35.6042644000,11301845,202625820.0000,3.423459,1,1.580139,233.084796,3.372965,3.131175,-83.904374,0
2018-03-07,sh.600391,35.8051914000,36.4682505000,35.1823177000,35.6243571000,36.1668600000,6882463,122456960.0000,2.084778,1,-1.500003,229.588524,3.322371,3.084208,-82.645809,0
2018-03-08,sh.600391,35.2626885000,36.5084359000,35.2626885000,36.4682505000,35.6243571000,7142161,127442226.0000,2.163443,1,2.368867,235.027169,3.401074,3.157268,-84.603578,0
2018-03-09,sh.600391,36.5084359000,40.1251219000,36.0061184000,39.3415066000,36.4682505000,19764217,379006789.0000,5.986810,1,7.878790,253.544461,3.669037,3.406023,-91.269314,0
2018-03-12,sh.600391,38.7789110000,40.4867905000,38.5779840000,40.0648438000,39.3415066000,15752426,309821338.0000,4.771592,1,1.838614,258.206157,3.736496,3.468646,-92.947401,0
2018-03-13,sh.600391,39.7433606000,40.4867905000,38.6382621000,38.6784475000,40.0648438000,9622126,188805554.0000,2.914653,1,-3.460384,249.271240,3.607199,3.348618,-89.731067,0
2018-03-14,sh.600391,38.3167789000,38.5177059000,37.3523293000,37.8144614000,38.6784475000,8497538,160041193.0000,2.574002,1,-2.233768,243.703103,3.526623,3.273818,-87.726685,0
2018-03-15,sh.600391,37.5934417000,39.3816920000,37.4527928000,38.6382621000,37.8144614000,10911106,210151065.0000,3.305100,1,2.178533,249.012257,3.603451,3.345139,-89.637840,0
2018-03-16,sh.600391,38.1158519000,38.9195599000,37.9752030000,37.9952957000,38.6382621000,5264161,100547383.0000,1.594575,1,-1.664065,244.868527,3.543488,3.289474,-88.146207,0
2018-03-19,sh.600391,38.1761300000,39.2611358000,38.0756665000,38.5377986000,37.9952957000,6468394,124808039.0000,1.959351,1,1.427818,248.364799,3.594082,3.336441,-89.404772,0
2018-03-20,sh.600391,38.3770570000,39.7433606000,37.3724220000,39.6228044000,38.5377986000,9277157,178478513.0000,2.810158,1,2.815428,255.357343,3.695271,3.430376,-91.921904,0
2018-03-21,sh.600391,39.5625263000,41.3306839000,39.2410431000,39.5625263000,39.6228044000,15950772,319234887.0000,4.831673,1,-0.152124,254.968868,3.689649,3.425158,-91.782063,0
2018-03-22,sh.600391,39.3415066000,39.9844730000,38.5578913000,38.8592818000,39.5625263000,7535538,146912011.0000,2.282602,1,-1.777554,250.436664,3.624064,3.364274,-90.150589,0
2018-03-23,sh.600391,37.1915877000,38.3368716000,35.2024104000,35.9257476000,38.8592818000,12711663,233429761.0000,3.850510,1,-7.549126,231.530897,3.350479,3.110301,-83.345012,0
2018-03-26,sh.600391,35.1622250000,37.7742760000,35.1622250000,37.6738125000,35.9257476000,9522173,173890982.0000,2.884376,1,4.865777,242.796662,3.513506,3.261641,-87.400390,0
2018-03-27,sh.600391,38.4976132000,39.5022482000,37.7742760000,39.1003942000,37.6738125000,11823998,227853689.0000,3.581626,1,3.786662,251.990562,3.646550,3.385148,-90.709951,0
2018-03-28,sh.600391,38.5377986000,40.0246584000,38.4373351000,38.9396526000,39.1003942000,12075183,236213155.0000,3.657712,1,-0.411099,250.954630,3.631560,3.371232,-90.337043,0
2018-03-29,sh.600391,39.2812285000,39.8840095000,38.3167789000,39.1204869000,38.9396526000,7317393,142123801.0000,2.216523,1,0.464397,252.120054,3.648424,3.386888,-90.756565,0
2018-03-30,sh.600391,39.3415066000,41.0292934000,39.1405796000,40.3863270000,39.1204869000,13109201,262653389.0000,3.970928,1,3.235753,260.278022,3.766478,3.496479,-93.693218,0
2018-04-02,sh.600391,40.1050292000,42.1544846000,39.9844730000,41.7325379000,40.3863270000,14971231,307858056.0000,4.534959,1,3.333333,268.953956,3.892027,3.613028,-96.816325,0
2018-04-03,sh.600391,41.0292934000,41.7526306000,39.8237314000,40.7881810000,41.7325379000,10876648,219901973.0000,3.294662,1,-2.262885,142.971230,3.753983,2.966878,174.735259,0
2018-04-04,sh.600391,40.7881810000,44.8669991000,40.6073467000,43.5609736000,40.7881810000,26051718,569222502.0000,7.891366,1,6.798035,152.690457,4.009180,3.168568,186.613813,0
2018-04-09,sh.600391,42.5563386000,45.5300582000,42.4960605000,45.0478334000,43.5609736000,24239208,534794031.0000,7.342336,1,3.413283,157.902216,4.146025,3.276720,192.983473,0
2018-04-10,sh.600391,44.2441254000,44.6057940000,42.4357824000,43.2796758000,45.0478334000,14705545,318028934.0000,4.454480,1,-3.925063,151.704448,3.983291,3.148106,185.408743,0
2018-04-11,sh.600391,43.1591196000,44.6057940000,41.8330014000,44.5254232000,43.2796758000,12890640,276544111.0000,3.904724,1,2.878361,156.071057,4.097945,3.238720,190.745485,0
2018-04-12,sh.600391,43.8422714000,44.5455159000,42.8979145000,43.1993050000,44.5254232000,9924700,216419320.0000,3.006306,1,-2.978339,151.422731,3.975894,3.142260,185.064437,0
2018-04-13,sh.600391,43.5609736000,44.3244962000,42.8175437000,42.9782853000,43.1993050000,7488752,162214592.0000,2.268430,1,-0.511631,150.648010,3.955552,3.126184,184.117595,0
2018-04-16,sh.600391,42.9581926000,43.4806028000,41.5918890000,42.2147627000,42.9782853000,9066542,190350537.0000,2.746360,1,-1.776527,147.971702,3.885280,3.070646,180.846689,0
2018-04-17,sh.600391,42.0540211000,43.0988415000,40.8685518000,41.2302204000,42.2147627000,8483774,178133584.0000,2.569833,1,-2.332222,144.520672,3.794667,2.999032,176.628941,0
2018-04-18,sh.600391,41.6923525000,43.7819933000,40.6877175000,43.6413444000,41.2302204000,13411320,282682412.0000,4.062444,1,5.847948,152.972173,4.016577,3.174414,186.958119,0
2018-04-19,sh.600391,43.2595831000,45.0076480000,43.0385634000,43.4806028000,43.6413444000,17124254,375566414.0000,5.187134,1,-0.368324,152.408740,4.001783,3.162722,186.269507,0
2018-04-20,sh.600391,42.8778218000,44.1034765000,41.7325379000,41.9937430000,43.4806028000,9304253,198846537.0000,2.818366,1,-3.419592,147.196981,3.864939,3.054569,179.899848,0
2018-04-23,sh.600391,41.7727233000,42.6768948000,38.3971497000,39.2812285000,41.9937430000,11595060,231533729.0000,3.512278,1,-6.459332,137.689042,3.615289,2.857265,168.279523,0
2018-04-24,sh.600391,39.1807650000,40.2858635000,38.7387256000,40.0246584000,39.2812285000,5942091,117520653.0000,1.799928,1,1.892588,140.294921,3.683712,2.911341,171.464353,0
2018-04-25,sh.600391,38.9396526000,40.3863270000,38.6181694000,39.2410431000,40.0246584000,7464570,146608466.0000,2.261105,1,-1.957828,201.341180,3.632112,2.871425,-681.774025,0
2018-04-26,sh.600391,39.2410431000,40.2657708000,38.6985402000,38.9195599000,39.2410431000,6750987,132945474.0000,2.044952,1,-0.819252,199.691688,3.602356,2.847900,-676.188574,0
2018-04-27,sh.600391,39.1204869000,39.5223409000,36.5486213000,37.0911242000,38.9195599000,7604669,141729755.0000,2.303542,1,-4.697995,190.310199,3.433117,2.714106,-644.421326,0
2018-05-02,sh.600391,37.0710315000,38.0153884000,36.6289921000,37.3322366000,37.0911242000,3628526,67555386.0000,1.099122,1,0.650059,191.547319,3.455434,2.731750,-648.610414,0
2018-05-03,sh.600391,37.5532563000,37.6939052000,34.9211126000,36.3075089000,37.3322366000,7081006,126635401.0000,2.144919,1,-2.744888,186.289561,3.360587,2.656766,-630.806791,0
2018-05-04,sh.600391,36.3075089000,36.9705680000,36.1467673000,36.4481578000,36.3075089000,3938148,71646122.0000,1.192911,1,0.387381,187.011214,3.373605,2.667058,-633.250425,0
2018-05-07,sh.600391,36.4079724000,37.0308461000,36.1668600000,36.7294556000,36.4481578000,3676607,67160126.0000,1.113687,1,0.771782,188.454520,3.399642,2.687642,-638.137694,0
2018-05-08,sh.600391,37.1714950000,38.4775205000,36.9504753000,37.2116804000,36.7294556000,8771968,164662685.0000,2.657130,1,1.312909,190.928759,3.444276,2.722928,-646.515870,0
2018-05-09,sh.600391,37.3322366000,37.4327001000,36.5486213000,36.9906607000,37.2116804000,4109001,75576749.0000,1.244664,1,-0.593956,189.794733,3.423819,2.706755,-642.675873,0
2018-05-10,sh.600391,37.1915877000,37.3724220000,36.0864892000,36.5486213000,36.9906607000,5097844,92653909.0000,1.544196,1,-1.194999,187.526681,3.382904,2.674409,-634.995879,0
2018-05-11,sh.600391,36.5486213000,36.8299191000,36.2070454000,36.2874162000,36.5486213000,3134812,56856771.0000,0.949571,1,-0.714684,186.186468,3.358727,2.655296,-630.457700,0
2018-05-14,sh.600391,36.4481578000,36.5285286000,34.7804637000,34.8809272000,36.2874162000,5843282,102960337.0000,1.769998,1,-3.875963,178.969938,3.228544,2.552377,-606.021355,0
2018-05-15,sh.600391,34.7402783000,35.8051914000,34.7402783000,35.7449133000,34.8809272000,4407400,77469653.0000,1.335052,1,2.476960,183.402949,3.308513,2.615599,-621.032253,0
2018-05-16,sh.600391,35.6645425000,36.4682505000,35.2827812000,35.7650060000,35.7449133000,5079013,90886160.0000,1.538492,1,0.056202,183.506043,3.310373,2.617069,-621.381343,0
2018-05-17,sh.600391,35.8654695000,35.9458403000,35.1421323000,35.1823177000,35.7650060000,2816600,49563000.0000,0.853181,1,-1.629208,180.516337,3.256440,2.574431,-611.257715,0
2018-05-18,sh.600391,35.1823177000,36.0663965000,34.9813907000,35.8855622000,35.1823177000,3631676,64211342.0000,1.100077,1,1.998860,184.124602,3.321532,2.625891,-623.475887,0
2018-05-21,sh.600391,36.1668600000,36.6892702000,35.9659330000,36.5888067000,35.8855622000,4650331,84196704.0000,1.408639,1,1.959678,187.732867,3.386623,2.677350,-635.694060,0
2018-05-22,sh.600391,36.4883432000,36.5888067000,35.7047279000,36.4883432000,36.5888067000,4372282,78654407.0000,1.324415,1,-0.274570,187.217401,3.377325,2.669998,-633.948607,0
2018-05-23,sh.600391,36.3276016000,36.6490848000,35.3631520000,35.6645425000,36.4883432000,4605383,82613541.0000,1.395024,1,-2.257709,182.990576,3.301074,2.609718,-619.635890,0
2018-05-24,sh.600391,35.5841717000,35.8051914000,34.6599075000,34.6800002000,35.6645425000,4862624,84683390.0000,1.472945,1,-2.760562,177.939005,3.209946,2.537675,-602.530449,0
2018-05-25,sh.600391,34.7201856000,35.6846352000,34.2580535000,34.7402783000,34.6800002000,3882828,67336588.0000,1.176153,1,0.173816,178.248285,3.215525,2.542086,-603.577721,0
2018-05-28,sh.600391,34.5393513000,34.7201856000,33.0524915000,33.1730477000,34.7402783000,4830090,80654173.0000,1.463090,1,-4.511282,170.207009,3.070464,2.427405,-576.348651,0
2018-05-29,sh.600391,33.0926769000,33.5146236000,32.6707302000,33.0123061000,33.1730477000,3260582,53778133.0000,0.987668,1,-0.484554,169.382263,3.055586,2.415643,-573.555925,0
2018-05-30,sh.600391,32.7511010000,32.7511010000,31.1235923000,31.2240558000,33.0123061000,4515953,71739181.0000,1.367934,1,-5.416922,160.206961,2.890067,2.284789,-542.486858,0
2018-05-31,sh.600391,31.5254463000,31.8871149000,31.2039631000,31.4852609000,31.2240558000,3228405,50616160.0000,0.977921,1,0.836552,161.547173,2.914244,2.303903,-547.025037,0
2018-06-01,sh.600391,30.8021091000,32.7511010000,30.8021091000,31.5656317000,31.4852609000,4459705,70702252.0000,1.350896,1,0.255265,161.959547,2.921683,2.309784,-548.421399,0
2018-06-04,sh.600391,31.6058171000,31.9875784000,31.1838704000,31.2843339000,31.5656317000,2411600,37846020.0000,0.730502,1,-0.891154,160.516241,2.895647,2.289200,-543.534130,0
2018-06-05,sh.600391,31.2642412000,32.3090616000,31.2642412000,32.1081346000,31.2843339000,5035729,79762244.0000,1.525381,1,2.633268,164.743065,2.971897,2.349481,-557.846847,0
2018-06-06,sh.600391,31.7263733000,32.4698032000,31.7263733000,32.0880419000,32.1081346000,3661281,58482043.0000,1.109044,1,-0.062574,164.639972,2.970037,2.348011,-557.497756,0
2018-06-07,sh.600391,32.3090616000,32.3291543000,31.3647047000,31.4852609000,32.0880419000,3330988,52622385.0000,1.008995,1,-1.878523,161.547173,2.914244,2.303903,-547.025037,0
2018-06-08,sh.600391,31.4852609000,31.4852609000,30.0988646000,30.4806259000,31.4852609000,5022427,76365854.0000,1.521351,1,-3.190811,156.392509,2.821256,2.230390,-529.570505,0
2018-06-11,sh.600391,30.4203478000,30.7217383000,29.9381230000,29.9783084000,30.4806259000,3416512,51537527.0000,1.034901,1,-1.647990,153.815177,2.774762,2.193633,-520.843238,0
2018-06-12,sh.600391,30.1390500000,31.0633142000,29.7773814000,31.0231288000,29.9783084000,4585237,69749684.0000,1.388921,1,3.485251,159.176028,2.871470,2.270087,-538.995952,0
2018-06-13,sh.600391,30.9628507000,31.2039631000,30.3198843000,30.4806259000,31.0231288000,3281302,50003151.0000,0.993944,1,-1.748702,156.392509,2.821256,2.230390,-529.570505,0
2018-06-14,sh.600391,30.4806259000,30.9025726000,30.1993281000,30.4806259000,30.4806259000,2159212,32832303.0000,0.654050,1,0.000000,156.392509,2.821256,2.230390,-529.570505,0
2018-06-15,sh.600391,30.7826230800,30.7826230800,29.0914914000,29.3532141600,30.4806352800,3080380,45415852.0000,0.933083,1,-3.698814,150.310006,2.711530,2.143644,-508.974157,0
2018-06-19,sh.600391,28.5076483200,29.5746718800,26.4138662400,27.1185044400,29.3532141600,6393022,88257417.0000,1.936520,1,-7.613166,138.866651,2.505097,1.980445,-470.225095,0
2018-06-20,sh.600391,27.0782394000,28.3868532000,27.0178418400,28.0647328800,27.1185044400,4360040,60021493.0000,1.320706,1,3.489230,143.712036,2.592506,2.049547,-486.632356,0
2018-06-21,sh.600391,27.8634076800,28.3465881600,27.2996971200,27.4003597200,28.0647328800,3382203,46701585.0000,1.024508,1,-2.367288,140.309957,2.531134,2.001029,-475.112364,0
2018-06-22,sh.600391,27.1990345200,28.2660580800,26.7762516000,27.9036727200,27.4003597200,3116315,43204365.0000,0.943968,1,1.836885,142.887289,2.577628,2.037785,-483.839630,0
2018-06-25,sh.600391,28.4673832800,28.9505637600,28.1049979200,28.2660580800,27.9036727200,4092962,57902230.0000,1.239805,1,1.298704,144.742968,2.611103,2.064250,-490.123262,0
2018-06-26,sh.600391,27.5815524000,29.0512263600,27.4204922400,28.9706962800,28.2660580800,3780084,53606969.0000,1.145031,1,2.492880,148.351233,2.676195,2.115709,-502.341434,0
2018-06-27,sh.600391,28.8700336800,29.2726840800,28.4472507600,28.5881784000,28.9706962800,3278542,46934812.0000,0.993108,1,-1.320365,146.392461,2.640859,2.087774,-495.708712,0
2018-06-28,sh.600391,28.7291060400,29.1921540000,28.0848654000,28.1251304400,28.5881784000,2515495,35802059.0000,0.761973,1,-1.619715,144.021315,2.598085,2.053958,-487.679627,0
2018-06-29,sh.600391,28.1251304400,29.5142743200,28.1251304400,29.2928166000,28.1251304400,4020876,57920626.0000,1.217970,1,4.151753,150.000726,2.705951,2.139233,-507.926885,0
2018-07-02,sh.600391,29.0914914000,29.8363946400,28.9102987200,29.3129491200,29.2928166000,5010259,72987317.0000,1.517665,1,0.068730,150.103819,2.707811,2.140704,-508.275975,0
2018-07-03,sh.600391,29.3330816400,32.2522970400,29.2324190400,32.2522970400,29.3129491200,15612408,243879198.0000,4.729179,1,10.027470,165.155438,2.979336,2.355362,-559.243209,0
2018-07-04,sh.600391,32.7153450000,33.0173328000,31.4469962400,32.3730921600,32.2522970400,15836980,254524447.0000,4.797204,1,0.374528,165.773998,2.990494,2.364184,-561.337753,0
2018-07-05,sh.600391,31.7892490800,32.1516344400,31.2456710400,31.4268637200,32.3730921600,7208775,113065743.0000,2.183621,1,-2.922887,160.928614,2.903086,2.295081,-544.930493,0
2018-07-06,sh.600391,31.2255385200,32.8361401200,31.2255385200,31.6483214400,31.4268637200,11201543,178816339.0000,3.393077,1,0.704680,162.062640,2.923543,2.311254,-548.770490,0
2018-07-09,sh.600391,31.5677913600,32.1516344400,31.3664661600,32.0308393200,31.6483214400,6459232,102093103.0000,1.956576,1,1.208649,164.021412,2.958878,2.339189,-555.403212,0
2018-07-10,sh.600391,32.0308393200,32.1717669600,31.6080564000,31.8697791600,32.0308393200,5119985,80991762.0000,1.550903,1,-0.502828,163.196666,2.944000,2.327427,-552.610487,0
2018-07-11,sh.600391,31.4067312000,31.4067312000,28.8901662000,30.1585149600,31.8697791600,9614099,143827434.0000,2.912222,1,-5.369554,154.433737,2.785921,2.202455,-522.937782,0
2018-07-12,sh.600391,29.9773222800,31.3060686000,29.8967922000,31.0644783600,30.1585149600,6426943,98078859.0000,1.946795,1,3.004011,159.072935,2.869610,2.268617,-538.646861,0
2018-07-13,sh.600391,30.9638157600,31.1450084400,30.2591775600,30.5410328400,31.0644783600,4557954,69389188.0000,1.380657,1,-1.685031,156.392509,2.821256,2.230390,-529.570505,0
2018-07-16,sh.600391,30.6819604800,31.9704417600,30.5209003200,31.8697791600,30.5410328400,7803532,121846196.0000,2.363780,1,4.350691,163.196666,2.944000,2.327427,-552.610487,0
2018-07-17,sh.600391,31.6885864800,31.7892490800,30.9436832400,31.4671287600,31.8697791600,5194839,80732403.0000,1.573577,1,-1.263423,161.134800,2.906805,2.298022,-545.628674,0
2018-07-18,sh.600391,31.4671287600,31.7892490800,30.4605027600,30.6014304000,31.4671287600,4810655,74384827.0000,1.457203,1,-2.751122,156.701789,2.826836,2.234800,-530.617776,0
2018-07-19,sh.600391,30.6416954400,31.6080564000,30.5611653600,30.6618279600,30.6014304000,4685817,72169502.0000,1.419388,1,0.197367,157.011069,2.832415,2.239211,-531.665048,0
2018-07-20,sh.600391,30.5007678000,31.4872612800,30.4001052000,31.3664661600,30.6618279600,6102011,94588852.0000,1.848370,1,2.298098,160.619334,2.897506,2.290671,-543.883221,0
2018-07-23,sh.600391,31.3463336400,32.5140198000,31.3060686000,32.3932246800,31.3664661600,9005805,143924940.0000,2.727962,1,3.273429,165.877091,2.992354,2.365654,-561.686844,0
2018-07-24,sh.600391,32.3932246800,32.5341523200,31.9301767200,32.2724295600,32.3932246800,6911128,110663273.0000,2.093461,1,-0.372899,165.258532,2.981196,2.356832,-559.592300,0
2018-07-25,sh.600391,32.2724295600,32.7757425600,32.0509718400,32.6750799600,32.2724295600,6499010,104735993.0000,1.968625,1,1.247653,167.320397,3.018391,2.386238,-566.574113,0
2018-07-26,sh.600391,32.4938872800,32.9166702000,31.8899116800,32.1315019200,32.6750799600,4837225,77518095.0000,1.465251,1,-1.663583,164.536879,2.968177,2.346541,-557.148665,0
2018-07-27,sh.600391,32.0107068000,32.3730921600,31.7087190000,31.8295141200,32.1315019200,3634949,57781640.0000,1.101068,1,-0.939847,162.990479,2.940281,2.324487,-551.912306,0
2018-07-30,sh.600391,31.7489840400,31.9704417600,30.6215629200,31.1852734800,31.8295141200,4675345,72314570.0000,1.416216,1,-2.024040,159.691494,2.880769,2.277438,-540.741405,0
2018-07-31,sh.600391,31.1852734800,31.1852734800,30.4806352800,30.6215629200,31.1852734800,4639381,70859214.0000,1.405322,1,-1.807616,156.804882,2.828695,2.236271,-530.966867,0
2018-08-01,sh.600391,30.7020930000,31.1248759200,29.4337442400,29.4941418000,30.6215629200,4909165,73949707.0000,1.487043,1,-3.681791,151.031659,2.724549,2.153936,-511.417791,0
2018-08-02,sh.600391,29.4538767600,29.8363946400,27.5010223200,28.2660580800,29.4941418000,6174378,86978891.0000,1.870290,1,-4.163820,144.742968,2.611103,2.064250,-490.123262,0
2018-08-03,sh.600391,28.1452629600,28.5680458800,27.9036727200,27.9238052400,28.2660580800,2790642,39160946.0000,0.845318,1,-1.210827,142.990383,2.579487,2.039255,-484.188721,0
2018-08-06,sh.600391,27.8835402000,28.3264556400,27.1990345200,27.2392995600,27.9238052400,3352270,46052175.0000,1.015441,1,-2.451335,139.485211,2.516256,1.989266,-472.319639,0
2018-08-07,sh.600391,27.5412873600,28.1653954800,27.1789020000,28.1452629600,27.2392995600,2884341,39882009.0000,0.873700,1,3.325941,144.124409,2.599945,2.055428,-488.028718,0
2018-08-08,sh.600391,28.0043353200,28.2660580800,27.5412873600,27.5614198800,28.1452629600,2681500,37168152.0000,0.812257,1,-2.074392,141.134704,2.546012,2.012791,-477.905089,0
2018-08-09,sh.600391,27.5211548400,28.5881784000,27.3198296400,28.3063231200,27.5614198800,4482909,62883566.0000,1.357925,1,2.702709,144.949155,2.614823,2.067190,-490.821443,0
2018-08-10,sh.600391,28.3063231200,28.7693710800,28.1855280000,28.6083109200,28.3063231200,3543045,50057273.0000,1.073229,1,1.066854,146.495554,2.642719,2.089244,-496.057803,0
2018-08-13,sh.600391,28.0244678400,28.8901662000,27.9640702800,28.7492385600,28.6083109200,3162763,44569973.0000,0.958037,1,0.492609,147.217207,2.655738,2.099536,-498.501437,0
2018-08-14,sh.600391,28.5479133600,28.7089735200,28.2861906000,28.4069857200,28.7492385600,2293982,32436780.0000,0.694874,1,-1.190477,145.464621,2.624122,2.074542,-492.566896,0
2018-08-15,sh.600391,28.3667206800,28.9102987200,27.9036727200,28.2056605200,28.4069857200,4265600,60421298.0000,1.292100,1,-0.708713,144.433689,2.605524,2.059839,-489.075990,0
2018-08-16,sh.600391,27.8030101200,28.6284434400,27.2191670400,28.2459255600,28.2056605200,3160859,44117062.0000,0.957461,1,0.142752,144.639875,2.609244,2.062780,-489.774171,0
2018-08-17,sh.600391,28.6284434400,28.7693710800,27.3399621600,27.4406247600,28.2459255600,3209806,44470747.0000,0.972287,1,-2.851031,140.516144,2.534853,2.003969,-475.810546,0
2018-08-20,sh.600391,27.3802272000,27.8432751600,27.2594320800,27.8432751600,27.4406247600,2420512,33117190.0000,0.733201,1,1.467350,142.578010,2.572048,2.033374,-482.792358,0
2018-08-21,sh.600391,27.8030101200,28.3868532000,27.6620824800,28.3264556400,27.8432751600,2782535,38974610.0000,0.842862,1,1.735356,145.052248,2.616683,2.068661,-491.170534,0
2018-08-22,sh.600391,28.2660580800,28.7492385600,28.1251304400,28.1855280000,28.3264556400,3003368,42358735.0000,0.909755,1,-0.497510,144.330595,2.603664,2.058369,-488.726899,0
2018-08-23,sh.600391,27.9640702800,28.4875158000,27.8835402000,28.2459255600,28.1855280000,2258528,31724290.0000,0.684134,1,0.214284,144.639875,2.609244,2.062780,-489.774171,0
2018-08-24,sh.600391,28.2660580800,28.2861906000,27.5614198800,27.6218174400,28.2459255600,3201421,44258290.0000,0.969747,1,-2.209547,141.443983,2.551591,2.017202,-478.952361,0
2018-08-27,sh.600391,26.8165166400,28.3063231200,26.7762516000,27.8634076800,27.6218174400,6153094,84901355.0000,1.863843,1,0.874635,-167.309855,2.640091,2.057437,-318.608558,0
2018-08-28,sh.600391,27.8432751600,28.2861906000,27.8432751600,28.1049979200,27.8634076800,3576319,49903505.0000,1.083308,1,0.867051,-168.760518,2.662982,2.075276,-321.371060,0
2018-08-29,sh.600391,27.9036727200,28.2861906000,27.9036727200,28.1653954800,28.1049979200,2716579,37990120.0000,0.822883,1,0.214898,-169.123184,2.668704,2.079736,-322.061686,0
2018-08-30,sh.600391,28.1251304400,28.2861906000,27.2594320800,27.2795646000,28.1653954800,3509430,48053531.0000,1.063047,1,-3.145101,-163.804085,2.584771,2.014326,-311.932512,0
2018-08-31,sh.600391,27.2996971200,27.4808898000,26.8567816800,26.9373117600,27.2795646000,2550590,34388806.0000,0.772603,1,-1.254613,-161.748978,2.552342,1.989054,-308.018967,0
2018-09-03,sh.600391,26.7762516000,27.7426125600,26.4943963200,27.3802272000,26.9373117600,4122285,55392781.0000,1.248688,1,1.644247,-164.408528,2.594309,2.021759,-313.083554,0
2018-09-04,sh.600391,27.1990345200,28.3868532000,27.1990345200,28.2861906000,27.3802272000,5890717,81891765.0000,1.784366,1,3.308822,-169.848516,2.680150,2.088656,-323.442937,0
2018-09-05,sh.600391,28.1251304400,28.6687084800,27.7023475200,27.8835402000,28.2861906000,3864891,54143562.0000,1.170720,1,-1.423486,-167.430743,2.641998,2.058924,-318.838767,0
2018-09-06,sh.600391,27.7828776000,28.5479133600,27.7426125600,28.4673832800,27.8835402000,5126974,71878645.0000,1.553020,1,2.093863,-170.936513,2.697318,2.102035,-325.514813,0
2018-09-07,sh.600391,28.3063231200,28.6888410000,27.5815524000,27.8634076800,28.4673832800,4555588,63694586.0000,1.379940,1,-2.121642,-167.309855,2.640091,2.057437,-318.608558,0
2018-09-10,sh.600391,27.8432751600,28.1452629600,26.8970467200,26.8970467200,27.8634076800,3811424,51856939.0000,1.154524,1,-3.468212,-161.507201,2.548527,1.986081,-307.558550,0
2018-09-11,sh.600391,26.9373117600,27.3399621600,26.7762516000,27.1185044400,26.8970467200,2642457,35549580.0000,0.800431,1,0.823358,-162.836976,2.569510,2.002434,-310.090844,0
2018-09-12,sh.600391,27.2392995600,28.1049979200,27.1386369600,27.7828776000,27.1185044400,4666034,64389987.0000,1.413396,1,2.449888,-166.826300,2.632460,2.051491,-317.687724,0
2018-09-13,sh.600391,27.9439377600,28.7895036000,27.6218174400,28.6485759600,27.7828776000,7419783,104256103.0000,2.247538,1,3.115937,-172.024511,2.714486,2.115414,-327.586690,0
2018-09-14,sh.600391,28.8096361200,28.8297686400,27.7023475200,27.8231426400,28.6485759600,5770909,80806266.0000,1.748075,1,-2.881236,-167.068078,2.636276,2.054464,-318.148141,0
2018-09-17,sh.600391,27.9238052400,27.9238052400,27.0379743600,27.3399621600,27.8231426400,3732180,50731503.0000,1.130520,1,-1.736612,-164.166751,2.590494,2.018786,-312.623137,0
2018-09-18,sh.600391,27.2191670400,27.6016849200,26.8165166400,27.5815524000,27.3399621600,4580431,61764427.0000,1.387465,1,0.883652,-165.617414,2.613385,2.036625,-315.385639,0
2018-09-19,sh.600391,27.5614198800,27.9036727200,27.1185044400,27.7627450800,27.5815524000,4871491,66622430.0000,1.475631,1,0.656936,-166.705412,2.630553,2.050004,-317.457516,0
2018-09-20,sh.600391,27.5815524000,27.9439377600,27.3399621600,27.3802272000,27.7627450800,3100415,42423446.0000,0.939152,1,-1.377807,-164.408528,2.594309,2.021759,-313.083554,0
2018-09-21,sh.600391,27.3399621600,27.6822150000,26.9775768000,27.5614198800,27.3802272000,3226637,43828806.0000,0.977386,1,0.661759,-165.496525,2.611477,2.035139,-315.155431,0
2018-09-25,sh.600391,27.4204922400,28.0848654000,27.2996971200,27.8231426400,27.5614198800,4000807,55275940.0000,1.211891,1,0.949599,-167.068078,2.636276,2.054464,-318.148141,0
2018-09-26,sh.600391,27.7828776000,28.1653954800,27.6822150000,27.8231426400,27.8231426400,3396663,47083138.0000,1.028888,1,0.000000,-167.068078,2.636276,2.054464,-318.148141,0
2018-09-27,sh.600391,27.8231426400,27.8634076800,27.1789020000,27.2996971200,27.8231426400,3344673,45631152.0000,1.013140,1,-1.881326,-163.924973,2.586678,2.015813,-312.162720,0
2018-09-28,sh.600391,27.3198296400,27.5412873600,27.1990345200,27.3802272000,27.2996971200,2513400,34157628.0000,0.761338,1,0.294985,-164.408528,2.594309,2.021759,-313.083554,0
2018-10-08,sh.600391,27.1185044400,27.2996971200,26.5346613600,26.6755890000,27.3802272000,2937800,39357775.0000,0.889894,1,-2.573532,-160.177426,2.527543,1.969729,-305.026257,0
2018-10-09,sh.600391,26.6755890000,26.9373117600,25.4072402400,25.7696256000,26.6755890000,4455697,57489445.0000,1.349682,1,-3.396225,-154.737438,2.441702,1.902832,-294.666875,0
2018-10-10,sh.600391,25.9105532400,25.9508182800,25.4676378000,25.9105532400,25.7696256000,2155200,27551107.0000,0.652835,1,0.546873,-155.583658,2.455055,1.913238,-296.278334,0
2018-10-11,sh.600391,25.1253849600,25.2461800800,23.3134581600,23.3134581600,25.9105532400,6506122,78223704.0000,1.970780,1,-10.023310,-139.989026,2.208978,1.721469,-266.581438,0
2018-10-12,sh.600391,23.1926630400,23.4342532800,21.7431216000,22.9712053200,23.3134581600,5507778,61902330.0000,1.668370,1,-1.468049,-137.933919,2.176549,1.696197,-262.667894,0
2018-10-15,sh.600391,22.9108077600,23.2530606000,22.5886874400,22.6088199600,22.9712053200,2384561,27175029.0000,0.722311,1,-1.577566,-135.757924,2.142212,1.669438,-258.524141,0
2018-10-16,sh.600391,23.1523980000,23.8570362000,22.6289524800,22.7497476000,22.6088199600,3816530,43942772.0000,1.156071,1,0.623336,-136.604144,2.155565,1.679844,-260.135600,0
2018-10-17,sh.600391,22.9309402800,23.0114703600,22.0451094000,22.8504102000,22.7497476000,3548884,39902631.0000,1.074998,1,0.442480,-137.208588,2.165103,1.687277,-261.286643,0
2018-10-18,sh.600391,22.6490850000,22.6490850000,21.9041817600,21.9444468000,22.8504102000,2220048,24530663.0000,0.672478,1,-3.964764,-131.768599,2.079262,1.620381,-250.927260,0
2018-10-19,sh.600391,21.8236516800,22.3470972000,21.3404712000,22.2263020800,21.9444468000,5292393,57471486.0000,1.603127,1,1.284407,-133.461040,2.105968,1.641193,-254.150179,0
2018-10-22,sh.600391,22.2665671200,23.6355784800,22.2263020800,23.1725305200,22.2263020800,6932081,79083874.0000,2.099807,1,4.257249,-139.142806,2.195625,1.711062,-264.969979,0
2018-10-23,sh.600391,23.1322654800,23.3335906800,22.4880248400,22.6490850000,23.1725305200,3719529,42233313.0000,1.126688,1,-2.258907,-135.999701,2.146027,1.672411,-258.984558,0
2018-10-24,sh.600391,22.5484224000,22.8101451600,22.2464346000,22.4477598000,22.6490850000,3195412,35776861.0000,0.967927,1,-0.888892,-134.790815,2.126952,1.657545,-256.682473,0
2018-10-25,sh.600391,21.3404712000,22.0451094000,20.9579533200,21.9444468000,22.4477598000,4347100,46418114.0000,1.316787,1,-2.242153,-131.768599,2.079262,1.620381,-250.927260,0
2018-10-26,sh.600391,22.0853744400,22.4276272800,21.8437842000,21.9847118400,21.9444468000,2466422,27127916.0000,0.747108,1,0.183490,-132.010377,2.083077,1.623354,-251.387677,0
2018-10-29,sh.600391,21.9645793200,22.2263020800,21.6827240400,21.7028565600,21.9847118400,2392357,26059475.0000,0.724673,1,-1.282054,-130.317936,2.056371,1.602541,-248.164758,0
2018-10-30,sh.600391,21.6827240400,22.2665671200,21.2398086000,22.1256394800,21.7028565600,3371963,36451771.0000,1.021407,1,1.948052,-68.339055,2.131622,1.553758,-93.624375,0
2018-10-31,sh.600391,22.1055069600,22.6893500400,21.9847118400,22.5282898800,22.1256394800,3982452,44338968.0000,1.206331,1,1.819834,-69.582714,2.170414,1.582034,-95.328185,0
2018-11-01,sh.600391,22.5886874400,23.1523980000,22.4074947600,22.8906752400,22.5282898800,5391974,61217384.0000,1.633291,1,1.608582,-70.702007,2.205326,1.607483,-96.861614,0
2018-11-02,sh.600391,23.1121329600,24.5616744000,22.8504102000,24.5214093600,22.8906752400,8717021,102295050.0000,2.640486,1,7.124014,-75.738826,2.362434,1.722000,-103.762046,0
2018-11-05,sh.600391,24.1590240000,24.6220719600,23.8771687200,24.2999516400,24.5214093600,6720611,80643612.0000,2.035751,1,-0.903125,-75.054813,2.341099,1.706448,-102.824950,0
2018-11-06,sh.600391,24.2395540800,24.2395540800,23.7765061200,24.0180963600,24.2999516400,2769300,32970873.0000,0.838853,1,-1.159896,-74.184252,2.313944,1.686655,-101.632283,0
2018-11-07,sh.600391,24.1590240000,24.5818069200,23.7563736000,23.9375662800,24.0180963600,5600992,67480625.0000,1.696605,1,-0.335289,-73.935520,2.306186,1.681000,-101.291521,0
2018-11-08,sh.600391,23.9375662800,24.1187589600,23.2530606000,23.4342532800,23.9375662800,4284438,50418082.0000,1.297806,1,-2.102607,-72.380947,2.257696,1.645655,-99.161758,0
2018-11-09,sh.600391,23.4745183200,23.7362410800,23.2933256400,23.3939882400,23.4342532800,2607215,30461502.0000,0.789756,1,-0.171825,-72.256581,2.253817,1.642827,-98.991377,0
2018-11-12,sh.600391,23.4745183200,23.9174337600,23.3939882400,23.8771687200,23.3939882400,2809700,33109456.0000,0.851091,1,2.065403,-73.748971,2.300367,1.676758,-101.035949,0
2018-11-13,sh.600391,23.6154459600,24.6019394400,23.3738557200,24.3603492000,23.8771687200,6590568,79250566.0000,1.996359,1,2.023615,-75.241362,2.346917,1.710689,-103.080522,0
2018-11-14,sh.600391,24.2395540800,24.7227345600,24.1791565200,24.2798191200,24.3603492000,4809910,58433761.0000,1.456977,1,-0.330578,-74.992630,2.339159,1.705034,-102.739760,0
2018-11-15,sh.600391,24.4006142400,25.3669752000,24.4006142400,24.9844573200,24.2798191200,7567793,94004528.0000,2.292372,1,2.902151,-77.169033,2.407045,1.754517,-105.721428,0
2018-11-16,sh.600391,25.0448548800,25.7092280400,24.8233971600,25.4877703200,24.9844573200,8038925,100814119.0000,2.435083,1,2.014504,-78.723607,2.455535,1.789862,-107.851190,0
2018-11-19,sh.600391,25.2663126000,25.7897581200,25.0649874000,25.6286979600,25.4877703200,5158883,65066052.0000,1.562685,1,0.552920,-79.158887,2.469112,1.799758,-108.447524,0
2018-11-20,sh.600391,25.4475052800,26.8165166400,25.1253849600,25.1253849600,25.6286979600,8847753,114209321.0000,2.680087,1,-1.963865,-77.604314,2.420622,1.764414,-106.317761,0
2018-11-21,sh.600391,24.2798191200,25.4475052800,24.1590240000,25.3267101600,25.1253849600,5052895,62630229.0000,1.530580,1,0.801285,-78.226143,2.440018,1.778551,-107.169666,0
2018-11-22,sh.600391,25.3468426800,25.7092280400,25.0247223600,25.1052524400,25.3267101600,3331677,41939323.0000,1.009203,1,-0.874401,-77.542131,2.418683,1.763000,-106.232571,0
2018-11-23,sh.600391,25.1656500000,25.3468426800,23.7563736000,23.8570362000,25.1052524400,4632152,56175755.0000,1.403132,1,-4.971931,-73.686788,2.298427,1.675345,-100.950759,0
2018-11-26,sh.600391,23.8167711600,24.5616744000,23.8167711600,24.0180963600,23.8570362000,2554850,30755960.0000,0.773894,1,0.675105,-74.184252,2.313944,1.686655,-101.632283,0
2018-11-27,sh.600391,24.2596866000,24.7227345600,24.1590240000,24.3804817200,24.0180963600,2675011,32480803.0000,0.810292,1,1.508796,-75.303545,2.348857,1.712103,-103.165712,0
2018-11-28,sh.600391,24.4207467600,24.8435296800,23.7765061200,24.6623370000,24.3804817200,3274112,39603642.0000,0.991766,1,1.156072,-76.174106,2.376011,1.731896,-104.358379,0
2018-11-29,sh.600391,24.7629996000,24.9643248000,23.8973012400,23.8973012400,24.6623370000,3365600,40989478.0000,1.019479,1,-3.102042,-73.811154,2.302307,1.678172,-101.121140,0
2018-11-30,sh.600391,23.7966386400,24.0583614000,23.1523980000,23.8369036800,23.8973012400,3244800,38124193.0000,0.982887,1,-0.252736,-73.624605,2.296488,1.673931,-100.865568,0
2018-12-03,sh.600391,24.5415418800,24.9240597600,24.3200841600,24.7831321200,23.8369036800,4674314,57273001.0000,1.415904,1,3.969597,-76.547204,2.387649,1.740379,-104.869522,0
2018-12-04,sh.600391,24.7831321200,25.0045898400,24.5616744000,24.8032646400,24.7831321200,3107370,38226086.0000,0.941258,1,0.081229,-76.609387,2.389589,1.741793,-104.954713,0
2018-12-05,sh.600391,24.3603492000,24.9643248000,24.1590240000,24.7227345600,24.8032646400,3072410,37532514.0000,0.930668,1,-0.324675,-76.360655,2.381830,1.736138,-104.613951,0
2018-12-06,sh.600391,24.7428670800,25.6488304800,24.4006142400,24.5415418800,24.7227345600,6614201,82211444.0000,2.003518,1,-0.732900,-75.801008,2.364374,1.723414,-103.847236,0
2018-12-07,sh.600391,24.4006142400,24.6623370000,23.9979638400,24.1590240000,24.5415418800,3542834,42641002.0000,1.073165,1,-1.558651,-74.619533,2.327521,1.696552,-102.228616,0
2018-12-10,sh.600391,23.9576988000,23.9979638400,23.5147833600,23.6154459600,24.1590240000,2681918,31577807.0000,0.812384,1,-2.250004,-72.940593,2.275152,1.658379,-99.928473,0
2018-12-11,sh.600391,23.5550484000,23.8570362000,23.4543858000,23.6758435200,23.6154459600,2253542,26424695.0000,0.682624,1,0.255760,-73.127142,2.280971,1.662620,-100.184044,0
2018-12-12,sh.600391,23.8369036800,23.9174337600,23.4946508400,23.5751809200,23.6758435200,1617853,19046108.0000,0.490066,1,-0.425172,-72.816227,2.271273,1.655552,-99.758092,0
2018-12-13,sh.600391,23.7362410800,24.0986264400,23.4141207600,23.8570362000,23.5751809200,2366923,28017437.0000,0.716968,1,1.195562,-73.686788,2.298427,1.675345,-100.950759,0
2018-12-14,sh.600391,23.8570362000,23.9375662800,23.1725305200,23.2731931200,23.8570362000,2818720,32953483.0000,0.853823,1,-2.447257,-71.883483,2.242179,1.634345,-98.480234,0
2018-12-17,sh.600391,23.2329280800,23.9174337600,22.7900126400,23.4141207600,23.2731931200,2585440,29967798.0000,0.783160,1,0.605534,-72.318764,2.255756,1.644241,-99.076567,0
2018-12-18,sh.600391,23.3939882400,23.7563736000,22.8906752400,23.4745183200,23.4141207600,2922387,33888872.0000,0.885225,1,0.257951,-72.505312,2.261575,1.648483,-99.332139,0
2018-12-19,sh.600391,23.4543858000,23.4745183200,22.9309402800,23.0920004400,23.4745183200,2152055,24731356.0000,0.651882,1,-1.629499,-71.323837,2.224722,1.621620,-97.713519,0
2018-12-20,sh.600391,23.0316028800,23.2731931200,22.8101451600,23.1725305200,23.0920004400,1468262,16862362.0000,0.444754,1,0.348735,-71.572568,2.232481,1.627276,-98.054281,0
2018-12-21,sh.600391,23.0718679200,23.2127955600,22.8302776800,22.9510728000,23.1725305200,1232636,14079025.0000,0.373380,1,-0.955696,-70.888556,2.211145,1.611724,-97.117186,0
2018-12-24,sh.600391,22.9510728000,23.1725305200,22.7698801200,23.0316028800,22.9510728000,1404599,16045796.0000,0.425469,1,0.350877,-71.137288,2.218904,1.617379,-97.457948,0
2018-12-25,sh.600391,22.7296150800,22.7296150800,21.7833866400,22.4880248400,23.0316028800,3349499,36979520.0000,1.014602,1,-2.360136,-69.458348,2.166534,1.579207,-95.157804,0
2018-12-26,sh.600391,22.3873622400,22.5886874400,22.2665671200,22.3470972000,22.4880248400,1307800,14558881.0000,0.396148,1,-0.626676,-69.023068,2.152957,1.569310,-94.561470,0
2018-12-27,sh.600391,22.6893500400,22.7497476000,21.9444468000,21.9444468000,22.3470972000,1765522,19612970.0000,0.534797,1,-1.801809,-67.779409,2.114165,1.541034,-92.857660,0
2018-12-28,sh.600391,22.0451094000,22.4880248400,21.9243142800,22.0048443600,21.9444468000,1565489,17227862.0000,0.474205,1,0.275236,-67.965958,2.119984,1.545276,-93.113232,0
2019-01-02,sh.600391,22.0249768800,22.5081573600,21.9645793200,22.3068321600,22.0048443600,1910058,21146631.0000,0.578579,1,1.372366,-68.898702,2.149078,1.566483,-94.391089,0
2019-01-03,sh.600391,22.3068321600,24.5415418800,22.2866996400,24.1388914800,22.3068321600,12409989,147702529.0000,3.759129,1,8.212995,-74.557350,2.325582,1.695138,-102.143426,0
2019-01-04,sh.600391,23.4745183200,24.6019394400,23.3537232000,24.4408792800,24.1388914800,10036810,120390506.0000,3.040266,1,1.251047,-75.490094,2.354676,1.716345,-103.421284,0
2019-01-07,sh.600391,24.5415418800,26.8769142000,24.4207467600,26.8769142000,24.4408792800,22758585,293424341.0000,6.893838,1,9.967052,-83.014230,2.589367,1.887414,-113.729336,0
2019-01-08,sh.600391,26.4541312800,26.4541312800,25.4676378000,25.5683004000,26.8769142000,12832763,164866125.0000,3.887192,1,-4.868918,-78.972339,2.463293,1.795517,-108.191952,0
2019-01-09,sh.600391,25.6890955200,25.9105532400,25.2260475600,25.2461800800,25.5683004000,8735017,111120743.0000,2.645938,1,-1.259841,-77.977412,2.432260,1.772896,-106.828904,0
2019-01-10,sh.600391,25.2260475600,25.6286979600,24.7629996000,25.0649874000,25.2461800800,8124296,101583568.0000,2.460943,1,-0.717704,-77.417765,2.414803,1.760172,-106.062190,0
2019-01-11,sh.600391,25.1253849600,25.4676378000,24.8435296800,25.2260475600,25.0649874000,6217979,77850337.0000,1.883498,1,0.642570,-77.915229,2.430320,1.771483,-106.743714,0
2019-01-14,sh.600391,25.1656500000,25.3468426800,24.5616744000,25.2059150400,25.2260475600,4865476,60645665.0000,1.473809,1,-0.079803,-77.853046,2.428381,1.770069,-106.658523,0
2019-01-15,sh.600391,25.1857825200,25.6085654400,24.8435296800,25.5481678800,25.2059150400,7475820,93780912.0000,2.264512,1,1.357820,-78.910156,2.461354,1.794103,-108.106762,0
2019-01-16,sh.600391,25.5683004000,25.5683004000,24.9240597600,24.9240597600,25.5481678800,4668000,58319213.0000,1.413991,1,-2.442864,-76.982484,2.401226,1.750276,-105.465856,0
2019-01-17,sh.600391,24.9039272400,25.0247223600,24.4610118000,24.5214093600,24.9240597600,3372223,41375355.0000,1.021485,1,-1.615507,-75.738826,2.362434,1.722000,-103.762046,0
2019-01-18,sh.600391,24.6422044800,24.8435296800,24.2999516400,24.7227345600,24.5214093600,2927097,35787577.0000,0.886652,1,0.821013,-76.360655,2.381830,1.736138,-104.613951,0
2019-01-21,sh.600391,24.6824695200,24.9441922800,24.5012768400,24.6824695200,24.7227345600,3177848,39041416.0000,0.962607,1,-0.162862,-76.236289,2.377951,1.733310,-104.443570,0
2019-01-22,sh.600391,24.7026020400,24.7026020400,24.3200841600,24.3603492000,24.6824695200,2265580,27563892.0000,0.686270,1,-1.305056,-75.241362,2.346917,1.710689,-103.080522,0
2019-01-23,sh.600391,24.1791565200,24.6623370000,24.1791565200,24.5818069200,24.3603492000,2179413,26461928.0000,0.660169,1,0.909088,-75.925374,2.368253,1.726241,-104.017617,0
2019-01-24,sh.600391,24.6824695200,25.1455174800,24.5214093600,24.7227345600,24.5818069200,4603918,56871498.0000,1.394580,1,0.573298,-76.360655,2.381830,1.736138,-104.613951,0
2019-01-25,sh.600391,24.6422044800,25.1052524400,24.4207467600,24.4207467600,24.7227345600,3670522,45172118.0000,1.111844,1,-1.221495,-75.427911,2.352736,1.714931,-103.336093,0
2019-01-28,sh.600391,24.5818069200,24.7629996000,24.2395540800,24.6220719600,24.4207467600,2773230,33800616.0000,0.840043,1,0.824398,-76.049740,2.372132,1.729069,-104.187998,0
2019-01-29,sh.600391,24.5214093600,24.8032646400,22.9712053200,23.3537232000,24.6220719600,5310264,62385671.0000,1.608540,1,-5.151261,-72.132215,2.249937,1.640000,-98.820996,0
2019-01-30,sh.600391,23.4141207600,23.7563736000,23.1121329600,23.2530606000,23.3537232000,2789122,32536320.0000,0.844857,1,-0.431036,-71.821300,2.240239,1.632931,-98.395043,0
2019-01-31,sh.600391,22.9510728000,23.0114703600,21.9645793200,22.0652419200,23.2530606000,6691941,74354728.0000,2.027066,1,-5.108226,-68.152506,2.125803,1.549517,-93.368803,0
2019-02-01,sh.600391,22.1256394800,22.6893500400,22.1256394800,22.6490850000,22.0652419200,3197952,35590377.0000,0.968697,1,2.645985,-69.955812,2.182051,1.590517,-95.839328,0
2019-02-11,sh.600391,22.6490850000,23.5550484000,22.6490850000,23.4543858000,22.6490850000,3472520,39927786.0000,1.051866,1,3.555552,-72.443130,2.259635,1.647069,-99.246949,0
2019-02-12,sh.600391,23.5349158800,23.9979638400,23.3738557200,23.7563736000,23.4543858000,3480608,40989210.0000,1.054316,1,1.287559,-73.375874,2.288729,1.668276,-100.524806,0
2019-02-13,sh.600391,23.7563736000,24.4207467600,23.6154459600,24.2194215600,23.7563736000,4687821,56120742.0000,1.419995,1,1.949149,-74.806081,2.333340,1.700793,-102.484188,0
2019-02-14,sh.600391,24.1992890400,24.7227345600,24.0583614000,24.2798191200,24.2194215600,4345700,52659119.0000,1.316363,1,0.249382,-74.992630,2.339159,1.705034,-102.739760,0
2019-02-15,sh.600391,24.2798191200,24.5818069200,24.1388914800,24.1992890400,24.2798191200,4478746,54193281.0000,1.356664,1,-0.331675,-74.743898,2.331401,1.699379,-102.398998,0
2019-02-18,sh.600391,24.2194215600,25.0247223600,24.1992890400,24.9441922800,24.1992890400,7112253,87251788.0000,2.154384,1,3.078202,-77.044667,2.403166,1.751689,-105.551047,0
2019-02-19,sh.600391,25.1455174800,25.7696256000,24.5818069200,25.7696256000,24.9441922800,10000611,124910123.0000,3.029301,1,3.309119,-79.594168,2.482689,1.809655,-109.043858,0
2019-02-20,sh.600391,25.6689630000,26.5346613600,25.0649874000,25.5683004000,25.7696256000,10862600,138665535.0000,3.290407,1,-0.781253,-78.972339,2.463293,1.795517,-108.191952,0
2019-02-21,sh.600391,25.7696256000,26.3736012000,25.2260475600,25.5683004000,25.5683004000,10352174,133441361.0000,3.135793,1,0.000000,-78.972339,2.463293,1.795517,-108.191952,0
2019-02-22,sh.600391,25.1656500000,26.5346613600,25.1253849600,26.5346613600,25.5683004000,11701678,151599290.0000,3.544573,1,3.779532,-81.957120,2.556394,1.863379,-112.281097,0
2019-02-25,sh.600391,26.8567816800,28.6083109200,26.3736012000,28.1653954800,26.5346613600,17700791,242660123.0000,5.361774,1,6.145671,-86.993938,2.713502,1.977896,-119.181529,0
2019-02-26,sh.600391,28.1452629600,28.8700336800,27.6822150000,27.8030101200,28.1653954800,15475664,216632836.0000,4.687757,1,-1.286629,-85.874645,2.678589,1.952448,-117.648099,0
2019-02-27,sh.600391,27.5815524000,29.7357320400,27.5010223200,28.5680458800,27.8030101200,16797309,239606080.0000,5.088099,1,2.751623,-88.237597,2.752294,2.006172,-120.885339,0
2019-02-28,sh.600391,29.5545393600,30.7423580400,28.6485759600,29.1921540000,28.5680458800,15336198,225315082.0000,4.645512,1,2.184640,-90.165268,2.812422,2.050000,-123.526245,0
2019-03-01,sh.600391,29.1921540000,29.4337442400,28.2861906000,28.9908288000,29.1921540000,11088223,158548053.0000,3.358751,1,-0.689658,-89.543439,2.793026,2.035862,-122.674340,0
2019-03-04,sh.600391,29.2324190400,29.7961296000,28.7693710800,29.3934792000,28.9908288000,15403448,224242407.0000,4.665882,1,1.388894,-90.787098,2.831818,2.064138,-124.378150,0
2019-03-05,sh.600391,29.2324190400,30.4605027600,29.0310938400,30.2591775600,29.3934792000,13970503,206965255.0000,4.231827,1,2.945201,-93.460965,2.915220,2.124931,-128.041342,0
2019-03-06,sh.600391,30.2189125200,30.7624905600,29.5545393600,30.4806352800,30.2591775600,14667677,219160760.0000,4.443009,1,0.731874,-94.144977,2.936556,2.140482,-128.978438,0
2019-03-07,sh.600391,30.1786474800,31.8295141200,29.9974548000,30.8228881200,30.4806352800,14474415,223169852.0000,4.384468,1,1.122854,-95.202087,2.969529,2.164517,-130.426677,0
2019-03-08,sh.600391,30.1585149600,31.4671287600,29.6350694400,29.9370572400,30.8228881200,18439573,279403049.0000,5.585560,1,-2.873942,-92.466037,2.884187,2.102310,-126.678294,0
2019-03-11,sh.600391,29.7961296000,31.4872612800,29.7961296000,31.2054060000,29.9370572400,15141695,232168164.0000,4.586594,1,4.236719,-96.383563,3.006382,2.191379,-132.045296,0
2019-03-12,sh.600391,31.7691165600,34.3259466000,31.0040808000,34.3259466000,31.2054060000,27468206,451527708.0000,8.320437,1,9.999995,-106.021919,3.307020,2.410517,-145.249826,0
2019-03-13,sh.600391,34.6883319600,37.7686075200,34.6883319600,36.7015839600,34.3259466000,46180011,843967748.0000,13.988459,1,6.920824,-113.359507,3.535893,2.577345,-155.302307,0
2019-03-14,sh.600391,36.2385360000,40.0637148000,34.3058140800,37.5672823200,36.7015839600,52065014,972085651.0000,15.771094,1,2.358751,-116.033373,3.619296,2.638138,-158.965499,0
2019-03-15,sh.600391,36.3391986000,37.3659571200,35.0708498400,35.4936327600,37.5672823200,30427321,542393530.0000,9.216787,1,-5.519832,-109.628530,3.419517,2.492517,-150.190876,0
2019-03-18,sh.600391,34.5071392800,35.1513799200,33.8226336000,34.8896571600,35.4936327600,17629090,301890067.0000,5.340055,1,-1.701641,-107.763042,3.361329,2.450103,-147.635160,0
2019-03-19,sh.600391,34.7688620400,36.2184034800,34.5272718000,35.1916449600,34.8896571600,17469138,306241362.0000,5.291604,1,0.865549,-108.695786,3.390423,2.471310,-148.913018,0
2019-03-20,sh.600391,34.8091270800,34.8091270800,33.4199832000,34.2655490400,35.1916449600,14978925,254308957.0000,4.537289,1,-2.631574,-105.835370,3.301201,2.406276,-144.994254,0
2019-03-21,sh.600391,34.3058140800,34.5876693600,33.7421035200,34.4467417200,34.2655490400,14980428,254848282.0000,4.537745,1,0.528791,-106.395017,3.318658,2.419000,-145.760969,0
2019-03-22,sh.600391,34.3259466000,35.3929701600,34.0239588000,34.8091270800,34.4467417200,16574120,285420336.0000,5.020492,1,1.052018,-107.514310,3.353570,2.444448,-147.294398,0
2019-03-25,sh.600391,34.4266092000,38.2517880000,34.2252840000,36.7619815200,34.8091270800,30097240,547293947.0000,9.116802,1,5.610175,-113.546055,3.541712,2.581586,-155.557878,0
2019-03-26,sh.600391,36.1982709600,36.1982709600,33.2186580000,33.4803807600,36.7619815200,22074258,380116535.0000,6.686548,1,-8.926621,-18.117390,3.824738,2.322089,-341.751942,0
2019-03-27,sh.600391,33.5206458000,34.0239588000,31.9100442000,32.7958750800,33.4803807600,11042819,179426258.0000,3.344997,1,-2.044487,-17.746980,3.746541,2.274614,-334.764830,0
2019-03-28,sh.600391,32.9569352400,34.2051514800,32.6146824000,32.6952124800,32.7958750800,9170118,152186788.0000,2.777735,1,-0.306944,-17.692508,3.735042,2.267632,-333.737314,0
2019-03-29,sh.600391,32.8562726400,34.0038262800,32.7354775200,33.8025010800,32.6952124800,11508811,191347270.0000,3.486152,1,3.386707,-18.291700,3.861537,2.344430,-345.039994,0
2019-04-01,sh.600391,34.0642238400,35.9566807200,34.0642238400,35.5137652800,33.8025010800,17352514,304295813.0000,5.256277,1,5.062528,-19.217724,4.057028,2.463118,-362.507772,0
2019-04-02,sh.600391,35.5942953600,37.8491376000,35.3929701600,35.9164156800,35.5137652800,20410806,370646960.0000,6.182669,1,1.133791,-19.435612,4.103026,2.491044,-366.617838,0
2019-04-03,sh.600391,35.9164156800,37.2451620000,35.3124400800,36.6009213600,35.9164156800,15751650,283661698.0000,4.771357,1,1.905830,-19.806022,4.181223,2.538519,-373.604949,0
2019-04-04,sh.600391,36.6009213600,37.1042343600,36.2385360000,36.7418490000,36.6009213600,15411121,280656411.0000,4.668207,1,0.385037,-19.882283,4.197322,2.548293,-375.043472,0
2019-04-08,sh.600391,37.2451620000,37.4666197200,35.0507173200,35.6949579600,36.7418490000,13614932,243710983.0000,4.124120,1,-2.849318,-19.315774,4.077727,2.475684,-364.357302,0
2019-04-09,sh.600391,35.4332352000,35.9969457600,34.9500547200,35.5942953600,35.6949579600,6914494,122277604.0000,2.094480,1,-0.282004,-19.261302,4.066228,2.468703,-363.329785,0
2019-04-10,sh.600391,35.3728376400,35.3929701600,34.3259466000,34.6279344000,35.5942953600,9385528,161873679.0000,2.842985,1,-2.714930,-18.738371,3.955833,2.401679,-353.465628,0
2019-04-11,sh.600391,34.7889945600,36.3593311200,34.7285970000,34.8695246400,34.6279344000,11440097,201422444.0000,3.465338,1,0.697668,-18.869103,3.983431,2.418435,-355.931667,0
2019-04-12,sh.600391,34.7285970000,35.4735002400,34.0239588000,35.4533677200,34.8695246400,8798807,151833921.0000,2.665260,1,1.674370,-19.185041,4.050129,2.458929,-361.891262,0
2019-04-15,sh.600391,36.2184034800,36.4398612000,34.2252840000,34.4668742400,35.4533677200,10980189,194195788.0000,3.326026,1,-2.782509,-18.651215,3.937433,2.390509,-351.821602,0
2019-04-16,sh.600391,34.1850189600,35.1312474000,33.4803807600,35.0909823600,34.4668742400,7897988,135155600.0000,2.392392,1,1.810744,-18.988942,4.008730,2.433795,-358.192203,0
2019-04-17,sh.600391,35.0104522800,35.7553555200,34.8695246400,35.3124400800,35.0909823600,7434848,130443670.0000,2.252101,1,0.631099,-19.108780,4.034029,2.449154,-360.452739,0
2019-04-18,sh.600391,35.2520425200,35.9969457600,34.5675368400,35.5338978000,35.3124400800,10728726,188941693.0000,3.249855,1,0.627131,-19.228619,4.059328,2.464514,-362.713275,0
2019-04-19,sh.600391,35.2319100000,35.8157530800,34.7487295200,35.3325726000,35.5338978000,7109969,124243616.0000,2.153692,1,-0.566574,-19.119675,4.036329,2.450551,-360.658243,0
2019-04-22,sh.600391,35.6144278800,35.7553555200,34.4266092000,34.4668742400,35.3325726000,6991407,121049645.0000,2.117778,1,-2.450134,-18.651215,3.937433,2.390509,-351.821602,0
2019-04-23,sh.600391,34.2856815600,34.4266092000,32.7757425600,32.9972002800,34.4668742400,9903657,164522530.0000,2.999932,1,-4.264027,-17.855924,3.769541,2.288577,-336.819863,0
2019-04-24,sh.600391,33.0978628800,33.7421035200,32.7556100400,33.3394531200,32.9972002800,4678810,77272710.0000,1.417266,1,1.037218,-18.041129,3.808639,2.312314,-340.313419,0
2019-04-25,sh.600391,33.2186580000,33.5810433600,31.6080564000,31.6483214400,33.3394531200,7037437,113495579.0000,2.131721,1,-5.072459,-17.125999,3.615447,2.195023,-323.051144,0
2019-04-26,sh.600391,31.6080564000,32.1113694000,31.4067312000,31.6684539600,31.6483214400,4883035,77034580.0000,1.479128,1,0.063609,-17.136894,3.617747,2.196419,-323.256647,0
2019-04-29,sh.600391,31.2054060000,31.4067312000,28.8096361200,29.1317564400,31.6684539600,11156146,164908211.0000,3.379326,1,-8.010168,-15.183694,3.376343,1.938189,206.203316,0
2019-04-30,sh.600391,28.5479133600,30.0175873200,28.5479133600,29.5344068400,29.1317564400,7268488,106435067.0000,2.201709,1,1.382169,-15.393558,3.423010,1.964978,209.053396,0
2019-05-06,sh.600391,28.4673832800,29.3934792000,27.7023475200,28.1653954800,29.5344068400,8595434,121514780.0000,2.603656,1,-4.635312,-14.680019,3.264343,1.873895,199.363123,0
2019-05-07,sh.600391,28.2056605200,28.8499011600,27.6218174400,28.3868532000,28.1653954800,5856113,81989450.0000,1.773884,1,0.786280,-14.795444,3.290010,1.888629,200.930667,0
2019-05-08,sh.600391,27.7426125600,28.8901662000,27.4808898000,28.4472507600,28.3868532000,6152089,86611839.0000,1.863539,1,0.212764,-14.826924,3.297010,1.892647,201.358179,0
2019-05-09,sh.600391,28.2660580800,29.0310938400,28.0043353200,28.4875158000,28.4472507600,6330801,90094888.0000,1.917673,1,0.141539,-14.847910,3.301676,1.895326,201.643187,0
2019-05-10,sh.600391,28.5479133600,30.0175873200,28.4875158000,29.8766596800,28.4875158000,9141077,132619870.0000,2.768938,1,4.876329,-15.571943,3.462677,1.987749,211.475965,0
2019-05-13,sh.600391,29.4941418000,29.9773222800,29.0914914000,29.2928166000,29.8766596800,5217541,76347993.0000,1.580453,1,-1.954178,-15.267639,3.395010,1.948904,207.343348,0
2019-05-14,sh.600391,28.9102987200,30.7020930000,28.8499011600,29.8162621200,29.2928166000,9536720,141469964.0000,2.888783,1,1.786943,-15.540463,3.455677,1.983730,211.048453,0
2019-05-15,sh.600391,29.9169247200,30.1585149600,29.4740092800,29.9773222800,29.8162621200,6362606,94171913.0000,1.927307,1,0.540175,-15.624409,3.474343,1.994446,212.188485,0
2019-05-16,sh.600391,29.8967922000,31.0443458400,29.5948044000,30.5410328400,29.9773222800,8703279,131548974.0000,2.636324,1,1.880455,-15.918219,3.539677,2.031951,216.178597,0
2019-05-17,sh.600391,30.4605027600,30.5410328400,29.0109613200,29.2525515600,30.5410328400,6728456,99710154.0000,2.038127,1,-4.218855,-15.246653,3.390343,1.946226,207.058340,0
2019-05-20,sh.600391,29.3934792000,30.0578523600,28.9102987200,29.8162621200,29.2525515600,5027182,73803684.0000,1.522792,1,1.927052,-15.540463,3.455677,1.983730,211.048453,0
2019-05-21,sh.600391,29.7961296000,30.2793100800,29.3934792000,29.8565271600,29.8162621200,6354258,94196209.0000,1.924778,1,0.135041,-15.561450,3.460343,1.986409,211.333461,0
2019-05-22,sh.600391,29.8967922000,30.1585149600,29.4337442400,29.7558645600,29.8565271600,5070592,75173389.0000,1.535941,1,-0.337156,-15.508983,3.448677,1.979712,210.620941,0
2019-05-23,sh.600391,29.7558645600,30.1585149600,29.0914914000,29.1518889600,29.7558645600,5863157,86666732.0000,1.776018,1,-2.029771,-15.194187,3.378677,1.939528,206.345820,0
2019-05-24,sh.600391,28.6485759600,29.4136117200,28.2861906000,28.5277808400,29.1518889600,5316304,75845913.0000,1.610370,1,-2.140880,-14.868897,3.306343,1.898005,201.928195,0
2019-05-27,sh.600391,28.5479133600,29.5746718800,28.4069857200,29.5142743200,28.5277808400,4955159,71471881.0000,1.500975,1,3.458008,-15.383065,3.420677,1.963638,208.910892,0
2019-05-28,sh.600391,29.5142743200,29.9974548000,29.0914914000,29.3934792000,29.5142743200,4454153,65476551.0000,1.349214,1,-0.409273,-15.320105,3.406677,1.955602,208.055868,0
2019-05-29,sh.600391,29.3733466800,30.0779848800,29.2525515600,29.7357320400,29.3934792000,5290776,78173542.0000,1.602637,1,1.164384,-15.498490,3.446343,1.978372,210.478437,0
2019-05-30,sh.600391,29.4538767600,30.0981174000,29.2928166000,29.5948044000,29.7357320400,4829928,71103527.0000,1.463041,1,-0.473938,-15.425038,3.430010,1.968996,209.480908,0
2019-05-31,sh.600391,29.8565271600,30.1786474800,29.3733466800,30.1786474800,29.5948044000,6455450,95502931.0000,1.955430,1,1.972789,-15.729341,3.497677,2.007840,213.613525,0
2019-06-03,sh.600391,30.6819604800,31.0040808000,29.2122865200,29.4337442400,30.1786474800,7384852,109967252.0000,2.236957,1,-2.468311,-15.341092,3.411343,1.958281,208.340876,0
2019-06-04,sh.600391,29.1921540000,29.1921540000,28.0446003600,28.2056605200,29.4337442400,6122566,86848534.0000,1.854596,1,-4.172364,-14.701005,3.269010,1.876574,199.648131,0
2019-06-05,sh.600391,28.4875158000,28.5881784000,28.0848654000,28.2056605200,28.2056605200,2719006,38266360.0000,0.823618,1,0.000000,-14.701005,3.269010,1.876574,199.648131,0
2019-06-06,sh.600391,28.2056605200,28.2861906000,27.0782394000,27.1990345200,28.2056605200,3607326,49401285.0000,1.092701,1,-3.568879,-14.176344,3.152343,1.809601,192.522930,0
2019-06-10,sh.600391,27.2392995600,27.5815524000,27.0983719200,27.3399621600,27.1990345200,2395436,32543949.0000,0.725605,1,0.518132,-14.249797,3.168676,1.818977,193.520458,0
2019-06-11,sh.600391,27.3399621600,28.4069857200,27.2392995600,28.3868532000,27.3399621600,4691784,65216162.0000,1.421196,1,3.829164,-14.795444,3.290010,1.888629,200.930667,0
2019-06-12,sh.600391,28.2056605200,28.5479133600,28.0446003600,28.2861906000,28.3868532000,3707199,52146087.0000,1.122953,1,-0.354611,-14.742978,3.278343,1.881932,200.218147,0
2019-06-13,sh.600391,28.3264556400,28.4875158000,28.1251304400,28.2660580800,28.2861906000,2762061,38873591.0000,0.836660,1,-0.071176,-14.732485,3.276010,1.880592,200.075643,0
2019-06-14,sh.600391,28.2459255600,29.1116239200,27.6822150000,27.7426125600,28.2660580800,5391129,76345463.0000,1.633035,1,-1.851853,-14.459661,3.215343,1.845767,196.370539,0
2019-06-17,sh.600391,27.7828776000,28.1653954800,27.4406247600,27.9036727200,27.7426125600,2653600,36623938.0000,0.803806,1,0.580551,-14.543607,3.234009,1.856482,197.510571,0
2019-06-18,sh.600391,27.8432751600,27.9640702800,27.4406247600,27.5412873600,27.9036727200,2193100,30121991.0000,0.664315,1,-1.298697,-14.354729,3.192009,1.832372,194.945499,0
2019-06-19,sh.600391,28.2861906000,28.6687084800,27.9640702800,28.2861906000,27.5412873600,5174162,72707468.0000,1.567313,1,2.704678,-14.742978,3.278343,1.881932,200.218147,0
2019-06-20,sh.600391,28.1855280000,29.0512263600,27.9842028000,28.9102987200,28.2861906000,5714086,81445427.0000,1.730863,1,2.206402,-15.068268,3.350676,1.923455,204.635772,0
2019-06-21,sh.600391,29.0713588800,30.2390450400,28.9505637600,30.1182499200,28.9102987200,8998599,132567614.0000,2.725780,1,4.178276,-15.697861,3.490677,2.003822,213.186013,0
2019-06-24,sh.600391,30.1786474800,30.2189125200,29.5746718800,29.7759970800,30.1182499200,4517078,66940513.0000,1.368275,1,-1.136364,-15.519477,3.451010,1.981051,210.763445,0
2019-06-25,sh.600391,29.7759970800,30.2994426000,29.5545393600,30.0779848800,29.7759970800,7135448,106237992.0000,2.161410,1,1.014196,-15.676875,3.486010,2.001143,212.901005,0
2019-06-26,sh.600391,29.8565271600,30.2994426000,29.4941418000,30.2793100800,30.0779848800,5980620,88679827.0000,1.811599,1,0.669347,-15.781807,3.509344,2.014538,214.326045,0
2019-06-27,sh.600391,30.1987800000,30.5007678000,29.8565271600,29.8967922000,30.2793100800,5954115,89233807.0000,1.803570,1,-1.263295,-15.582436,3.465010,1.989088,211.618469,0
2019-06-28,sh.600391,30.1786474800,30.3397076400,29.4941418000,29.9773222800,29.8967922000,5465837,81024313.0000,1.655665,1,0.269360,-15.624409,3.474343,1.994446,212.188485,0
2019-07-01,sh.600391,30.3598401600,30.8228881200,30.0981174000,30.8228881200,29.9773222800,8144978,123235989.0000,2.467208,1,2.820685,-16.065124,3.572344,2.050703,218.173654,0
2019-07-02,sh.600391,30.9235507200,31.1852734800,30.5007678000,30.6215629200,30.8228881200,5489004,84027511.0000,1.662683,1,-0.653170,-15.960192,3.549010,2.037308,216.748613,0
2019-07-03,sh.600391,30.3799726800,30.9034182000,30.0981174000,30.5812978800,30.6215629200,6039940,91562050.0000,1.829568,1,-0.131495,-15.939206,3.544344,2.034629,216.463605,0
2019-07-04,sh.600391,30.6014304000,33.6414409200,30.4403702400,32.5140198000,30.5812978800,23065964,373312619.0000,6.986947,1,6.319948,-16.946555,3.768344,2.163217,230.143991,0
2019-07-05,sh.600391,31.9100442000,32.1918994800,31.4067312000,31.5677913600,32.5140198000,11128374,175063106.0000,3.370913,1,-2.910213,-16.453374,3.658677,2.100263,223.446302,0
2019-07-08,sh.600391,31.3262011200,31.4469962400,29.8363946400,30.2390450400,31.5677913600,9224213,139370850.0000,2.794121,1,-4.209183,-15.760821,3.504677,2.011859,214.041037,0
2019-07-09,sh.600391,30.4202377200,31.2658035600,30.0981174000,31.0242133200,30.2390450400,8711924,133385607.0000,2.638942,1,2.596534,-16.170056,3.595677,2.064097,219.598694,0
2019-07-10,sh.600391,30.8228881200,34.1246214000,30.6215629200,34.1246214000,31.0242133200,34184962,572047775.0000,10.355020,1,9.993517,-17.786013,3.955012,2.270373,241.544313,0
2019-07-11,sh.600391,33.2186580000,33.9031636800,32.5744173600,33.3193206000,34.1246214000,22862443,376908059.0000,6.925298,1,-2.359891,-17.366284,3.861678,2.216795,235.844152,0
2019-07-12,sh.600391,33.3394531200,34.7688620400,32.8965376800,34.0239588000,33.3193206000,21819107,368834607.0000,6.609260,1,2.114806,-17.733547,3.943345,2.263676,240.831793,0
2019-07-15,sh.600391,33.5810433600,35.5338978000,33.4199832000,35.1111148800,34.0239588000,20037954,346512079.0000,6.069728,1,3.195272,-18.300181,4.069345,2.336006,248.527010,0
2019-07-16,sh.600391,34.8493921200,35.4131026800,34.1850189600,34.4266092000,35.1111148800,13820511,237950508.0000,4.186392,1,-1.949542,-17.943411,3.990012,2.290465,243.681873,0
2019-07-17,sh.600391,34.3460791200,34.7688620400,33.6414409200,33.9232962000,34.4266092000,10433234,177009480.0000,3.160347,1,-1.461988,-17.681081,3.931678,2.256979,240.119273,0
2019-07-18,sh.600391,33.8226336000,34.4266092000,33.4401157200,34.1850189600,33.9232962000,9251275,156339129.0000,2.802318,1,0.771508,-17.817492,3.962012,2.274392,241.971825,0
2019-07-19,sh.600391,33.9434287200,34.7688620400,33.5810433600,34.1447539200,34.1850189600,9780779,166049582.0000,2.962711,1,-0.117788,-17.796506,3.957345,2.271713,241.686817,0
2019-07-22,sh.600391,33.6011758800,33.6213084000,30.7222255200,30.8027556000,34.1447539200,14463606,228306830.0000,4.381193,1,-9.787730,-16.054631,3.570010,2.049363,218.031150,0
2019-07-23,sh.600391,31.1450084400,32.0509718400,30.8228881200,31.9503092400,30.8027556000,8364547,130968720.0000,2.533718,1,3.725488,-16.652745,3.703011,2.125712,226.153879,0
2019-07-24,sh.600391,32.1717669600,32.6952124800,31.9301767200,32.0107068000,31.9503092400,7179978,115135972.0000,2.174898,1,0.189034,-16.684224,3.710011,2.129731,226.581391,0
2019-07-25,sh.600391,31.8697791600,32.4737547600,31.6281889200,31.8093816000,32.0107068000,5232139,83239544.0000,1.584875,1,-0.628927,-16.579292,3.686677,2.116336,225.156351,0
2019-07-26,sh.600391,31.8496466400,33.6213084000,31.7288515200,33.0173328000,31.8093816000,12992923,212307154.0000,3.935700,1,3.797500,-17.208886,3.826678,2.196703,233.706592,0
2019-07-29,sh.600391,32.8965376800,33.9836937600,32.7757425600,33.6615734400,33.0173328000,9855193,163116109.0000,2.985252,1,1.951218,-17.544669,3.901345,2.239566,238.266720,0
2019-07-30,sh.600391,33.5206458000,33.6414409200,33.0173328000,33.1381279200,33.6615734400,7200157,119170982.0000,2.181000,1,-1.555000,-17.271845,3.840678,2.204740,234.561616,0
2019-07-31,sh.600391,32.9368027200,34.2856815600,32.8160076000,34.2856815600,33.1381279200,11815263,198098125.0000,3.579000,1,3.463000,-17.869959,3.973678,2.281089,242.684345,0
2019-08-01,sh.600391,33.8226336000,34.6883319600,33.1985254800,33.6213084000,34.2856815600,9901661,166242822.0000,2.999300,1,-1.937800,-17.523682,3.896678,2.236887,237.981712,0
2019-08-02,sh.600391,32.8764051600,33.1179954000,32.0107068000,32.4536222400,33.6213084000,8605613,139130078.0000,2.606700,1,-3.473100,-16.915075,3.761344,2.159199,229.716479,0
2019-08-05,sh.600391,32.4938872800,33.1582604400,31.6684539600,31.7489840400,32.4536222400,8087261,130897233.0000,2.449700,1,-2.171200,-16.547813,3.679677,2.112318,224.728839,0
2019-08-06,sh.600391,30.6416954400,31.4872612800,29.4337442400,30.8631531600,31.7489840400,11600886,175902658.0000,3.514000,1,-2.790100,-16.086111,3.577010,2.053382,218.458662,0
2019-08-07,sh.600391,30.9235507200,31.3865986800,30.4202377200,30.4403702400,30.8631531600,6233240,95990699.0000,1.888100,1,-1.369900,-15.865753,3.528010,2.025253,215.466077,0
2019-08-08,sh.600391,30.7423580400,32.6549474400,30.7222255200,32.0308393200,30.4403702400,11857833,188096768.0000,3.591900,1,5.224900,-16.694718,3.712344,2.131070,226.723895,0
2019-08-09,sh.600391,32.1516344400,32.8764051600,31.0644783600,31.3463336400,32.0308393200,6880748,108239492.0000,2.084300,1,-2.137000,-16.337948,3.633011,2.085529,221.878758,0
2019-08-12,sh.600391,31.3463336400,31.6281889200,30.8228881200,31.5476588400,31.3463336400,4913500,76269373.0000,1.488400,1,0.642300,-16.442880,3.656344,2.098923,223.303798,0
2019-08-13,sh.600391,31.3060686000,31.8496466400,30.8027556000,31.2658035600,31.5476588400,5435246,84347454.0000,1.646400,1,-0.893400,-16.295975,3.623677,2.080171,221.308742,0
2019-08-14,sh.600391,31.6080564000,31.8899116800,31.2054060000,31.7288515200,31.2658035600,7027364,110015163.0000,2.128700,1,1.481000,-16.537319,3.677344,2.110978,224.586335,0
2019-08-15,sh.600391,30.6819604800,31.5275263200,30.6014304000,31.3262011200,31.7288515200,6595264,101958820.0000,1.997800,1,-1.269000,-16.327455,3.630677,2.084189,221.736254,0
2019-08-16,sh.600391,31.2456710400,31.9301767200,31.2456710400,31.6684539600,31.3262011200,7352773,115728496.0000,2.227200,1,1.092500,-16.505840,3.670344,2.106960,224.158822,0
2019-08-19,sh.600391,31.8093816000,33.1783929600,31.5073938000,32.9368027200,31.6684539600,11017718,177794914.0000,3.337400,1,4.005100,-17.166913,3.817344,2.191345,233.136576,0
2019-08-20,sh.600391,32.9972002800,34.7487295200,32.6146824000,33.5206458000,32.9368027200,14861243,247646576.0000,4.501600,1,1.772600,-17.471216,3.885011,2.230190,237.269192,0
2019-08-21,sh.600391,33.5206458000,34.6883319600,33.2387905200,33.8025010800,33.5206458000,10679569,180474485.0000,3.235000,1,0.840800,-17.618121,3.917678,2.248942,239.264249,0
2019-08-22,sh.600391,34.1850189600,35.3929701600,33.9836937600,34.8292596000,33.8025010800,16771392,289863690.0000,5.080200,1,3.037500,-18.153276,4.036678,2.317254,246.531954,0
2019-08-23,sh.600391,34.5272718000,34.8493921200,33.7823685600,34.1447539200,34.8292596000,10609228,180696677.0000,3.213700,1,-1.965300,-17.796506,3.957345,2.271713,241.686817,0
2019-08-26,sh.600391,33.7823685600,34.6883319600,33.6414409200,34.1648864400,34.1447539200,10013933,169704006.0000,3.033300,1,0.059000,-17.806999,3.959678,2.273052,241.829321,0
2019-08-27,sh.600391,34.0642238400,34.9903197600,33.8226336000,34.6480669200,34.1648864400,10189554,174814082.0000,3.086500,1,1.414300,-18.058837,4.015678,2.305199,245.249417,0
2019-08-28,sh.600391,34.3259466000,35.5338978000,33.4199832000,33.7823685600,34.6480669200,16055730,275021347.0000,4.863500,1,-2.498500,-17.607628,3.915345,2.247603,239.121745,0
2019-08-29,sh.600391,34.1648864400,36.7821140400,34.1648864400,35.5942953600,33.7823685600,23221666,412731804.0000,7.034100,1,5.363500,-20.610661,4.129869,2.238472,312.071736,0
2019-08-30,sh.600391,35.8157530800,36.9834392400,35.0909823600,36.7418490000,35.5942953600,25976776,466369515.0000,7.868700,1,3.224000,-21.275145,4.263015,2.310640,322.132873,0
2019-09-02,sh.600391,36.7015839600,38.1913904400,36.2586685200,37.7484750000,36.7418490000,25807977,479542808.0000,7.817500,1,2.739700,-21.858026,4.379810,2.373946,330.958431,0
2019-09-03,sh.600391,37.4062221600,37.6880774400,36.5807888400,37.1444994000,37.7484750000,17265699,317897024.0000,5.230000,1,-1.600000,-21.508297,4.309733,2.335962,325.663096,0
2019-09-04,sh.600391,36.7418490000,37.1243668800,36.1378734000,36.7217164800,37.1444994000,11429057,207604838.0000,3.462000,1,-1.138200,-21.263488,4.260679,2.309374,321.956362,0
2019-09-05,sh.600391,36.7821140400,37.2250294800,36.3995961600,36.6814514400,36.7217164800,12843553,235315628.0000,3.890500,1,-0.109700,-21.240172,4.256007,2.306842,321.603339,0
2019-09-06,sh.600391,36.7418490000,37.1444994000,36.3391986000,36.6814514400,36.6814514400,9046700,165116574.0000,2.740300,1,0.000000,-21.240172,4.256007,2.306842,321.603339,0
2019-09-09,sh.600391,36.8626441200,37.4464872000,36.4398612000,37.4263546800,36.6814514400,11740145,214727920.0000,3.556200,1,2.030700,-21.671504,4.342435,2.353688,328.134252,0
2019-09-10,sh.600391,37.3458246000,38.1712579200,36.0372108000,36.0976083600,37.4263546800,16090320,295286962.0000,4.873900,1,-3.550300,-20.902102,4.188266,2.270125,316.484516,0
2019-09-11,sh.600391,36.0573433200,36.3995961600,35.2721750400,35.6345604000,36.0976083600,9825904,174898448.0000,2.976400,1,-1.282800,-20.633976,4.134540,2.241005,312.424759,0
2019-09-12,sh.600391,35.8761506400,36.0372108000,35.4131026800,35.7754880400,35.6345604000,5804059,103037237.0000,1.758100,1,0.395500,-20.715580,4.150892,2.249867,313.660337,0
2019-09-16,sh.600391,35.9969457600,36.6009213600,35.4936327600,35.6345604000,35.7754880400,6621118,118498602.0000,2.005600,1,-0.393900,-20.633976,4.134540,2.241005,312.424759,0
2019-09-17,sh.600391,35.3728376400,35.5338978000,34.3863441600,34.4870067600,35.6345604000,8986585,155585170.0000,2.722100,1,-3.220300,-19.969492,4.001394,2.168837,302.363622,0
2019-09-18,sh.600391,34.5675368400,34.7487295200,34.2655490400,34.5675368400,34.4870067600,5304737,90926321.0000,1.606900,1,0.233500,-20.016123,4.010738,2.173901,303.069667,0
2019-09-19,sh.600391,34.5675368400,35.1715124400,34.3058140800,35.0708498400,34.5675368400,6266810,108246622.0000,1.898300,1,1.456000,-20.307563,4.069135,2.205554,307.482446,0
2019-09-20,sh.600391,34.9903197600,35.0104522800,33.9434287200,34.4266092000,35.0708498400,8716588,148533793.0000,2.640400,1,-1.837000,-19.934520,3.994386,2.165038,301.834089,0
2019-09-23,sh.600391,34.2252840000,34.7084644800,34.0239588000,34.3460791200,34.4266092000,4833527,82390765.0000,1.464100,1,-0.233900,-19.887889,3.985043,2.159974,301.128044,0
2019-09-24,sh.600391,34.2051514800,34.5272718000,33.9836937600,34.0239588000,34.3460791200,5117603,86880178.0000,1.550200,1,-0.937900,-19.701367,3.947668,2.139716,298.303866,0
2019-09-25,sh.600391,33.9635612400,34.1850189600,32.6146824000,32.7354775200,34.0239588000,8019920,133231924.0000,2.429300,1,-3.787000,-18.955280,3.798171,2.058686,287.007151,0
2019-09-26,sh.600391,32.7153450000,33.0978628800,31.4469962400,31.4671287600,32.7354775200,8039426,128120444.0000,2.435200,1,-3.874500,-18.220850,3.651009,1.978921,275.886948,0
2019-09-27,sh.600391,31.4671287600,31.9704417600,31.2658035600,31.5275263200,31.4671287600,4571416,71703166.0000,1.384700,1,0.191900,-18.255823,3.658017,1.982719,276.416482,0
2019-09-30,sh.600391,31.8093816000,31.8093816000,30.6215629200,31.0040808000,31.5275263200,4251228,65704738.0000,1.287700,1,-1.660300,-17.952725,3.597284,1.949801,271.827191,0
2019-10-08,sh.600391,31.2054060000,31.2255385200,30.3598401600,30.3799726800,31.0040808000,3464248,52995023.0000,1.049400,1,-2.013000,-17.591339,3.524871,1.910551,266.355345,0
2019-10-09,sh.600391,30.5410328400,31.1248759200,29.8162621200,31.1248759200,30.3799726800,3354152,51168418.0000,1.016000,1,2.452000,-18.022671,3.611299,1.957397,272.886258,0
2019-10-10,sh.600391,31.1047434000,31.5476588400,31.0040808000,31.2456710400,31.1248759200,3164861,49122350.0000,0.958700,1,0.388100,-18.092617,3.625314,1.964994,273.945325,0
2019-10-11,sh.600391,31.2054060000,31.4268637200,30.5007678000,30.9638157600,31.2456710400,3214465,49383294.0000,0.973700,1,-0.902100,-17.929410,3.592612,1.947268,271.474169,0
2019-10-14,sh.600391,31.2054060000,31.7691165600,31.1047434000,31.5879238800,30.9638157600,4115483,64386924.0000,1.246600,1,2.015600,-18.290796,3.665025,1.986518,276.946015,0
2019-10-15,sh.600391,31.4067312000,31.5073938000,30.6618279600,30.7020930000,31.5879238800,3253689,49966782.0000,0.985600,1,-2.804300,-17.777861,3.562245,1.930809,269.179524,0
2019-10-16,sh.600391,30.7826230800,31.1248759200,30.2189125200,30.3195751200,30.7020930000,2813080,42868007.0000,0.852100,1,-1.245900,-17.556366,3.517863,1.906753,265.825812,0
2019-10-17,sh.600391,30.6416954400,30.7222255200,30.0779848800,30.1182499200,30.3195751200,2462770,37143949.0000,0.746000,1,-0.664000,-17.439790,3.494504,1.894092,264.060700,0
2019-10-18,sh.600391,30.1585149600,30.6819604800,29.5948044000,29.8363946400,30.1182499200,3369681,50403346.0000,1.020700,1,-0.935800,-17.276584,3.461802,1.876367,261.589544,0
2019-10-21,sh.600391,29.7357320400,30.1987800000,29.2525515600,30.1786474800,29.8363946400,3272266,48401633.0000,0.991200,1,1.147100,-17.474763,3.501512,1.897890,264.590234,0
2019-10-22,sh.600391,30.1786474800,30.4403702400,29.8766596800,30.4001052000,30.1786474800,2429719,36454934.0000,0.736000,1,0.733800,-17.602997,3.527207,1.911818,266.531856,0
2019-10-23,sh.600391,30.9638157600,31.2054060000,30.2189125200,30.3799726800,30.4001052000,3001088,45685983.0000,0.909100,1,-0.066200,-17.591339,3.524871,1.910551,266.355345,0
2019-10-24,sh.600391,30.1987800000,30.5611653600,29.9974548000,30.4605027600,30.3799726800,2135100,32137277.0000,0.646700,1,0.265100,-17.637970,3.534214,1.915616,267.061390,0
2019-10-25,sh.600391,30.3799726800,30.5007678000,29.8967922000,30.3799726800,30.4605027600,2778870,41626942.0000,0.841800,1,-0.264400,-17.591339,3.524871,1.910551,266.355345,0
2019-10-28,sh.600391,30.3598401600,30.7423580400,30.1987800000,30.6416954400,30.3799726800,3301024,50100093.0000,0.999900,1,0.861500,-17.742888,3.555237,1.927011,268.649990,0
2019-10-29,sh.600391,30.7423580400,30.7624905600,30.0175873200,30.0578523600,30.6416954400,2926498,43994626.0000,0.886500,1,-1.905400,-17.404817,3.487496,1.890294,263.531167,0
2019-10-30,sh.600391,29.8565271600,30.0377198400,29.3934792000,29.6350694400,30.0578523600,2798770,41231466.0000,0.847800,1,-1.406600,-19.752484,3.418348,1.855354,68.222975,0
2019-10-31,sh.600391,29.7155995200,29.7759970800,29.3934792000,29.4337442400,29.6350694400,2243667,32875362.0000,0.679600,1,-0.679400,-19.618296,3.395125,1.842750,67.759504,0
2019-11-01,sh.600391,29.4337442400,29.5545393600,29.0109613200,29.4740092800,29.4337442400,2456581,35709832.0000,0.744100,1,0.136800,-19.645133,3.399770,1.845271,67.852198,0
2019-11-04,sh.600391,29.4941418000,29.6552019600,29.3934792000,29.3934792000,29.4740092800,1936356,28353143.0000,0.586500,1,-0.273200,-19.591458,3.390481,1.840229,67.666810,0
2019-11-05,sh.600391,29.3934792000,29.3934792000,28.3063231200,28.6284434400,29.3934792000,4851398,69137197.0000,1.469500,1,-2.602700,-19.081544,3.302236,1.792333,65.905619,0
2019-11-06,sh.600391,28.8700336800,30.3397076400,28.8297686400,30.0175873200,28.6284434400,8277896,122512136.0000,2.507500,1,4.852300,-20.007441,3.462471,1.879302,69.103571,0
2019-11-07,sh.600391,29.5948044000,29.9974548000,29.3934792000,29.5545393600,30.0175873200,3685278,54135743.0000,1.116300,1,-1.542600,-19.698809,3.409059,1.850313,68.037587,0
2019-11-08,sh.600391,29.6954670000,29.7961296000,29.0512263600,29.1921540000,29.5545393600,2756703,40374618.0000,0.835000,1,-1.226200,-19.457270,3.367258,1.827625,67.203338,0
2019-11-11,sh.600391,29.0512263600,29.0512263600,27.7828776000,27.8432751600,29.1921540000,4191596,58849753.0000,1.269700,1,-4.620700,-18.558210,3.211668,1.743176,64.098081,0
2019-11-12,sh.600391,27.9640702800,28.0848654000,27.3802272000,27.9036727200,27.8432751600,2803163,38627615.0000,0.849100,1,0.216900,-18.598466,3.218635,1.746957,64.237122,0
2019-11-13,sh.600391,27.7023475200,28.0043353200,27.4607572800,27.8634076800,27.9036727200,2172016,29935897.0000,0.657900,1,-0.144300,-18.571629,3.213990,1.744436,64.144428,0
2019-11-14,sh.600391,27.9238052400,27.9238052400,27.5010223200,27.7224800400,27.8634076800,1781700,24513796.0000,0.539700,1,-0.505800,-18.477697,3.197734,1.735613,63.819998,0
2019-11-15,sh.600391,27.7224800400,27.7426125600,26.8567816800,26.8769142000,27.7224800400,3478800,46875337.0000,1.053800,1,-3.050100,-17.914107,3.100200,1.682675,61.873419,0
2019-11-18,sh.600391,26.7762516000,27.0983719200,26.3937337200,26.9977093200,26.8769142000,2677749,35578109.0000,0.811100,1,0.449400,-17.994620,3.114134,1.690238,62.151501,0
2019-11-19,sh.600391,26.9775768000,27.7426125600,26.8769142000,27.7023475200,26.9977093200,2532920,34542454.0000,0.767300,1,2.610000,-18.464278,3.195412,1.734353,63.773651,0
2019-11-20,sh.600391,27.6620824800,27.9640702800,27.2392995600,27.2594320800,27.7023475200,2132604,29199660.0000,0.646000,1,-1.598800,-18.169065,3.144323,1.706623,62.754014,0
2019-11-21,sh.600391,27.2996971200,28.3868532000,27.1990345200,27.7426125600,27.2594320800,4381169,60686586.0000,1.327100,1,1.772500,-18.491116,3.200057,1.736874,63.866345,0
2019-11-22,sh.600391,27.4808898000,27.9640702800,27.4003597200,27.9439377600,27.7426125600,3361000,46298161.0000,1.018100,1,0.725700,-18.625304,3.223279,1.749478,64.329816,0
2019-11-25,sh.600391,27.8835402000,27.8835402000,26.8970467200,27.3600946800,27.9439377600,3254717,44030445.0000,0.985900,1,-2.089300,-18.236159,3.155934,1.712926,62.985750,0
2019-11-26,sh.600391,27.3198296400,27.7224800400,27.2191670400,27.3399621600,27.3600946800,1901900,25952187.0000,0.576100,1,-0.073600,-18.222740,3.153612,1.711665,62.939403,0
2019-11-27,sh.600391,27.1789020000,27.8231426400,26.9775768000,27.4607572800,27.3399621600,2131641,29176499.0000,0.645700,1,0.441800,-18.303253,3.167545,1.719228,63.217485,0
2019-11-28,sh.600391,27.7828776000,27.7828776000,27.1587694800,27.3399621600,27.4607572800,1662364,22572245.0000,0.503500,1,-0.439900,-18.222740,3.153612,1.711665,62.939403,0
2019-11-29,sh.600391,27.4204922400,27.4607572800,26.9373117600,27.3600946800,27.3399621600,1719529,23159069.0000,0.520900,1,0.073600,-18.236159,3.155934,1.712926,62.985750,0
2019-12-02,sh.600391,27.2996971200,27.5815524000,27.1789020000,27.3802272000,27.3600946800,1630599,22188876.0000,0.493900,1,0.073600,-18.249577,3.158256,1.714186,63.032097,0
2019-12-03,sh.600391,27.3198296400,27.7426125600,27.0379743600,27.7224800400,27.3802272000,2276095,31021401.0000,0.689500,1,1.250000,-18.477697,3.197734,1.735613,63.819998,0
2019-12-04,sh.600391,27.5412873600,28.2660580800,27.4808898000,28.2257930400,27.7224800400,3044127,42318533.0000,0.922100,1,1.815500,-18.813167,3.255791,1.767124,64.978676,0
2019-12-05,sh.600391,28.1653954800,28.4472507600,28.0043353200,28.2459255600,28.2257930400,2917401,40926399.0000,0.883700,1,0.071300,-18.826586,3.258113,1.768385,65.025023,0
2019-12-06,sh.600391,28.2660580800,28.3667206800,27.9842028000,28.2861906000,28.2459255600,1836979,25688954.0000,0.556400,1,0.142600,-18.853424,3.262757,1.770905,65.117718,0
2019-12-09,sh.600391,28.2660580800,28.6083109200,28.0244678400,28.2861906000,28.2861906000,2512780,35424020.0000,0.761200,1,0.000000,-18.853424,3.262757,1.770905,65.117718,0
2019-12-10,sh.600391,28.3465881600,28.5881784000,27.9640702800,28.2861906000,28.2861906000,2692631,37757938.0000,0.815600,1,0.000000,-18.853424,3.262757,1.770905,65.117718,0
2019-12-11,sh.600391,28.3063231200,28.4069857200,27.9640702800,28.0244678400,28.2861906000,2484532,34728376.0000,0.752600,1,-0.925300,-18.678979,3.232568,1.754520,64.515205,0
2019-12-12,sh.600391,28.0244678400,28.1452629600,27.6218174400,27.6620824800,28.0244678400,2433130,33692238.0000,0.737000,1,-1.293100,-18.437441,3.190768,1.731832,63.680957,0
2019-12-13,sh.600391,27.8835402000,28.1653954800,27.7023475200,28.1049979200,27.6620824800,2355500,32680598.0000,0.713500,1,1.601200,-18.732655,3.241857,1.759562,64.700593,0
2019-12-16,sh.600391,28.2056605200,28.8297686400,28.2056605200,28.7895036000,28.1049979200,4680839,66587667.0000,1.417900,1,2.435500,-19.188894,3.320814,1.802416,66.276396,0
2019-12-17,sh.600391,28.8499011600,29.3330816400,28.8096361200,29.1921540000,28.7895036000,4692300,67921412.0000,1.421400,1,1.398600,-19.457270,3.367258,1.827625,67.203338,0
2019-12-18,sh.600391,29.4941418000,29.5948044000,28.9706962800,29.0109613200,29.1921540000,4419267,64211671.0000,1.338600,1,-0.620700,-19.336501,3.346358,1.816281,66.786214,0
2019-12-19,sh.600391,29.0713588800,29.3733466800,28.8901662000,29.3330816400,29.0109613200,3575163,51785160.0000,1.083000,1,1.110300,-19.551202,3.383514,1.836448,67.527768,0
2019-12-20,sh.600391,29.3330816400,29.3934792000,28.6687084800,28.6687084800,29.3330816400,3042976,43753783.0000,0.921800,1,-2.264900,-19.108381,3.306880,1.794854,65.998313,0
2019-12-23,sh.600391,28.6485759600,28.9102987200,27.9842028000,28.0043353200,28.6687084800,3100800,43802955.0000,0.939300,1,-2.317400,-18.665560,3.230246,1.753259,64.468858,0
2019-12-24,sh.600391,28.0446003600,28.2861906000,27.8432751600,28.1855280000,28.0043353200,2672520,37284744.0000,0.809500,1,0.647000,-18.786330,3.251146,1.764603,64.885982,0
2019-12-25,sh.600391,28.2056605200,28.2459255600,27.9640702800,28.0244678400,28.1855280000,2290479,31939329.0000,0.693800,1,-0.571400,-18.678979,3.232568,1.754520,64.515205,0
2019-12-26,sh.600391,28.1251304400,28.1251304400,27.6620824800,27.9640702800,28.0244678400,3651856,50500535.0000,1.106200,1,-0.215500,-18.638723,3.225601,1.750738,64.376164,0
2019-12-27,sh.600391,27.9439377600,28.2459255600,27.6822150000,27.7023475200,27.9640702800,4487678,62448828.0000,1.359400,1,-0.935900,-18.464278,3.195412,1.734353,63.773651,0
2019-12-30,sh.600391,27.7426125600,27.8231426400,26.9373117600,27.8030101200,27.7023475200,4343610,59086769.0000,1.315700,1,0.363400,-18.531372,3.207023,1.740655,64.005387,0
2019-12-31,sh.600391,27.7426125600,28.1049979200,27.5815524000,27.8030101200,27.8030101200,3119947,43064185.0000,0.945100,1,0.000000,-18.531372,3.207023,1.740655,64.005387,0
2020-01-02,sh.600391,27.9842028000,28.9102987200,27.9238052400,28.6888410000,27.8030101200,5999176,84689795.0000,1.817200,1,3.186100,-19.121800,3.309202,1.796114,66.044660,0
2020-01-03,sh.600391,28.7895036000,29.9169247200,28.6485759600,29.5545393600,28.6888410000,9902439,144410464.0000,2.999600,1,3.017500,-19.698809,3.409059,1.850313,68.037587,0
2020-01-06,sh.600391,29.6954670000,30.5007678000,29.6149369200,29.9169247200,29.5545393600,8741689,130180502.0000,2.648000,1,1.226200,-19.940347,3.450859,1.873000,68.871835,0
2020-01-07,sh.600391,29.7155995200,30.6215629200,29.6350694400,30.0578523600,29.9169247200,6842907,102272274.0000,2.072800,1,0.471100,-20.034279,3.467115,1.881823,69.196265,0
2020-01-08,sh.600391,30.2994426000,31.3060686000,30.1383824400,30.7826230800,30.0578523600,12772156,194545213.0000,3.868800,1,2.411200,-20.517356,3.550716,1.927199,70.864762,0
2020-01-09,sh.600391,30.0981174000,30.1383824400,29.6149369200,29.8162621200,30.7826230800,7495783,110952801.0000,2.270600,1,-3.139300,-19.873253,3.439248,1.866698,68.640100,0
2020-01-10,sh.600391,29.7357320400,29.7759970800,29.2726840800,29.4337442400,29.8162621200,4664985,68264250.0000,1.413100,1,-1.282900,-19.618296,3.395125,1.842750,67.759504,0
2020-01-13,sh.600391,29.2928166000,29.6753344800,29.2928166000,29.5948044000,29.4337442400,3592169,52662560.0000,1.088100,1,0.547200,-19.725646,3.413703,1.852833,68.130281,0
2020-01-14,sh.600391,29.5948044000,29.8766596800,29.2928166000,29.4740092800,29.5948044000,3721909,54652956.0000,1.127400,1,-0.408200,-19.645133,3.399770,1.845271,67.852198,0
2020-01-15,sh.600391,29.1518889600,29.4538767600,28.9908288000,29.0713588800,29.4740092800,2515800,36350918.0000,0.762100,1,-1.366100,-19.376757,3.353325,1.820062,66.925256,0
2020-01-16,sh.600391,29.1720214800,30.1182499200,29.1720214800,29.6753344800,29.0713588800,6004243,88740360.0000,1.818800,1,2.077600,-19.779321,3.422992,1.857875,68.315670,0
2020-01-17,sh.600391,29.6753344800,29.7155995200,29.0914914000,29.1720214800,29.6753344800,3877648,56460847.0000,1.174600,1,-1.696100,-19.443851,3.364936,1.826364,67.156991,0
2020-01-20,sh.600391,29.1518889600,29.6753344800,29.1116239200,29.5948044000,29.1720214800,3116204,45660740.0000,0.943900,1,1.449300,-19.725646,3.413703,1.852833,68.130281,0
2020-01-21,sh.600391,29.4740092800,29.4740092800,29.0109613200,29.0512263600,29.5948044000,2724602,39597820.0000,0.825300,1,-1.836700,-19.363338,3.351003,1.818802,66.878909,0
2020-01-22,sh.600391,28.8901662000,29.9370572400,28.7895036000,29.5344068400,29.0512263600,6452771,94655813.0000,1.954600,1,1.663200,-19.685390,3.406737,1.849052,67.991240,0
2020-01-23,sh.600391,29.4136117200,30.1585149600,28.7291060400,29.2122865200,29.5344068400,5874670,85819089.0000,1.779500,1,-1.090700,-19.470689,3.369581,1.828885,67.249686,0
2020-02-03,sh.600391,26.2930711200,26.2930711200,26.2930711200,26.2930711200,29.2122865200,1018900,13306834.0000,0.308600,1,-9.993100,-17.524962,3.032855,1.646123,60.529352,0
2020-02-04,sh.600391,23.6557110000,25.4877703200,23.6557110000,25.2260475600,26.2930711200,9746911,120042977.0000,2.952500,1,-4.058200,-16.813765,2.909776,1.579320,58.072954,0
2020-02-05,sh.600391,25.1656500000,25.9709508000,25.0448548800,25.4676378000,25.2260475600,6659813,84565749.0000,2.017300,1,0.957700,-16.974791,2.937643,1.594445,58.629119,0
2020-02-06,sh.600391,25.3871077200,26.4138662400,25.2260475600,26.0716134000,25.4676378000,6674903,86104039.0000,2.021900,1,2.371500,-17.377355,3.007310,1.632258,60.019533,0
2020-02-07,sh.600391,26.0917459200,26.8366491600,26.0112158400,26.7963841200,26.0716134000,5935915,78101805.0000,1.798100,1,2.779900,-17.860432,3.090911,1.677633,61.688030,0
2020-02-10,sh.600391,26.7963841200,27.3802272000,26.5346613600,26.8366491600,26.7963841200,5150081,68681614.0000,1.560000,1,0.150300,-17.887270,3.095556,1.680154,61.780724,0
2020-02-11,sh.600391,27.0178418400,27.0379743600,26.4742638000,26.4742638000,26.8366491600,3674165,48668107.0000,1.112900,1,-1.350300,-17.645731,3.053755,1.657467,60.946476,0
2020-02-12,sh.600391,26.3736012000,26.7359865600,26.0716134000,26.7359865600,26.4742638000,4717607,62031244.0000,1.429000,1,0.988600,-17.820176,3.083944,1.673852,61.548989,0
2020-02-13,sh.600391,26.5749264000,26.8769142000,26.2125410400,26.3333361600,26.7359865600,3482504,45711151.0000,1.054900,1,-1.506000,-17.551800,3.037499,1.648644,60.622046,0
2020-02-14,sh.600391,26.3333361600,26.7762516000,26.2326735600,26.4541312800,26.3333361600,3739555,49092540.0000,1.132800,1,0.458700,-17.632312,3.051433,1.656206,60.900129,0
2020-02-17,sh.600391,28.1855280000,29.0914914000,27.5815524000,29.0914914000,26.4541312800,9033722,128745518.0000,2.736400,1,9.969600,-19.390176,3.355647,1.821323,66.971603,0
2020-02-18,sh.600391,32.0107068000,32.0107068000,32.0107068000,32.0107068000,29.0914914000,2993266,47592929.0000,0.906700,1,10.034600,-21.335903,3.692373,2.004085,73.691937,0
2020-02-19,sh.600391,32.2120320000,35.2117774800,31.9503092400,35.2117774800,32.0107068000,65862779,1119192618.0000,19.950600,1,10.000000,-21.335903,3.692373,2.004085,73.691937,0
2020-02-20,sh.600391,34.2856815600,36.8626441200,33.4401157200,35.5942953600,35.2117774800,53731445,933450781.0000,16.275900,1,1.086300,-23.724451,4.105733,2.228442,81.941726,0
2020-02-21,sh.600391,34.6279344000,39.1577514000,34.2655490400,37.5672823200,35.5942953600,54327530,997431088.0000,16.456400,1,5.543000,-25.039494,4.333313,2.351964,86.483745,0
2020-02-24,sh.600391,36.4398612000,38.4933782400,36.2385360000,37.3659571200,37.5672823200,36101974,668157288.0000,10.935700,1,-0.535900,-24.905306,4.310091,2.339360,86.020273,0
2020-02-25,sh.600391,35.8358856000,36.8626441200,33.8226336000,36.8425116000,37.3659571200,33681300,597966083.0000,10.202500,1,-1.400900,-24.556417,4.249712,2.306589,84.815248,0
2020-02-26,sh.600391,35.5338978000,38.1712579200,35.4332352000,35.8157530800,36.8425116000,27281276,496087612.0000,8.263800,1,-2.786900,-23.872058,4.131278,2.242307,82.451544,0
2020-02-27,sh.600391,35.9969457600,39.3993416400,34.7889945600,39.3993416400,35.8157530800,33036412,626142069.0000,10.007100,1,10.005600,-26.260605,4.544638,2.466663,90.701333,0
2020-02-28,sh.600391,37.6478124000,42.0367017600,35.8560181200,36.3995961600,39.3993416400,60872971,1186701950.0000,18.439100,1,-7.613700,-24.261203,4.198623,2.278859,83.795611,0
2020-03-02,sh.600391,36.8223790800,39.4798717200,33.8427661200,38.7349684800,36.3995961600,38424681,709572937.0000,11.639300,1,6.415900,-25.817785,4.468004,2.425069,89.171878,0
2020-03-03,sh.600391,38.6544384000,42.6004123200,38.1511254000,41.7347139600,38.7349684800,53007942,1092072176.0000,16.056700,1,7.744300,-27.817187,4.814018,2.612873,96.077600,0
2020-03-04,sh.600391,40.6676904000,45.9021456000,40.6676904000,45.9021456000,41.7347139600,49264285,1071510995.0000,14.922700,1,9.985500,-30.594880,5.294724,2.873782,105.671456,0
2020-03-05,sh.600391,47.1100968000,50.3313000000,44.3318090400,45.0767122800,45.9021456000,57499867,1355001779.0000,17.417400,1,-1.798200,-30.044709,5.199512,2.822105,103.771224,0
2020-03-06,sh.600391,44.8351220400,49.4253366000,43.8083635200,48.1167228000,45.0767122800,47095024,1078678022.0000,14.265600,1,6.744100,-32.070949,5.550171,3.012430,110.769641,0
2020-03-09,sh.600391,46.0632057600,46.7074464000,43.3050505200,43.3050505200,48.1167228000,32778186,725089069.0000,9.928900,1,-10.000000,-28.863854,4.995154,2.711187,99.692677,0
2020-03-10,sh.600391,41.4729912000,44.2311464400,39.4597392000,43.3050505200,43.3050505200,33515076,695338160.0000,10.152100,1,0.000000,-28.863854,4.995154,2.711187,99.692677,0
2020-03-11,sh.600391,43.0835928000,46.0632057600,42.5802798000,42.5802798000,43.3050505200,28517986,630148738.0000,8.638400,1,-1.673600,-28.380777,4.911553,2.665811,98.024180,0
2020-03-12,sh.600391,40.4059676400,43.2446529600,39.6811969200,40.8287505600,42.5802798000,21689459,443227071.0000,6.570000,1,-4.113500,-27.213341,4.709517,2.556154,93.991980,0
2020-03-13,sh.600391,38.0907278400,42.6004123200,38.0907278400,41.1106058400,40.8287505600,26091862,523790663.0000,7.903500,1,0.690300,-27.401204,4.742029,2.573800,94.640839,0
2020-03-16,sh.600391,41.2716660000,43.0835928000,38.8557636000,39.2584140000,41.1106058400,24488033,499619006.0000,7.417700,1,-4.505400,-26.166674,4.528382,2.457840,90.376903,0
2020-03-17,sh.600391,41.2716660000,41.4327261600,37.8088725600,40.3657026000,39.2584140000,19336030,381308231.0000,5.857100,1,2.820500,-26.904708,4.656106,2.527164,92.925996,0
2020-03-18,sh.600391,41.0904733200,42.2984245200,39.0973538400,39.0973538400,40.3657026000,23998394,487593782.0000,7.269400,1,-3.142100,-26.059323,4.509804,2.447757,90.006126,0
2020-03-19,sh.600391,39.2986790400,40.2650400000,38.2517880000,39.7617270000,39.0973538400,18711054,366734692.0000,5.667800,1,1.699300,-26.502144,4.586438,2.489351,91.535582,0
2020-03-20,sh.600391,40.2650400000,40.5871603200,38.3323180800,38.7349684800,39.7617270000,18440011,360519724.0000,5.585700,1,-2.582300,-25.817785,4.468004,2.425069,89.171878,0
2020-03-23,sh.600391,36.8425116000,37.2048969600,34.8695246400,34.8695246400,38.7349684800,21675534,382903180.0000,6.565800,1,-9.979200,-23.241374,4.022132,2.183066,80.273229,0
2020-03-24,sh.600391,35.4332352000,35.6144278800,32.4133572000,34.2252840000,34.8695246400,21148567,357780258.0000,6.406100,1,-1.847600,-22.811972,3.947820,2.142732,78.790121,0
2020-03-25,sh.600391,34.8493921200,35.9365482000,34.8292596000,35.6546929200,34.2252840000,17760528,312964378.0000,5.379900,1,4.176500,-23.764707,4.112700,2.232223,82.080767,0
2020-03-26,sh.600391,35.6345604000,36.1378734000,34.8695246400,34.8896571600,35.6546929200,11316496,199361704.0000,3.427900,1,-2.145700,-23.254792,4.024454,2.184327,80.319576,0
2020-03-27,sh.600391,35.7352230000,35.8358856000,34.0239588000,34.2051514800,34.8896571600,10747471,186293606.0000,3.255500,1,-1.961900,-22.798553,3.945498,2.141472,78.743774,0
2020-03-30,sh.600391,33.3797181600,34.1246214000,32.0912368800,32.9368027200,34.2051514800,15550814,254300038.0000,4.710500,1,-3.708100,-21.953168,3.799196,2.062065,75.823905,0
2020-03-31,sh.600391,33.6011758800,33.8025010800,32.5140198000,32.5744173600,32.9368027200,9279185,152591253.0000,2.810800,1,-1.100200,-21.711630,3.757396,2.039377,74.989656,0
2020-04-01,sh.600391,32.6750799600,33.4602482400,32.2321645200,32.4737547600,32.5744173600,9417670,153415029.0000,2.852700,1,-0.309000,-21.644536,3.745785,2.033075,74.757921,0
2020-04-02,sh.600391,32.7354775200,34.0642238400,32.4133572000,33.9031636800,32.4737547600,12221235,201857064.0000,3.702000,1,4.401700,-22.597271,3.910664,2.122566,78.048567,0
2020-04-03,sh.600391,33.5810433600,34.0642238400,33.0978628800,33.8226336000,33.9031636800,9583701,159824678.0000,2.903000,1,-0.237500,-22.543596,3.901375,2.117524,77.863178,0
2020-04-07,sh.600391,34.3863441600,36.0170782800,34.3259466000,35.1513799200,33.8226336000,17299187,302405025.0000,5.240100,1,3.928600,-23.429237,4.054644,2.200712,80.922089,0
2020-04-08,sh.600391,34.4870067600,37.4666197200,34.4266092000,37.1042343600,35.1513799200,23837115,429200018.0000,7.220500,1,5.555600,-24.730861,4.279902,2.322974,85.417761,0
2020-04-09,sh.600391,37.5874148400,38.3927156400,36.4599937200,36.7821140400,37.1042343600,19194077,356255747.0000,5.814100,1,-0.868100,-24.516160,4.242746,2.302807,84.676207,0
2020-04-10,sh.600391,36.3794636400,37.2048969600,35.2319100000,35.2319100000,36.7821140400,15856360,284685024.0000,4.803100,1,-4.214600,-23.482912,4.063933,2.205754,81.107478,0
2020-04-13,sh.600391,35.2721750400,35.9566807200,34.4467417200,35.4332352000,35.2319100000,9120980,159513047.0000,2.762900,1,0.571400,-23.617100,4.087155,2.218358,81.570949,0
2020-04-14,sh.600391,35.2319100000,35.9969457600,34.9299222000,35.9768132400,35.4332352000,9176340,161775037.0000,2.779600,1,1.534100,-23.979408,4.149856,2.252390,82.822321,0
2020-04-15,sh.600391,35.6748254400,35.8358856000,35.0507173200,35.0708498400,35.9768132400,8317889,146397440.0000,2.519600,1,-2.518200,-23.375562,4.045355,2.195671,80.736700,0
2020-04-16,sh.600391,34.9500547200,36.8223790800,34.3058140800,36.2184034800,35.0708498400,14585141,259166342.0000,4.418000,1,3.272100,-24.140434,4.177723,2.267515,83.378487,0
2020-04-17,sh.600391,36.2385360000,36.4801262400,35.2319100000,35.5338978000,36.2184034800,10566981,188090352.0000,3.200900,1,-1.889900,-23.684194,4.098766,2.224661,81.802684,0
2020-04-20,sh.600391,35.9365482000,37.8290050800,35.8358856000,37.6276798800,35.5338978000,17632975,323918673.0000,5.341200,1,5.892400,273.286561,4.213508,1.823565,1603.804048,0
2020-04-21,sh.600391,37.0438368000,38.3725831200,36.8223790800,37.8894026400,37.6276798800,17020664,318160375.0000,5.155800,1,0.695600,275.187431,4.242815,1.836249,1614.959453,0
2020-04-22,sh.600391,37.4464872000,38.2115229600,36.9431742000,37.8692701200,37.8894026400,10864778,202965845.0000,3.291100,1,-0.053100,275.041210,4.240561,1.835274,1614.101345,0
2020-04-23,sh.600391,37.9900652400,39.8623896000,37.4062221600,39.0369562800,37.8692701200,18174974,350149071.0000,5.505400,1,3.083500,283.522013,4.371317,1.891864,1663.871615,0
2020-04-24,sh.600391,38.5940408400,39.1577514000,36.8425116000,37.4867522400,39.0369562800,15509511,292170653.0000,4.698000,1,-3.971100,272.263016,4.197727,1.816735,1597.797291,0
2020-04-27,sh.600391,37.6478124000,37.6478124000,36.2989335600,36.3391986000,37.4867522400,8409807,153612072.0000,2.547400,1,-3.061200,263.928434,4.069225,1.761121,1548.885129,0
2020-04-28,sh.600391,36.4197286800,36.7217164800,34.1246214000,35.4936327600,36.3391986000,10580595,186508517.0000,3.205000,1,-2.326900,257.787163,3.974539,1.720142,1512.844589,0
2020-04-29,sh.600391,34.0239588000,35.1916449600,33.5407783200,34.0239588000,35.4936327600,12096199,206303541.0000,3.664100,1,-4.140700,441.462582,3.885951,1.663343,726.075409,0
2020-04-30,sh.600391,34.2252840000,35.1513799200,33.9434287200,34.8896571600,34.0239588000,8855183,152897949.0000,2.682300,1,2.544400,452.695062,3.984824,1.705665,744.549517,0
2020-05-06,sh.600391,34.8292596000,35.7754880400,34.5876693600,35.5338978000,34.8896571600,7815062,137279763.0000,2.367300,1,1.846500,461.054117,4.058404,1.737160,758.297691,0
2020-05-07,sh.600391,35.3527051200,36.0573433200,35.1111148800,35.6345604000,35.5338978000,8310402,147084323.0000,2.517300,1,0.283300,462.360219,4.069901,1.742082,760.445843,0
2020-05-08,sh.600391,35.4735002400,38.0101977600,35.4735002400,37.5471498000,35.6345604000,16427062,302808758.0000,4.975900,1,5.367200,487.176163,4.288342,1.835583,801.260733,0
2020-05-11,sh.600391,37.6478124000,39.2584140000,37.6478124000,38.3524506000,37.5471498000,15638679,297971684.0000,4.737100,1,2.144800,497.624981,4.380317,1.874952,818.445950,0
2020-05-12,sh.600391,38.2517880000,38.3524506000,37.3055595600,37.5270172800,38.3524506000,10544463,197645320.0000,3.194000,1,-2.152200,486.914942,4.286043,1.834599,800.831102,0
2020-05-13,sh.600391,37.5471498000,39.2181489600,37.4062221600,37.7484750000,37.5270172800,13227813,251444939.0000,4.006900,1,0.590100,489.788368,4.311336,1.845425,805.557037,0
2020-05-14,sh.600391,37.2048969600,38.7953660400,37.1243668800,37.6478124000,37.7484750000,10920113,205318077.0000,3.307800,1,-0.266700,488.482265,4.299839,1.840504,803.408885,0
2020-05-15,sh.600391,37.4464872000,38.1712579200,37.2854270400,37.7484750000,37.6478124000,8052581,151189712.0000,2.439200,1,0.267400,489.788368,4.311336,1.845425,805.557037,0
2020-05-18,sh.600391,38.2517880000,41.5333887600,38.0101977600,41.5333887600,37.7484750000,36534749,739474608.0000,11.066800,1,10.026700,538.897815,4.743619,2.030460,886.327556,0
2020-05-19,sh.600391,40.9092806400,42.9225326400,40.5468952800,42.7413399600,41.5333887600,34878806,719973166.0000,10.565200,1,2.908400,554.571042,4.881582,2.089514,912.105381,0
2020-05-20,sh.600391,42.2782920000,42.8218700400,40.1039798400,40.7482204800,42.7413399600,24722551,506840463.0000,7.488700,1,-4.663200,528.710217,4.653943,1.992075,869.571970,0
2020-05-21,sh.600391,40.8891481200,41.8756416000,39.4597392000,39.5604018000,40.7482204800,18079670,363454904.0000,5.476500,1,-2.915000,513.298209,4.518280,1.934006,844.223775,0
2020-05-22,sh.600391,39.5604018000,40.5871603200,38.0504628000,38.1511254000,39.5604018000,16498414,320926004.0000,4.997600,1,-3.562300,495.012777,4.357323,1.865110,814.149645,0
2020-05-25,sh.600391,37.6478124000,38.6141733600,36.4197286800,36.9230416800,38.1511254000,12888489,239497331.0000,3.904100,1,-3.219000,479.078329,4.217061,1.805072,787.942190,0
2020-05-26,sh.600391,37.1042343600,37.7283424800,36.7217164800,37.6679449200,36.9230416800,9512202,176172457.0000,2.881400,1,2.017400,488.743486,4.302138,1.841489,803.838515,0
2020-05-27,sh.600391,37.7082099600,38.4531132000,36.5405238000,36.8626441200,37.6679449200,12283390,229089847.0000,3.720800,1,-2.137900,478.294667,4.210163,1.802119,786.653299,0
2020-05-28,sh.600391,36.6210538800,37.0438368000,35.6546929200,36.7217164800,36.8626441200,8938461,161118780.0000,2.707600,1,-0.382300,476.466124,4.194067,1.795230,783.645886,0
2020-05-29,sh.600391,36.3995961600,37.8088725600,36.0774758400,37.6075473600,36.7217164800,10061615,185478125.0000,3.047800,1,2.412300,487.959824,4.295240,1.838536,802.549624,0
2020-06-01,sh.600391,37.8692701200,38.7349684800,37.3659571200,38.4732457200,37.6075473600,11420087,216454797.0000,3.459300,1,2.301900,499.192304,4.394113,1.880858,821.023732,0
2020-06-02,sh.600391,38.6343058800,39.6610644000,38.0907278400,38.6141733600,38.4732457200,12457797,240446040.0000,3.773600,1,0.366300,501.020847,4.410209,1.887747,824.031145,0
2020-06-03,sh.600391,38.6141733600,38.9564262000,37.9699327200,38.1511254000,38.6141733600,9120223,174528582.0000,2.762600,1,-1.199200,495.012777,4.357323,1.865110,814.149645,0
2020-06-04,sh.600391,38.3323180800,38.7752335200,37.6478124000,37.6880774400,38.1511254000,7580704,143508962.0000,2.296300,1,-1.213700,489.004706,4.304438,1.842473,804.268146,0
2020-06-05,sh.600391,37.6075473600,37.7887400400,36.8827766400,37.0438368000,37.6880774400,7850321,145005125.0000,2.378000,1,-1.709400,480.645651,4.230857,1.810978,790.519972,0
2020-06-08,sh.600391,37.0438368000,37.7686075200,37.0438368000,37.3458246000,37.0438368000,5315367,98678074.0000,1.610100,1,0.815200,484.563958,4.265348,1.825741,796.964429,0
2020-06-09,sh.600391,37.3458246000,37.4464872000,36.4398612000,36.7015839600,37.3458246000,6707631,122257667.0000,2.031800,1,-1.725100,476.204904,4.191768,1.794246,783.216255,0
2020-06-10,sh.600391,36.7619815200,36.7619815200,36.1378734000,36.6411864000,36.7015839600,5346240,96645317.0000,1.619400,1,-0.164600,475.421242,4.184870,1.791293,781.927364,0
2020-06-11,sh.600391,36.5606563200,37.0237042800,35.8761506400,36.0372108000,36.6411864000,7028306,127241101.0000,2.129000,1,-1.648400,467.584628,4.115889,1.761766,769.038451,0
2020-06-12,sh.600391,35.1715124400,36.2385360000,34.8493921200,36.0170782800,36.0372108000,4810325,85192318.0000,1.457100,1,-0.055900,467.323408,4.113589,1.760782,768.608821,0
2020-06-15,sh.600391,35.8358856000,36.0774758400,34.8896571600,34.8896571600,36.0170782800,6338717,111440460.0000,1.920100,1,-3.130200,452.695062,3.984824,1.705665,744.549517,0
2020-06-16,sh.600391,35.2319100000,35.5942953600,35.1111148800,35.5942953600,34.8896571600,4720926,82918905.0000,1.430000,1,2.019600,461.837778,4.065302,1.740113,759.586582,0
2020-06-17,sh.600391,36.2586685200,37.3458246000,36.2586685200,37.1646319200,35.5942953600,11125307,204071442.0000,3.370000,1,4.411800,482.212974,4.244654,1.816883,793.097755,0
2020-06-18,sh.600391,36.7418490000,36.8223790800,36.1982709600,36.4197286800,37.1646319200,6479439,117354426.0000,1.962700,1,-2.004300,472.547817,4.159577,1.780466,777.201429,0
2020-06-19,sh.600391,36.2989335600,37.7082099600,36.2989335600,37.5471498000,36.4197286800,10334167,191236698.0000,3.130300,1,3.095600,487.176163,4.288342,1.835583,801.260733,0
2020-06-22,sh.600391,37.3659571200,38.1511254000,37.1646319200,37.9498002000,37.5471498000,8598006,161232056.0000,2.604400,1,1.072400,492.400572,4.334330,1.855268,809.853341,0
2020-06-23,sh.600391,37.9699327200,38.3323180800,37.4062221600,37.9900652400,37.9498002000,6464158,121435394.0000,1.958100,1,0.106100,492.923013,4.338928,1.857236,810.712602,0
2020-06-24,sh.600391,37.7686075200,37.7686075200,36.8827766400,37.3458246000,37.9900652400,5991522,110742758.0000,1.814900,1,-1.695800,484.563958,4.265348,1.825741,796.964429,0
2020-06-29,sh.600391,37.2451620000,38.1511254000,36.8827766400,37.5874148400,37.3458246000,6080379,113661106.0000,1.841800,1,0.646900,487.698604,4.292941,1.837552,802.119994,0
2020-06-30,sh.600391,37.3458246000,37.8894026400,37.1444994000,37.6679449200,37.5874148400,6075367,113286145.0000,1.840300,1,0.214200,488.743486,4.302138,1.841489,803.838515,0
2020-07-01,sh.600391,37.7082099600,38.5336432800,37.5270172800,38.1309928800,37.6679449200,8522188,160882081.0000,2.581500,1,1.229300,494.751556,4.355024,1.864126,813.720015,0
2020-07-02,sh.600391,37.9498002000,38.6745709200,37.4867522400,38.6343058800,38.1309928800,10502324,198987705.0000,3.181300,1,1.320000,501.282068,4.412508,1.888731,824.460775,0
2020-07-03,sh.600391,38.6544384000,39.1376188800,38.1511254000,38.4128481600,38.6343058800,10641456,203677623.0000,3.223400,1,-0.573200,498.408643,4.387215,1.877905,819.734841,0
2020-07-06,sh.600391,38.2719205200,40.9294131600,38.2719205200,40.7079554400,38.4128481600,19780683,391878385.0000,5.991800,1,5.974800,528.187776,4.649344,1.990107,868.712709,0
2020-07-07,sh.600391,40.8086180400,43.2849180000,39.4597392000,41.3723286000,40.7079554400,23496785,488915275.0000,7.117400,1,1.632000,536.808051,4.725224,2.022586,882.890513,0
2020-07-08,sh.600391,40.8086180400,45.5196277200,40.6676904000,45.5196277200,41.3723286000,32782168,713636368.0000,9.930100,1,10.024300,590.619466,5.198896,2.225337,971.394379,0
2020-07-09,sh.600391,47.0295667200,48.7206984000,46.0430732400,47.2107594000,45.5196277200,37244156,875889983.0000,11.281700,1,3.715200,612.561985,5.392044,2.308012,1007.483334,0
2020-07-10,sh.600391,46.6067838000,47.9959276800,44.8753870800,45.0767122800,47.2107594000,25201853,577022356.0000,7.633900,1,-4.520300,584.872616,5.148310,2.203684,961.942510,0
2020-07-13,sh.600391,44.8955196000,46.0430732400,44.3116765200,45.5800252800,45.0767122800,21111552,475209508.0000,6.394900,1,1.116600,591.403128,5.205794,2.228290,972.683270,0
2020-07-14,sh.600391,45.2176399200,49.7273244000,44.8955196000,46.9893016800,45.5800252800,28096954,662079145.0000,8.510900,1,3.091900,609.688560,5.366751,2.297186,1002.757400,0
2020-07-15,sh.600391,47.0094342000,47.2107594000,43.5869058000,43.8083635200,46.9893016800,20277117,452045877.0000,6.142200,1,-6.769500,568.415727,5.003449,2.141678,934.875793,0
2020-07-16,sh.600391,43.8083635200,44.5935318000,41.1106058400,41.5132562400,43.8083635200,15751124,335995157.0000,4.771200,1,-5.239000,538.636594,4.741320,2.029476,885.897925,0
2020-07-17,sh.600391,41.7749790000,45.4592301600,40.9495456800,45.2780374800,41.5132562400,24714587,537874196.0000,7.486300,1,9.068900,587.484821,5.171304,2.213526,966.238814,0
2020-07-20,sh.600391,45.8820130800,49.7273244000,45.2780374800,49.3246740000,45.2780374800,33786880,806652779.0000,10.234400,1,8.937300,639.990134,5.633479,2.411356,1052.594528,0
2020-07-21,sh.600391,48.3180480000,48.7206984000,45.6202903200,45.9424106400,49.3246740000,25633211,591879769.4200,7.764600,1,-6.857100,596.105096,5.247183,2.246006,980.416618,0
2020-07-22,sh.600391,44.9559171600,50.5326252000,44.4928692000,48.8616260400,45.9424106400,45530086,1124240094.0800,13.791600,1,6.354100,633.982063,5.580593,2.388719,1042.713029,0
2020-07-23,sh.600391,48.3180480000,52.6666723200,48.0764577600,51.9419016000,48.8616260400,48083268,1203650453.0200,14.565000,1,6.304100,673.948794,5.932398,2.539305,1108.446483,0
2020-07-24,sh.600391,52.0022991600,55.4852251200,49.5259992000,49.5461317200,51.9419016000,45045955,1159071707.1300,13.644900,1,-4.612400,642.863559,5.658772,2.422182,1057.320463,0
2020-07-27,sh.600391,48.9018910800,50.5326252000,47.1100968000,48.5193732000,49.5461317200,23843816,580746135.7700,7.222600,1,-2.072300,629.541315,5.541504,2.371987,1035.409312,0
2020-07-28,sh.600391,48.8213610000,50.3313000000,47.4724821600,49.2240114000,48.5193732000,19024455,462539043.1500,5.762700,1,1.452300,638.684031,5.621982,2.406435,1050.446376,0
2020-07-29,sh.600391,48.3180480000,49.8078544800,47.1302293200,49.4253366000,49.2240114000,18249103,438921413.7000,5.527900,1,0.409000,641.296236,5.644976,2.416277,1054.742680,0
2020-07-30,sh.600391,49.6266618000,51.5996487600,48.8817585600,48.9622886400,49.4253366000,18928953,469632609.5400,5.733800,1,-0.936900,635.288165,5.592090,2.393640,1044.861181,0
2020-07-31,sh.600391,48.3180480000,49.5259992000,47.6134098000,47.7543374400,48.9622886400,14501590,347285441.8500,4.392700,1,-2.467100,619.614938,5.454127,2.334586,1019.083356,0
2020-08-03,sh.600391,47.7543374400,51.5996487600,47.7543374400,51.0963357600,47.7543374400,23796516,595004559.3900,7.208200,1,6.998300,662.977534,5.835824,2.497968,1090.402005,0
2020-08-04,sh.600391,50.8346130000,51.6801788400,48.8616260400,49.0428187200,51.0963357600,18888411,469086083.4000,5.721500,1,-4.018900,636.333047,5.601287,2.397577,1046.579702,0
2020-08-05,sh.600391,49.4857341600,53.9551536000,49.0025536800,53.9551536000,49.0428187200,25853097,680345354.2200,7.831200,1,10.016400,700.070840,6.162336,2.637728,1151.409525,0
2020-08-06,sh.600391,56.1697308000,59.3506689600,55.5456226800,59.3506689600,53.9551536000,18025827,518731984.3100,5.460200,1,10.000000,770.077924,6.778569,2.901501,1266.550477,0
2020-08-07,sh.600391,64.4240640000,65.2897623600,58.4044405200,65.2897623600,59.3506689600,41345459,1279440110.3000,12.524000,1,10.006800,847.137961,7.456886,3.191848,1393.291451,0
2020-08-10,sh.600391,67.8465924000,71.8126988400,62.4108120000,63.0147876000,65.2897623600,54051587,1822203010.6100,16.372900,1,-3.484400,817.620048,7.197056,3.080630,1344.743214,0
2020-08-11,sh.600391,62.0886916800,67.8465924000,61.0015356000,63.9408835200,63.0147876000,41772752,1339182395.0200,12.653400,1,1.469600,829.636190,7.302828,3.125905,1364.506213,0
2020-08-12,sh.600391,61.0015356000,61.2028608000,57.5387421600,57.5387421600,63.9408835200,32020543,931999237.5800,9.699400,1,-10.012600,746.568082,6.571625,2.812921,1227.883740,0
2020-08-13,sh.600391,57.7803324000,62.6725347600,57.1964893200,61.9276315200,57.5387421600,29138963,875694748.2900,8.826500,1,7.627700,803.514143,7.072890,3.027482,1321.543171,0
2020-08-14,sh.600391,60.3371624400,64.8267144000,59.6727892800,62.7731973600,61.9276315200,26748639,835803014.2600,8.102500,1,1.365400,814.485403,7.169464,3.068820,1339.587649,0
2020-08-17,sh.600391,62.7731973600,66.7997013600,62.2296193200,64.0616786400,62.7731973600,25213367,806963795.8900,7.637400,1,2.052600,831.203512,7.316624,3.131810,1367.083996,0
2020-08-18,sh.600391,63.6388957200,64.2630038400,61.9678965600,63.2362453200,64.0616786400,18740039,585751565.9500,5.676600,1,-1.288500,820.493473,7.222350,3.091457,1349.469148,0
2020-08-19,sh.600391,62.6926672800,62.6926672800,59.3909340000,59.6526567600,63.2362453200,16600619,498636623.2100,5.028500,1,-5.667000,773.996231,6.813060,2.916264,1272.994934,0
2020-08-20,sh.600391,58.1829828000,60.8002104000,56.8743690000,57.8205974400,59.6526567600,15075530,437335507.1900,4.566600,1,-3.071200,750.225169,6.603817,2.826700,1233.898565,0
2020-08-21,sh.600391,58.3843080000,58.9681510800,55.0221771600,55.8878755200,57.8205974400,15682264,443231246.1100,4.750300,1,-3.342600,725.148004,6.383076,2.732214,1192.654045,0
2020-08-24,sh.600391,56.3509234800,57.3575494800,54.6597918000,56.2502608800,55.8878755200,11061325,307486954.5900,3.350600,1,0.648400,729.849973,6.424465,2.749930,1200.387393,0
2020-08-25,sh.600391,56.2502608800,56.7737064000,51.3379260000,52.9283950800,56.2502608800,23793074,638126924.4100,7.207200,1,-5.905500,686.748596,6.045068,2.587533,1129.498373,0
2020-08-26,sh.600391,53.3914430400,54.2571414000,50.3313000000,50.9554081200,52.9283950800,17221783,442821376.2000,5.216700,1,-3.727700,661.148991,5.819728,2.491078,1087.394592,0
2020-08-27,sh.600391,51.7003113600,51.8412390000,50.0695772400,51.2976609600,50.9554081200,9745476,246909644.0500,2.952000,1,0.671700,665.589739,5.858818,2.507810,1094.698309,0
2020-08-28,sh.600391,51.4989861600,52.6868048400,50.6332878000,52.2438894000,51.2976609600,15944120,409933117.2600,4.829700,1,1.844600,677.867101,5.966889,2.554069,1114.890939,0
2020-08-31,sh.600391,52.3445520000,55.4248275600,51.8009739600,53.8142259600,52.2438894000,23339332,620546148.8900,7.069800,1,3.005800,-514.115983,6.278126,2.751506,-181.946048,0
2020-09-01,sh.600391,54.1162137600,54.5591292000,52.8478650000,53.2303828800,53.8142259600,16193233,432442803.2200,4.905100,1,-1.084900,-508.538219,6.210013,2.721655,-179.972073,0
2020-09-02,sh.600391,54.3779365200,54.9819121200,51.7607089200,52.0022991600,53.2303828800,13375704,351326776.2200,4.051700,1,-2.307100,-496.805680,6.066741,2.658863,-175.819919,0
2020-09-03,sh.600391,51.0359382000,51.7003113600,49.8682520400,50.7339504000,52.0022991600,13857849,348343440.3700,4.197700,1,-2.439000,-484.688469,5.918772,2.594013,-171.531628,0
2020-09-04,sh.600391,49.9286496000,50.5728902400,48.9622886400,49.8682520400,50.7339504000,10363453,255423634.8700,3.139200,1,-1.706300,-476.417991,5.817777,2.549750,-168.604700,0
2020-09-07,sh.600391,49.4656016400,50.0091796800,47.7342049200,47.9153976000,49.8682520400,12177367,295578715.8800,3.688700,1,-3.916000,-457.761331,5.589952,2.449901,-162.002093,0
2020-09-08,sh.600391,48.3180480000,48.8213610000,46.6470488400,48.1569878400,47.9153976000,9200949,218274206.6200,2.787100,1,0.504200,-460.069372,5.618136,2.462253,-162.818911,0
2020-09-09,sh.600391,47.3114220000,49.6065292800,46.9087716000,48.6200358000,48.1569878400,16058895,385294167.3200,4.864400,1,0.961500,-464.493116,5.672157,2.485929,-164.384477,0
2020-09-10,sh.600391,48.5797707600,49.2240114000,46.5262537200,46.6873138800,48.6200358000,9336023,222736321.4200,2.828000,1,-3.975200,-446.028793,5.446680,2.387109,-157.849939,0
2020-09-11,sh.600391,46.5665187600,46.8081090000,45.2981700000,46.6067838000,46.6873138800,8724790,199804434.1600,2.642800,1,-0.172500,-445.259446,5.437285,2.382992,-157.577666,0
2020-09-14,sh.600391,47.1100968000,48.0160602000,46.4658561600,47.3718195600,46.6067838000,8694681,204103850.2400,2.633700,1,1.641500,-452.568241,5.526536,2.422108,-160.164254,0
2020-09-15,sh.600391,47.5127472000,48.3180480000,47.1704943600,47.9556626400,47.3718195600,7642988,181470009.6500,2.315100,1,1.232500,-458.146005,5.594649,2.451960,-162.138229,0
2020-09-16,sh.600391,47.8751325600,47.8751325600,46.3047960000,46.4859886800,47.9556626400,5337780,123745503.6000,1.616900,1,-3.064700,-444.105426,5.423192,2.376816,-157.169258,0
2020-09-17,sh.600391,46.7074464000,47.9153976000,45.9424106400,47.5731447600,46.4859886800,7200518,168196369.1600,2.181100,1,2.338700,-454.491608,5.550023,2.432402,-160.844935,0
2020-09-18,sh.600391,47.5731447600,48.9421561200,47.4120846000,48.9018910800,47.5731447600,9769351,234246054.6800,2.959200,1,2.793100,-467.185829,5.705039,2.500340,-165.337431,0
2020-09-21,sh.600391,49.5461317200,50.9956731600,48.7408309200,49.2240114000,48.9018910800,13044507,323572494.3400,3.951300,1,0.658700,-470.263217,5.742618,2.516810,-166.426520,0
2020-09-22,sh.600391,48.2777829600,49.1233488000,47.5127472000,48.3784455600,49.2240114000,8957720,214731401.2400,2.713400,1,-1.717800,-462.185075,5.643972,2.473576,-163.567660,0
2020-09-23,sh.600391,48.3784455600,48.5596382400,47.3315545200,47.6536748400,48.3784455600,6493216,153776659.8300,1.966900,1,-1.498100,-455.260954,5.559418,2.436519,-161.117208,0
2020-09-24,sh.600391,47.3114220000,47.6738073600,46.1437358400,46.2041334000,47.6536748400,5840595,135339199.7900,1.769200,1,-3.041800,-441.412712,5.390310,2.362404,-156.216304,0
2020-09-25,sh.600391,46.1840008800,46.6671813600,45.2377724400,45.5598927600,46.2041334000,6684792,152234823.7600,2.024900,1,-1.394300,-435.257938,5.315151,2.329465,-154.038125,0
2020-09-28,sh.600391,45.1975074000,45.5397602400,44.3720740800,44.6539293600,45.5598927600,4443662,99315635.7300,1.346000,1,-1.988500,-426.602787,5.209459,2.283143,-150.975060,0
2020-09-29,sh.600391,44.9961822000,46.6873138800,44.8753870800,46.1236033200,44.6539293600,7041468,160846104.1800,2.132900,1,3.291300,-440.643366,5.380916,2.358287,-155.944032,0
2020-09-30,sh.600391,46.0833382800,46.5463862400,45.7008204000,46.3853260800,46.1236033200,5120082,117482598.1300,1.550900,1,0.567400,-443.143743,5.411449,2.371669,-156.828917,0
2020-10-09,sh.600391,47.3516870400,47.5127472000,46.5061212000,47.0094342000,46.3853260800,5638018,131486152.8100,1.707800,1,1.345500,-449.106180,5.484259,2.403579,-158.939028,0
2020-10-12,sh.600391,47.1302293200,49.2240114000,46.8282415200,48.8817585600,47.0094342000,10350011,248354666.9500,3.135100,1,3.982900,-466.993493,5.702690,2.499311,-165.269362,0
2020-10-13,sh.600391,48.8817585600,49.0830837600,48.0160602000,48.9220236000,48.8817585600,6728465,162312348.2600,2.038100,1,0.082400,-467.378166,5.707387,2.501369,-165.405499,0
2020-10-14,sh.600391,49.4454691200,50.1098422800,47.3919520800,47.5530122400,48.9220236000,9478984,228481933.6200,2.871300,1,-2.798400,-454.299271,5.547675,2.431372,-160.776867,0
2020-10-15,sh.600391,47.3315545200,47.9153976000,46.5665187600,46.7678439600,47.5530122400,6529061,153102068.3700,1.977700,1,-1.651100,-446.798140,5.456075,2.391227,-158.122211,0
2020-10-16,sh.600391,46.9087716000,47.0899642800,45.7008204000,46.2041334000,46.7678439600,4483097,102964714.3500,1.358000,1,-1.205300,-441.412712,5.390310,2.362404,-156.216304,0
2020-10-19,sh.600391,46.2041334000,46.6067838000,45.8014830000,45.8417480400,46.2041334000,3257966,74736640.4400,0.986900,1,-0.784300,-437.950652,5.348033,2.343876,-154.991078,0
2020-10-20,sh.600391,45.8618805600,46.1437358400,45.0968448000,46.1437358400,45.8417480400,3959410,89578501.7600,1.199400,1,0.658800,-440.835702,5.383264,2.359316,-156.012100,0
2020-10-21,sh.600391,46.2041334000,46.2242659200,44.3922066000,44.5733992800,46.1437358400,5490086,122797429.8200,1.663000,1,-3.403100,-425.833440,5.200064,2.279025,-150.702788,0
2020-10-22,sh.600391,44.2915440000,44.5935318000,42.7212074400,43.1641228800,44.5733992800,5777230,123965236.9900,1.750000,1,-3.161700,-412.369872,5.035654,2.206970,-145.938020,0
2020-10-23,sh.600391,42.8822676000,43.5869058000,42.0367017600,42.1574968800,43.1641228800,4823334,102538658.0700,1.461000,1,-2.332100,-402.753037,4.918218,2.155501,-142.534615,0
2020-10-26,sh.600391,41.9763042000,42.5601472800,40.8891481200,41.9561716800,42.1574968800,4577659,95181562.9600,1.386600,1,-0.477600,-400.829670,4.894731,2.145207,-141.853934,0
2020-10-27,sh.600391,41.9964367200,42.7614724800,41.8353765600,42.4997497200,41.9561716800,3325506,69915345.8000,1.007300,1,1.295600,-406.022761,4.958146,2.173000,-143.691773,0
2020-10-28,sh.600391,42.6004123200,42.6205448400,41.2716660000,41.8957741200,42.4997497200,3694919,76612719.9700,1.119200,1,-1.421100,-400.252660,4.887684,2.142119,-141.649729,0
2020-10-29,sh.600391,41.0502082800,41.7548464800,40.5468952800,41.4729912000,41.8957741200,3432949,70337495.1400,1.039900,1,-1.009100,-396.213589,4.838361,2.120502,-140.220299,0
2020-10-30,sh.600391,41.7548464800,42.6809424000,40.0435822800,40.1643774000,41.4729912000,6945820,142800624.8700,2.104000,1,-3.155300,-419.727732,4.650586,2.006845,-112.127191,0
2020-11-02,sh.600391,39.8623896000,40.1442448800,38.6141733600,39.4396066800,40.1643774000,6685173,130245915.1500,2.025000,1,-1.804500,-412.153698,4.566666,1.970632,-110.103843,0
2020-11-03,sh.600391,39.7013294400,43.3855806000,39.4597392000,43.0433277600,39.4396066800,11827923,245674765.3400,3.582800,1,9.137300,-449.813479,4.983936,2.150695,-120.164378,0
2020-11-04,sh.600391,43.0231952400,44.4928692000,42.3789546000,43.4862432000,43.0433277600,9924120,214095103.9300,3.006100,1,1.029000,-454.442055,5.035221,2.172825,-121.400869,0
2020-11-05,sh.600391,43.4459781600,43.8486285600,42.2178944400,42.9426651600,43.4862432000,6091077,129723818.6000,1.845100,1,-1.250000,-448.761530,4.972281,2.145665,-119.883358,0
2020-11-06,sh.600391,42.6406773600,43.1641228800,41.9561716800,42.3386895600,42.9426651600,4042442,85042796.4200,1.224500,1,-1.406500,-442.449835,4.902347,2.115487,-118.197235,0
2020-11-09,sh.600391,42.2380269600,43.7680984800,41.9159066400,43.4862432000,42.3386895600,7578794,161547343.8200,2.295700,1,2.710400,-454.442055,5.035221,2.172825,-121.400869,0
2020-11-10,sh.600391,43.7479659600,43.7479659600,42.1977619200,42.6205448400,43.4862432000,4355901,92808152.0500,1.319500,1,-1.990700,-445.395292,4.934983,2.129570,-118.984092,0
2020-11-11,sh.600391,42.7614724800,43.4057131200,41.2716660000,41.6340513600,42.6205448400,4933497,104078510.1100,1.494400,1,-2.314600,-435.086190,4.820758,2.080279,-116.230091,0
2020-11-12,sh.600391,41.5132562400,42.1172318400,41.0703408000,41.3320635600,41.6340513600,3101953,63839238.8200,0.939600,1,-0.725300,-431.930342,4.785791,2.065190,-115.387029,0
2020-11-13,sh.600391,41.3924611200,44.7143269200,40.9898107200,44.5733992800,41.3320635600,12899755,278857130.5300,3.907500,1,7.842200,-465.803107,5.161101,2.227146,-124.435890,0
2020-11-16,sh.600391,44.2714114800,44.9961822000,43.2647854800,43.8284960400,44.5733992800,9798865,213349159.7500,2.968200,1,-1.671200,-458.018683,5.074850,2.189926,-122.356339,0
2020-11-17,sh.600391,43.8486285600,43.8486285600,42.0367017600,42.7816050000,43.8284960400,5810603,123044629.0200,1.760100,1,-2.388600,-447.078411,4.953632,2.137617,-119.433725,0
2020-11-18,sh.600391,42.7816050000,44.2915440000,42.4594846800,43.5466407600,42.7816050000,6816852,147252109.4700,2.064900,1,1.788200,-455.073225,5.042214,2.175843,-121.569481,0
2020-11-19,sh.600391,43.3453155600,46.6067838000,42.7816050000,46.0833382800,43.5466407600,16544180,372667928.4900,5.011400,1,5.825200,-481.582345,5.335935,2.302591,-128.651198,0
2020-11-20,sh.600391,46.3047960000,50.6936853600,45.7008204000,50.6936853600,46.0833382800,36685237,907027358.7000,11.112400,1,10.004400,-529.761618,5.869762,2.532951,-141.521939,0
2020-11-23,sh.600391,51.4989861600,53.8746235200,50.0494447200,51.5593837200,50.6936853600,31452570,806856989.2400,9.527300,1,1.707700,-538.808381,5.970000,2.576206,-143.938715,0
2020-11-24,sh.600391,51.4385886000,52.9686601200,50.6131552800,51.4184560800,51.5593837200,19256110,495045081.9900,5.832900,1,-0.273300,-537.335653,5.953682,2.569165,-143.545287,0
2020-11-25,sh.600391,50.8144804800,52.1432268000,49.3850715600,49.3850715600,51.4184560800,17610727,444505959.3400,5.334500,1,-3.954600,-516.086279,5.718239,2.467565,-137.868672,0
2020-11-26,sh.600391,49.6669268400,50.9151430800,47.6939398800,50.0695772400,49.3850715600,19447079,477895715.3200,5.890700,1,1.386100,-523.239533,5.797497,2.501767,-139.779611,0
2020-11-27,sh.600391,49.4052040800,53.6732983200,48.5797707600,51.9419016000,50.0695772400,23623786,602083548.0400,7.155900,1,3.739400,-542.805788,6.014292,2.595319,-145.006593,0
2020-11-30,sh.600391,51.6600463200,52.5056121600,50.9352756000,52.1230942800,51.9419016000,17010882,437607129.2300,5.152800,1,0.348800,-544.699297,6.035272,2.604372,-145.512430,0
2020-12-01,sh.600391,51.5795162400,53.1095877600,51.1164682800,52.7270698800,52.1230942800,17599244,456391456.3500,5.331000,1,1.158700,-551.010992,6.105205,2.634550,-147.198553,0
2020-12-02,sh.600391,52.3042869600,52.9082625600,50.8547455200,51.2573959200,52.7270698800,15271070,391781821.3600,4.625800,1,-2.787300,-535.652534,5.935033,2.561117,-143.095654,0
2020-12-03,sh.600391,50.7339504000,50.7339504000,48.7206984000,48.9421561200,51.2573959200,13080050,321170942.8800,3.962100,1,-4.516900,-511.457702,5.666955,2.445434,-136.632181,0
2020-12-04,sh.600391,49.1233488000,50.2306374000,47.8550000400,50.0293122000,48.9421561200,11445541,279084341.2900,3.467000,1,2.221300,-522.818754,5.792835,2.499755,-139.667203,0
2020-12-07,sh.600391,49.1233488000,50.6735528400,49.0830837600,49.3649390400,50.0293122000,9473164,234655904.7300,2.869500,1,-1.328000,-515.875889,5.715908,2.466559,-137.812468,0
2020-12-08,sh.600391,50.1098422800,50.5326252000,49.3045414800,49.3649390400,49.3649390400,6298895,155578298.5200,1.908000,1,0.000000,-515.875889,5.715908,2.466559,-137.812468,0
2020-12-09,sh.600391,49.2642764400,49.6065292800,46.3047960000,46.3047960000,49.3649390400,12174812,289486135.8800,3.687900,1,-6.199000,-483.896633,5.361578,2.313656,-129.269444,0
2020-12-10,sh.600391,45.9826756800,47.1100968000,45.3988326000,46.4054586000,46.3047960000,8164725,188018471.1000,2.473200,1,0.217400,-484.948582,5.373233,2.318686,-129.550464,0
2020-12-11,sh.600391,46.4457236400,46.7477114400,44.1707488800,44.8351220400,46.4054586000,9362805,210362647.5700,2.836100,1,-3.383900,-468.538175,5.191406,2.240223,-125.166544,0
2020-12-14,sh.600391,44.8753870800,45.8618805600,44.1908814000,45.1169773200,44.8351220400,6711349,150420929.9400,2.032900,1,0.628600,-471.483633,5.224042,2.254306,-125.953401,0
2020-12-15,sh.600391,44.5935318000,45.5397602400,44.3318090400,44.6941944000,45.1169773200,5334359,118882555.9600,1.615800,1,-0.937100,-467.065446,5.175088,2.233181,-124.773115,0
2020-12-16,sh.600391,44.9156521200,45.0968448000,43.6473033600,43.7278334400,44.6941944000,8849615,194575006.1800,2.680700,1,-2.162200,-456.966734,5.063194,2.184896,-122.075318,0
2020-12-17,sh.600391,43.2849180000,44.1506163600,42.0568342800,44.1506163600,43.7278334400,9648013,207314323.1800,2.922500,1,0.966900,-461.384920,5.112148,2.206021,-123.255604,0
2020-12-18,sh.600391,44.2311464400,45.0163147200,43.9694236800,44.5935318000,44.1506163600,7371800,163173450.5300,2.233000,1,1.003200,-466.013497,5.163432,2.228152,-124.492095,0
2020-12-21,sh.600391,43.8687610800,47.1100968000,43.7882310000,47.0094342000,44.5935318000,12784797,290693310.5400,3.872700,1,5.417600,-491.260278,5.443167,2.348864,-131.236587,0
2020-12-22,sh.600391,46.1034708000,46.9087716000,45.0565797600,45.4592301600,47.0094342000,10026982,229403226.5000,3.037300,1,-3.297600,-475.060260,5.263671,2.271407,-126.908871,0
2020-12-23,sh.600391,45.5397602400,48.2979154800,45.3988326000,48.2979154800,45.4592301600,15585223,363799179.7200,4.720900,1,6.244500,-504.725227,5.592359,2.413244,-134.833650,0
2020-12-24,sh.600391,48.7206984000,51.1164682800,47.5328797200,47.5731447600,48.2979154800,19943507,489846239.5200,6.041100,1,-1.500600,-497.151193,5.508438,2.377030,-132.810302,0
2020-12-25,sh.600391,47.7744699600,48.1569878400,46.3853260800,47.8550000400,47.5731447600,10915297,257044046.1200,3.306400,1,0.592500,-500.096651,5.541074,2.391114,-133.597160,0
2020-12-28,sh.600391,47.8550000400,51.0359382000,47.4120846000,50.6131552800,47.8550000400,20329462,501578127.5600,6.158000,1,5.763600,-528.920059,5.860438,2.528927,-141.297122,0
2020-12-29,sh.600391,50.4520951200,50.9956731600,48.7206984000,49.3649390400,50.6131552800,13670340,337865330.1200,4.140900,1,-2.466200,-515.875889,5.715908,2.466559,-137.812468,0
2020-12-30,sh.600391,48.8012284800,50.8346130000,47.6335423200,49.5259992000,49.3649390400,15182268,372569516.5500,4.598900,1,0.326300,-517.559008,5.734557,2.474606,-138.262101,0
2020-12-31,sh.600391,48.9824211600,52.2640219200,48.7810959600,52.0425642000,49.5259992000,22645499,571073201.6600,6.859600,1,5.081300,-543.857738,6.025947,2.600349,-145.287614,0
2021-01-04,sh.600391,53.4518406000,56.0892007200,51.8211064800,54.6195267600,52.0425642000,30059811,803141443.4000,9.105500,1,4.951600,-570.787637,6.324331,2.729109,-152.481739,0
2021-01-05,sh.600391,53.8746235200,56.5321161600,52.6666723200,52.9887926400,54.6195267600,25610419,685557920.7800,7.757700,1,-2.985600,-553.746060,6.135510,2.647628,-147.929207,0
2021-01-06,sh.600391,52.5257446800,54.7201893600,51.5795162400,52.1029617600,52.9887926400,24259165,641199915.6200,7.348400,1,-1.671700,-544.488907,6.032941,2.603366,-145.456226,0
2021-01-07,sh.600391,52.1029617600,53.4317080800,49.8682520400,52.7270698800,52.1029617600,23120557,594232636.4600,7.003500,1,1.197800,-551.010992,6.105205,2.634550,-147.198553,0
2021-01-08,sh.600391,52.5257446800,52.5257446800,48.8616260400,49.1233488000,52.7270698800,18946528,471882595.1300,5.739100,1,-6.834700,-513.351211,5.687935,2.454488,-137.138018,0
2021-01-11,sh.600391,49.4656016400,51.2171308800,47.9153976000,49.5259992000,49.1233488000,15529056,384387081.2500,4.703900,1,0.819700,-517.559008,5.734557,2.474606,-138.262101,0
2021-01-12,sh.600391,49.3246740000,54.4785991200,48.8414935200,54.4785991200,49.5259992000,29764186,781121500.6200,9.015900,1,10.000000,-569.314908,6.308013,2.722067,-152.088311,0
2021-01-13,sh.600391,55.7268153600,55.8274779600,52.5257446800,53.6531658000,54.4785991200,26149297,705557896.8000,7.920900,1,-1.515200,-560.688925,6.212437,2.680824,-149.783942,0
2021-01-14,sh.600391,53.6531658000,53.6531658000,48.2979154800,48.2979154800,53.6531658000,22776255,562337815.5900,6.899200,1,-9.981200,-504.725227,5.592359,2.413244,-134.833650,0
2021-01-15,sh.600391,47.6738073600,48.2777829600,44.3116765200,46.4457236400,48.2979154800,17226627,396371109.8400,5.218100,1,-3.834900,-485.369362,5.377896,2.320698,-129.662872,0
2021-01-18,sh.600391,46.0632057600,48.4589756400,45.8417480400,48.0764577600,46.4457236400,10550768,249859888.8500,3.195900,1,3.511100,-502.410939,5.566716,2.402179,-134.215405,0
2021-01-19,sh.600391,47.9757951600,48.4791081600,46.5061212000,46.7879764800,48.0764577600,8818933,206432349.1100,2.671400,1,-2.680100,-488.945989,5.417525,2.337799,-130.618342,0
2021-01-20,sh.600391,46.6067838000,47.6134098000,45.9826756800,47.0295667200,46.7879764800,7275368,169504066.5100,2.203800,1,0.516400,-491.470667,5.445498,2.349870,-131.292791,0
2021-01-21,sh.600391,46.3651935600,47.9153976000,46.3249285200,47.1100968000,47.0295667200,8011297,188481797.3200,2.426700,1,0.171200,-492.312227,5.454823,2.353894,-131.517608,0
2021-01-22,sh.600391,47.1302293200,47.5328797200,46.5061212000,46.6671813600,47.1100968000,7693894,179035278.6400,2.330600,1,-0.940200,-487.683650,5.403538,2.331763,-130.281118,0
2021-01-25,sh.600391,46.7275789200,48.0361927200,45.6605553600,45.9021456000,46.6671813600,9887836,231161833.9800,2.995100,1,-1.639300,-479.688836,5.314955,2.293538,-128.145361,0
2021-01-26,sh.600391,45.0163147200,45.0163147200,41.4125936400,41.6743164000,45.9021456000,16337556,346923203.5200,4.948800,1,-9.210500,-435.506970,4.825420,2.082291,-116.342499,0
2021-01-27,sh.600391,41.6541838800,42.2782920000,40.2247749600,41.1710034000,41.6743164000,8241929,167981680.8600,2.496600,1,-1.207700,-430.247224,4.767142,2.057142,-114.937397,0
2021-01-28,sh.600391,40.2650400000,41.0703408000,39.5805343200,39.7415944800,41.1710034000,7683021,153222470.9300,2.327300,1,-3.471900,-415.309545,4.601632,1.985721,-110.946905,0
2021-01-29,sh.600391,40.2046424400,40.3858351200,36.6814514400,37.9095351600,39.7415944800,10328458,196532141.2900,3.128600,1,-4.609900,-396.164070,4.389500,1.894180,-105.832331,0
2021-02-01,sh.600391,37.8894026400,38.3725831200,36.9230416800,37.3458246000,37.9095351600,5859800,109177597.3200,1.775000,1,-1.487000,-390.273154,4.324229,1.866014,-104.258616,0
2021-02-02,sh.600391,37.3458246000,37.9699327200,37.1444994000,37.6679449200,37.3458246000,5467125,101984022.9500,1.656100,1,0.862500,-393.639392,4.361527,1.882109,-105.157882,0
2021-02-03,sh.600391,37.6478124000,37.7484750000,36.0372108000,36.0573433200,37.6679449200,6630582,120512190.2300,2.008500,1,-4.275800,-376.808204,4.175037,1.801634,-100.661554,0
2021-02-04,sh.600391,35.8358856000,36.8827766400,34.6279344000,35.2721750400,36.0573433200,6114320,107963498.9000,1.852100,1,-2.177600,-368.603001,4.084124,1.762403,-98.469594,0
2021-02-05,sh.600391,35.4332352000,36.2586685200,34.9299222000,35.0305848000,35.2721750400,4158452,73070056.9100,1.259600,1,-0.684900,-366.078322,4.056150,1.750331,-97.795144,0
2021-02-08,sh.600391,35.1111148800,35.4131026800,34.3662116400,34.9701872400,35.0305848000,3503045,60767257.7900,1.061100,1,-0.172400,-365.447153,4.049157,1.747314,-97.626532,0
2021-02-09,sh.600391,35.0507173200,37.3659571200,34.8292596000,36.8022465600,34.9701872400,6949986,125384744.2200,2.105200,1,5.238900,-384.592628,4.261289,1.838854,-102.741106,0
2021-02-10,sh.600391,36.8223790800,37.1444994000,35.8358856000,37.0035717600,36.8022465600,5498065,100085284.0500,1.665400,1,0.547000,-386.696527,4.284600,1.848913,-103.303147,0
2021-02-18,sh.600391,37.5068847600,40.3254375600,37.4464872000,39.9227871600,37.0035717600,10734802,208641725.3900,3.251700,1,7.889000,-417.203054,4.622612,1.994774,-111.452742,0
2021-02-19,sh.600391,39.7818595200,43.8888936000,39.4597392000,42.3386895600,39.9227871600,12218190,255863309.2200,3.701000,1,6.051400,-442.449835,4.902347,2.115487,-118.197235,0
2021-02-22,sh.600391,42.3386895600,43.3654480800,41.2515334800,41.4729912000,42.3386895600,11145356,234857000.3800,3.376100,1,-2.044700,-433.403071,4.802109,2.072231,-115.780458,0
2021-02-23,sh.600391,41.2716660000,43.0835928000,40.4864977200,42.5802798000,41.4729912000,9315946,194468674.9700,2.821900,1,2.669900,-444.974513,4.930320,2.127558,-118.871684,0
2021-02-24,sh.600391,42.2380269600,43.1842554000,41.5333887600,42.1574968800,42.5802798000,6072342,127388761.5300,1.839400,1,-0.992900,-440.556326,4.881367,2.106433,-117.691398,0
2021-02-25,sh.600391,42.0769668000,42.4796172000,41.2314009600,41.3723286000,42.1574968800,5065204,105085066.5600,1.534300,1,-1.862500,-432.351122,4.790453,2.067202,-115.499438,0
2021-02-26,sh.600391,40.8690156000,41.6743164000,40.1241123600,40.5066302400,41.3723286000,5802407,117302837.1500,1.757600,1,-2.092500,-423.304359,4.690215,2.023946,-113.082661,0
2021-03-01,sh.600391,40.5066302400,41.5736538000,40.3053050400,41.3723286000,40.5066302400,4986904,101455814.2500,1.510600,1,2.137200,-432.351122,4.790453,2.067202,-115.499438,0
2021-03-02,sh.600391,41.7347139600,42.1776294000,40.6676904000,41.8152440400,41.3723286000,5592795,114799978.6900,1.694100,1,1.070600,-436.979699,4.841738,2.089332,-116.735928,0
2021-03-03,sh.600391,41.4729912000,41.4729912000,40.5670278000,41.3723286000,41.8152440400,4291069,87541459.9500,1.299800,1,-1.059200,-432.351122,4.790453,2.067202,-115.499438,0
2021-03-04,sh.600391,41.2314009600,42.6608098800,40.8690156000,41.4327261600,41.3723286000,6194564,128442637.3700,1.876400,1,0.146000,-432.982292,4.797447,2.070220,-115.668050,0
2021-03-05,sh.600391,40.9294131600,41.1710034000,39.5604018000,40.7482204800,41.4327261600,4497546,90686586.0200,1.362400,1,-1.652100,-425.829037,4.718188,2.036018,-113.757110,0
2021-03-08,sh.600391,40.7482204800,41.2112684400,37.9296676800,38.2719205200,40.7482204800,9138296,178393172.9900,2.768100,1,-6.077100,-399.951087,4.431461,1.912287,-106.844005,0
2021-03-09,sh.600391,38.2517880000,38.5336432800,35.6345604000,37.1847644400,38.2719205200,6202611,114556295.7600,1.878800,1,-2.840600,-388.590035,4.305580,1.857967,-103.808984,0
2021-03-10,sh.600391,37.4464872000,37.9498002000,36.3995961600,36.4398612000,37.1847644400,3244043,59530293.2700,0.982700,1,-2.003200,-380.805611,4.219329,1.820747,-101.729432,0
2021-03-11,sh.600391,36.6210538800,37.1243668800,36.3995961600,37.0438368000,36.4398612000,2924823,53523944.1000,0.886000,1,1.657500,-387.117306,4.289262,1.850925,-103.415555,0
2021-03-12,sh.600391,37.1444994000,37.4062221600,36.6814514400,36.9230416800,37.0438368000,3331679,61220583.7900,1.009200,1,-0.326100,-385.854967,4.275275,1.844890,-103.078330,0
2021-03-15,sh.600391,36.9834392400,37.5270172800,36.5203912800,36.7619815200,36.9230416800,3244702,59635762.0200,0.982900,1,-0.436200,-384.171849,4.256627,1.836842,-102.628697,0
2021-03-16,sh.600391,37.3256920800,37.3256920800,36.3995961600,36.4599937200,36.7619815200,2856550,52028394.0000,0.865300,1,-0.821500,-381.016001,4.221660,1.821753,-101.785636,0
2021-03-17,sh.600391,36.4599937200,37.5672823200,36.2586685200,37.1243668800,36.4599937200,3188472,58595807.8100,0.965800,1,1.822200,-387.958866,4.298587,1.854949,-103.640371,0
2021-03-18,sh.600391,37.1847644400,37.6276798800,36.9230416800,37.2652945200,37.1243668800,3494681,64673096.3100,1.058600,1,0.379600,-389.431595,4.314905,1.861990,-104.033800,0
2021-03-19,sh.600391,37.0237042800,38.1712579200,36.6411864000,37.5471498000,37.2652945200,4400077,82018019.3800,1.332800,1,0.756300,-392.377052,4.347540,1.876074,-104.820658,0
2021-03-22,sh.600391,37.1444994000,37.7686075200,36.8626441200,37.7484750000,37.5471498000,3633224,67679033.3600,1.100500,1,0.536200,-394.480951,4.370851,1.886133,-105.382699,0
2021-03-23,sh.600391,37.7887400400,37.9900652400,37.0438368000,37.2048969600,37.7484750000,2563931,47585141.1500,0.776600,1,-1.440000,-388.800425,4.307911,1.858973,-103.865188,0
2021-03-24,sh.600391,37.2048969600,37.6276798800,36.3593311200,36.6411864000,37.2048969600,2723948,49827877.1600,0.825100,1,-1.515200,-382.909510,4.242640,1.830806,-102.291473,0
2021-03-25,sh.600391,36.3593311200,36.9029091600,36.2184034800,36.4197286800,36.6411864000,2005600,36401598.1000,0.607500,1,-0.604400,-380.595221,4.216997,1.819741,-101.673228,0
2021-03-26,sh.600391,36.5405238000,36.9431742000,36.3190660800,36.7821140400,36.4197286800,2052604,37423526.9400,0.621800,1,0.995000,-384.382239,4.258958,1.837848,-102.684902,0
2021-03-29,sh.600391,36.7821140400,37.5672823200,36.7821140400,37.0035717600,36.7821140400,2935082,54223624.3100,0.889100,1,0.602100,-386.696527,4.284600,1.848913,-103.303147,0
2021-03-30,sh.600391,36.7619815200,38.5537758000,36.7418490000,37.8088725600,37.0035717600,5624851,106092226.8600,1.703800,1,2.176300,-386.853941,4.251536,2.278462,23.422761,0
2021-03-31,sh.600391,37.3458246000,37.4464872000,36.4599937200,36.6411864000,37.8088725600,3743434,68276737.8000,1.133900,1,-3.088400,-374.906375,4.120232,2.208095,22.699374,0
2021-04-01,sh.600391,36.4599937200,36.8022465600,36.4599937200,36.6210538800,36.6411864000,1797242,32687608.7600,0.544400,1,-0.054900,-374.700383,4.117968,2.206881,22.686902,0
2021-04-02,sh.600391,36.5405238000,36.9633067200,36.5405238000,36.7217164800,36.6210538800,1845340,33692180.4000,0.559000,1,0.274900,-375.730346,4.129287,2.212948,22.749263,0
2021-04-06,sh.600391,36.7217164800,37.7484750000,36.7217164800,37.4867522400,36.7217164800,3055443,56741339.3900,0.925500,1,2.083300,-383.558061,4.215314,2.259051,23.223206,0
2021-04-07,sh.600391,37.5471498000,37.6478124000,37.1042343600,37.3860896400,37.4867522400,2307282,42757119.7200,0.698900,1,-0.268500,-382.528098,4.203995,2.252984,23.160845,0
2021-04-08,sh.600391,37.2250294800,37.5874148400,37.0438368000,37.4263546800,37.3860896400,2097084,38895843.2800,0.635200,1,0.107700,-382.940084,4.208522,2.255411,23.185789,0
2021-04-09,sh.600391,37.4263546800,37.7484750000,36.8626441200,36.9834392400,37.4263546800,2346050,43461867.0000,0.710600,1,-1.183400,-378.408248,4.158717,2.228720,22.911401,0
2021-04-12,sh.600391,36.9633067200,37.1847644400,35.8761506400,36.0170782800,36.9834392400,2981673,53919711.9800,0.903200,1,-2.613000,-368.520608,4.050052,2.170484,22.312736,0
2021-04-13,sh.600391,36.0976083600,36.2184034800,35.2721750400,35.3728376400,36.0170782800,2441541,43083487.5700,0.739600,1,-1.788700,-361.928847,3.977608,2.131661,21.913626,0
2021-04-14,sh.600391,35.4332352000,35.8157530800,34.8896571600,35.7956205600,35.3728376400,2216882,39026695.9200,0.671500,1,1.195200,-366.254690,4.025149,2.157139,22.175542,0
2021-04-15,sh.600391,35.7553555200,35.8358856000,35.2923075600,35.6144278800,35.7956205600,1542903,27268815.2800,0.467400,1,-0.506200,-364.400757,4.004775,2.146219,22.063293,0
2021-04-16,sh.600391,35.5540303200,36.2184034800,35.5338978000,36.2184034800,35.6144278800,2161983,38613454.4000,0.654900,1,1.695900,-370.580533,4.072690,2.182617,22.437458,0
2021-04-19,sh.600391,36.1982709600,37.0035717600,36.0372108000,36.8626441200,36.2184034800,2635947,48055924.6400,0.798500,1,1.778800,-377.172293,4.145134,2.221440,22.836568,0
2021-04-20,sh.600391,36.9633067200,37.5270172800,36.6411864000,36.9834392400,36.8626441200,3378263,62250361.2600,1.023300,1,0.327700,-378.408248,4.158717,2.228720,22.911401,0
2021-04-21,sh.600391,36.9834392400,37.8290050800,36.9230416800,37.1042343600,36.9834392400,3436849,63894944.6200,1.041100,1,0.326600,-379.644203,4.172300,2.235999,22.986234,0
2021-04-22,sh.600391,37.1243668800,37.4867522400,36.6411864000,36.8223790800,37.1042343600,2467324,45305032.7500,0.747400,1,-0.759600,-376.760308,4.140606,2.219014,22.811624,0
2021-04-23,sh.600391,36.3995961600,36.8022465600,36.2586685200,36.5203912800,36.8223790800,1668270,30208137.8600,0.505300,1,-0.820100,-373.670420,4.106648,2.200815,22.624541,0
2021-04-26,sh.600391,36.5002587600,36.9834392400,36.0774758400,36.0774758400,36.5203912800,2414100,43842387.1000,0.731300,1,-1.212800,-369.138585,4.056843,2.174124,22.350153,0
2021-04-27,sh.600391,36.0372108000,36.0372108000,34.4266092000,35.0305848000,36.0774758400,4206680,73253505.7900,1.274300,1,-2.901800,-358.426974,3.939122,2.111035,21.701599,0
2021-04-28,sh.600391,34.8896571600,35.3527051200,34.6883319600,35.1312474000,35.0305848000,1992660,34721910.7200,0.603600,1,0.287400,-359.456937,3.950442,2.117102,21.763960,0
2021-04-29,sh.600391,35.3929701600,35.7352230000,35.0507173200,35.2721750400,35.1312474000,2170610,38133197.2500,0.657500,1,0.401100,-360.898885,3.966289,2.125594,21.851265,0
2021-04-30,sh.600391,35.0708498400,35.1312474000,33.4199832000,33.8025010800,35.2721750400,4504080,75916755.2600,1.364300,1,-4.166700,-685.189575,3.875693,1.866234,160.839256,0
2021-05-06,sh.600391,33.8830311600,34.8292596000,33.6414409200,34.1044888800,33.8025010800,2664421,45097364.1000,0.807100,1,0.893400,-691.310983,3.910318,1.882907,162.276176,0
2021-05-07,sh.600391,34.0843563600,34.3460791200,33.5407783200,33.9031636800,34.1044888800,2237491,37761690.7400,0.677800,1,-0.590300,-687.230044,3.887235,1.871792,161.318230,0
2021-05-10,sh.600391,33.9232962000,34.0642238400,32.9166702000,33.0978628800,33.9031636800,3355863,55381244.9400,1.016500,1,-2.375300,-670.906290,3.794901,1.827331,157.486443,0
2021-05-11,sh.600391,32.9368027200,35.9365482000,32.9166702000,35.2923075600,33.0978628800,5448589,93363921.4600,1.650400,1,6.630200,-715.388520,4.046510,1.948486,167.928062,0
2021-05-12,sh.600391,34.9299222000,35.1513799200,34.3662116400,34.8493921200,35.2923075600,3322918,57296583.6300,1.006600,1,-1.255000,-706.410455,3.995726,1.924033,165.820579,0
2021-05-13,sh.600391,34.9299222000,36.4398612000,34.7285970000,35.5540303200,34.8493921200,5185042,92126592.6700,1.570600,1,2.022000,-720.693740,4.076518,1.962936,169.173393,0
2021-05-14,sh.600391,35.6949579600,36.7217164800,34.2252840000,36.3794636400,35.5540303200,6944739,124388760.5500,2.103600,1,2.321600,-737.425588,4.171160,2.008508,173.100974,0
2021-05-17,sh.600391,36.7217164800,36.9431742000,35.7352230000,35.8560181200,36.3794636400,4664781,83673668.3500,1.413000,1,-1.438800,-726.815148,4.111143,1.979609,170.610313,0
2021-05-18,sh.600391,35.7150904800,36.8425116000,35.4332352000,36.3391986000,35.8560181200,4572595,82700260.4100,1.385100,1,1.347600,-736.609400,4.166543,2.006285,172.909385,0
2021-05-19,sh.600391,36.3995961600,36.7821140400,35.9768132400,36.1580059200,36.3391986000,3106931,56102941.9600,0.941100,1,-0.498600,-732.936556,4.145768,1.996281,172.047233,0
2021-05-20,sh.600391,36.0372108000,36.8425116000,35.8358856000,35.9969457600,36.1580059200,3524510,63517120.8200,1.067600,1,-0.445400,-729.671805,4.127301,1.987389,171.280876,0
2021-05-21,sh.600391,36.0372108000,36.1378734000,35.0909823600,35.1312474000,35.9969457600,2997851,52862967.5000,0.908100,1,-2.404900,-712.123769,4.028043,1.939594,167.161705,0
2021-05-24,sh.600391,35.0305848000,35.7352230000,34.9299222000,35.3124400800,35.1312474000,2591051,45599512.8500,0.784900,1,0.515800,-715.796614,4.048818,1.949598,168.023857,0
2021-05-25,sh.600391,35.2923075600,37.0639693200,35.1312474000,36.9431742000,35.3124400800,8261208,149742237.0000,2.502400,1,4.618000,-748.852216,4.235793,2.039631,175.783225,0
2021-05-26,sh.600391,37.0841018400,37.3659571200,36.5807888400,36.6814514400,36.9431742000,6474260,118717052.7800,1.961100,1,-0.708400,-743.546996,4.205785,2.025181,174.537894,0
2021-05-27,sh.600391,36.3995961600,37.0639693200,36.3391986000,36.7015839600,36.6814514400,3197101,58369265.0700,0.968400,1,0.054900,-743.955089,4.208093,2.026292,174.633689,0
2021-05-28,sh.600391,36.8022465600,37.0438368000,36.3995961600,36.6411864000,36.7015839600,3914900,71293191.3100,1.185900,1,-0.164600,-742.730808,4.201168,2.022958,174.346305,0
2021-05-31,sh.600391,36.8223790800,38.1913904400,36.6009213600,37.8491376000,36.6411864000,8251668,153434210.8900,2.499500,1,3.296700,-767.216439,4.339668,2.089649,180.093986,0
2021-06-01,sh.600391,37.7484750000,37.8088725600,36.9029091600,37.2250294800,37.8491376000,6227567,115303215.3600,1.886400,1,-1.648900,-754.565530,4.268110,2.055192,177.124351,0
2021-06-02,sh.600391,37.3458246000,37.6478124000,36.2788010400,36.3794636400,37.2250294800,5114737,93817790.2300,1.549300,1,-2.271500,-737.425588,4.171160,2.008508,173.100974,0
2021-06-03,sh.600391,36.3995961600,36.9633067200,36.2586685200,36.2788010400,36.3794636400,3531237,64241969.6200,1.069700,1,-0.276700,-735.385119,4.159618,2.002951,172.622001,0
2021-06-04,sh.600391,36.2788010400,36.9633067200,35.9365482000,36.6009213600,36.2788010400,3594396,65448401.6600,1.088800,1,0.887900,-741.914620,4.196552,2.020735,174.154716,0
2021-06-07,sh.600391,36.6009213600,37.5068847600,36.4398612000,37.1042343600,36.6009213600,4674780,86095901.6200,1.416000,1,1.375100,-752.116966,4.254260,2.048523,176.549583,0
2021-06-08,sh.600391,37.1042343600,37.8491376000,36.6411864000,37.6679449200,37.1042343600,6830755,126235327.9800,2.069100,1,1.519300,-763.543594,4.318893,2.079645,179.231833,0
2021-06-09,sh.600391,38.1511254000,38.4531132000,37.2451620000,37.7082099600,37.6679449200,6388732,119759338.7800,1.935200,1,0.106900,-764.359782,4.323510,2.081868,179.423423,0
2021-06-10,sh.600391,37.4666197200,37.8894026400,37.2048969600,37.7082099600,37.7082099600,4431389,82692136.7900,1.342300,1,0.000000,-764.359782,4.323510,2.081868,179.423423,0
2021-06-11,sh.600391,37.4263546800,37.5874148400,36.0372108000,36.1378734000,37.7082099600,6458935,117702845.6900,1.956500,1,-4.164400,-732.528462,4.143460,1.995170,171.951438,0
2021-06-15,sh.600391,36.0372108000,36.5606563200,35.2319100000,35.4735002400,36.1378734000,4723348,84045054.5400,1.430800,1,-1.838400,-719.061365,4.067285,1.958490,168.790214,0
2021-06-16,sh.600391,35.4131026800,35.8761506400,34.9299222000,35.2319100000,35.4735002400,3468115,60998992.5900,1.050500,1,-0.681000,-714.164238,4.039585,1.945152,167.640678,0
2021-06-17,sh.600391,35.4735002400,35.9969457600,35.1513799200,35.4936327600,35.2319100000,3090333,54535039.8500,0.936100,1,0.742900,-719.469458,4.069593,1.959601,168.886009,0
2021-06-18,sh.600391,35.4332352000,36.7015839600,35.2520425200,36.3391986000,35.4936327600,5141892,92543679.5500,1.557500,1,2.382300,-736.609400,4.166543,2.006285,172.909385,0
2021-06-21,sh.600391,36.4398612000,39.9831847200,36.3794636400,39.9831847200,36.3391986000,17539530,338622725.0000,5.312900,1,10.027700,-810.474387,4.584352,2.207469,190.248221,0
2021-06-22,sh.600391,43.0835928000,43.9895562000,41.5736538000,43.9895562000,39.9831847200,29824574,633601234.7200,9.034200,1,10.020100,-891.685063,5.043710,2.428661,209.311361,0
2021-06-23,sh.600391,44.5935318000,46.9691691600,43.8888936000,45.4390976400,43.9895562000,40939636,923832008.9700,12.401100,1,3.295200,-921.067821,5.209910,2.508690,216.208577,0
2021-06-24,sh.600391,44.6941944000,45.2780374800,43.3050505200,43.8888936000,45.4390976400,22761311,497768192.9400,6.894700,1,-3.411600,-889.644594,5.032168,2.423103,208.832387,0
2021-06-25,sh.600391,43.8083635200,44.2311464400,42.5802798000,42.9627976800,43.8888936000,15500478,331153113.2300,4.695300,1,-2.110100,-870.872277,4.925985,2.371974,204.425833,0
2021-06-28,sh.600391,43.3855806000,43.6473033600,42.0165692400,42.9627976800,42.9627976800,13537081,287373101.4700,4.100500,1,0.000000,-870.872277,4.925985,2.371974,204.425833,0
2021-06-29,sh.600391,42.3386895600,43.2043879200,41.8756416000,42.1776294000,42.9627976800,9558110,201338522.8500,2.895300,1,-1.827600,-854.956617,4.835960,2.328625,200.689840,0
2021-06-30,sh.600391,42.2782920000,43.5869058000,41.6743164000,43.5063757200,42.1776294000,13284975,282085798.4800,4.024200,1,3.150400,-881.890811,4.988310,2.401985,207.012289,0
2021-07-01,sh.600391,43.9895562000,44.2512789600,39.8825221200,40.0435822800,43.5063757200,16335897,334622973.5500,4.948300,1,-7.959300,-811.698669,4.591277,2.210804,190.535605,0
2021-07-02,sh.600391,39.8422570800,39.8422570800,37.7082099600,38.2316554800,40.0435822800,12935973,246297850.6200,3.918500,1,-4.524900,-774.970222,4.383527,2.110768,181.914084,0
2021-07-05,sh.600391,37.8692701200,38.4933782400,37.4464872000,38.1511254000,38.2316554800,6675507,126291915.9800,2.022100,1,-0.210600,-773.337847,4.374293,2.106321,181.530906,0
2021-07-06,sh.600391,38.1712579200,39.1980164400,37.5874148400,38.6141733600,38.1511254000,9457143,180325010.1600,2.864700,1,1.213700,-782.724005,4.427385,2.131886,183.734183,0
2021-07-07,sh.600391,38.2517880000,39.4396066800,37.8290050800,39.0369562800,38.6141733600,9499412,183389673.0100,2.877500,1,1.094900,-791.293976,4.475860,2.155228,185.745871,0
2021-07-08,sh.600391,38.4732457200,42.4594846800,38.4732457200,41.0099432400,39.0369562800,15879069,320317628.2000,4.810000,1,5.054200,-831.287173,4.702077,2.264157,195.133749,0
2021-07-09,sh.600391,40.6676904000,40.7280879600,39.6811969200,39.9831847200,41.0099432400,9199550,183293765.0400,2.786600,1,-2.503700,-810.474387,4.584352,2.207469,190.248221,0
2021-07-12,sh.600391,39.9831847200,40.9495456800,39.6610644000,40.7079554400,39.9831847200,7775342,155652031.5600,2.355200,1,1.812700,-825.165766,4.667452,2.247484,193.696829,0
2021-07-13,sh.600391,40.8690156000,41.3119310400,39.8221245600,40.4059676400,40.7079554400,6975843,139786827.8200,2.113100,1,-0.741800,-819.044358,4.632827,2.230811,192.259909,0
2021-07-14,sh.600391,40.3254375600,40.3254375600,38.6745709200,38.8356310800,40.4059676400,7152786,139412213.0100,2.166700,1,-3.886400,-787.213038,4.452777,2.144113,184.787925,0
2021-07-15,sh.600391,38.5739083200,39.5604018000,38.2115229600,38.8154985600,38.8356310800,5071120,97626866.5200,1.536100,1,-0.051800,-786.804944,4.450468,2.143001,184.692130,0
2021-07-16,sh.600391,38.7349684800,42.7010749200,38.3927156400,42.7010749200,38.8154985600,19449809,402568372.2900,5.891600,1,10.010400,-865.567057,4.895977,2.357524,203.180502,0
2021-07-19,sh.600391,44.3922066000,45.9021456000,43.5063757200,45.1371098400,42.7010749200,32227860,714339998.4400,9.762200,1,5.704900,-914.946413,5.175285,2.492017,214.771657,0
2021-07-20,sh.600391,44.6539293600,45.6404228400,43.8888936000,44.7747244800,45.1371098400,20762711,461215126.8800,6.289300,1,-0.802900,-907.600724,5.133735,2.472010,213.047353,0
2021-07-21,sh.600391,44.7545919600,44.7545919600,43.7077009200,44.1707488800,44.7747244800,18344232,402319854.1500,5.556700,1,-1.348900,-895.357908,5.064485,2.438665,210.173513,0
2021-07-22,sh.600391,43.6875684000,43.6875684000,42.5802798000,43.1641228800,44.1707488800,15048681,321610238.9200,4.558400,1,-2.278900,-874.953216,4.949068,2.383089,205.383779,0
2021-07-23,sh.600391,43.1238578400,46.5061212000,42.2782920000,44.9357846400,43.1641228800,24943495,547312628.3400,7.555700,1,4.104500,-910.865474,5.152202,2.480902,213.813711,0
2021-07-26,sh.600391,44.6941944000,46.2846634800,42.8017375200,43.4661106800,44.9357846400,21807464,484560349.4400,6.605700,1,-3.270600,-881.074623,4.983693,2.399762,206.820699,0
2021-07-27,sh.600391,43.2245204400,46.7678439600,42.2984245200,45.1773748800,43.4661106800,25098048,554721991.0400,7.602500,1,3.937000,-915.762601,5.179902,2.494240,214.963247,0
2021-07-28,sh.600391,45.1975074000,45.2579049600,40.6676904000,40.6676904000,45.1773748800,20338922,419712253.6200,6.160900,1,-9.982200,-824.349578,4.662835,2.245261,193.505240,0
2021-07-29,sh.600391,40.9092806400,42.8822676000,40.2650400000,42.0367017600,40.6676904000,15229375,315765968.6000,4.613200,1,3.366300,-852.099960,4.819802,2.320844,200.019278,0
2021-07-30,sh.600391,41.8756416000,42.4594846800,40.5066302400,42.0367017600,42.0367017600,13184592,272911491.0000,3.993800,1,0.000000,-852.099960,4.819802,2.320844,200.019278,0
2021-08-02,sh.600391,42.0367017600,46.2443984400,41.6743164000,46.2443984400,42.0367017600,28884521,641780286.0800,8.749500,1,10.009600,-937.391575,5.302244,2.553151,220.040364,0
2021-08-03,sh.600391,46.5061212000,48.3583130400,45.3183025200,45.6605553600,46.2443984400,31683083,735839698.8600,9.597200,1,-1.262500,-925.556853,5.235302,2.520917,217.262319,0
2021-08-04,sh.600391,46.7879764800,47.0295667200,45.7008204000,45.9625431600,45.6605553600,17482977,401079351.1100,5.295800,1,0.661400,-931.678261,5.269927,2.537589,218.699239,0
2021-08-05,sh.600391,46.1034708000,48.3784455600,45.6404228400,46.7678439600,45.9625431600,27092494,635034783.0400,8.206600,1,1.752100,-948.002015,5.362260,2.582050,222.531026,0
2021-08-06,sh.600391,46.3853260800,48.2375179200,45.0565797600,48.0160602000,46.7678439600,20104455,468442735.5700,6.089900,1,2.669000,-973.303833,5.505377,2.650964,228.470295,0
2021-08-09,sh.600391,47.5127472000,48.6804333600,46.4255911200,47.1704943600,48.0160602000,16107910,378463554.9300,4.879300,1,-1.761000,-956.163892,5.408427,2.604280,224.446919,0
2021-08-10,sh.600391,47.1100968000,49.3246740000,46.6671813600,47.8550000400,47.1704943600,25702543,616292237.1000,7.785600,1,1.451100,-970.039083,5.486910,2.642072,227.703938,0
2021-08-11,sh.600391,47.7140724000,48.3180480000,46.4658561600,47.3114220000,47.8550000400,14900375,349059126.5200,4.513500,1,-1.135900,-959.020549,5.424585,2.612061,225.117482,0
2021-08-12,sh.600391,47.3114220000,47.3718195600,45.6605553600,45.8014830000,47.3114220000,13194592,302174532.2900,3.996800,1,-3.191500,-928.413510,5.251460,2.528697,217.932881,0
2021-08-13,sh.600391,45.3787000800,46.6067838000,45.3585675600,45.9625431600,45.8014830000,10469241,239520776.2500,3.171300,1,0.351600,-931.678261,5.269927,2.537589,218.699239,0
2021-08-16,sh.600391,46.2645309600,47.1302293200,45.4390976400,45.8014830000,45.9625431600,9804171,225313692.4300,2.969800,1,-0.350400,-928.413510,5.251460,2.528697,217.932881,0
2021-08-17,sh.600391,45.3988326000,46.9087716000,44.2915440000,44.8552545600,45.8014830000,12364896,281973798.2100,3.745500,1,-2.065900,-909.233099,5.142969,2.476456,213.430532,0
2021-08-18,sh.600391,44.4928692000,48.0764577600,44.0096887200,47.2912894800,44.8552545600,19603932,455791279.3400,5.938300,1,5.430900,-958.612455,5.422277,2.610949,225.021687,0
2021-08-19,sh.600391,46.4054586000,48.1972528800,46.2242659200,46.8081090000,47.2912894800,17789854,417945586.0900,5.388800,1,-1.021700,-948.818202,5.366877,2.584273,222.722615,0
2021-08-20,sh.600391,46.7477114400,48.3583130400,45.7008204000,47.2912894800,46.8081090000,14601399,343393036.4400,4.422900,1,1.032300,-958.612455,5.422277,2.610949,225.021687,0
2021-08-23,sh.600391,47.7744699600,50.9352756000,47.3315545200,49.7877219600,47.2912894800,24548760,598013631.5000,7.436100,1,5.278800,-1009.216092,5.708510,2.748777,236.900227,0
2021-08-24,sh.600391,48.3583130400,49.0226862000,46.9691691600,48.5193732000,49.7877219600,17679951,420043706.1600,5.355500,1,-2.547500,-983.506180,5.563085,2.678752,230.865162,0
2021-08-25,sh.600391,48.3180480000,48.7810959600,47.1100968000,47.5932772800,48.5193732000,9558198,225980769.6400,2.895300,1,-1.908700,-964.733863,5.456902,2.627622,226.458607,0
2021-08-26,sh.600391,47.1302293200,48.6401683200,46.8081090000,47.9153976000,47.5932772800,13480053,320270278.0200,4.083300,1,0.676800,-971.263364,5.493835,2.645406,227.991322,0
2021-08-27,sh.600391,48.1167228000,48.1167228000,45.9222781200,46.1034708000,47.9153976000,11092828,256198518.2500,3.360100,1,-3.781500,-934.534918,5.286085,2.545370,219.369802,0
2021-08-30,sh.600391,45.2981700000,48.7005658800,45.1773748800,46.5463862400,46.1034708000,16714803,391863321.0500,5.063100,1,0.960700,-2586.036937,5.406520,2.362999,-548.665079,0
2021-08-31,sh.600391,46.7879764800,48.0563252400,45.4793626800,46.1236033200,46.5463862400,15540563,360199891.7500,4.707400,1,-0.908300,-2562.547847,5.357412,2.341536,-543.681529,0
2021-09-01,sh.600391,45.9625431600,46.0632057600,42.6004123200,43.5265082400,46.1236033200,15790509,344396242.7600,4.783100,1,-5.630700,-2418.257724,5.055751,2.209690,-513.068296,0
2021-09-02,sh.600391,43.4862432000,44.2714114800,42.7010749200,44.1707488800,43.5265082400,9088176,197258243.9200,2.752900,1,1.480100,-2454.050623,5.130582,2.242396,-520.662276,0
2021-09-03,sh.600391,44.1707488800,44.8149895200,42.8218700400,43.0634602800,44.1707488800,8337593,180328018.1500,2.525600,1,-2.506800,-2392.531578,5.001966,2.186183,-507.610123,0
2021-09-06,sh.600391,42.6809424000,43.4459781600,41.3723286000,43.3453155600,43.0634602800,8598766,181659866.2800,2.604700,1,0.654500,-2408.190971,5.034705,2.200492,-510.932489,0
2021-09-07,sh.600391,43.2446529600,44.4928692000,43.0433277600,43.7479659600,43.3453155600,7210133,157069008.3400,2.184000,1,0.928900,-2430.561533,5.081474,2.220933,-515.678727,0
2021-09-08,sh.600391,43.7680984800,44.4727366800,43.2245204400,43.5063757200,43.7479659600,6470230,140492931.1400,1.959900,1,-0.552200,-2417.139196,5.053412,2.208668,-512.830984,0
2021-09-09,sh.600391,43.3453155600,44.7948570000,42.7816050000,44.7545919600,43.5063757200,10756599,234529047.4800,3.258300,1,2.869000,-2486.487937,5.198397,2.272036,-527.544321,0
2021-09-10,sh.600391,44.4123391200,44.6539293600,43.8486285600,44.0499537600,44.7545919600,7073700,155099827.6800,2.142700,1,-1.574400,-2447.339454,5.116551,2.236264,-519.238405,0
2021-09-13,sh.600391,43.8687610800,43.9492911600,42.6608098800,42.6809424000,44.0499537600,7192323,153717624.6700,2.178600,1,-3.107900,-2371.279544,4.957536,2.166764,-503.101197,0
2021-09-14,sh.600391,42.5198822400,43.3855806000,41.6340513600,41.8555090800,42.6809424000,6221011,131227004.2200,1.884400,1,-1.934000,-2325.419893,4.861659,2.124859,-493.371409,0
2021-09-15,sh.600391,41.8756416000,42.4796172000,41.2515334800,42.1977619200,41.8555090800,4920898,102248120.5100,1.490600,1,0.817700,-2344.434870,4.901413,2.142234,-497.405711,0
2021-09-16,sh.600391,42.1977619200,42.6205448400,41.4931237200,41.5736538000,42.1977619200,4481894,93516962.1300,1.357600,1,-1.479000,-2309.760499,4.828920,2.110551,-490.049043,0
2021-09-17,sh.600391,41.5937863200,42.0568342800,40.2650400000,41.0502082800,41.5736538000,5582009,113607640.3700,1.690900,1,-1.259100,-2280.678769,4.768120,2.083977,-483.878934,0
2021-09-22,sh.600391,40.6274253600,41.8152440400,40.5670278000,41.6743164000,41.0502082800,3514705,72388786.4500,1.064600,1,1.520400,-2315.353140,4.840613,2.115661,-491.235602,0
2021-09-23,sh.600391,41.8152440400,42.5802798000,41.5132562400,42.2782920000,41.6743164000,5258369,109763081.8600,1.592800,1,1.449300,-2348.908982,4.910766,2.146323,-498.354959,0
2021-09-24,sh.600391,41.9763042000,42.1574968800,41.1911359200,41.2716660000,42.2782920000,3350217,69355034.7600,1.014800,1,-2.381000,-2292.982578,4.793843,2.095220,-486.489365,0
2021-09-27,sh.600391,41.2716660000,41.7749790000,39.2584140000,39.8422570800,41.2716660000,4584963,92013187.6500,1.388800,1,-3.463400,-2213.567084,4.627813,2.022654,-469.640221,0
2021-09-28,sh.600391,39.8422570800,40.9898107200,39.7013294400,40.9092806400,39.8422570800,3398385,68161920.1800,1.029400,1,2.678100,-2272.849072,4.751751,2.076823,-482.217751,0
2021-09-29,sh.600391,40.2650400000,40.6676904000,38.8557636000,38.8960286400,40.9092806400,4016506,79259855.1600,1.216600,1,-4.921300,-2160.996264,4.517905,1.974617,-458.486562,0
2021-09-30,sh.600391,39.2584140000,39.6207993600,38.9564262000,39.3590766000,38.8960286400,2261831,44167658.5000,0.685100,1,1.190500,-2186.722410,4.571690,1.998124,-463.944736,0
2021-10-08,sh.600391,39.5402692800,40.2449074800,39.5402692800,39.9227871600,39.3590766000,2586579,51230814.2300,0.783500,1,1.432200,-2218.041196,4.637167,2.026742,-470.589468,0
2021-10-11,sh.600391,40.0637148000,41.6541838800,39.8623896000,40.9294131600,39.9227871600,5538483,112930177.5500,1.677700,1,2.521400,-2273.967601,4.754090,2.077845,-482.455063,0
2021-10-12,sh.600391,40.7079554400,40.9294131600,39.4194741600,39.7818595200,40.9294131600,3409900,67427967.0000,1.032900,1,-2.803700,-2210.211500,4.620797,2.019587,-468.928285,0
2021-10-13,sh.600391,39.6811969200,40.0838473200,38.9765587200,39.8825221200,39.7818595200,2596624,50845989.7000,0.786500,1,0.253000,-2215.804140,4.632490,2.024698,-470.114845,0
2021-10-14,sh.600391,39.8623896000,40.7683530000,39.7617270000,40.2650400000,39.8825221200,3407167,68335390.1200,1.032100,1,0.959100,-2237.056174,4.676920,2.044117,-474.623770,0
2021-10-15,sh.600391,40.1845099200,40.7482204800,40.0838473200,40.1039798400,40.2650400000,2660335,53456251.4500,0.805800,1,-0.400000,-2228.107949,4.658213,2.035940,-472.725275,0
2021-10-18,sh.600391,40.2046424400,41.2112684400,40.2046424400,40.9495456800,40.1039798400,3785074,76792769.5000,1.146500,1,2.108400,-2275.086129,4.756428,2.078867,-482.692375,0
2021-10-19,sh.600391,40.8488830800,40.8488830800,40.1845099200,40.5267627600,40.9495456800,2669198,53629111.3600,0.808500,1,-1.032400,-2251.597039,4.707320,2.057404,-477.708825,0
2021-10-20,sh.600391,40.6072928400,40.9294131600,40.3858351200,40.8287505600,40.5267627600,2539490,51378829.3800,0.769200,1,0.745200,-2268.374960,4.742397,2.072734,-481.268503,0
2021-10-21,sh.600391,40.6878229200,40.6878229200,39.7617270000,39.9831847200,40.8287505600,3227462,64251036.2500,0.977600,1,-2.071000,-2221.396781,4.644182,2.029808,-471.301404,0
2021-10-22,sh.600391,39.9831847200,40.6072928400,39.8825221200,40.1039798400,39.9831847200,2537275,50646533.0000,0.768600,1,0.302100,-2228.107949,4.658213,2.035940,-472.725275,0
2021-10-25,sh.600391,40.0435822800,40.5670278000,39.7214619600,40.3858351200,40.1039798400,2567220,51343128.8700,0.777600,1,0.702800,-2243.767342,4.690951,2.050249,-476.047642,0
2021-10-26,sh.600391,40.2650400000,40.4864977200,39.8221245600,39.8221245600,40.3858351200,2450418,48853193.5900,0.742300,1,-1.395800,-2212.448556,4.625474,2.021631,-469.402909,0
2021-10-27,sh.600391,40.2650400000,40.8690156000,39.3188115600,39.4597392000,39.8221245600,2969405,58817585.1200,0.899500,1,-0.910000,-2192.315050,4.583382,2.003234,-465.131295,0
2021-10-28,sh.600391,39.4597392000,39.4597392000,38.0303302800,38.1913904400,39.4597392000,3534012,67779942.7900,1.070500,1,-3.214300,-2121.847781,4.436059,1.938845,-450.180646,0
2021-10-29,sh.600391,38.4732457200,40.0234497600,37.9498002000,39.6409318800,38.1913904400,4070557,79543487.7100,1.233000,1,3.795500,-1169.256083,4.578416,1.873909,91.047971,0
2021-11-01,sh.600391,40.0838473200,41.1710034000,39.6409318800,40.9495456800,39.6409318800,6108360,123253492.3700,1.850300,1,3.301200,-1207.855192,4.729557,1.935770,94.053618,0
2021-11-02,sh.600391,41.6541838800,42.0568342800,40.9092806400,41.4125936400,40.9495456800,6975734,143504281.7200,2.113000,1,1.130800,-1221.513338,4.783038,1.957659,95.117154,0
2021-11-03,sh.600391,41.3924611200,41.5333887600,40.6475578800,41.1911359200,41.4125936400,3610460,73581527.6400,1.093700,1,-0.534800,-1214.981181,4.757460,1.947190,94.608506,0
2021-11-04,sh.600391,41.4528586800,42.1977619200,41.0099432400,41.9964367200,41.1911359200,5065426,104787087.3200,1.534400,1,1.955000,-1238.734479,4.850470,1.985259,96.458135,0
2021-11-05,sh.600391,41.8756416000,42.1776294000,41.2917985200,41.5937863200,41.9964367200,3433599,71068501.8100,1.040100,1,-0.958800,-1226.857830,4.803965,1.966225,95.533321,0
2021-11-08,sh.600391,41.6541838800,41.7145814400,40.7079554400,41.2716660000,41.5937863200,3312038,67685077.8600,1.003300,1,-0.774400,-1217.356511,4.766761,1.950997,94.793469,0
2021-11-09,sh.600391,41.2917985200,44.2512789600,41.2314009600,43.6875684000,41.2716660000,12542030,268254607.2000,3.799100,1,5.853700,-1288.616404,5.045791,2.065202,100.342355,0
2021-11-10,sh.600391,43.6875684000,44.1304838400,43.3453155600,43.7882310000,43.6875684000,6388176,138756386.8200,1.935100,1,0.230400,-1291.585567,5.057417,2.069961,100.573559,0
2021-11-11,sh.600391,44.2714114800,44.2714114800,43.1641228800,43.2849180000,43.7882310000,4625021,99823025.2000,1.401000,1,-1.149400,-1276.739755,4.999286,2.046168,99.417541,0
2021-11-12,sh.600391,43.2647854800,44.9357846400,43.1439903600,44.7143269200,43.2849180000,9851144,216763471.9200,2.984000,1,3.302300,-1318.901859,5.164379,2.113739,102.700632,0
2021-11-15,sh.600391,44.6941944000,45.4994952000,44.1506163600,44.2512789600,44.7143269200,7119108,157790922.5000,2.156500,1,-1.035600,-1305.243713,5.110898,2.091850,101.637095,0
2021-11-16,sh.600391,43.9694236800,44.6941944000,42.4997497200,42.5198822400,44.2512789600,7393560,160005156.6000,2.239600,1,-3.912600,-1254.174123,4.910926,2.010003,97.660394,0
2021-11-17,sh.600391,42.5198822400,43.4057131200,42.0568342800,43.1238578400,42.5198822400,5699003,121110302.1100,1.726300,1,1.420500,-1271.989096,4.980684,2.038554,99.047615,0
2021-11-18,sh.600391,43.0433277600,45.0163147200,42.7212074400,44.3922066000,43.1238578400,8477292,186125856.9200,2.567900,1,2.941200,-1309.400540,5.127175,2.098512,101.960780,0
2021-11-19,sh.600391,44.4123391200,44.9156521200,43.8888936000,44.4324716400,44.3922066000,5086588,112242563.3000,1.540800,1,0.090700,-1310.588205,5.131825,2.100415,102.053262,0
2021-11-22,sh.600391,44.3519415600,44.6941944000,43.6875684000,44.3720740800,44.4324716400,5641074,124167296.5100,1.708700,1,-0.135900,-1308.806707,5.124849,2.097560,101.914540,0
2021-11-23,sh.600391,44.3922066000,45.1975074000,43.9492911600,44.8552545600,44.3720740800,6934495,153888443.5900,2.100500,1,1.088900,-1323.058686,5.180655,2.120401,103.024317,0
2021-11-24,sh.600391,44.5331342400,45.0767122800,43.9895562000,44.0700862800,44.8552545600,5391203,118762239.3300,1.633100,1,-1.750400,-1299.899221,5.089971,2.083284,101.220929,0
2021-11-25,sh.600391,44.0902188000,45.0163147200,43.4661106800,43.5869058000,44.0700862800,7067249,155162169.5800,2.140800,1,-1.096400,-1285.647242,5.034165,2.060443,100.111152,0
2021-11-26,sh.600391,43.2647854800,44.8552545600,43.2446529600,44.3720740800,43.5869058000,5752348,126490951.6200,1.742500,1,1.801400,-1308.806707,5.124849,2.097560,101.914540,0
2021-11-29,sh.600391,44.0902188000,45.8014830000,43.7077009200,45.2579049600,44.3720740800,11632509,259596635.2000,3.523600,1,1.996400,-1334.935335,5.227160,2.139435,103.949131,0
2021-11-30,sh.600391,45.0565797600,46.6470488400,45.0565797600,46.5061212000,45.2579049600,11848027,270992967.5400,3.588900,1,2.758000,-1371.752947,5.371326,2.198441,106.816056,0
2021-12-01,sh.600391,46.5061212000,46.5061212000,44.9760496800,45.2176399200,46.5061212000,9736900,220235126.0000,2.949400,1,-2.770600,-1333.747670,5.222510,2.137532,103.856650,0
2021-12-02,sh.600391,45.0565797600,45.1169773200,44.1707488800,44.2512789600,45.2176399200,6371876,140904673.3600,1.930100,1,-2.137100,-1305.243713,5.110898,2.091850,101.637095,0
2021-12-03,sh.600391,44.2311464400,46.3249285200,44.2311464400,46.3047960000,44.2512789600,11872054,268962165.0600,3.596200,1,4.640600,-1365.814622,5.348073,2.188924,106.353649,0
2021-12-06,sh.600391,46.1236033200,46.5463862400,45.1773748800,45.8014830000,46.3047960000,8205156,186766798.3200,2.485400,1,-1.087000,-1350.968811,5.289942,2.165131,105.197631,0
2021-12-07,sh.600391,46.1034708000,46.1034708000,42.8420025600,43.5063757200,45.8014830000,9029750,197410715.2900,2.735200,1,-5.011000,-1283.271912,5.024864,2.056637,99.926189,0
2021-12-08,sh.600391,43.4862432000,46.1840008800,43.3453155600,45.3787000800,43.5063757200,9468502,212948627.9800,2.868100,1,4.303600,-1338.498330,5.241112,2.145145,104.226576,0
2021-12-09,sh.600391,45.4189651200,45.8014830000,44.1506163600,44.4324716400,45.3787000800,6644083,147573201.4000,2.012600,1,-2.085200,-1310.588205,5.131825,2.100415,102.053262,0
2021-12-10,sh.600391,44.3116765200,44.6136643200,43.7278334400,43.8486285600,44.4324716400,4837465,105848555.5900,1.465300,1,-1.314000,-1293.367064,5.064393,2.072816,100.712281,0
2021-12-13,sh.600391,43.9895562000,44.4123391200,43.3654480800,44.1506163600,43.8486285600,4419939,96347808.0500,1.338900,1,0.688700,-1302.274551,5.099272,2.087091,101.405892,0
2021-12-14,sh.600391,43.8486285600,48.5596382400,43.7882310000,48.5596382400,44.1506163600,23365153,553037496.4800,7.077600,1,9.986300,-1432.323856,5.608501,2.295515,111.532609,0
2021-12-15,sh.600391,48.2173854000,50.2507699200,47.4322171200,47.9757951600,48.5596382400,28437352,684848758.1400,8.614000,1,-1.202300,-1415.102715,5.541069,2.267915,110.191628,0
2021-12-16,sh.600391,48.2576504400,49.7877219600,47.5328797200,48.5193732000,47.9757951600,16029155,388052585.0300,4.855400,1,1.133000,-1431.136191,5.603851,2.293611,111.440127,0
2021-12-17,sh.600391,49.2038788800,53.3713105200,48.5999032800,51.8412390000,48.5193732000,32920206,850924264.6700,9.971900,1,6.846500,-1529.118544,5.987517,2.450643,119.069846,0
2021-12-20,sh.600391,51.6600463200,52.9485276000,49.7474569200,49.7474569200,51.8412390000,18328894,466797937.8500,5.552000,1,-4.038800,-1467.359970,5.745691,2.351666,114.260811,0
2021-12-21,sh.600391,50.3111674800,51.5996487600,49.7474569200,50.6735528400,49.7474569200,11630343,291948714.2800,3.523000,1,1.861600,-1494.676262,5.852652,2.395444,116.387884,0
2021-12-22,sh.600391,49.7474569200,50.9352756000,49.4857341600,49.9890471600,50.6735528400,8715125,217134094.9900,2.639900,1,-1.350800,-1474.485959,5.773594,2.363086,114.815700,0
2021-12-23,sh.600391,50.3111674800,50.3111674800,48.9824211600,49.8279870000,49.9890471600,8940700,220474043.6700,2.708200,1,-0.322200,-1469.735300,5.754992,2.355472,114.445774,0
2021-12-24,sh.600391,50.3514325200,54.8208519600,50.3514325200,52.2438894000,49.8279870000,26171647,697401269.0400,7.927700,1,4.848500,-1540.995193,6.034022,2.469677,119.994660,0
2021-12-27,sh.600391,51.8412390000,55.0825747200,51.5191186800,52.0425642000,52.2438894000,15740040,413656627.1600,4.767800,1,-0.385400,-1535.056869,6.010769,2.460160,119.532253,0
2021-12-28,sh.600391,52.7069373600,53.7135633600,51.2976609600,51.6399138000,52.0425642000,9529755,247057830.3200,2.886700,1,-0.773700,-1523.180220,5.964264,2.441126,118.607438,0
2021-12-29,sh.600391,51.7003113600,54.5993942400,51.4385886000,53.8142259600,51.6399138000,13835327,364478026.1300,4.190900,1,4.210500,-1587.314124,6.215391,2.543910,123.601436,0
2021-12-30,sh.600391,53.7336958800,59.1896088000,53.5726357200,58.1829828000,53.8142259600,36751573,1051203875.7600,11.132500,1,8.118200,-1716.175764,6.719970,2.750430,133.635671,0
2021-12-31,sh.600391,58.3843080000,59.4311990400,55.9281405600,56.3710560000,58.1829828000,24971211,715999596.9900,7.564100,1,-3.114200,-1662.730844,6.510698,2.664777,129.474007,0
2022-01-04,sh.600391,54.6799243200,56.8743690000,54.4182015600,55.0221771600,56.3710560000,23142430,637263738.2200,7.010100,1,-2.392900,-1622.944070,6.354906,2.601012,126.375879,0
2022-01-05,sh.600391,54.7000568400,55.4650926000,51.5392512000,52.2841544400,55.0221771600,18190004,480642815.6400,5.510000,1,-4.976200,-1542.182858,6.038672,2.471580,120.087141,0
2022-01-06,sh.600391,51.5392512000,52.1230942800,50.3111674800,51.2573959200,52.2841544400,10810077,274932381.3500,3.274500,1,-1.963800,-1511.897403,5.920085,2.423043,117.728865,0
2022-01-07,sh.600391,51.3379260000,51.9419016000,49.1032162800,49.3246740000,51.2573959200,13093395,327945700.7500,3.966100,1,-3.770600,-1454.889489,5.696861,2.331680,113.289756,0
2022-01-10,sh.600391,49.3246740000,50.5124926800,49.1636138400,49.4857341600,49.3246740000,10951875,270481287.3500,3.317400,1,0.326500,-1459.640148,5.715463,2.339293,113.659682,0
2022-01-11,sh.600391,49.6266618000,49.9487821200,46.9893016800,47.2912894800,49.4857341600,11508487,275503447.7400,3.486100,1,-4.434500,-1394.912412,5.462011,2.235557,108.619444,0
2022-01-12,sh.600391,47.5328797200,48.3381805200,47.0295667200,48.1167228000,47.2912894800,9262558,219582416.7400,2.805700,1,1.745400,-1419.259542,5.557346,2.274577,110.515313,0
2022-01-13,sh.600391,48.0563252400,48.1167228000,46.5665187600,46.6269163200,48.1167228000,6854800,160078638.0000,2.076400,1,-3.096200,-1375.315941,5.385277,2.204151,107.093500,0
2022-01-14,sh.600391,46.5061212000,47.3315545200,46.1034708000,46.6067838000,46.6269163200,6628568,153556364.2000,2.007900,1,-0.043200,-1374.722109,5.382952,2.203199,107.047259,0
2022-01-17,sh.600391,46.5262537200,49.0226862000,46.3853260800,48.4187106000,46.6067838000,13573536,322715168.6700,4.111600,1,3.887700,-1428.167029,5.592225,2.288853,111.208924,0
2022-01-18,sh.600391,48.6200358000,49.2642764400,47.7342049200,48.3381805200,48.4187106000,10208288,246043801.4100,3.092200,1,-0.166300,-1425.791699,5.582924,2.285046,111.023961,0
2022-01-19,sh.600391,48.3381805200,48.3985780800,46.6067838000,47.0295667200,48.3381805200,6642050,156092377.1600,2.012000,1,-2.707200,-1387.192590,5.431782,2.223185,108.018314,0
2022-01-20,sh.600391,46.9289041200,47.4724821600,45.1975074000,45.2981700000,47.0295667200,7114052,162904738.3500,2.154900,1,-3.681500,-1336.123000,5.231811,2.141338,104.041613,0
2022-01-21,sh.600391,45.0968448000,45.6001578000,44.4526041600,44.7747244800,45.2981700000,5893015,131300995.3500,1.785100,1,-1.155600,-1320.683356,5.171354,2.116594,102.839354,0
2022-01-24,sh.600391,44.7747244800,45.2377724400,44.0096887200,44.3116765200,44.7747244800,5663517,125239849.8500,1.715500,1,-1.034200,-1307.025210,5.117874,2.094705,101.775818,0
2022-01-25,sh.600391,44.6136643200,45.9021456000,42.9829302000,43.0030627200,44.3116765200,7647241,169008245.7900,2.316400,1,-2.953200,-1268.426101,4.966732,2.032844,98.770171,0
2022-01-26,sh.600391,42.6809424000,44.1908814000,42.5601472800,43.5063757200,43.0030627200,5960860,128529027.2800,1.805600,1,1.170400,-1283.271912,5.024864,2.056637,99.926189,0
2022-01-27,sh.600391,43.4057131200,43.9694236800,41.5132562400,41.5736538000,43.5063757200,9454838,198843911.5200,2.864000,1,-4.442400,-1226.263998,4.801640,1.965273,95.487080,0
2022-01-28,sh.600391,41.9159066400,42.9225326400,41.1911359200,41.7951115200,41.5736538000,11061708,230041430.2700,3.350700,1,0.532700,-1232.796155,4.827217,1.975742,95.995728,0
2022-02-07,sh.600391,42.5198822400,43.6875684000,41.9360391600,42.8822676000,41.7951115200,8468525,180985979.0400,2.565200,1,2.601200,-1264.863107,4.952781,2.027134,98.492727,0
2022-02-08,sh.600391,42.8822676000,43.8486285600,42.4393521600,43.6070383200,42.8822676000,6617356,141882716.0600,2.004500,1,1.690100,-1286.241075,5.036490,2.061395,100.157392,0
2022-02-09,sh.600391,43.4862432000,44.5331342400,43.2849180000,44.2915440000,43.6070383200,5781287,126807466.8900,1.751200,1,1.569700,-1306.431378,5.115548,2.093753,101.729577,0
2022-02-10,sh.600391,44.0902188000,44.6539293600,43.9694236800,44.4526041600,44.2915440000,5162371,113698281.1200,1.563700,1,0.363600,-1311.182037,5.134150,2.101367,102.099503,0
2022-02-11,sh.600391,44.4324716400,44.4324716400,43.2647854800,43.3453155600,44.4526041600,4201866,91068123.2800,1.272800,1,-2.490900,-1278.521253,5.006262,2.049023,99.556263,0
2022-02-14,sh.600391,43.8083635200,44.9357846400,43.3453155600,44.1103513200,43.3453155600,7054329,155078744.6900,2.136800,1,1.765000,-1301.086886,5.094621,2.085188,101.313410,0
2022-02-15,sh.600391,43.6875684000,45.3183025200,43.6875684000,44.8753870800,44.1103513200,6100063,135128845.7900,1.847800,1,1.734400,-1323.652519,5.182981,2.121353,103.070558,0
2022-02-16,sh.600391,44.7344594400,45.0565797600,44.0499537600,44.9156521200,44.8753870800,5035501,111291972.7600,1.525300,1,0.089700,-1324.840183,5.187631,2.123256,103.163039,0
2022-02-17,sh.600391,44.6136643200,45.0968448000,43.8888936000,44.6136643200,44.9156521200,5727002,126442750.1700,1.734800,1,-0.672300,-1315.932697,5.152752,2.108980,102.469428,0
2022-02-18,sh.600391,44.2714114800,44.8955196000,43.9895562000,44.5331342400,44.6136643200,3973271,87600878.1800,1.203500,1,-0.180500,-1313.557367,5.143451,2.105174,102.284465,0
2022-02-21,sh.600391,44.6539293600,44.9559171600,43.7278334400,44.5331342400,44.5331342400,4967680,109254327.7900,1.504800,1,0.000000,-1313.557367,5.143451,2.105174,102.284465,0
2022-02-22,sh.600391,44.8351220400,45.2579049600,43.7882310000,44.0902188000,44.5331342400,5314126,116555490.3000,1.609700,1,-0.994600,-1300.493053,5.092296,2.084236,101.267170,0
2022-02-23,sh.600391,43.9492911600,46.0028082000,43.8888936000,45.5397602400,44.0902188000,9047525,203605804.9400,2.740600,1,3.287700,-1343.248989,5.259714,2.152759,104.596501,0
2022-02-24,sh.600391,45.3585675600,47.8550000400,44.5130017200,46.3853260800,45.5397602400,16759838,382745644.7300,5.076700,1,1.856800,-1368.189952,5.357374,2.192731,106.538611,0
2022-02-25,sh.600391,45.6806878800,46.2645309600,45.1773748800,45.5397602400,46.3853260800,8034006,182452830.3500,2.433600,1,-1.822900,-1343.248989,5.259714,2.152759,104.596501,0
2022-02-28,sh.600391,45.7410854400,47.0295667200,45.6404228400,46.3651935600,45.5397602400,7450987,171465383.0000,2.257000,1,1.812600,-1367.596119,5.355049,2.191779,0.000000,0
2022-03-01,sh.600391,46.2443984400,47.9757951600,46.1034708000,47.7342049200,46.3651935600,9197416,216098548.0000,2.786000,1,2.952700,-1407.976726,5.513166,2.256495,109.636739,0
2022-03-02,sh.600391,48.2375179200,49.6870593600,47.5328797200,48.9622886400,47.7342049200,12961019,313015232.0000,3.926000,1,2.572800,-1444.200505,5.655006,2.314549,112.457423,0
2022-03-03,sh.600391,48.4992406800,48.6603008400,47.2711569600,47.7140724000,48.9622886400,8990043,213491502.0000,2.723200,1,-2.549300,-1407.382893,5.510841,2.255543,109.590499,0
2022-03-04,sh.600391,47.3114220000,47.5731447600,46.4859886800,46.8483740400,47.7140724000,5661112,132312577.0000,1.714800,1,-1.814300,-1381.848098,5.410855,2.214620,107.602148,0
2022-03-07,sh.600391,47.5127472000,47.6738073600,45.7612179600,45.9222781200,46.8483740400,7462689,171860395.0000,2.260500,1,-1.976800,-1354.531806,5.303894,2.170841,105.475075,0
2022-03-08,sh.600391,45.5196277200,46.0430732400,43.0835928000,43.2446529600,45.9222781200,8453978,185898348.0000,2.560800,1,-5.830800,-1275.552091,4.994635,2.044264,99.325060,0
2022-03-09,sh.600391,43.4258456400,43.6674358800,39.4798717200,41.8756416000,43.2446529600,8508543,176002087.0000,2.577300,1,-3.165700,-1235.171484,4.836519,1.979548,96.180691,0
2022-03-10,sh.600391,43.2849180000,43.6674358800,42.3789546000,42.9225326400,41.8756416000,4598133,98360178.0000,1.392800,1,2.500000,-1266.050771,4.957431,2.029037,98.585208,0
2022-03-11,sh.600391,42.4393521600,43.6473033600,41.8555090800,43.5063757200,42.9225326400,4645957,98595505.0000,1.407300,1,1.360200,-1283.271912,5.024864,2.056637,99.926189,0
2022-03-14,sh.600391,43.6473033600,47.8550000400,42.9426651600,46.7074464000,43.5063757200,33590827,785380080.0000,10.175000,1,7.357700,-1377.691271,5.394578,2.207958,107.278463,0
2022-03-15,sh.600391,44.7143269200,45.4793626800,42.0367017600,42.0367017600,46.7074464000,30249824,660377952.0000,9.163000,1,-10.000000,-1239.922144,4.855120,1.987162,96.550617,0
2022-03-16,sh.600391,42.0970993200,42.7816050000,39.5805343200,42.5802798000,42.0367017600,20861581,427003040.0000,6.319200,1,1.293100,-1255.955620,4.917902,2.012858,97.799116,0
2022-03-17,sh.600391,42.6406773600,43.9090261200,42.4796172000,42.7816050000,42.5802798000,13612711,292514128.0000,4.123400,1,0.472800,-1261.893944,4.941155,2.022375,98.261523,0
2022-03-18,sh.600391,42.5400147600,43.3453155600,42.2782920000,43.2446529600,42.7816050000,7770449,165450886.6400,2.353800,1,1.082400,-1275.552091,4.994635,2.044264,99.325060,0
2022-03-21,sh.600391,42.8822676000,44.2110139200,42.7614724800,43.8888936000,43.2446529600,7347514,159386627.3100,2.225600,1,1.489800,-1294.554729,5.069043,2.074719,100.804763,0
2022-03-22,sh.600391,45.2579049600,45.2780374800,43.1439903600,43.6271708400,43.8888936000,10210265,223701579.1300,3.092800,1,-0.596300,-1286.834907,5.038815,2.062347,100.203633,0
2022-03-23,sh.600391,43.1037253200,46.0430732400,43.1037253200,45.6202903200,43.6271708400,15009679,334144904.2500,4.546600,1,4.568500,-1345.624319,5.269015,2.156566,104.781464,0
2022-03-24,sh.600391,44.6941944000,45.2780374800,44.1103513200,44.2512789600,45.6202903200,8611792,190611634.2200,2.608600,1,-3.000900,-1305.243713,5.110898,2.091850,101.637095,0
2022-03-25,sh.600391,43.7479659600,46.1437358400,43.7479659600,44.1707488800,44.2512789600,9886835,220332948.3000,2.994800,1,-0.182000,-1302.868383,5.101597,2.088043,101.452133,0
2022-03-28,sh.600391,43.6875684000,43.6875684000,42.3588220800,42.7212074400,44.1707488800,7626789,162746274.0800,2.310200,1,-3.281700,-1260.112447,4.934179,2.019520,98.122801,0
2022-03-29,sh.600391,43.3855806000,45.0767122800,43.1037253200,43.2446529600,42.7212074400,10146005,221653389.5800,3.073300,1,1.225300,-1275.552091,4.994635,2.044264,99.325060,0
2022-03-30,sh.600391,43.4258456400,44.8149895200,43.1037253200,44.0700862800,43.2446529600,6624771,145027689.2500,2.006700,1,1.908800,-1299.899221,5.089971,2.083284,101.220929,0
2022-03-31,sh.600391,44.0096887200,44.0902188000,42.5601472800,42.9627976800,44.0700862800,7310600,156795243.1300,2.214500,1,-2.512600,-1267.238436,4.962082,2.030941,98.677690,0
2022-04-01,sh.600391,43.1641228800,43.1641228800,42.0769668000,42.7212074400,42.9627976800,5236067,110643498.0300,1.586100,1,-0.562300,-1260.112447,4.934179,2.019520,98.122801,0
2022-04-06,sh.600391,42.7816050000,42.8017375200,41.2716660000,42.0769668000,42.7212074400,5562885,115532037.7700,1.685100,1,-1.508000,-1241.109809,4.859771,1.989066,96.643098,0
2022-04-07,sh.600391,41.7145814400,42.7816050000,41.2716660000,41.2716660000,42.0769668000,5336484,110885300.3400,1.616500,1,-1.913900,-1217.356511,4.766761,1.950997,94.793469,0
2022-04-08,sh.600391,41.1911359200,41.4729912000,39.8221245600,40.5267627600,41.2716660000,4974945,99843386.0800,1.507000,1,-1.804900,-1195.384711,4.680727,1.915784,93.082563,0
2022-04-11,sh.600391,40.2650400000,40.3053050400,37.7887400400,38.2920530400,40.5267627600,6955911,134129806.3900,2.107000,1,-5.514200,-1129.469309,4.422624,1.810145,87.949843,0
2022-04-12,sh.600391,38.2517880000,39.2986790400,37.4464872000,39.0570888000,38.2920530400,8457148,161309386.1500,2.561800,1,1.997900,300.882963,4.319517,1.827499,-26.982619,0
2022-04-13,sh.600391,38.6947034400,38.8154985600,37.6880774400,37.6880774400,39.0570888000,6178787,117202305.6500,1.871600,1,-3.505200,290.336550,4.168111,1.763443,-26.036836,0
2022-04-14,sh.600391,38.0101977600,38.4732457200,37.1646319200,37.8088725600,37.6880774400,6403714,120002633.0800,1.939800,1,0.320500,291.267116,4.181471,1.769095,-26.120288,0
2022-04-15,sh.600391,37.4867522400,38.1511254000,36.4398612000,37.9296676800,37.8088725600,8478076,156785239.7600,2.568100,1,0.319500,292.197682,4.194830,1.774747,-26.203739,0
2022-04-18,sh.600391,37.6679449200,38.4128481600,36.9230416800,38.1511254000,37.9296676800,6133692,115447831.2200,1.858000,1,0.583900,293.903719,4.219322,1.785109,-26.356733,0
2022-04-19,sh.600391,38.1712579200,38.6343058800,37.8088725600,38.0504628000,38.1511254000,4497009,85184210.0300,1.362200,1,-0.263900,293.128248,4.208189,1.780399,-26.287190,0
2022-04-20,sh.600391,38.2517880000,38.3725831200,37.3055595600,37.4867522400,38.0504628000,4078897,76915209.9800,1.235500,1,-1.481500,288.785607,4.145846,1.754023,-25.897751,0
2022-04-21,sh.600391,37.8491376000,38.0101977600,35.7150904800,35.7150904800,37.4867522400,5426000,98905240.7500,1.643600,1,-4.726100,275.137308,3.949909,1.671126,-24.673797,0
2022-04-22,sh.600391,35.7150904800,36.2184034800,34.6681994400,35.6949579600,35.7150904800,5249277,92825275.4500,1.590100,1,-0.056400,274.982213,3.947682,1.670184,-24.659888,0
2022-04-25,sh.600391,35.0708498400,35.0708498400,32.1315019200,32.1315019200,35.6949579600,9932188,162283947.0300,3.008600,1,-9.983100,247.530520,3.553582,1.503448,-22.198072,0
2022-04-26,sh.600391,32.0107068000,32.0912368800,29.1317564400,29.7961296000,32.1315019200,11136677,166935555.1700,3.373400,1,-7.268200,229.539580,3.295302,1.394175,-20.584678,0
2022-04-27,sh.600391,28.9706962800,31.5879238800,28.7693710800,31.5476588400,29.7961296000,8420730,127209290.3200,2.550700,1,5.878400,243.032785,3.489012,1.476130,-21.794723,0
2022-04-28,sh.600391,31.5476588400,32.6146824000,31.0040808000,31.5476588400,31.5476588400,7457170,117538449.6300,2.258900,1,0.000000,243.032785,3.489012,1.476130,-21.794723,0
2022-04-29,sh.600391,31.2456710400,33.7219710000,31.1248759200,33.2790555600,31.5476588400,10081453,162242833.8400,3.053800,1,5.488200,249.146280,3.740387,1.536806,-72.862516,0
2022-05-05,sh.600391,32.8160076000,34.7889945600,32.8160076000,34.0843563600,33.2790555600,7959520,135156223.2400,2.411000,1,2.419800,255.175228,3.830899,1.573995,-74.625674,0
2022-05-06,sh.600391,33.2186580000,34.3460791200,33.0173328000,34.0440913200,34.0843563600,6008946,100880361.3000,1.820200,1,-0.118100,254.873780,3.826373,1.572135,-74.537516,0
2022-05-09,sh.600391,33.7622360400,35.1916449600,33.6213084000,34.8896571600,34.0440913200,4938567,84899832.9600,1.495900,1,2.483700,261.204176,3.921410,1.611183,-76.388832,0
2022-05-10,sh.600391,34.2252840000,35.0305848000,34.1246214000,34.5272718000,34.8896571600,6301943,108216756.4800,1.908900,1,-1.038700,258.491149,3.880680,1.594448,-75.595411,0
2022-05-11,sh.600391,34.9500547200,35.3929701600,33.6213084000,33.8427661200,34.5272718000,7667558,131357200.4700,2.322600,1,-1.982500,253.366543,3.803745,1.562838,-74.096727,0
2022-05-12,sh.600391,33.4602482400,34.8896571600,33.2186580000,34.3460791200,33.8427661200,5411975,92256723.9000,1.639300,1,1.487200,257.134636,3.860315,1.586081,-75.198701,0
2022-05-13,sh.600391,34.6480669200,34.8896571600,34.0440913200,34.3460791200,34.3460791200,5154079,88049166.7300,1.561200,1,0.000000,257.134636,3.860315,1.586081,-75.198701,0
2022-05-16,sh.600391,35.2117774800,36.0372108000,34.4668742400,34.7285970000,34.3460791200,7244117,126626013.5500,2.194300,1,1.113700,259.998386,3.903308,1.603745,-76.036201,0
2022-05-17,sh.600391,34.9299222000,35.1312474000,34.0239588000,34.4870067600,34.7285970000,5220446,89047315.1600,1.581300,1,-0.695700,258.189702,3.876154,1.592589,-75.507253,0
2022-05-18,sh.600391,34.4266092000,35.5338978000,34.2454165200,35.2520425200,34.4870067600,6693176,116382800.1900,2.027400,1,2.218300,263.917202,3.962140,1.627918,-77.182254,0
2022-05-19,sh.600391,34.3863441600,35.2520425200,34.3863441600,35.1916449600,35.2520425200,4478400,77539820.2500,1.356600,1,-0.171300,263.465031,3.955352,1.625128,-77.050017,0
2022-05-20,sh.600391,35.1916449600,35.5338978000,34.9299222000,35.4332352000,35.1916449600,4306812,75408653.6300,1.304600,1,0.686500,265.273716,3.982505,1.636285,-77.578964,0
2022-05-23,sh.600391,35.1916449600,35.4332352000,34.5876693600,35.0507173200,35.4332352000,7075293,122461311.0200,2.143200,1,-1.079500,262.409965,3.939512,1.618621,-76.741464,0
2022-05-24,sh.600391,35.2319100000,38.5537758000,34.9903197600,36.3190660800,35.0507173200,26562652,489796227.7700,8.046100,1,3.618600,271.905559,4.082068,1.677192,-79.518438,0
2022-05-25,sh.600391,36.3995961600,36.7418490000,35.0305848000,36.2385360000,36.3190660800,19940187,354328302.6400,6.040100,1,-0.221700,271.302664,4.073017,1.673473,-79.342123,0
2022-05-26,sh.600391,35.8560181200,37.8491376000,35.8560181200,36.9029091600,36.2385360000,19897281,364326858.3100,6.027100,1,1.833300,276.276546,4.147689,1.704154,-80.796728,0
2022-05-27,sh.600391,37.2451620000,37.7283424800,36.6814514400,37.1646319200,36.9029091600,15095459,279810015.9300,4.572600,1,0.709200,278.235954,4.177105,1.716240,-81.369755,0
2022-05-30,sh.600391,37.6075473600,38.6745709200,37.2451620000,38.3524506000,37.1646319200,14965830,282495800.8200,4.533300,1,3.196100,287.128653,4.310609,1.771093,-83.970413,0
2022-05-31,sh.600391,38.0504628000,39.0772213200,37.4464872000,38.2316554800,38.3524506000,12469672,236502391.3500,3.777200,1,-0.315000,286.224310,4.297033,1.765514,-83.705939,0
2022-06-01,sh.600391,37.9699327200,39.4194741600,37.8491376000,38.9564262000,38.2316554800,11957792,231066471.1200,3.622200,1,1.895700,291.650364,4.378493,1.798984,-85.292782,0
2022-06-02,sh.600391,38.6141733600,40.1241123600,38.5940408400,39.5604018000,38.9564262000,9825920,192388366.9500,2.976400,1,1.550400,296.172075,4.446377,1.826875,-86.615150,0
2022-06-06,sh.600391,39.3993416400,40.1442448800,39.1778839200,39.4798717200,39.5604018000,10866764,213294373.9600,3.291700,1,-0.203600,295.569180,4.437326,1.823156,-86.438835,0
2022-06-07,sh.600391,39.5000042400,40.1442448800,39.0570888000,39.4396066800,39.4798717200,7266505,142402947.1400,2.201100,1,-0.102000,295.267733,4.432800,1.821297,-86.350677,0
2022-06-08,sh.600391,39.4194741600,39.6610644000,37.8088725600,38.7349684800,39.4396066800,10300520,197812108.4900,3.120100,1,-1.786600,289.992403,4.353602,1.788757,-84.807913,0
2022-06-09,sh.600391,38.8758961200,39.1577514000,37.3458246000,37.6276798800,38.7349684800,7935152,149762106.8200,2.403600,1,-2.858600,281.702599,4.229149,1.737623,-82.383571,0
2022-06-10,sh.600391,37.7082099600,39.0570888000,37.4464872000,38.4933782400,37.6276798800,6426274,122923227.2000,1.946600,1,2.300700,288.183719,4.326449,1.777601,-84.278966,0
2022-06-13,sh.600391,38.7551010000,39.6006668400,38.4128481600,39.0772213200,38.4933782400,8192657,158431519.6000,2.481700,1,1.516700,292.554706,4.392070,1.804562,-85.557255,0
2022-06-14,sh.600391,38.5336432800,38.7148359600,37.2854270400,38.3524506000,39.0772213200,7548448,142100257.2500,2.286500,1,-1.854700,287.128653,4.310609,1.771093,-83.970413,0
2022-06-15,sh.600391,38.3725831200,39.1577514000,38.2316554800,38.2719205200,38.3524506000,6317004,121320594.2000,1.913500,1,-0.210000,286.525758,4.301558,1.767374,-83.794097,0
2022-06-16,sh.600391,38.2517880000,39.0168237600,37.8894026400,38.2316554800,38.2719205200,5121577,97806911.2000,1.551400,1,-0.105200,286.224310,4.297033,1.765514,-83.705939,0
2022-06-17,sh.600391,38.0705953200,38.2920530400,36.9029091600,38.1913904400,38.2316554800,8844983,165237443.4700,2.679200,1,-0.105300,285.922863,4.292507,1.763655,-83.617781,0
2022-06-20,sh.600391,38.1712579200,38.7551010000,37.9498002000,38.4531132000,38.1913904400,5619214,107246197.1200,1.702100,1,0.685300,287.882271,4.321923,1.775741,-84.190808,0
2022-06-21,sh.600391,38.4531132000,38.4933782400,37.0639693200,37.5874148400,38.4531132000,6144774,114753550.3800,1.861300,1,-2.251300,281.401152,4.224624,1.735764,-82.295413,0
2022-06-22,sh.600391,37.8290050800,37.8894026400,36.6613189200,36.8022465600,37.5874148400,4646615,86071478.3400,1.407500,1,-2.088900,275.522928,4.136375,1.699505,-80.576333,0
2022-06-23,sh.600391,36.4801262400,38.9765587200,36.4197286800,38.8557636000,36.8022465600,12228135,231833419.8000,3.704000,1,5.579900,290.896745,4.367179,1.794335,-85.072387,0
2022-06-24,sh.600391,38.9765587200,39.9227871600,38.9765587200,39.3792091200,38.8557636000,10383957,203590986.4600,3.145400,1,1.347200,294.815561,4.426012,1.818508,-86.218440,0
2022-06-27,sh.600391,39.5805343200,39.7617270000,38.8356310800,39.1577514000,39.3792091200,6568496,127779626.4500,1.989700,1,-0.562400,293.157601,4.401121,1.808281,-85.733571,0
2022-06-28,sh.600391,39.1778839200,40.0637148000,38.9765587200,39.7617270000,39.1577514000,8318954,164089011.9400,2.519900,1,1.542400,297.679312,4.469005,1.836172,-87.055940,0
2022-06-29,sh.600391,39.7415944800,40.0838473200,38.3725831200,38.6343058800,39.7617270000,6756868,132174431.0000,2.046700,1,-2.835400,289.238784,4.342288,1.784108,-84.587518,0
2022-06-30,sh.600391,38.6141733600,39.1980164400,38.2920530400,38.6745709200,38.6343058800,4999220,96109529.9000,1.514300,1,0.104200,289.540232,4.346814,1.785968,-84.675676,0
2022-07-01,sh.600391,38.7349684800,40.1643774000,38.5739083200,39.0168237600,38.6745709200,7691989,150663447.0400,2.330000,1,0.885000,292.102535,4.385281,1.801773,-85.425019,0
2022-07-04,sh.600391,38.8758961200,40.4864977200,38.5537758000,40.0637148000,39.0168237600,10340514,205166855.9500,3.132300,1,2.683200,299.940167,4.502946,1.850118,-87.717124,0
2022-07-05,sh.600391,40.0637148000,40.2046424400,39.0570888000,39.6207993600,40.0637148000,6747719,132444333.7800,2.044000,1,-1.105500,296.624246,4.453165,1.829664,-86.747387,0
2022-07-06,sh.600391,39.6610644000,40.0033172400,38.6343058800,39.0973538400,39.6207993600,6418521,125592628.7500,1.944200,1,-1.321100,292.705430,4.394333,1.805492,-85.601334,0
2022-07-07,sh.600391,38.6544384000,41.2716660000,38.5940408400,40.4462326800,39.0973538400,12136650,242596921.3800,3.676300,1,3.450100,302.803918,4.545939,1.867782,-88.554625,0
2022-07-08,sh.600391,40.4462326800,40.4864977200,39.5604018000,39.6207993600,40.4462326800,6621805,131180498.3500,2.005800,1,-2.040800,296.624246,4.453165,1.829664,-86.747387,0
2022-07-11,sh.600391,39.4597392000,39.5201367600,38.1712579200,39.2584140000,39.6207993600,7930776,152805184.4800,2.402300,1,-0.914600,293.911219,4.412435,1.812929,-85.953966,0
2022-07-12,sh.600391,39.2584140000,42.0568342800,38.8758961200,40.1241123600,39.2584140000,19204488,386884659.7500,5.817300,1,2.205100,300.392338,4.509735,1.852907,-87.849361,0
2022-07-13,sh.600391,40.8690156000,40.8690156000,39.3590766000,40.0838473200,40.1241123600,8884058,175881696.0700,2.691100,1,-0.100400,300.090891,4.505209,1.851047,-87.761203,0
2022-07-14,sh.600391,39.5805343200,40.8086180400,39.5604018000,40.3858351200,40.0838473200,9123985,182937948.5400,2.763800,1,0.753400,302.351747,4.539151,1.864993,-88.422388,0
2022-07-15,sh.600391,40.2247749600,41.2716660000,39.6610644000,40.0637148000,40.3858351200,10937505,220205191.7300,3.313100,1,-0.797600,299.940167,4.502946,1.850118,-87.717124,0
2022-07-18,sh.600391,39.8623896000,40.4059676400,39.0973538400,39.8019920400,40.0637148000,7727831,151845083.6800,2.340800,1,-0.653300,297.980759,4.473530,1.838031,-87.144098,0
2022-07-19,sh.600391,39.8623896000,40.9696782000,39.3590766000,40.1643774000,39.8019920400,8984092,179383399.8400,2.721400,1,0.910500,300.693786,4.514260,1.854766,-87.937519,0
2022-07-20,sh.600391,40.2449074800,42.8822676000,40.2247749600,42.7816050000,40.1643774000,19587306,408589796.4500,5.933200,1,6.516300,320.287867,4.808423,1.975628,-93.667784,0
2022-07-21,sh.600391,42.8822676000,42.9426651600,40.8086180400,41.0703408000,42.7816050000,18409664,378262969.0800,5.576500,1,-4.000000,307.476352,4.616086,1.896603,-89.921072,0
2022-07-22,sh.600391,41.0703408000,42.3185570400,40.9898107200,41.5333887600,41.0703408000,14946439,309715399.3000,4.527400,1,1.127500,310.942998,4.668130,1.917986,-90.934888,0
2022-07-25,sh.600391,41.7749790000,42.6406773600,40.3657026000,41.1106058400,41.5333887600,9957472,204190481.3400,3.016200,1,-1.017900,307.777800,4.620611,1.898462,-90.009230,0
2022-07-26,sh.600391,40.8690156000,41.3320635600,40.4864977200,41.0099432400,41.1106058400,6193228,125925980.6400,1.876000,1,-0.244900,307.024181,4.609297,1.893814,-89.788835,0
2022-07-27,sh.600391,40.9898107200,41.7749790000,40.5670278000,40.9696782000,41.0099432400,7625334,155887776.0000,2.309800,1,-0.098200,306.722734,4.604772,1.891955,-89.700677,0
2022-07-28,sh.600391,40.8690156000,41.5937863200,40.5871603200,41.5736538000,40.9696782000,8585553,175936267.0000,2.600700,1,1.474200,311.244445,4.672655,1.919846,-91.023046,0
2022-07-29,sh.600391,41.3723286000,41.3723286000,40.0637148000,40.5267627600,41.5736538000,8468210,170567797.4900,2.565100,1,-2.518200,303.406812,4.554990,1.871501,-88.730940,0
2022-08-01,sh.600391,40.6676904000,40.8891481200,39.7617270000,39.9026546400,40.5267627600,6550369,130364327.2700,1.984200,1,-1.540000,298.734378,4.484844,1.842680,-87.364493,0
2022-08-02,sh.600391,40.3858351200,41.0502082800,38.2517880000,38.6947034400,39.9026546400,11322419,221719226.9800,3.429700,1,-3.027200,289.690956,4.349077,1.786898,-84.719755,0
2022-08-03,sh.600391,38.0504628000,41.0300757600,38.0504628000,40.1039798400,38.6947034400,16735390,334249919.0200,5.069300,1,3.642000,300.241615,4.507472,1.851977,-87.805282,0
2022-08-04,sh.600391,40.2046424400,40.2650400000,38.6343058800,39.1778839200,40.1039798400,9926174,192891709.0000,3.006800,1,-2.309200,293.308324,4.403384,1.809211,-85.777650,0
2022-08-05,sh.600391,39.4194741600,41.6340513600,38.5537758000,40.8287505600,39.1778839200,14250726,283225402.0000,4.316700,1,4.213800,305.667668,4.588932,1.885447,-89.392125,0
2022-08-08,sh.600391,40.8690156000,41.8152440400,40.4663652000,41.2314009600,40.8287505600,9134537,186566158.0000,2.767000,1,0.986200,308.682142,4.634188,1.904041,-90.273704,0
2022-08-09,sh.600391,40.9294131600,42.2178944400,40.4059676400,41.7548464800,41.2314009600,12050126,247639632.0000,3.650100,1,1.269500,312.600958,4.693020,1.928213,-91.419757,0
2022-08-10,sh.600391,42.0769668000,42.6608098800,41.5132562400,42.1977619200,41.7548464800,11454257,239763266.0000,3.469600,1,1.060800,315.916880,4.742802,1.948667,-92.389494,0
2022-08-11,sh.600391,42.1373643600,42.3789546000,41.5736538000,41.8756416000,42.1977619200,8883397,184674441.0000,2.690900,1,-0.763400,313.505300,4.706597,1.933791,-91.684230,0
2022-08-12,sh.600391,41.8353765600,41.8555090800,40.6676904000,40.8086180400,41.8756416000,7871102,161117768.0000,2.384200,1,-2.548100,305.516944,4.586669,1.884517,-89.348046,0
2022-08-15,sh.600391,41.1307383600,41.3320635600,40.4864977200,40.9696782000,40.8086180400,5545907,112730039.2100,1.679900,1,0.394700,306.722734,4.604772,1.891955,-89.700677,0
2022-08-16,sh.600391,40.9294131600,41.9763042000,40.7683530000,41.0703408000,40.9696782000,6851618,140349915.7200,2.075400,1,0.245700,307.476352,4.616086,1.896603,-89.921072,0
2022-08-17,sh.600391,40.9898107200,41.7749790000,40.1845099200,41.6743164000,41.0703408000,9289528,189229526.3400,2.813900,1,1.470600,311.998063,4.683969,1.924494,-91.243441,0
2022-08-18,sh.600391,41.6743164000,43.2446529600,41.5132562400,42.5198822400,41.6743164000,13871154,293689143.3800,4.201700,1,2.029000,318.328459,4.779006,1.963542,-93.094757,0
2022-08-19,sh.600391,42.4997497200,42.9426651600,41.2515334800,41.3521960800,42.5198822400,8646078,180364430.9900,2.619000,1,-2.746200,309.586484,4.647765,1.909619,-90.538178,0
2022-08-22,sh.600391,41.0904733200,41.7548464800,40.6676904000,41.3723286000,41.3521960800,4784637,98288135.6600,1.449300,1,0.048700,309.737208,4.650028,1.910549,-90.582257,0
2022-08-23,sh.600391,41.2314009600,41.5736538000,40.5468952800,40.6676904000,41.3723286000,5168773,104968829.9600,1.565700,1,-1.703200,304.461878,4.570830,1.878009,-89.039493,0
2022-08-24,sh.600391,40.6676904000,40.7683530000,38.5940408400,38.6141733600,40.6676904000,7768199,152110158.4100,2.353100,1,-5.049500,289.088061,4.340026,1.783179,-84.543439,0
2022-08-25,sh.600391,38.6141733600,39.0973538400,37.9296676800,38.4732457200,38.6141733600,5249308,100156487.9700,1.590100,1,-0.365000,288.032995,4.324186,1.776671,-84.234887,0
2022-08-26,sh.600391,39.0369562800,39.6409318800,38.6544384000,39.1174863600,38.4732457200,5477994,106607233.9600,1.659300,1,1.674500,99.836630,4.343497,1.765961,110.454006,0
2022-08-29,sh.600391,38.2517880000,39.4798717200,37.9498002000,38.5940408400,39.1174863600,7028094,134891162.3600,2.128900,1,-1.338100,98.500680,4.285376,1.742330,108.975980,0
2022-08-30,sh.600391,38.6141733600,39.4597392000,37.9900652400,38.7752335200,38.5940408400,6160048,118982937.8800,1.865900,1,0.469500,98.963124,4.305495,1.750510,109.487605,0
2022-08-31,sh.600391,38.6745709200,39.3389440800,37.0841018400,37.2250294800,38.7752335200,5943262,111661652.3800,1.800300,1,-3.997900,95.006654,4.133364,1.680526,105.110374,0
2022-09-01,sh.600391,36.9633067200,37.6679449200,36.7418490000,37.2451620000,37.2250294800,3283882,60745917.0400,0.994700,1,0.054100,95.058037,4.135600,1.681435,105.167221,0
2022-09-02,sh.600391,37.0639693200,37.9095351600,37.0639693200,37.4263546800,37.2451620000,3432331,63894593.0500,1.039700,1,0.486500,95.520482,4.155719,1.689615,105.678846,0
2022-09-05,sh.600391,37.6276798800,37.8894026400,36.8827766400,37.1243668800,37.4263546800,3671762,67995717.3200,1.112200,1,-0.806900,94.749741,4.122187,1.675982,104.826139,0
2022-09-06,sh.600391,37.1243668800,38.4329806800,37.1243668800,38.0504628000,37.1243668800,5201840,98113131.1300,1.575700,1,2.494600,97.113346,4.225018,1.717790,107.441107,0
2022-09-07,sh.600391,37.9296676800,38.4329806800,37.7082099600,38.2115229600,38.0504628000,4269707,80758775.6700,1.293300,1,0.423300,97.524408,4.242902,1.725061,107.895884,0
2022-09-08,sh.600391,38.2517880000,39.2584140000,38.0907278400,38.7752335200,38.2115229600,6620156,127900070.3000,2.005300,1,1.475200,98.963124,4.305495,1.750510,109.487605,0
2022-09-09,sh.600391,38.7551010000,39.6006668400,38.6141733600,39.0772213200,38.7752335200,4620943,89880727.6900,1.399700,1,0.778800,99.733865,4.339027,1.764143,110.340312,0
2022-09-13,sh.600391,39.1174863600,41.1106058400,39.1174863600,40.9495456800,39.0772213200,11852497,238491017.5300,3.590300,1,4.791300,104.512458,4.546924,1.848670,115.627096,0
2022-09-14,sh.600391,40.3053050400,41.5736538000,40.0637148000,41.1911359200,40.9495456800,9906346,201949056.6800,3.000700,1,0.590000,105.129051,4.573750,1.859576,116.309262,0
2022-09-15,sh.600391,41.4931237200,41.6743164000,39.5604018000,40.0435822800,41.1911359200,7916288,158668172.1600,2.397900,1,-2.785900,102.200236,4.446329,1.807770,113.068975,0
2022-09-16,sh.600391,40.2449074800,40.8488830800,39.6409318800,39.6409318800,40.0435822800,6295893,125747141.7400,1.907100,1,-1.005500,101.172581,4.401619,1.789592,111.932032,0
2022-09-19,sh.600391,39.3590766000,39.9429196800,37.7686075200,37.9900652400,39.6409318800,6307000,120751627.0000,1.910500,1,-4.164600,96.959198,4.218312,1.715064,107.270566,0
2022-09-20,sh.600391,38.7148359600,38.7148359600,37.6679449200,37.9296676800,37.9900652400,4757560,89926825.7400,1.441100,1,-0.159000,96.805050,4.211605,1.712337,107.100024,0
2022-09-21,sh.600391,37.9699327200,37.9900652400,36.2788010400,37.2652945200,37.9296676800,5920684,108499834.0200,1.793400,1,-1.751600,95.109420,4.137835,1.682344,105.224069,0
2022-09-22,sh.600391,37.0639693200,38.8356310800,36.8425116000,38.4128481600,37.2652945200,8067900,153624463.1000,2.443900,1,3.079400,98.038235,4.265256,1.734150,108.464356,0
2022-09-23,sh.600391,38.4329806800,39.8019920400,37.6478124000,37.8290050800,38.4128481600,6000807,114898039.9900,1.817700,1,-1.519900,96.548136,4.200428,1.707793,106.815789,0
2022-09-26,sh.600391,37.3458246000,37.7484750000,35.4735002400,35.5137652800,37.8290050800,7949141,143357583.6000,2.407900,1,-6.120300,90.639123,3.943350,1.603271,100.278367,0
2022-09-27,sh.600391,35.4735002400,36.7418490000,35.4735002400,36.6411864000,35.5137652800,5464742,98842378.6200,1.655300,1,3.174600,93.516555,4.068536,1.654168,103.461807,0
2022-09-28,sh.600391,36.6613189200,37.2048969600,35.1916449600,35.2520425200,36.6411864000,6621599,117289306.5300,2.005800,1,-3.791200,89.971148,3.914289,1.591455,99.539354,0
2022-09-29,sh.600391,35.4332352000,36.2184034800,34.3662116400,34.9097896800,35.2520425200,5030607,87896311.6600,1.523800,1,-0.970900,89.097641,3.876286,1.576004,98.572952,0
2022-09-30,sh.600391,35.0305848000,35.0305848000,33.6213084000,33.6615734400,34.9097896800,5508502,93021860.5800,1.668600,1,-3.575500,85.911912,3.737688,1.519654,95.048429,0
2022-10-10,sh.600391,34.0239588000,34.1044888800,32.8160076000,33.0575978400,33.6615734400,4637748,77113755.8000,1.404800,1,-1.794300,84.370431,3.670624,1.492387,93.343015,0
2022-10-11,sh.600391,33.0978628800,33.1582604400,32.4737547600,32.8562726400,33.0575978400,4032601,65710325.8000,1.221500,1,-0.609000,83.856604,3.648270,1.483298,92.774543,0
2022-10-12,sh.600391,32.8160076000,33.7219710000,32.1315019200,33.6817059600,32.8562726400,5661088,92532162.3800,1.714800,1,2.512300,85.963295,3.739923,1.520563,95.105276,0
2022-10-13,sh.600391,33.4602482400,34.6078018800,33.2790555600,34.2252840000,33.6817059600,5399362,91326234.2100,1.635500,1,1.613900,87.350629,3.800281,1.545102,96.640149,0
2022-10-14,sh.600391,34.4870067600,35.2721750400,34.2252840000,34.9903197600,34.2252840000,4229013,73158995.6800,1.281000,1,2.235300,89.303172,3.885228,1.579640,98.800341,0
2022-10-17,sh.600391,34.9903197600,36.5606563200,34.7889945600,36.0170782800,34.9903197600,5548340,99209706.3100,1.680700,1,2.934400,91.923691,3.999237,1.625993,101.699545,0
2022-10-18,sh.600391,36.0372108000,36.4398612000,35.6949579600,36.0573433200,36.0170782800,3749608,67167156.6600,1.135800,1,0.111800,92.026456,4.003708,1.627811,101.813240,0
2022-10-19,sh.600391,36.0372108000,36.5606563200,35.4735002400,35.9768132400,36.0573433200,3604618,64631419.6500,1.091900,1,-0.223300,91.820926,3.994766,1.624175,101.585851,0
2022-10-20,sh.600391,35.5942953600,36.5405238000,35.1916449600,35.9969457600,35.9768132400,3763399,67151101.4800,1.140000,1,0.056000,91.872308,3.997001,1.625084,101.642698,0
2022-10-21,sh.600391,35.9969457600,36.4801262400,35.6546929200,36.1982709600,35.9969457600,2940408,52650376.8000,0.890700,1,0.559300,92.386136,4.019356,1.634173,102.211170,0
2022-10-24,sh.600391,36.2989335600,37.6276798800,36.2788010400,36.5606563200,36.1982709600,7319007,134425571.9600,2.217000,1,1.001100,93.311025,4.059594,1.650533,103.234418,0
2022-10-25,sh.600391,36.5002587600,37.0639693200,35.8358856000,36.7015839600,36.5606563200,4616513,83757661.7600,1.398400,1,0.385500,93.670704,4.075242,1.656895,103.632348,0
2022-10-26,sh.600391,36.7015839600,37.5471498000,36.0976083600,37.4263546800,36.7015839600,5177875,95530401.0200,1.568400,1,1.974800,95.520482,4.155719,1.689615,105.678846,0
2022-10-27,sh.600391,37.2652945200,37.7484750000,36.7619815200,37.0438368000,37.4263546800,4066020,75223436.0100,1.231600,1,-1.022100,94.544210,4.113245,1.672346,104.598750,0
2022-10-28,sh.600391,37.1042343600,37.3860896400,35.8358856000,36.1580059200,37.0438368000,4671112,84703326.6400,1.414900,1,-2.391300,92.283370,4.014885,1.632355,102.097476,0
2022-10-31,sh.600391,35.4332352000,37.8290050800,35.4332352000,37.1847644400,36.1580059200,6574865,120236467.5600,1.991600,1,2.839600,86.608305,4.085399,1.733102,-118.849938,0
2022-11-01,sh.600391,37.2048969600,37.7283424800,36.6411864000,37.2854270400,37.1847644400,5106077,94259112.2400,1.546700,1,0.270700,86.842762,4.096458,1.737794,-119.171676,0
2022-11-02,sh.600391,37.1243668800,37.5270172800,36.8626441200,37.4062221600,37.2854270400,4657729,86274050.7900,1.410900,1,0.324000,87.124110,4.109730,1.743424,-119.557761,0
2022-11-03,sh.600391,37.2451620000,37.9699327200,37.1042343600,37.7283424800,37.4062221600,4828644,90270310.7000,1.462700,1,0.861100,87.874371,4.145120,1.758437,-120.587322,0
2022-11-04,sh.600391,37.9296676800,37.9699327200,37.3659571200,37.9296676800,37.7283424800,4625875,86676765.0300,1.401200,1,0.533600,88.343285,4.167239,1.767820,-121.230797,0
2022-11-07,sh.600391,38.0907278400,38.3323180800,37.3860896400,37.4666197200,37.9296676800,5295358,98917739.2200,1.604000,1,-1.220800,87.264784,4.116365,1.746239,-119.750804,0
2022-11-08,sh.600391,37.6075473600,37.9498002000,37.2048969600,37.6276798800,37.4666197200,4076185,76086944.8900,1.234700,1,0.429900,87.639915,4.134061,1.753745,-120.265584,0
2022-11-09,sh.600391,38.2517880000,38.7551010000,37.4062221600,37.8290050800,37.6276798800,6037387,113398583.9700,1.828800,1,0.535000,88.108828,4.156180,1.763129,-120.909060,0
2022-11-10,sh.600391,37.4062221600,37.4666197200,36.3995961600,36.7015839600,37.8290050800,5839881,106886297.9300,1.769000,1,-2.980300,85.482913,4.032313,1.710582,-117.305596,0
2022-11-11,sh.600391,37.1646319200,37.6075473600,36.7217164800,37.0237042800,36.7015839600,5350633,98862974.4500,1.620800,1,0.877700,86.233174,4.067703,1.725595,-118.335157,0
2022-11-14,sh.600391,37.2048969600,37.3458246000,36.2184034800,36.3995961600,37.0237042800,4543186,82820947.2500,1.376200,1,-1.685700,84.779543,3.999134,1.696507,-116.340383,0
2022-11-15,sh.600391,36.1580059200,36.9431742000,36.0573433200,36.9029091600,36.3995961600,4949486,90272559.1200,1.499300,1,1.382700,85.951826,4.054432,1.719965,-117.949072,0
2022-11-16,sh.600391,36.9431742000,37.8088725600,36.9029091600,37.2250294800,36.9029091600,5511245,102261511.4400,1.669400,1,0.872900,86.702088,4.089823,1.734979,-118.978633,0
2022-11-17,sh.600391,36.8425116000,37.3055595600,36.5405238000,37.2854270400,37.2250294800,3621728,66309066.1500,1.097100,1,0.162200,86.842762,4.096458,1.737794,-119.171676,0
2022-11-18,sh.600391,37.2854270400,37.4867522400,36.6210538800,36.6814514400,37.2854270400,3709358,68279595.1400,1.123600,1,-1.619900,85.436022,4.030101,1.709644,-117.241249,0
2022-11-21,sh.600391,36.7217164800,37.6075473600,36.3995961600,37.5874148400,36.6814514400,6944079,128835713.2900,2.103400,1,2.469800,87.546132,4.129637,1.751869,-120.136889,0
2022-11-22,sh.600391,37.8290050800,40.4663652000,37.6478124000,38.9564262000,37.5874148400,18741844,365211864.8700,5.677100,1,3.642200,90.734743,4.280047,1.815675,-124.512523,0
2022-11-23,sh.600391,38.9161611600,39.6207993600,38.5336432800,39.0570888000,38.9564262000,10020804,194469357.2900,3.035400,1,0.258400,90.969200,4.291106,1.820367,-124.834261,0
2022-11-24,sh.600391,39.0570888000,39.4396066800,38.7148359600,38.8356310800,39.0570888000,6088824,117814856.2500,1.844400,1,-0.567000,90.453395,4.266775,1.810045,-124.126437,0
2022-11-25,sh.600391,38.6745709200,38.8154985600,37.8491376000,37.8491376000,38.8356310800,4683798,88920978.1000,1.418800,1,-2.540200,88.155719,4.158392,1.764067,-120.973407,0
2022-11-28,sh.600391,37.6679449200,37.7484750000,36.8425116000,37.6075473600,37.8491376000,4857098,90095466.1400,1.471300,1,-0.638300,87.593023,4.131849,1.752807,-120.201236,0
2022-11-29,sh.600391,37.6075473600,38.0504628000,37.5471498000,37.9095351600,37.6075473600,4410300,82848331.7600,1.335900,1,0.803000,88.296393,4.165028,1.766882,-121.166450,0
2022-11-30,sh.600391,38.2517880000,38.8758961200,38.1712579200,38.4933782400,37.9095351600,6135426,117414860.8500,1.858500,1,1.540100,89.656242,4.229173,1.794094,-123.032529,0
2022-12-01,sh.600391,38.4732457200,39.0168237600,38.2517880000,38.6745709200,38.4933782400,4007001,76942438.2100,1.213800,1,0.470700,90.078264,4.249080,1.802539,-123.611657,0
2022-12-02,sh.600391,38.5135107600,39.0369562800,38.2719205200,38.3323180800,38.6745709200,3185705,61053699.8600,0.965000,1,-0.885000,89.281112,4.211478,1.786587,-122.517749,0
2022-12-05,sh.600391,38.5739083200,38.9564262000,38.3323180800,38.8356310800,38.3323180800,4411389,84928876.4100,1.336300,1,1.313000,90.453395,4.266775,1.810045,-124.126437,0
2022-12-06,sh.600391,38.3927156400,38.9765587200,38.2920530400,38.7148359600,38.8356310800,4450611,85328117.9900,1.348100,1,-0.311000,90.172047,4.253504,1.804415,-123.740352,0
2022-12-07,sh.600391,38.4933782400,38.6544384000,37.9900652400,38.1712579200,38.7148359600,3195491,60838218.3400,0.968000,1,-1.404100,88.905981,4.193782,1.779080,-122.002968,0
2022-12-08,sh.600391,38.1511254000,38.1511254000,37.3256920800,37.6276798800,38.1712579200,3363251,63009137.4400,1.018800,1,-1.424100,87.639915,4.134061,1.753745,-120.265584,0
2022-12-09,sh.600391,37.4666197200,37.8088725600,36.8425116000,37.2652945200,37.6276798800,3974186,73467174.5200,1.203800,1,-0.963100,86.795870,4.094246,1.736855,-119.107328,0
2022-12-12,sh.600391,37.2451620000,37.8692701200,36.8022465600,37.6075473600,37.2652945200,3537407,65720795.7800,1.071500,1,0.918400,87.593023,4.131849,1.752807,-120.201236,0
2022-12-13,sh.600391,37.6478124000,38.0101977600,37.2048969600,37.8491376000,37.6075473600,4591659,85732138.6700,1.390900,1,0.642400,88.155719,4.158392,1.764067,-120.973407,0
2022-12-14,sh.600391,37.7887400400,38.1309928800,36.8022465600,36.9431742000,37.8491376000,3943804,73494281.8400,1.194600,1,-2.393600,86.045609,4.058856,1.721842,-118.077767,0
2022-12-15,sh.600391,36.8425116000,37.3458246000,36.8022465600,37.2250294800,36.9431742000,2556069,47149596.8500,0.774300,1,0.762900,86.702088,4.089823,1.734979,-118.978633,0
2022-12-16,sh.600391,37.1042343600,37.1847644400,36.0976083600,36.4801262400,37.2250294800,3741124,67854125.2800,1.133200,1,-2.001100,84.967108,4.007982,1.700260,-116.597773,0
2022-12-19,sh.600391,36.5405238000,36.6009213600,35.6949579600,35.9969457600,36.4801262400,2050918,36822461.3800,0.621200,1,-1.324500,83.841716,3.954896,1.677740,-115.053432,0
2022-12-20,sh.600391,36.1378734000,36.3794636400,35.8358856000,35.8761506400,35.9969457600,1850139,33168221.3200,0.560400,1,-0.335600,83.560368,3.941625,1.672110,-114.667347,0
2022-12-21,sh.600391,36.0774758400,36.1177408800,34.8896571600,35.0909823600,35.8761506400,2518496,44259170.4400,0.762900,1,-2.188600,81.731606,3.855360,1.635515,-112.157792,0
2022-12-22,sh.600391,35.2520425200,35.3929701600,34.6279344000,34.8695246400,35.0909823600,1935600,33609680.0000,0.586300,1,-0.631100,81.215801,3.831029,1.625194,-111.449969,0
2022-12-23,sh.600391,34.2454165200,34.9701872400,34.2252840000,34.4064766800,34.8695246400,1887700,32391444.6900,0.571800,1,-1.327900,80.137300,3.780155,1.603612,-109.969975,0
2022-12-26,sh.600391,34.4266092000,35.5137652800,34.4266092000,35.4332352000,34.4064766800,2223630,38860528.6600,0.673600,1,2.984200,82.528759,3.892963,1.651467,-113.251700,0
2022-12-27,sh.600391,35.4332352000,35.8962831600,35.3325726000,35.7352230000,35.4332352000,1413896,25026310.3600,0.428300,1,0.852300,83.232129,3.926141,1.665542,-114.216914,0
2022-12-28,sh.600391,35.7553555200,35.9768132400,35.0104522800,35.2319100000,35.7352230000,1835668,32247525.7200,0.556000,1,-1.408500,82.059845,3.870843,1.642084,-112.608225,0
2022-12-29,sh.600391,35.2319100000,36.0774758400,35.0909823600,35.8157530800,35.2319100000,2049000,36344285.0000,0.620700,1,1.657100,83.419694,3.934989,1.669295,-114.474304,0
2022-12-30,sh.600391,35.5338978000,35.9768132400,35.5338978000,35.7754880400,35.8157530800,1237641,21997249.8700,0.374900,1,-0.112400,83.325911,3.930565,1.667419,-114.345609,0
2023-01-03,sh.600391,35.7754880400,37.1042343600,35.6345604000,36.7619815200,35.7754880400,3916898,71037572.6600,1.186500,1,2.757500,85.623587,4.038949,1.713397,-117.498639,0
2023-01-04,sh.600391,36.6814514400,37.7484750000,36.6411864000,37.0438368000,36.7619815200,5336068,98432300.7300,1.616400,1,0.766700,86.280066,4.069915,1.726534,-118.399505,0
2023-01-05,sh.600391,37.0438368000,37.2854270400,36.8425116000,37.0841018400,37.0438368000,2046148,37675693.6800,0.619800,1,0.108700,86.373848,4.074339,1.728410,-118.528200,0
2023-01-06,sh.600391,36.8827766400,37.2250294800,36.6210538800,36.8223790800,37.0841018400,2009257,36812628.3600,0.608600,1,-0.705800,85.764261,4.045584,1.716212,-117.691682,0
2023-01-09,sh.600391,36.8022465600,37.0438368000,36.0573433200,36.0976083600,36.8223790800,3238100,58514436.0000,0.980900,1,-1.968300,84.076173,3.965956,1.682432,-115.375170,0
2023-01-10,sh.600391,36.1982709600,36.3190660800,35.3124400800,35.5741628400,36.0976083600,2734257,48373416.3500,0.828200,1,-1.450100,82.856998,3.908446,1.658035,-113.702133,0
2023-01-11,sh.600391,35.6345604000,35.7754880400,35.0305848000,35.1111148800,35.5741628400,2604211,45716168.3300,0.788800,1,-1.301600,81.778497,3.857572,1.636454,-112.222139,0
2023-01-12,sh.600391,37.6478124000,38.6141733600,36.6814514400,36.9431742000,35.1111148800,20847251,392461883.1000,6.314900,1,5.217900,86.045609,4.058856,1.721842,-118.077767,0
2023-01-13,sh.600391,36.9633067200,37.9095351600,36.1177408800,36.4398612000,36.9431742000,15057879,276176441.4100,4.561200,1,-1.362400,84.873326,4.003558,1.698384,-116.469078,0
2023-01-16,sh.600391,36.9431742000,39.5604018000,36.6613189200,38.7953660400,36.4398612000,19468344,375482319.5900,5.897200,1,6.464100,90.359612,4.262352,1.808169,-123.997742,0
2023-01-17,sh.600391,38.4531132000,39.0369562800,37.9900652400,38.0907278400,38.7953660400,9459750,180339582.9200,2.865500,1,-1.816300,88.718415,4.184935,1.775327,-121.745578,0
2023-01-18,sh.600391,38.0101977600,38.9362936800,37.9900652400,38.5537758000,38.0907278400,6371400,121858553.2000,1.930000,1,1.215600,89.796916,4.235809,1.796909,-123.225572,0
2023-01-19,sh.600391,38.3121855600,39.3792091200,38.3121855600,39.3188115600,38.5537758000,7049115,136997590.0600,2.135300,1,1.984300,91.578787,4.319861,1.832565,-125.670779,0
2023-01-20,sh.600391,39.7617270000,41.6340513600,39.3993416400,41.4729912000,39.3188115600,13971157,281211174.9100,4.232000,1,5.478800,96.596161,4.556536,1.932967,-132.555967,0
2023-01-30,sh.600391,42.6406773600,43.1037253200,41.6743164000,42.1574968800,41.4729912000,16923505,357340151.9100,5.126300,1,1.650500,98.190466,4.631741,1.964870,-134.743784,0
2023-01-31,sh.600391,42.3588220800,43.5869058000,42.1977619200,43.1842554000,42.1574968800,13693801,293544497.2900,4.148000,1,2.435500,100.581924,4.744548,2.012725,-138.025510,0
2023-02-01,sh.600391,42.9627976800,43.1439903600,42.6205448400,42.8218700400,43.1842554000,12864402,273668975.5500,3.896800,1,-0.839200,99.737880,4.704734,1.995835,-136.867254,0
2023-02-02,sh.600391,42.9829302000,43.0231952400,41.4729912000,41.4931237200,42.8218700400,14574209,302643041.7000,4.414700,1,-3.103000,96.643052,4.558748,1.933905,-132.620315,0
2023-02-03,sh.600391,41.4327261600,42.3990871200,41.3119310400,42.1373643600,41.4931237200,11032678,229918906.7400,3.341900,1,1.552600,98.143575,4.629529,1.963932,-134.679437,0
2023-02-06,sh.600391,42.0970993200,43.0030627200,41.7749790000,42.5802798000,42.1373643600,8995414,190055765.7700,2.724800,1,1.051100,99.175184,4.678191,1.984575,-136.095083,0
2023-02-07,sh.600391,42.7212074400,43.1238578400,42.0367017600,42.9829302000,42.5802798000,9857293,208732451.5700,2.985900,1,0.945600,100.113011,4.722429,2.003342,-137.382034,0
2023-02-08,sh.600391,42.9829302000,43.0835928000,41.9763042000,41.9763042000,42.9829302000,5730700,120352586.6000,1.735900,1,-2.341900,97.768444,4.611833,1.956425,-134.164656,0
2023-02-09,sh.600391,41.8152440400,42.4796172000,41.7951115200,42.4594846800,41.9763042000,5726560,120315616.4000,1.734600,1,1.151100,98.893836,4.664919,1.978945,-135.708998,0
2023-02-10,sh.600391,42.2581594800,42.9627976800,42.0367017600,42.1172318400,42.4594846800,5447468,114877235.6800,1.650100,1,-0.806100,98.096683,4.627317,1.962994,-134.615089,0
2023-02-13,sh.600391,42.3588220800,42.9829302000,42.0769668000,42.4796172000,42.1172318400,5490200,116101791.0000,1.663000,1,0.860400,98.940728,4.667131,1.979884,-135.773345,0
2023-02-14,sh.600391,42.5400147600,42.6809424000,41.8957741200,42.0769668000,42.4796172000,5368960,112566038.8000,1.626300,1,-0.947900,98.002901,4.622893,1.961117,-134.486394,0
2023-02-15,sh.600391,42.1977619200,43.0835928000,41.8555090800,42.5601472800,42.0769668000,6705380,141266288.9300,2.031100,1,1.148300,99.128293,4.675979,1.983637,-136.030736,0
2023-02-16,sh.600391,42.4796172000,42.6809424000,40.8690156000,41.1911359200,42.5601472800,8866906,183933249.1600,2.685900,1,-3.216700,95.939682,4.525569,1.919830,-131.655102,0
2023-02-17,sh.600391,41.2112684400,41.7749790000,40.6676904000,41.4327261600,41.1911359200,5212247,106793311.8000,1.578800,1,0.586500,96.502378,4.552112,1.931090,-132.427272,0
2023-02-20,sh.600391,41.3521960800,41.3924611200,40.4261001600,41.3924611200,41.4327261600,5029600,102342177.0000,1.523500,1,-0.097200,96.408595,4.547688,1.929214,-132.298577,0
2023-02-21,sh.600391,41.6139188400,42.0568342800,41.1911359200,41.5535212800,41.3924611200,5327826,110201852.7500,1.613900,1,0.389100,96.783726,4.565383,1.936720,-132.813358,0
2023-02-22,sh.600391,41.3119310400,41.9763042000,41.2917985200,41.8957741200,41.5535212800,4123223,85532678.7300,1.249000,1,0.823600,97.580879,4.602986,1.952672,-133.907266,0
2023-02-23,sh.600391,41.9159066400,42.2380269600,41.5132562400,41.6743164000,41.8957741200,3611900,74935637.0000,1.094100,1,-0.528600,97.065074,4.578655,1.942350,-133.199443,0
2023-02-24,sh.600391,41.6944489200,42.6205448400,41.4931237200,42.3185570400,41.6743164000,6710232,140982226.2800,2.032600,1,1.545900,98.565597,4.649436,1.972377,-135.258565,0
2023-02-27,sh.600391,42.2581594800,42.9627976800,41.9964367200,42.4796172000,42.3185570400,7370840,155690509.3600,2.232700,1,0.380600,98.940728,4.667131,1.979884,-135.773345,0
2023-02-28,sh.600391,42.5198822400,45.1371098400,42.2984245200,44.4324716400,42.4796172000,15618542,341066301.7300,4.731000,1,4.597200,103.489188,4.881687,2.070902,-142.015058,0
2023-03-01,sh.600391,44.2915440000,44.2915440000,43.4258456400,44.1908814000,44.4324716400,10256694,223191670.4000,3.106900,1,-0.543700,102.926491,4.855144,2.059642,-141.242888,0
2023-03-02,sh.600391,44.0902188000,44.6941944000,43.5265082400,43.7680984800,44.1908814000,7385662,161289801.4300,2.237200,1,-0.956700,101.941773,4.808693,2.039937,-139.891589,0
2023-03-03,sh.600391,43.7278334400,45.4390976400,43.6070383200,44.6740618800,43.7680984800,11530538,256087146.8700,3.492700,1,2.069900,104.051884,4.908229,2.082162,-142.787229,0
2023-03-06,sh.600391,44.9156521200,45.4793626800,44.2714114800,44.7143269200,44.6740618800,8962133,199408364.8900,2.714700,1,0.090100,104.145666,4.912653,2.084039,-142.915924,0
2023-03-07,sh.600391,44.4928692000,44.5935318000,43.1238578400,43.1842554000,44.7143269200,7850707,170899054.5900,2.378100,1,-3.421900,100.581924,4.744548,2.012725,-138.025510,0
2023-03-08,sh.600391,43.0634602800,43.9492911600,42.7010749200,43.8687610800,43.1842554000,5322535,115476632.1400,1.612300,1,1.585100,102.176230,4.819753,2.044629,-140.213327,0
2023-03-09,sh.600391,44.0298212400,44.0499537600,42.8621350800,43.0030627200,43.8687610800,5122660,110076247.0000,1.551700,1,-1.973400,100.159902,4.724641,2.004280,-137.446382,0
2023-03-10,sh.600391,42.7010749200,43.1641228800,42.1574968800,42.3588220800,43.0030627200,4594022,97226477.3200,1.391600,1,-1.498100,98.659380,4.653860,1.974254,-135.387260,0
2023-03-13,sh.600391,41.9763042000,42.3386895600,41.2716660000,42.0568342800,42.3588220800,4801979,99632776.7100,1.454600,1,-0.712900,97.956009,4.620681,1.960179,-134.422047,0
2023-03-14,sh.600391,42.0769668000,42.6809424000,41.1911359200,41.7951115200,42.0568342800,4274387,88982423.0800,1.294800,1,-0.622300,97.346422,4.591926,1.947980,-133.585528,0
2023-03-15,sh.600391,41.6944489200,42.2178944400,41.4729912000,41.6541838800,41.7951115200,3127100,64918992.0000,0.947200,1,-0.337200,97.018183,4.576443,1.941412,-133.135095,0
2023-03-16,sh.600391,41.6743164000,41.8756416000,40.2046424400,40.3053050400,41.6541838800,5939000,120176814.0000,1.799000,1,-3.238300,93.876463,4.428245,1.878544,-128.823809,0
2023-03-17,sh.600391,40.4864977200,41.2716660000,40.4864977200,40.9898107200,40.3053050400,4210775,85703002.0000,1.275500,1,1.698300,95.470768,4.503450,1.910447,-131.011626,0
2023-03-20,sh.600391,41.0502082800,41.6743164000,40.5267627600,40.8488830800,40.9898107200,4524500,92025293.0000,1.370500,1,-0.343800,95.142529,4.487966,1.903879,-130.561193,0
2023-03-21,sh.600391,43.0634602800,44.9357846400,43.0634602800,44.9357846400,40.8488830800,10817548,240576375.0900,3.276800,1,10.004900,104.661471,4.936984,2.094360,-143.623747,0
2023-03-22,sh.600391,44.7948570000,47.6738073600,43.9492911600,45.7410854400,44.9357846400,33968290,772545075.5400,10.289400,1,1.792100,106.537125,5.025461,2.131894,-146.197650,0
2023-03-23,sh.600391,45.7209529200,46.4054586000,44.8955196000,45.5800252800,45.7410854400,19221520,432538607.6800,5.822400,1,-0.352100,106.161994,5.007765,2.124387,-145.682869,0
2023-03-24,sh.600391,45.8014830000,46.0632057600,44.8552545600,45.0565797600,45.5800252800,11287040,252950485.6600,3.419000,1,-1.148400,104.942819,4.950256,2.099990,-144.009833,0
2023-03-27,sh.600391,44.8955196000,45.2981700000,43.7077009200,44.1304838400,45.0565797600,10303507,226396025.6900,3.121100,1,-2.055400,102.785817,4.848508,2.056827,-141.049845,0
2023-03-28,sh.600391,44.4526041600,45.0565797600,43.7882310000,44.0298212400,44.1304838400,9466066,208801754.6800,2.867400,1,-0.228100,102.551361,4.837448,2.052135,-140.728107,0
2023-03-29,sh.600391,44.0298212400,44.0298212400,42.8420025600,43.1842554000,44.0298212400,7219322,155014707.3000,2.186800,1,-1.920400,100.581924,4.744548,2.012725,-138.025510,0
2023-03-30,sh.600391,43.4459781600,43.8888936000,42.9426651600,43.6473033600,43.1842554000,8675956,187617498.0100,2.628000,1,1.072300,101.660425,4.795422,2.034307,-139.505504,0
2023-03-31,sh.600391,43.6875684000,43.7882310000,42.9426651600,43.6473033600,43.6473033600,6652140,142987483.5100,2.015000,1,0.000000,101.660425,4.795422,2.034307,-139.505504,0
2023-04-03,sh.600391,43.6875684000,44.2311464400,42.9829302000,44.0700862800,43.6473033600,12327732,267555536.4700,3.734200,1,0.968600,102.645143,4.841872,2.054012,-140.856802,0
2023-04-04,sh.600391,43.7882310000,43.8486285600,43.0433277600,43.4661106800,44.0700862800,10636654,229262206.4800,3.222000,1,-1.370500,152.928489,4.645291,1.874988,98.398803,0
2023-04-06,sh.600391,43.4459781600,44.0298212400,43.0835928000,44.0298212400,43.4661106800,10856978,235959899.3000,3.288700,1,1.296900,154.911814,4.705536,1.899304,99.674934,0
2023-04-07,sh.600391,44.1103513200,44.4526041600,43.3855806000,43.6070383200,44.0298212400,9083285,197112825.2000,2.751400,1,-0.960200,153.424321,4.660353,1.881067,98.717835,0
2023-04-10,sh.600391,43.8486285600,44.1908814000,42.6004123200,42.6004123200,43.6070383200,10457564,225760089.4400,3.167700,1,-2.308400,149.882670,4.552773,1.837644,96.439030,0
2023-04-11,sh.600391,42.5802798000,43.2043879200,42.4997497200,43.0433277600,42.6004123200,6742832,143685060.4200,2.042500,1,1.039700,151.440996,4.600108,1.856750,97.441705,0
2023-04-12,sh.600391,43.0433277600,43.4057131200,42.2380269600,42.6205448400,43.0433277600,7309329,154741619.6700,2.214100,1,-0.982200,149.953503,4.554925,1.838513,96.484606,0
2023-04-13,sh.600391,42.7010749200,42.7212074400,41.7548464800,41.7749790000,42.6205448400,6432000,134348815.9000,1.948300,1,-1.983900,146.978516,4.464558,1.802038,94.570410,0
2023-04-14,sh.600391,41.8756416000,42.3789546000,41.6340513600,42.3185570400,41.7749790000,5416601,113144275.8300,1.640800,1,1.301200,148.891007,4.522651,1.825486,95.800965,0
2023-04-17,sh.600391,42.3386895600,42.7010749200,41.9763042000,42.4796172000,42.3185570400,5333394,112065218.5400,1.615500,1,0.380600,149.457671,4.539863,1.832434,96.165574,0
2023-04-18,sh.600391,42.4796172000,42.4796172000,41.5736538000,42.0165692400,42.4796172000,4657037,96938547.0800,1.410700,1,-1.090000,147.828512,4.490377,1.812459,95.117323,0
2023-04-19,sh.600391,42.1776294000,42.3588220800,41.5333887600,41.6139188400,42.0165692400,4045000,83942572.0000,1.225300,1,-0.958300,146.411852,4.447345,1.795090,94.205801,0
2023-04-20,sh.600391,41.5736538000,41.7951115200,40.8690156000,41.1710034000,41.6139188400,4520519,92298972.0900,1.369300,1,-1.064300,144.853525,4.400010,1.775984,93.203127,0
2023-04-21,sh.600391,41.1710034000,42.4796172000,40.8287505600,41.3320635600,41.1710034000,8098455,168443751.1200,2.453100,1,0.391200,145.420189,4.417223,1.782932,93.567736,0
2023-04-24,sh.600391,41.3723286000,41.4931237200,40.2247749600,40.7280879600,41.3320635600,5651500,114155300.0000,1.711900,1,-1.461300,143.295199,4.352675,1.756878,92.200453,0
2023-04-25,sh.600391,40.7683530000,41.2716660000,39.3389440800,39.8221245600,40.7280879600,5451247,108580293.7100,1.651200,1,-2.224400,140.107713,4.255853,1.717798,90.149528,0
2023-04-26,sh.600391,39.8623896000,41.8756416000,39.6610644000,41.1508708800,39.8221245600,6724409,137293041.3500,2.036900,1,3.336700,144.782692,4.397858,1.775116,93.157551,0
2023-04-27,sh.600391,41.1106058400,42.4393521600,40.8287505600,41.8756416000,41.1508708800,7630274,158731377.5200,2.311300,1,1.761300,147.332681,4.475316,1.806380,94.798291,0
2023-04-28,sh.600391,41.9763042000,42.7816050000,41.5132562400,42.4997497200,41.8756416000,7432831,155855143.8200,2.251500,1,1.490400,149.528504,4.542015,1.833302,96.211150,0
2023-05-04,sh.600391,42.0165692400,42.8822676000,41.8152440400,42.1172318400,42.4997497200,6466815,135787736.6500,1.958900,1,-0.900000,114.324231,4.478248,1.821373,270.579916,0
2023-05-05,sh.600391,42.1172318400,42.2380269600,40.6676904000,41.1710034000,42.1172318400,5766628,118227065.0400,1.746800,1,-2.246700,111.755761,4.377637,1.780453,264.500922,0
2023-05-08,sh.600391,41.2112684400,44.9961822000,41.0703408000,44.4526041600,41.1710034000,16743692,362537729.0000,5.071900,1,7.970700,120.663433,4.726564,1.922367,285.583391,0
2023-05-09,sh.600391,44.4526041600,46.6671813600,44.3519415600,44.4123391200,44.4526041600,23471294,530518153.5000,7.109700,1,-0.090600,120.554137,4.722283,1.920625,285.324711,0
2023-05-10,sh.600391,43.9090261200,44.2915440000,43.1439903600,43.3050505200,44.4123391200,9908076,214352748.6200,3.001300,1,-2.493200,117.548481,4.604547,1.872740,278.210994,0
2023-05-11,sh.600391,43.6473033600,43.7882310000,42.2782920000,42.7413399600,43.3050505200,6067754,128824883.4200,1.838000,1,-1.301700,116.018328,4.544608,1.848362,274.589465,0
2023-05-12,sh.600391,42.6004123200,42.7212074400,40.6676904000,40.7280879600,42.7413399600,8644687,178096026.1300,2.618600,1,-4.710300,110.553499,4.330543,1.761299,261.655435,0
2023-05-15,sh.600391,40.6072928400,42.4393521600,39.9026546400,42.3588220800,40.7280879600,9140577,186655973.7300,2.768800,1,4.004000,114.980011,4.503936,1.831820,272.132000,0
2023-05-16,sh.600391,42.3386895600,44.0499537600,42.0165692400,42.8621350800,42.3588220800,11796115,253462863.8400,3.573200,1,1.188200,116.346218,4.557452,1.853586,275.365507,0
2023-05-17,sh.600391,42.4796172000,45.4994952000,42.3386895600,44.9961822000,42.8621350800,14928536,328986303.6100,4.522000,1,4.978900,122.138937,4.784362,1.945874,289.075579,0
2023-05-18,sh.600391,44.8955196000,45.3988326000,44.5130017200,44.9961822000,44.9961822000,10460266,233782016.2700,3.168500,1,0.000000,122.138937,4.784362,1.945874,289.075579,0
2023-05-19,sh.600391,45.0968448000,45.4994952000,44.2512789600,44.8552545600,44.9961822000,7175746,159968264.1600,2.173600,1,-0.313200,121.756399,4.769377,1.939779,288.170197,0
2023-05-22,sh.600391,44.7747244800,45.4793626800,44.2311464400,44.5331342400,44.8552545600,6184210,137220217.3000,1.873300,1,-0.718100,120.882027,4.735127,1.925849,286.100752,0
2023-05-23,sh.600391,44.4928692000,44.6539293600,42.8822676000,43.5063757200,44.5331342400,9092257,196656078.5300,2.754100,1,-2.305600,118.094964,4.625953,1.881447,279.504397,0
2023-05-24,sh.600391,42.9024001200,43.6271708400,42.4393521600,42.5802798000,43.5063757200,6542746,139231777.8000,1.981900,1,-2.128600,115.581142,4.527483,1.841397,273.554743,0
2023-05-25,sh.600391,42.4796172000,45.2377724400,42.3386895600,44.2915440000,42.5802798000,11353660,248783725.4900,3.439200,1,4.018900,120.226247,4.709439,1.915402,284.548669,0
2023-05-26,sh.600391,44.4324716400,44.8955196000,43.7680984800,44.7545919600,44.2915440000,7884394,173923213.7700,2.388300,1,1.045500,121.483158,4.758674,1.935426,287.523496,0
2023-05-29,sh.600391,45.9021456000,46.6671813600,44.0902188000,44.3720740800,44.7545919600,13195763,294284417.9700,3.997100,1,-0.854700,120.444840,4.718001,1.918884,285.066030,0
2023-05-30,sh.600391,44.5935318000,44.6941944000,43.5063757200,44.2512789600,44.3720740800,6870716,150329499.0800,2.081200,1,-0.272200,120.116950,4.705157,1.913660,284.289988,0
2023-05-31,sh.600391,44.0499537600,46.0632057600,43.7278334400,45.2579049600,44.2512789600,13087923,294480887.2100,3.964500,1,2.274800,122.849365,4.812190,1.957192,290.757003,0
2023-06-01,sh.600391,44.9559171600,45.2176399200,44.2915440000,44.9156521200,45.2579049600,7506704,166791146.9100,2.273900,1,-0.756200,121.920344,4.775799,1.942391,288.558218,0
2023-06-02,sh.600391,44.7545919600,45.0565797600,43.9291586400,44.1304838400,44.9156521200,7195268,158212735.0600,2.179500,1,-1.748100,119.789061,4.692314,1.908436,283.513946,0
2023-06-05,sh.600391,43.9291586400,44.3318090400,43.2647854800,43.2849180000,44.1304838400,6527900,141683952.0000,1.977400,1,-1.916100,117.493832,4.602406,1.871870,278.081654,0
2023-06-06,sh.600391,43.2043879200,43.3855806000,41.7548464800,41.8756416000,43.2849180000,10166698,212652240.3100,3.079600,1,-3.255800,113.668452,4.452560,1.810925,269.027832,0
2023-06-07,sh.600391,41.7749790000,42.2380269600,41.4125936400,42.0769668000,41.8756416000,5899114,122705758.0400,1.786900,1,0.480800,114.214935,4.473967,1.819631,270.321235,0
2023-06-08,sh.600391,41.8555090800,41.9360391600,41.0099432400,41.4729912000,42.0769668000,5126236,105488539.2100,1.552800,1,-1.435400,112.575486,4.409747,1.793512,266.441026,0
2023-06-09,sh.600391,41.4729912000,43.2849180000,41.0703408000,42.8017375200,41.4729912000,9080595,190302184.1800,2.750600,1,3.203900,116.182273,4.551030,1.850974,274.977486,0
2023-06-12,sh.600391,42.8822676000,43.2043879200,42.2782920000,42.3386895600,42.8017375200,5008606,106026095.9000,1.517200,1,-1.081800,114.925362,4.501795,1.830950,272.002659,0
2023-06-13,sh.600391,42.2581594800,42.7816050000,41.6743164000,42.0970993200,42.3386895600,3767754,78802473.9200,1.141300,1,-0.570600,114.269583,4.476107,1.820502,270.450576,0
2023-06-14,sh.600391,42.0165692400,42.1574968800,41.7145814400,41.8152440400,42.0970993200,3654003,76002061.1900,1.106800,1,-0.669500,113.504507,4.446138,1.808313,268.639811,0
2023-06-15,sh.600391,41.8152440400,42.2782920000,41.4931237200,42.1172318400,41.8152440400,4502730,93899937.1000,1.363900,1,0.722200,114.324231,4.478248,1.821373,270.579916,0
2023-06-16,sh.600391,42.2782920000,42.9829302000,42.1776294000,42.5802798000,42.1172318400,6702913,141678353.7200,2.030400,1,1.099400,115.581142,4.527483,1.841397,273.554743,0
2023-06-19,sh.600391,42.3185570400,43.8083635200,42.3185570400,43.3453155600,42.5802798000,8465969,182234415.0800,2.564400,1,1.796700,117.657777,4.608828,1.874482,278.469675,0
2023-06-20,sh.600391,43.2849180000,47.6738073600,43.2446529600,47.6738073600,43.3453155600,23415238,539580172.8300,7.092700,1,9.986100,129.407160,5.069069,2.061669,306.277840,0
2023-06-21,sh.600391,48.2777829600,50.7339504000,47.7342049200,49.2642764400,47.6738073600,45048929,1097184029.4600,13.645800,1,3.336100,133.724376,5.238180,2.130449,316.495724,0
2023-06-26,sh.600391,48.7609634400,49.7273244000,47.4322171200,47.8147350000,49.2642764400,21382448,513395429.9500,6.477000,1,-2.942400,129.789698,5.084053,2.067763,307.183222,0
2023-06-27,sh.600391,47.9959276800,49.1032162800,47.5731447600,48.4388431200,47.8147350000,17814772,428298644.5600,5.396300,1,1.305300,131.483796,5.150413,2.094753,311.192771,0
2023-06-28,sh.600391,48.0965902800,48.5193732000,46.4658561600,47.9757951600,48.4388431200,15968907,376856667.6700,4.837200,1,-0.955900,130.226885,5.101178,2.074728,308.217944,0
2023-06-29,sh.600391,47.9757951600,48.9220236000,47.6939398800,48.4791081600,47.9757951600,12409340,298341179.7000,3.758900,1,1.049100,131.593092,5.154695,2.096494,311.451452,0
2023-06-30,sh.600391,48.7609634400,49.4656016400,48.0965902800,48.5395057200,48.4791081600,13271756,320443174.5100,4.020200,1,0.124600,131.757037,5.161117,2.099106,311.839473,0
2023-07-03,sh.600391,48.4791081600,49.2441439200,48.3180480000,48.6804333600,48.5395057200,11472014,277430386.9500,3.475000,1,0.290300,132.139575,5.176101,2.105200,312.744855,0
2023-07-04,sh.600391,48.4388431200,49.0830837600,48.1167228000,48.8012284800,48.6804333600,11326662,273776417.7500,3.431000,1,0.248100,132.467465,5.188945,2.110424,313.520897,0
2023-07-05,sh.600391,48.3985780800,48.7005658800,47.6738073600,47.7342049200,48.8012284800,9888130,236481901.7000,2.995200,1,-2.186500,129.571105,5.075491,2.064280,306.665861,0
2023-07-06,sh.600391,47.6738073600,47.8751325600,46.9490366400,47.2107594000,47.7342049200,7638387,179638435.9800,2.313800,1,-1.096600,128.150250,5.019834,2.041644,303.303013,0
2023-07-07,sh.600391,47.0698317600,47.1100968000,46.3047960000,46.5463862400,47.2107594000,5901365,136733045.4800,1.787600,1,-1.407200,126.346856,4.949192,2.012913,299.034783,0
2023-07-10,sh.600391,46.3450610400,47.1100968000,46.1034708000,46.4255911200,46.5463862400,5206405,120236935.3700,1.577100,1,-0.259500,126.018966,4.936348,2.007689,298.258741,0
2023-07-11,sh.600391,46.5061212000,46.8685065600,46.0430732400,46.7074464000,46.4255911200,6134058,141802075.1100,1.858100,1,0.607100,126.784042,4.966317,2.019878,300.069505,0
2023-07-12,sh.600391,46.6671813600,46.7275789200,45.6001578000,45.6605553600,46.7074464000,6317233,144553293.9900,1.913600,1,-2.241400,123.942331,4.855003,1.974605,293.343809,0
2023-07-13,sh.600391,46.2443984400,46.7074464000,45.9021456000,46.5463862400,45.6605553600,5798642,133500695.7900,1.756500,1,1.940000,126.346856,4.949192,2.012913,299.034783,0
2023-07-14,sh.600391,46.5665187600,46.8483740400,46.1236033200,46.3047960000,46.5463862400,5154526,118810739.1500,1.561400,1,-0.519000,125.691076,4.923504,2.002465,297.482699,0
2023-07-17,sh.600391,46.2041334000,46.7678439600,45.6806878800,46.1437358400,46.3047960000,4046485,92741463.8700,1.225700,1,-0.347800,125.253890,4.906379,1.995500,296.447977,0
2023-07-18,sh.600391,45.8417480400,46.5061212000,45.5598927600,46.0632057600,46.1437358400,4528712,103522456.6600,1.371800,1,-0.174500,125.035297,4.897816,1.992018,295.930616,0
2023-07-19,sh.600391,45.7209529200,46.2443984400,45.4390976400,45.9625431600,46.0632057600,3795103,86364537.4700,1.149600,1,-0.218500,124.762055,4.887113,1.987664,295.283914,0
2023-07-20,sh.600391,45.9826756800,46.1840008800,44.9357846400,44.9559171600,45.9625431600,4879777,110131678.3400,1.478100,1,-2.190100,122.029641,4.780080,1.944133,288.816899,0
2023-07-21,sh.600391,44.9961822000,45.4793626800,44.7948570000,45.0163147200,44.9559171600,3462523,77580949.0000,1.048800,1,0.134300,122.193586,4.786502,1.946744,289.204920,0
2023-07-24,sh.600391,44.9961822000,45.8216155200,44.5733992800,45.1773748800,45.0163147200,3825305,86215228.8300,1.158700,1,0.357800,122.630772,4.803628,1.953710,290.239642,0
2023-07-25,sh.600391,45.5196277200,46.3249285200,45.3183025200,46.1840008800,45.1773748800,6824700,155652500.0300,2.067300,1,2.228200,125.363187,4.910660,1.997241,296.706657,0
2023-07-26,sh.600391,45.9826756800,45.9826756800,44.9156521200,45.4592301600,46.1840008800,6766085,152569707.7800,2.049500,1,-1.569300,123.395848,4.833597,1.965898,292.050406,0
2023-07-27,sh.600391,45.7410854400,47.0899642800,45.2981700000,45.6404228400,45.4592301600,9464787,217105808.6700,2.867000,1,0.398600,123.887683,4.852863,1.973734,293.214469,0
2023-07-28,sh.600391,45.2176399200,45.9424106400,44.6337968400,45.8618805600,45.6404228400,6810136,153254848.2000,2.062900,1,0.485200,124.488814,4.876410,1.983311,294.637213,0
2023-07-31,sh.600391,45.8216155200,46.2846634800,45.6202903200,46.0632057600,45.8618805600,5752650,131345117.5900,1.742500,1,0.439000,125.035297,4.897816,1.992018,295.930616,0
2023-08-01,sh.600391,45.8216155200,46.1840008800,44.7143269200,45.2377724400,46.0632057600,6978058,156936289.2000,2.113700,1,-1.792000,122.794717,4.810050,1.956321,290.627663,0
2023-08-02,sh.600391,44.9156521200,44.9961822000,43.5466407600,43.9291586400,45.2377724400,9312524,203527894.3600,2.820900,1,-2.892700,119.242578,4.670907,1.899730,282.220543,0
2023-08-03,sh.600391,43.7077009200,44.1908814000,43.7077009200,43.9694236800,43.9291586400,3245300,70809988.0000,0.983000,1,0.091700,119.351874,4.675188,1.901471,282.479224,0
2023-08-04,sh.600391,43.8284960400,44.3318090400,43.7278334400,44.1103513200,43.9694236800,4109890,89975518.2000,1.244900,1,0.320500,119.734412,4.690173,1.907566,283.384606,0
2023-08-07,sh.600391,43.9895562000,44.2714114800,43.7278334400,43.9090261200,44.1103513200,2310829,50462621.1800,0.700000,1,-0.456400,119.187929,4.668766,1.898859,282.091203,0
2023-08-08,sh.600391,43.7882310000,44.1707488800,43.2245204400,44.1506163600,43.9090261200,3741155,81328543.0500,1.133200,1,0.550200,119.843709,4.694454,1.909307,283.643287,0
2023-08-09,sh.600391,43.8687610800,43.8888936000,43.3050505200,43.4057131200,44.1506163600,2763100,59803168.0000,0.837000,1,-1.687200,117.821722,4.615250,1.877094,278.857695,0
2023-08-10,sh.600391,43.4862432000,43.8888936000,43.3251830400,43.6875684000,43.4057131200,2530699,54873538.3000,0.766600,1,0.649400,118.586798,4.645219,1.889282,280.668460,0
2023-08-11,sh.600391,43.5869058000,44.1908814000,43.2043879200,43.2043879200,43.6875684000,3729115,80956723.7700,1.129600,1,-1.106000,117.275239,4.593843,1.868387,277.564292,0
2023-08-14,sh.600391,42.8420025600,43.1842554000,42.4796172000,43.1238578400,43.2043879200,3637535,77413371.4500,1.101900,1,-0.186400,117.056646,4.585281,1.864905,277.046931,0
2023-08-15,sh.600391,43.0835928000,43.3251830400,42.1373643600,42.7212074400,43.1238578400,3442240,72871975.2200,1.042700,1,-0.933700,115.963680,4.542468,1.847492,274.460125,0
2023-08-16,sh.600391,42.5802798000,43.1238578400,42.1977619200,42.1977619200,42.7212074400,3063510,64779412.1000,0.928000,1,-1.225300,114.542824,4.486811,1.824855,271.097277,0
2023-08-17,sh.600391,42.0367017600,44.6539293600,41.8152440400,44.3922066000,42.1977619200,9055642,196382964.0300,2.743100,1,5.200400,120.499488,4.720142,1.919755,285.195370,0
2023-08-18,sh.600391,44.2311464400,44.8552545600,43.5466407600,43.5869058000,44.3922066000,5727497,125995886.2400,1.734900,1,-1.814100,118.313557,4.634516,1.884929,280.021758,0
2023-08-21,sh.600391,43.7882310000,44.4928692000,42.6608098800,42.7212074400,43.5869058000,4608236,99540781.4300,1.395900,1,-1.986100,115.963680,4.542468,1.847492,274.460125,0
2023-08-22,sh.600391,42.7413399600,43.5265082400,42.5400147600,43.4057131200,42.7212074400,4727337,101187146.1400,1.432000,1,1.602300,117.821722,4.615250,1.877094,278.857695,0
2023-08-23,sh.600391,43.2849180000,43.3050505200,41.9763042000,42.0568342800,43.4057131200,3909700,82431273.9700,1.184300,1,-3.107600,114.160286,4.471826,1.818761,270.191895,0
2023-08-24,sh.600391,42.0568342800,42.6205448400,41.1106058400,41.9561716800,42.0568342800,3604193,75008819.7200,1.091800,1,-0.239300,113.887045,4.461123,1.814408,269.545194,0
2023-08-25,sh.600391,41.7749790000,42.1574968800,40.6475578800,40.8891481200,41.9561716800,4381220,89892939.1500,1.327100,1,-2.543200,110.990685,4.347668,1.768264,262.690157,0
2023-08-28,sh.600391,43.2849180000,43.5063757200,41.1307383600,41.3521960800,40.8891481200,4815091,101460191.6100,1.458500,1,1.132400,112.247596,4.396903,1.788289,265.664984,0
2023-08-29,sh.600391,41.1911359200,42.7816050000,41.1911359200,42.5601472800,41.3521960800,4080579,85753019.5300,1.236100,1,2.921100,115.526494,4.525343,1.840527,273.425403,0
2023-08-30,sh.600391,42.7212074400,43.7882310000,42.7212074400,43.2446529600,42.5601472800,4377167,94095307.6300,1.325900,1,1.608300,101.775069,4.520124,1.747871,187.808894,0
2023-08-31,sh.600391,43.1641228800,43.4459781600,42.4796172000,42.6004123200,43.2446529600,3310274,70427600.4400,1.002700,1,-1.489800,100.258867,4.452785,1.721832,185.010996,0
2023-09-01,sh.600391,42.8017375200,43.0030627200,42.2581594800,42.4796172000,42.6004123200,2628473,55490445.5200,0.796200,1,-0.283600,99.974579,4.440159,1.716950,184.486390,0
2023-09-04,sh.600391,42.6406773600,43.4057131200,42.5400147600,43.3855806000,42.4796172000,3563481,76211426.4600,1.079400,1,2.132700,102.106738,4.534854,1.753567,188.420934,0
2023-09-05,sh.600391,43.5265082400,43.6473033600,43.1842554000,43.4459781600,43.3855806000,2740775,59088698.7800,0.830200,1,0.139200,102.248882,4.541167,1.756008,188.683237,0
2023-09-06,sh.600391,43.2849180000,44.0499537600,42.8420025600,43.9694236800,43.4459781600,3819778,82936240.6400,1.157100,1,1.204800,103.480796,4.595880,1.777165,190.956529,0
2023-09-07,sh.600391,43.8888936000,44.0902188000,43.3251830400,43.3251830400,43.9694236800,3262861,70704717.2600,0.988400,1,-1.465200,101.964594,4.528541,1.751126,188.158631,0
2023-09-08,sh.600391,43.4862432000,44.1908814000,43.1641228800,44.0700862800,43.3251830400,4594101,100238889.8800,1.391600,1,1.719300,103.717703,4.606402,1.781234,191.393701,0
2023-09-11,sh.600391,44.0902188000,44.1103513200,43.5667732800,43.9090261200,44.0700862800,3731100,81249001.0000,1.130200,1,-0.365500,103.338652,4.589567,1.774724,190.694226,0
2023-09-12,sh.600391,43.9090261200,43.9090261200,43.3855806000,43.5869058000,43.9090261200,2654561,57580157.9500,0.804100,1,-0.733600,102.580551,4.555898,1.761705,189.295277,0
2023-09-13,sh.600391,43.5466407600,43.5466407600,42.4393521600,42.7010749200,43.5869058000,3801915,80880519.4200,1.151600,1,-2.032300,100.495773,4.463307,1.725901,185.448168,0
2023-09-14,sh.600391,42.9225326400,43.0030627200,42.2380269600,42.4997497200,42.7010749200,2278682,48229569.6400,0.690200,1,-0.471500,100.021960,4.442263,1.717764,184.573825,0
2023-09-15,sh.600391,42.5400147600,42.6608098800,41.8756416000,42.4997497200,42.4997497200,2995382,62846955.5000,0.907300,1,0.000000,100.021960,4.442263,1.717764,184.573825,0
2023-09-18,sh.600391,42.2782920000,42.3990871200,41.7347139600,41.9763042000,42.4997497200,3114943,65061408.5500,0.943600,1,-1.231600,98.790046,4.387550,1.696607,182.300533,0
2023-09-19,sh.600391,42.1172318400,42.1172318400,41.0703408000,41.2112684400,41.9763042000,2877700,59149596.0000,0.871700,1,-1.822500,96.989556,4.307585,1.665686,178.978029,0
2023-09-20,sh.600391,41.0703408000,41.4729912000,40.6676904000,40.7079554400,41.2112684400,3578700,72773025.2100,1.084000,1,-1.221300,95.805023,4.254977,1.645343,176.792171,0
2023-09-21,sh.600391,40.7079554400,41.3723286000,40.3053050400,40.5066302400,40.7079554400,3917036,79122135.5200,1.186500,1,-0.494600,95.331210,4.233933,1.637205,175.917828,0
2023-09-22,sh.600391,40.2851725200,40.8488830800,40.1643774000,40.8287505600,40.5066302400,4227204,85284041.4500,1.280500,1,0.795200,96.089311,4.267603,1.650225,177.316777,0
2023-09-25,sh.600391,40.7884855200,40.7884855200,39.1778839200,39.7818595200,40.8287505600,6926428,136778577.7600,2.098100,1,-2.564100,93.625482,4.158177,1.607911,172.770193,0
2023-09-26,sh.600391,39.9026546400,39.9026546400,39.4194741600,39.7214619600,39.7818595200,2339472,46105691.5600,0.708700,1,-0.151800,93.483338,4.151864,1.605470,172.507890,0
2023-09-27,sh.600391,39.6409318800,40.0637148000,39.5402692800,39.6207993600,39.7214619600,2875570,56830584.0000,0.871000,1,-0.253400,93.246432,4.141343,1.601402,172.070718,0
2023-09-28,sh.600391,39.8221245600,40.3053050400,39.6610644000,40.2247749600,39.6207993600,3063424,61061279.0400,0.927900,1,1.524400,94.667871,4.204473,1.625813,174.693748,0
2023-10-09,sh.600391,40.2247749600,40.9294131600,40.0838473200,40.5468952800,40.2247749600,3412780,68586715.6300,1.033800,1,0.800800,95.425972,4.238142,1.638833,176.092697,0
2023-10-10,sh.600391,40.5670278000,40.8086180400,40.0838473200,40.1241123600,40.5468952800,3569173,71542243.0900,1.081100,1,-1.042700,94.430965,4.193951,1.621745,174.256576,0
2023-10-11,sh.600391,40.0838473200,40.4462326800,39.5201367600,39.7415944800,40.1241123600,4334100,85896012.0000,1.312800,1,-0.953300,93.530720,4.153969,1.606284,172.595324,0
2023-10-12,sh.600391,40.0637148000,40.1442448800,39.2785465200,39.7013294400,39.7415944800,4006740,78833997.8400,1.213700,1,-0.101300,93.435957,4.149760,1.604656,172.420456,0
2023-10-13,sh.600391,39.4597392000,39.4798717200,38.0504628000,38.5336432800,39.7013294400,6654655,127572573.4000,2.015800,1,-2.941200,90.687841,4.027708,1.557461,167.349266,0
2023-10-16,sh.600391,38.5739083200,38.8356310800,37.9900652400,38.1108603600,38.5336432800,4392204,83674037.9500,1.330400,1,-1.097200,89.692833,3.983517,1.540373,165.513145,0
2023-10-17,sh.600391,38.1712579200,38.6343058800,37.8088725600,38.4732457200,38.1108603600,3995792,75919961.0100,1.210400,1,0.950900,90.545697,4.021395,1.555020,167.086963,0
2023-10-18,sh.600391,38.3121855600,38.3121855600,37.5874148400,37.6276798800,38.4732457200,3792291,71299729.8900,1.148700,1,-2.197800,88.555681,3.933013,1.520843,163.414722,0
2023-10-19,sh.600391,37.4464872000,38.2517880000,37.2451620000,37.3256920800,37.6276798800,4401800,82418933.0000,1.333400,1,-0.802600,87.844962,3.901448,1.508638,162.103207,0
2023-10-20,sh.600391,37.0035717600,37.5874148400,36.5203912800,36.6613189200,37.3256920800,4100189,75248992.8300,1.242000,1,-1.779900,86.281378,3.832004,1.481785,159.217875,0
2023-10-23,sh.600391,36.6411864000,37.2451620000,36.0372108000,36.3794636400,36.6613189200,5150021,93685213.9800,1.560000,1,-0.768800,85.618040,3.802544,1.470393,157.993795,0
2023-10-24,sh.600391,36.4398612000,36.9834392400,36.0976083600,36.6210538800,36.3794636400,4152149,75320988.3900,1.257700,1,0.664100,86.186615,3.827796,1.480157,159.043007,0
2023-10-25,sh.600391,36.6814514400,37.5471498000,36.6814514400,37.1646319200,36.6210538800,3624699,66995788.5100,1.098000,1,1.484300,87.465911,3.884613,1.502128,161.403733,0
2023-10-26,sh.600391,37.0438368000,37.9498002000,36.5606563200,37.7887400400,37.1646319200,5350223,99378721.6300,1.620600,1,1.679300,88.934732,3.949847,1.527353,164.114196,0
2023-10-27,sh.600391,37.8088725600,38.1108603600,37.3659571200,37.9900652400,37.7887400400,4098850,77112742.5600,1.241600,1,0.532800,89.408545,3.970891,1.535490,164.988540,0
2023-10-30,sh.600391,37.9095351600,38.3927156400,37.6478124000,38.1511254000,37.9900652400,4885200,92309990.0000,1.479800,1,0.424000,89.787596,3.987726,1.542000,165.688014,0
2023-10-31,sh.600391,38.6141733600,39.1376188800,38.0907278400,38.3121855600,38.1511254000,6062625,116232819.8900,1.836400,1,0.422200,79.738988,3.958091,1.386102,68.771965,0
2023-11-01,sh.600391,38.4732457200,38.9161611600,38.1913904400,38.6141733600,38.3121855600,4364603,83637536.4700,1.322100,1,0.788200,80.367514,3.989290,1.397028,69.314046,0
2023-11-02,sh.600391,38.7551010000,38.8557636000,37.7887400400,37.8491376000,38.6141733600,4043223,76571178.8900,1.224700,1,-1.981200,78.775248,3.910253,1.369349,67.940775,0
2023-11-03,sh.600391,37.8692701200,38.9362936800,37.7283424800,38.6745709200,37.8491376000,4400813,84308244.6400,1.333100,1,2.180900,80.493219,3.995530,1.399213,69.422462,0
2023-11-06,sh.600391,38.9362936800,38.9966912400,38.4329806800,38.9966912400,38.6745709200,5607537,108108362.0300,1.698600,1,0.832900,81.163646,4.028808,1.410867,70.000681,0
2023-11-07,sh.600391,39.0168237600,39.0369562800,38.5135107600,38.7953660400,38.9966912400,3818874,73565019.0200,1.156800,1,-0.516300,80.744629,4.008009,1.403583,69.639294,0
2023-11-08,sh.600391,38.8356310800,41.3521960800,38.6343058800,39.7415944800,38.7953660400,12681772,250248668.7800,3.841500,1,2.439000,82.714010,4.105765,1.437817,71.337814,0
2023-11-09,sh.600391,39.2785465200,39.5000042400,38.7752335200,38.9564262000,39.7415944800,8561656,166325208.8400,2.593400,1,-1.975700,81.079843,4.024649,1.409410,69.928404,0
2023-11-10,sh.600391,38.6544384000,39.6006668400,38.4933782400,39.3389440800,38.9564262000,7979344,154927034.8100,2.417000,1,0.981900,81.875976,4.064167,1.423249,70.615039,0
2023-11-13,sh.600391,39.2584140000,40.3053050400,38.9765587200,40.2851725200,39.3389440800,8190661,161764166.4800,2.481000,1,2.405300,83.845357,4.161923,1.457483,72.313559,0
2023-11-14,sh.600391,40.2247749600,40.4864977200,39.7818595200,40.0637148000,40.2851725200,6009100,119657506.5800,1.820200,1,-0.549700,83.384438,4.139044,1.449471,71.916033,0
2023-11-15,sh.600391,40.3053050400,40.3858351200,39.5604018000,39.8221245600,40.0637148000,4769781,94273548.6700,1.444800,1,-0.603000,82.881617,4.114085,1.440730,71.482368,0
2023-11-16,sh.600391,39.8221245600,40.1241123600,39.3993416400,39.4194741600,39.8221245600,3464710,68270771.0200,1.049500,1,-1.011100,82.043583,4.072487,1.426163,70.759594,0
2023-11-17,sh.600391,39.1980164400,39.5201367600,39.0973538400,39.5000042400,39.4194741600,2821380,55115045.6000,0.854600,1,0.204300,82.211190,4.080806,1.429076,70.904149,0
2023-11-20,sh.600391,39.4798717200,40.2851725200,39.3792091200,40.2851725200,39.5000042400,4739082,93898706.5800,1.435500,1,1.987800,83.845357,4.161923,1.457483,72.313559,0
2023-11-21,sh.600391,40.0637148000,40.3657026000,39.6207993600,39.7013294400,40.2851725200,3459026,68556619.8800,1.047800,1,-1.449300,82.630207,4.101606,1.436360,71.265536,0
2023-11-22,sh.600391,39.6610644000,39.8221245600,39.2584140000,39.2584140000,39.7013294400,2815000,55196337.0000,0.852700,1,-1.115600,81.708369,4.055847,1.420336,70.470485,0
2023-11-23,sh.600391,39.2785465200,39.7415944800,39.0772213200,39.6610644000,39.2584140000,2663977,52263348.0400,0.806900,1,1.025600,82.546403,4.097446,1.434903,71.193259,0
2023-11-24,sh.600391,39.5805343200,39.6207993600,38.5537758000,38.7953660400,39.6610644000,4192700,81136895.9200,1.270000,1,-2.182700,80.744629,4.008009,1.403583,69.639294,0
2023-11-27,sh.600391,38.6141733600,39.3590766000,38.6141733600,39.1577514000,38.7953660400,3472319,67323629.5500,1.051800,1,0.934100,81.498860,4.045448,1.416694,70.289791,0
2023-11-28,sh.600391,39.1980164400,39.3792091200,38.9161611600,39.1778839200,39.1577514000,2389358,46411700.4100,0.723800,1,0.051400,81.540762,4.047528,1.417422,70.325930,0
2023-11-29,sh.600391,38.9161611600,39.3590766000,38.8557636000,38.9966912400,39.1778839200,2217547,43030130.8000,0.671700,1,-0.462500,81.163646,4.028808,1.410867,70.000681,0
2023-11-30,sh.600391,38.8154985600,39.0772213200,38.2920530400,38.5739083200,38.9966912400,2735003,52503740.1000,0.828500,1,-1.084200,80.283710,3.985130,1.395571,69.241768,0
2023-12-01,sh.600391,38.4128481600,38.8356310800,38.2719205200,38.7752335200,38.5739083200,2776150,53178311.0900,0.840900,1,0.521900,80.702727,4.005929,1.402855,69.603155,0
2023-12-04,sh.600391,38.7752335200,39.9026546400,38.7752335200,39.3792091200,38.7752335200,4600122,90032770.8800,1.393400,1,1.557600,81.959779,4.068327,1.424706,70.687317,0
2023-12-05,sh.600391,39.2382814800,39.3792091200,38.1712579200,38.2115229600,39.3792091200,4219100,80738538.0000,1.278000,1,-2.965200,79.529479,3.947691,1.382460,68.591272,0
2023-12-06,sh.600391,38.0504628000,38.7148359600,38.0504628000,38.3323180800,38.2115229600,2799400,53446589.6600,0.848000,1,0.316100,79.780889,3.960171,1.386831,68.808104,0
2023-12-07,sh.600391,38.4128481600,38.4128481600,37.8491376000,38.0504628000,38.3323180800,3094897,58523884.2400,0.937500,1,-0.735300,79.194265,3.931052,1.376633,68.302162,0
2023-12-08,sh.600391,38.0504628000,38.2316554800,37.1847644400,37.3055595600,38.0504628000,4767438,89067246.6000,1.444100,1,-1.957700,77.643901,3.854095,1.349683,66.965030,0
2023-12-11,sh.600391,37.3458246000,38.3524506000,37.1646319200,38.2920530400,37.3055595600,4736947,88916363.5500,1.434900,1,2.644400,79.697086,3.956011,1.385374,68.735826,0
2023-12-12,sh.600391,38.2517880000,39.0570888000,38.0907278400,38.6947034400,38.2920530400,4015049,77226348.5900,1.216200,1,1.051500,80.535121,3.997610,1.399941,69.458601,0
2023-12-13,sh.600391,38.7349684800,39.1376188800,38.4531132000,38.4531132000,38.6947034400,3130525,60295577.2500,0.948300,1,-0.624300,80.032300,3.972650,1.391201,69.024936,0
2023-12-14,sh.600391,38.6544384000,38.7752335200,38.1913904400,38.2115229600,38.4531132000,2331500,44479831.7500,0.706200,1,-0.628300,79.529479,3.947691,1.382460,68.591272,0
2023-12-15,sh.600391,38.4128481600,38.4329806800,37.8894026400,37.9095351600,38.2115229600,2397625,45370345.2500,0.726300,1,-0.790300,78.900953,3.916493,1.371535,68.049191,0
2023-12-18,sh.600391,37.7686075200,37.8894026400,36.8425116000,36.8425116000,37.9095351600,4241408,78285944.4000,1.284800,1,-2.814700,76.680162,3.806257,1.332931,66.133839,0
2023-12-19,sh.600391,36.8223790800,37.2048969600,36.6009213600,37.0438368000,36.8425116000,1907000,34981805.0000,0.577700,1,0.546400,77.099179,3.827056,1.340214,66.495226,0
2023-12-20,sh.600391,37.1042343600,37.1847644400,35.5338978000,35.5338978000,37.0438368000,6984595,125311820.1500,2.115700,1,-4.076100,73.956549,3.671062,1.285586,63.784823,0
2023-12-21,sh.600391,35.4332352000,35.9365482000,34.8695246400,35.5741628400,35.5338978000,4209301,74013373.2300,1.275000,1,0.113300,74.040353,3.675222,1.287043,63.857101,0
2023-12-22,sh.600391,35.5741628400,37.1444994000,35.4735002400,36.5606563200,35.5741628400,6689998,121037695.2000,2.026500,1,2.773100,76.093537,3.777138,1.322733,65.627897,0
2023-12-25,sh.600391,36.3794636400,37.6880774400,36.1378734000,36.9633067200,36.5606563200,4766722,88035017.8900,1.443900,1,1.101300,76.931572,3.818736,1.337301,66.350672,0
2023-12-26,sh.600391,36.9230416800,36.9633067200,35.9566807200,36.3190660800,36.9633067200,4107399,74230194.4500,1.244200,1,-1.742900,75.590717,3.752179,1.313993,65.194233,0
2023-12-27,sh.600391,36.1378734000,36.7217164800,36.1378734000,36.6613189200,36.3190660800,2322300,42020493.0000,0.703500,1,0.942400,76.303046,3.787537,1.326375,65.808591,0
2023-12-28,sh.600391,36.6411864000,37.6679449200,36.4398612000,37.5270172800,36.6613189200,4471095,82633420.7200,1.354300,1,2.361300,78.104820,3.876974,1.357695,67.362555,0
2023-12-29,sh.600391,37.3860896400,38.5739083200,37.2451620000,38.4933782400,37.5270172800,4306146,81628855.5100,1.304400,1,2.575100,80.116103,3.976810,1.392658,69.097214,0
2024-01-02,sh.600391,38.2920530400,39.2584140000,38.2920530400,38.8960286400,38.4933782400,5535109,107048780.4700,1.676600,1,1.046000,80.954138,4.018409,1.407225,69.819988,0
2024-01-03,sh.600391,38.7953660400,38.8557636000,38.1913904400,38.5336432800,38.8960286400,3441004,65729450.4000,1.042300,1,-0.931700,80.199907,3.980970,1.394114,69.169491,0
2024-01-04,sh.600391,38.4732457200,38.7551010000,38.0101977600,38.2920530400,38.5336432800,2376820,45276288.1200,0.720000,1,-0.627000,79.697086,3.956011,1.385374,68.735826,0
2024-01-05,sh.600391,38.4128481600,38.4128481600,37.1243668800,37.2854270400,38.2920530400,3702500,69245561.7900,1.121500,1,-2.628800,77.602000,3.852015,1.348955,66.928891,0
2024-01-08,sh.600391,37.3055595600,37.3055595600,35.9566807200,36.0573433200,37.2854270400,3772679,68353861.0000,1.142800,1,-3.293700,75.045994,3.725140,1.304524,64.724430,0
2024-01-09,sh.600391,36.0573433200,36.5606563200,35.7553555200,35.9768132400,36.0573433200,2939159,52693029.1500,0.890300,1,-0.223300,74.878387,3.716820,1.301610,64.579875,0
2024-01-10,sh.600391,35.7553555200,35.9768132400,34.9701872400,35.3728376400,35.9768132400,3134501,55155515.7400,0.949500,1,-1.678800,73.621336,3.654422,1.279759,63.495714,0
2024-01-11,sh.600391,35.3124400800,36.0372108000,35.2319100000,35.8560181200,35.3728376400,2752500,48779503.0000,0.833800,1,1.366000,74.626977,3.704341,1.297240,64.363043,0
2024-01-12,sh.600391,35.6345604000,36.3593311200,35.5540303200,36.0372108000,35.8560181200,3327539,59450665.2200,1.008000,1,0.505300,75.004093,3.723060,1.303796,64.688291,0
2024-01-15,sh.600391,35.6345604000,35.7956205600,34.4870067600,34.5474043200,36.0372108000,6409972,111149438.1700,1.941700,1,-4.134100,71.903365,3.569146,1.249896,62.014026,0
2024-01-16,sh.600391,34.7285970000,34.8695246400,33.9635612400,34.5876693600,34.5474043200,4343979,74211894.2500,1.315800,1,0.116600,71.987168,3.573306,1.251352,62.086304,0
2024-01-17,sh.600391,34.4467417200,34.5675368400,33.8226336000,33.8427661200,34.5876693600,2875692,48857392.1100,0.871100,1,-2.153700,70.436804,3.496348,1.224402,60.749172,0
2024-01-18,sh.600391,33.6213084000,33.7421035200,32.2522970400,33.3998506800,33.8427661200,7192969,117303144.8300,2.178800,1,-1.308700,69.514966,3.450590,1.208378,59.954120,0
2024-01-19,sh.600391,33.3595856400,33.5609108400,32.8160076000,33.0575978400,33.3998506800,4089894,67346809.7100,1.238900,1,-1.024700,68.802637,3.415231,1.195996,59.339762,0
2024-01-22,sh.600391,33.0173328000,33.1582604400,30.6618279600,31.1450084400,33.0575978400,5368481,85654148.2700,1.626200,1,-5.785600,64.821973,3.217639,1.126800,55.906584,0
2024-01-23,sh.600391,31.0644783600,31.5879238800,30.6416954400,31.4671287600,31.1450084400,3835645,59400284.1300,1.161900,1,1.034300,65.492400,3.250918,1.138454,56.484804,0
2024-01-24,sh.600391,31.5073938000,32.2120320000,30.7423580400,32.2120320000,31.4671287600,4300436,67173156.6500,1.302700,1,2.367200,67.042764,3.327875,1.165404,57.821936,0
2024-01-25,sh.600391,32.0107068000,34.0642238400,31.9704417600,34.0239588000,32.2120320000,6929967,114586619.8400,2.099200,1,5.625000,70.813920,3.515068,1.230958,61.074420,0
2024-01-26,sh.600391,34.0440913200,34.1850189600,33.6213084000,33.7622360400,34.0239588000,3796132,63907965.8200,1.149900,1,-0.769200,70.269197,3.488029,1.221489,60.604617,0
2024-01-29,sh.600391,33.7622360400,34.0440913200,33.0173328000,33.1179954000,33.7622360400,3930900,65396127.0000,1.190700,1,-1.908200,68.928342,3.421471,1.198181,59.448178,0
2024-01-30,sh.600391,32.9569352400,33.2991880800,32.2724295600,32.3126946000,33.1179954000,3453600,56188661.0000,1.046100,1,-2.431600,67.252273,3.338274,1.169046,58.002630,0
2024-01-31,sh.600391,32.2925620800,32.2925620800,30.1786474800,30.4001052000,32.3126946000,5325000,82274957.0000,1.613000,1,-5.919000,63.271609,3.140682,1.099850,54.569452,0
2024-02-01,sh.600391,30.1987800000,30.7624905600,29.3733466800,30.1182499200,30.4001052000,4728121,70645239.2500,1.432200,1,-0.927200,62.684985,3.111563,1.089653,54.063510,0
2024-02-02,sh.600391,30.1182499200,30.6819604800,27.9640702800,28.6485759600,30.1182499200,6241163,90219413.0500,1.890500,1,-4.879700,59.626158,2.959729,1.036481,51.425384,0
2024-02-05,sh.600391,28.5680458800,28.7693710800,26.2326735600,27.0178418400,28.6485759600,8059600,109314458.7900,2.441300,1,-5.692200,56.232119,2.791255,0.977482,48.498149,0
2024-02-06,sh.600391,26.4742638000,29.3532141600,25.9709508000,29.2726840800,27.0178418400,7076839,97497097.1900,2.143700,1,8.345800,60.925112,3.024206,1.059061,52.545684,0
2024-02-07,sh.600391,28.9505637600,30.9235507200,28.9505637600,30.5410328400,29.2726840800,7062394,106434596.0500,2.139300,1,4.332900,63.564921,3.155241,1.104949,54.822423,0
2024-02-08,sh.600391,30.5611653600,32.6146824000,30.5410328400,32.0509718400,30.5410328400,8059074,128499921.9600,2.441200,1,4.944000,66.707550,3.311235,1.159577,57.532826,0
2024-02-19,sh.600391,32.4133572000,32.4334897200,31.4671287600,31.8899116800,32.0509718400,5876312,93201383.8300,1.780000,1,-0.502500,66.372337,3.294596,1.153750,57.243717,0
2024-02-20,sh.600391,31.7288515200,31.9100442000,31.1047434000,31.8295141200,31.8899116800,3833552,59956550.8800,1.161200,1,-0.189400,66.246631,3.288356,1.151565,57.135301,0
2024-02-21,sh.600391,31.5879238800,32.8965376800,31.2859360800,31.9301767200,31.8295141200,4710490,75516443.9400,1.426900,1,0.316300,66.456140,3.298756,1.155207,57.315994,0
2024-02-22,sh.600391,31.9905742800,32.5542848400,31.9100442000,32.2925620800,31.9301767200,3822226,61187613.3400,1.157800,1,1.134900,67.210371,3.336194,1.168317,57.966491,0
2024-02-23,sh.600391,32.2925620800,32.7958750800,32.0308393200,32.7556100400,32.2925620800,5102200,82207202.0000,1.545500,1,1.433900,68.174111,3.384033,1.185070,58.797681,0
2024-02-26,sh.600391,32.6348149200,33.5609108400,32.5341523200,33.1179954000,32.7556100400,5761597,94785550.3800,1.745300,1,1.106300,68.928342,3.421471,1.198181,59.448178,0
2024-02-27,sh.600391,33.1179954000,33.9232962000,32.8361401200,33.9232962000,33.1179954000,4396996,73065311.8200,1.331900,1,2.431600,70.604411,3.504668,1.227316,60.893726,0
2024-02-28,sh.600391,33.9031636800,34.5272718000,32.2120320000,32.2321645200,33.9232962000,7411903,123417799.6100,2.245200,1,-4.985200,67.084666,3.329955,1.166132,57.858075,0
2024-02-29,sh.600391,32.1113694000,33.3394531200,32.0711043600,33.3394531200,32.2321645200,5418420,88585091.3400,1.641300,1,3.435400,69.389261,3.444350,1.206193,59.845704,0
2024-03-01,sh.600391,33.3595856400,33.9635612400,33.3193206000,33.9031636800,33.3394531200,4265076,71467780.2400,1.291900,1,1.690800,70.562509,3.502588,1.226588,60.857588,0
2024-03-04,sh.600391,33.9031636800,34.0239588000,33.1985254800,33.7219710000,33.9031636800,3943071,65810835.6400,1.194400,1,-0.534400,70.185394,3.483869,1.220032,60.532339,0
2024-03-05,sh.600391,33.7219710000,34.7084644800,33.3595856400,34.0440913200,33.7219710000,7019317,119205481.8300,2.126200,1,0.955200,70.855821,3.517148,1.231686,61.110559,0
2024-03-06,sh.600391,33.5609108400,34.3259466000,33.4803807600,34.0239588000,34.0440913200,4120810,69299711.7800,1.248200,1,-0.059100,70.813920,3.515068,1.230958,61.074420,0
2024-03-07,sh.600391,33.9031636800,34.4266092000,33.6011758800,33.6011758800,34.0239588000,3942251,66531590.7800,1.194200,1,-1.242600,69.933983,3.471389,1.215662,60.315507,0
2024-03-08,sh.600391,33.6213084000,33.9031636800,33.2991880800,33.8025010800,33.6011758800,3032812,50655502.2400,0.918700,1,0.599200,70.353001,3.492189,1.222946,60.676894,0
2024-03-11,sh.600391,33.6213084000,34.4467417200,33.6213084000,34.4266092000,33.8025010800,4606361,78118287.2300,1.395300,1,1.846300,71.651954,3.556666,1.245525,61.797194,0
2024-03-12,sh.600391,34.3460791200,35.1715124400,34.2856815600,35.0909823600,34.4266092000,5585408,96489648.9800,1.691900,1,1.929800,73.034711,3.625304,1.269562,62.989772,0
2024-03-13,sh.600391,35.1312474000,35.9365482000,34.6883319600,35.5942953600,35.0909823600,7418970,130678798.2400,2.247300,1,1.434300,74.082255,3.677302,1.287771,63.893239,0
2024-03-14,sh.600391,35.3728376400,35.6345604000,34.5272718000,34.8695246400,35.5942953600,5232533,91121469.4800,1.585000,1,-2.036200,72.573792,3.602424,1.261550,62.592246,0
2024-03-15,sh.600391,34.8695246400,35.2520425200,34.6279344000,35.2520425200,34.8695246400,3459495,60062993.5000,1.047900,1,1.097000,73.369925,3.641943,1.275389,63.278881,0
2024-03-18,sh.600391,35.2520425200,35.7956205600,35.1312474000,35.7956205600,35.2520425200,6177021,109010770.2500,1.871100,1,1.542000,74.501272,3.698101,1.295055,64.254626,0
2024-03-19,sh.600391,35.7352230000,36.1781384400,35.4533677200,35.5942953600,35.7956205600,4977500,88469363.4600,1.507700,1,-0.562400,74.082255,3.677302,1.287771,63.893239,0
2024-03-20,sh.600391,35.5942953600,35.9164156800,35.4332352000,35.7553555200,35.5942953600,3419477,60681604.0600,1.035800,1,0.452500,74.417468,3.693941,1.293598,64.182349,0
2024-03-21,sh.600391,35.7956205600,36.5002587600,35.4936327600,36.1982709600,35.7553555200,5571691,99669048.5000,1.687700,1,1.238700,75.339306,3.739699,1.309623,64.977401,0
2024-03-22,sh.600391,36.1378734000,36.1982709600,35.4332352000,35.5338978000,36.1982709600,4371055,77559348.6400,1.324000,1,-1.835400,73.956549,3.671062,1.285586,63.784823,0
2024-03-25,sh.600391,35.2721750400,35.6345604000,34.5272718000,34.5272718000,35.5338978000,4433456,77418084.3300,1.342900,1,-2.832900,71.861463,3.567066,1.249167,61.977888,0
2024-03-26,sh.600391,34.5876693600,34.8493921200,33.9635612400,34.4870067600,34.5272718000,3849245,65859887.0900,1.166000,1,-0.116600,71.777659,3.562906,1.247710,61.905610,0
2024-03-27,sh.600391,34.2454165200,34.4668742400,33.0173328000,33.0978628800,34.4870067600,3815777,63706596.5500,1.155800,1,-4.028000,68.886440,3.419391,1.197452,59.412039,0
2024-03-28,sh.600391,33.0978628800,35.1513799200,33.0978628800,34.8091270800,33.0978628800,5663843,96838906.9500,1.715600,1,5.170300,72.448087,3.596185,1.259365,62.483830,0
2024-03-29,sh.600391,34.7889945600,35.3124400800,34.4266092000,35.2520425200,34.8091270800,4369300,75659487.0000,1.323500,1,1.272400,73.369925,3.641943,1.275389,63.278881,0
2024-04-01,sh.600391,35.0305848000,35.0909823600,34.0843563600,34.4266092000,35.2520425200,9689915,165206926.0800,2.935200,1,-2.341500,117.226512,3.538442,1.249552,19.521913,0
2024-04-02,sh.600391,34.4266092000,34.4266092000,33.4199832000,33.8830311600,34.4266092000,6240878,104985540.3200,1.890400,1,-1.578900,115.375567,3.482572,1.229822,19.213673,0
2024-04-03,sh.600391,33.8226336000,33.8628986400,33.0978628800,33.2589230400,33.8830311600,4921819,81426544.7900,1.490900,1,-1.841900,113.250408,3.418425,1.207170,18.859767,0
2024-04-08,sh.600391,33.1582604400,33.2186580000,32.2724295600,32.3529596400,33.2589230400,4719372,76606570.7600,1.429600,1,-2.724000,110.165499,3.325308,1.174287,18.346032,0
2024-04-09,sh.600391,32.3529596400,32.8965376800,32.1717669600,32.6750799600,32.3529596400,3557174,57431021.0300,1.077500,1,0.995600,111.262356,3.358416,1.185979,18.528693,0
2024-04-10,sh.600391,32.6348149200,32.6750799600,31.7288515200,32.0711043600,32.6750799600,3682500,58715671.0000,1.115500,1,-1.848400,109.205750,3.296338,1.164057,18.186204,0
2024-04-11,sh.600391,31.7691165600,32.2724295600,31.6080564000,31.8295141200,32.0711043600,2806300,44650438.0000,0.850100,1,-0.753300,108.383108,3.271507,1.155288,18.049208,0
2024-04-12,sh.600391,31.8899116800,32.1516344400,31.6281889200,31.7087190000,31.8295141200,2984000,47314629.0000,0.903900,1,-0.379500,107.971787,3.259092,1.150903,17.980710,0
2024-04-15,sh.600391,31.5677913600,32.4133572000,31.1047434000,31.8093816000,31.7087190000,6134870,96920291.6500,1.858300,1,0.317500,108.314554,3.269438,1.154557,18.037791,0
2024-04-16,sh.600391,31.6483214400,31.6483214400,29.5545393600,29.6753344800,31.8093816000,8010209,121085247.8600,2.426400,1,-6.708900,101.047882,3.050096,1.077099,16.827661,0
2024-04-17,sh.600391,29.7558645600,31.2054060000,29.7558645600,31.2054060000,29.6753344800,4984103,76037074.2900,1.509700,1,5.156000,106.257949,3.207360,1.132635,17.695302,0
2024-04-18,sh.600391,31.2054060000,31.9704417600,30.9034182000,31.4268637200,31.2054060000,4605301,71966588.6100,1.395000,1,0.709700,107.012038,3.230122,1.140673,17.820881,0
2024-04-19,sh.600391,31.2054060000,32.3932246800,31.1852734800,32.1315019200,31.4268637200,5703950,90467716.6600,1.727800,1,2.242200,109.411411,3.302546,1.166249,18.220453,0
2024-04-22,sh.600391,32.0107068000,32.8160076000,31.5275263200,32.5542848400,32.1315019200,7011050,113023108.0000,2.123700,1,1.315800,110.851035,3.346001,1.181594,18.460195,0
2024-04-23,sh.600391,32.3932246800,32.9166702000,32.1918994800,32.3529596400,32.5542848400,5420859,87598048.4200,1.642000,1,-0.618400,110.165499,3.325308,1.174287,18.346032,0
2024-04-24,sh.600391,32.3529596400,33.4602482400,32.3529596400,33.4199832000,32.3529596400,6596405,108313954.0100,1.998100,1,3.298100,113.798836,3.434979,1.213016,18.951097,0
2024-04-25,sh.600391,33.3193206000,33.4401157200,33.1381279200,33.3193206000,33.4199832000,4169300,68960987.9800,1.262900,1,-0.301200,113.456068,3.424633,1.209362,18.894016,0
2024-04-26,sh.600391,33.1179954000,34.1246214000,33.0978628800,33.7823685600,33.3193206000,5151751,86559787.2800,1.560500,1,1.389700,115.032799,3.472226,1.226169,19.156591,0
2024-04-29,sh.600391,33.6615734400,34.2856815600,33.6213084000,34.2051514800,33.7823685600,6044843,102237767.8500,1.831100,1,1.251500,116.472423,3.515680,1.241514,19.396334,0
2024-04-30,sh.600391,34.2655490400,34.3259466000,33.5005132800,33.9031636800,34.2051514800,6123263,103116007.9800,1.854800,1,-0.882900,97.831081,3.489033,1.211858,12.576884,0
2024-05-06,sh.600391,34.2051514800,34.3863441600,33.7018384800,33.7823685600,33.9031636800,5482220,92705484.2500,1.660600,1,-0.356300,97.482514,3.476602,1.207540,12.532074,0
2024-05-07,sh.600391,33.8427661200,34.6279344000,33.6213084000,34.5474043200,33.7823685600,6127756,104660875.3100,1.856200,1,2.264600,99.690104,3.555333,1.234886,12.815875,0
2024-05-08,sh.600391,34.4668742400,34.6681994400,34.0239588000,34.0642238400,34.5474043200,4773000,81229394.0000,1.445800,1,-1.398600,98.295837,3.505608,1.217615,12.636632,0
2024-05-09,sh.600391,34.2051514800,35.0708498400,33.9232962000,34.9500547200,34.0642238400,6130990,105651228.2400,1.857100,1,2.600500,100.851994,3.596771,1.249278,12.965244,0
2024-05-10,sh.600391,35.0909823600,35.4131026800,34.3863441600,34.4870067600,34.9500547200,5084090,87802956.6700,1.540000,1,-1.324900,99.515821,3.549118,1.232727,12.793470,0
2024-05-13,sh.600391,34.2856815600,34.3863441600,33.4199832000,33.9031636800,34.4870067600,4307543,72506766.6900,1.304800,1,-1.692900,97.831081,3.489033,1.211858,12.576884,0
2024-05-14,sh.600391,33.9031636800,34.2454165200,33.7018384800,33.9635612400,33.9031636800,3184684,53676688.2400,0.964700,1,0.178100,98.005365,3.495249,1.214017,12.599290,0
2024-05-15,sh.600391,33.9635612400,34.3259466000,33.5206458000,33.6615734400,33.9635612400,3125465,52706238.9000,0.946700,1,-0.889200,97.133948,3.464171,1.203222,12.487263,0
2024-05-16,sh.600391,33.7219710000,34.2655490400,33.4803807600,33.7018384800,33.6615734400,3688300,62029515.0000,1.117200,1,0.119600,97.250137,3.468315,1.204661,12.502200,0
2024-05-17,sh.600391,33.7219710000,34.2856815600,33.6414409200,34.2051514800,33.7018384800,3577364,60469309.0200,1.083600,1,1.493400,98.702498,3.520111,1.222652,12.688911,0
2024-05-20,sh.600391,34.1850189600,34.9903197600,34.1246214000,34.7285970000,34.2051514800,5225854,89901507.6000,1.583000,1,1.530300,100.212954,3.573980,1.241362,12.883091,0
2024-05-21,sh.600391,34.6078018800,34.6078018800,33.9434287200,34.1246214000,34.7285970000,4219999,71627724.8200,1.278300,1,-1.739100,98.470120,3.511824,1.219774,12.659037,0
2024-05-22,sh.600391,34.0239588000,34.2252840000,33.5810433600,33.7622360400,34.1246214000,3001492,50434039.7100,0.909200,1,-1.061900,97.424420,3.474530,1.206820,12.524605,0
2024-05-23,sh.600391,33.9232962000,34.0038262800,33.3797181600,33.4199832000,33.7622360400,4053318,67688224.8000,1.227800,1,-1.013700,96.436814,3.439308,1.194586,12.397641,0
2024-05-24,sh.600391,33.3193206000,33.4401157200,32.8562726400,32.9569352400,33.4199832000,3013500,49595998.0000,0.912800,1,-1.385500,95.100641,3.391655,1.178035,12.225867,0
2024-05-27,sh.600391,33.0173328000,33.0777303600,32.0509718400,32.8160076000,32.9569352400,3366610,54205422.9600,1.019800,1,-0.427600,94.693980,3.377152,1.172998,12.173588,0
2024-05-28,sh.600391,32.6750799600,33.2991880800,32.4938872800,32.7354775200,32.8160076000,3096005,50519573.4000,0.937800,1,-0.245400,94.461602,3.368865,1.170119,12.143714,0
2024-05-29,sh.600391,32.5140198000,32.9770677600,32.2522970400,32.4536222400,32.7354775200,2801684,45268130.8800,0.848700,1,-0.861000,93.648280,3.339858,1.160044,12.039155,0
2024-05-30,sh.600391,32.2925620800,33.2186580000,31.9301767200,32.8764051600,32.4536222400,3928087,63914477.2400,1.189900,1,1.302700,94.868263,3.383368,1.175156,12.195993,0
2024-05-31,sh.600391,33.0575978400,34.3460791200,32.9972002800,34.1044888800,32.8764051600,7033300,118104266.0000,2.130500,1,3.735500,98.412026,3.509752,1.219054,12.651569,0
2024-06-03,sh.600391,33.3797181600,33.9232962000,32.8160076000,33.0374653200,34.1044888800,5408598,89726482.5700,1.638300,1,-3.128700,95.333019,3.399943,1.180914,12.255741,0
2024-06-04,sh.600391,32.7757425600,33.0575978400,32.2724295600,32.7354775200,33.0374653200,3845688,62207400.8400,1.164900,1,-0.914100,94.461602,3.368865,1.170119,12.143714,0
2024-06-05,sh.600391,32.7354775200,33.9232962000,32.5140198000,32.9770677600,32.7354775200,6031749,99987589.0700,1.827100,1,0.738000,95.158736,3.393727,1.178755,12.233335,0
2024-06-06,sh.600391,32.9569352400,33.1179954000,31.3060686000,31.4872612800,32.9770677600,8660077,137100249.7300,2.623200,1,-4.517700,90.859745,3.240409,1.125502,11.680669,0
2024-06-07,sh.600391,31.7489840400,32.1717669600,31.4067312000,31.7087190000,31.4872612800,4279884,67524844.4000,1.296400,1,0.703300,91.498784,3.263199,1.133418,11.762822,0
2024-06-11,sh.600391,31.6281889200,32.5542848400,31.2456710400,32.4536222400,31.7087190000,3778184,59891045.4000,1.144500,1,2.349200,93.648280,3.339858,1.160044,12.039155,0
2024-06-12,sh.600391,32.5341523200,32.9569352400,32.2120320000,32.6146824000,32.4536222400,4701300,76173225.0000,1.424100,1,0.496300,94.113035,3.356433,1.165801,12.098903,0
2024-06-13,sh.600391,32.5140198000,33.0575978400,32.3529596400,32.8160076000,32.6146824000,3561500,57848710.0000,1.078800,1,0.617300,94.693980,3.377152,1.172998,12.173588,0
2024-06-14,sh.600391,32.7757425600,32.7757425600,32.0107068000,32.5341523200,32.8160076000,4578296,73438009.2400,1.386800,1,-0.858900,93.880658,3.348146,1.162923,12.069029,0
2024-06-17,sh.600391,32.7757425600,32.9972002800,32.4133572000,32.6750799600,32.5341523200,2893900,47111049.0000,0.876600,1,0.433200,94.287319,3.362649,1.167960,12.121308,0
2024-06-18,sh.600391,32.5744173600,33.0777303600,32.5140198000,32.8965376800,32.6750799600,2376700,38753081.0200,0.719900,1,0.677800,94.926358,3.385440,1.175876,12.203461,0
2024-06-19,sh.600391,33.0374653200,33.1582604400,32.2724295600,32.2724295600,32.8965376800,2911404,47214580.2600,0.881900,1,-1.897200,93.125430,3.321212,1.153568,11.971939,0
2024-06-20,sh.600391,32.0509718400,32.3126946000,31.1651409600,31.2054060000,32.2724295600,3910367,61346587.1900,1.184500,1,-3.306300,90.046423,3.211402,1.115427,11.576111,0
2024-06-21,sh.600391,31.4671287600,31.5073938000,30.8430206400,31.0242133200,31.2054060000,2329700,36005460.0000,0.705700,1,-0.580600,89.523573,3.192755,1.108950,11.508895,0
2024-06-24,sh.600391,30.9436832400,31.1450084400,29.7759970800,29.8565271600,31.0242133200,3945700,59247035.0000,1.195200,1,-3.763800,86.154094,3.072587,1.067212,11.075724,0
2024-06-25,sh.600391,29.8565271600,30.3397076400,29.5545393600,29.8967922000,29.8565271600,3526310,52435174.8000,1.068200,1,0.134900,86.270282,3.076731,1.068651,11.090661,0
2024-06-26,sh.600391,29.6753344800,30.6014304000,29.3330816400,30.5611653600,29.8967922000,3303900,49268478.0000,1.000800,1,2.222200,88.187400,3.145102,1.092399,11.337120,0
2024-06-27,sh.600391,30.5007678000,30.5209003200,29.7155995200,29.7155995200,30.5611653600,2511900,37455496.0000,0.760900,1,-2.766800,85.747432,3.058084,1.062175,11.023445,0
2024-06-28,sh.600391,29.7558645600,31.0242133200,29.5948044000,30.7020930000,29.7155995200,5631267,85767296.4100,1.705800,1,3.319800,88.594061,3.159606,1.097436,11.389399,0
2024-07-01,sh.600391,30.6014304000,31.0443458400,30.1786474800,30.8832856800,30.7020930000,3121000,47443667.0000,0.945400,1,0.590200,89.116911,3.178252,1.103913,11.456616,0
2024-07-02,sh.600391,30.7222255200,31.0644783600,30.4403702400,30.5209003200,30.8832856800,2321928,35390927.1600,0.703300,1,-1.173400,88.071211,3.140959,1.090960,11.322183,0
2024-07-03,sh.600391,30.5812978800,30.8631531600,29.8565271600,30.0779848800,30.5209003200,2231700,33417487.0000,0.676000,1,-1.451200,86.793133,3.095377,1.075128,11.157877,0
2024-07-04,sh.600391,30.1383824400,30.4001052000,29.3532141600,29.4337442400,30.0779848800,2810600,41585719.0000,0.851400,1,-2.141900,84.934110,3.029078,1.052100,10.918887,0
2024-07-05,sh.600391,29.2726840800,29.6350694400,28.9505637600,29.4941418000,29.4337442400,2297425,33385564.5000,0.695900,1,0.205200,85.108393,3.035293,1.054259,10.941292,0
2024-07-08,sh.600391,29.4941418000,29.5344068400,28.4673832800,28.5881784000,29.4941418000,3025195,43305045.9700,0.916400,1,-3.071700,82.494142,2.942059,1.021875,10.605211,0
2024-07-09,sh.600391,28.4673832800,28.9304312400,27.9238052400,28.8700336800,28.5881784000,3458204,49010277.8900,1.047500,1,0.985900,83.307465,2.971065,1.031950,10.709770,0
2024-07-10,sh.600391,28.8297686400,29.0914914000,28.5479133600,28.6083109200,28.8700336800,2267600,32425905.0000,0.686900,1,-0.906600,82.552237,2.944131,1.022595,10.612680,0
2024-07-11,sh.600391,29.1317564400,29.6552019600,28.9908288000,29.4941418000,28.6083109200,2830834,41259037.6400,0.857500,1,3.096400,85.108393,3.035293,1.054259,10.941292,0
2024-07-12,sh.600391,29.5545393600,29.5545393600,29.1518889600,29.2726840800,29.4941418000,1901842,27714827.4500,0.576100,1,-0.750900,84.469354,3.012503,1.046343,10.859139,0
2024-07-15,sh.600391,29.2928166000,29.5142743200,28.6485759600,28.8297686400,29.2726840800,2521627,36272702.7900,0.763800,1,-1.513100,83.191276,2.966921,1.030511,10.694833,0
2024-07-16,sh.600391,28.6485759600,28.9908288000,28.5479133600,28.8901662000,28.8297686400,2251200,32195111.0000,0.681900,1,0.209500,83.365559,2.973137,1.032670,10.717238,0
2024-07-17,sh.600391,28.8901662000,28.9304312400,28.6284434400,28.6687084800,28.8901662000,2049800,29250041.0000,0.620900,1,-0.766600,82.726520,2.950346,1.024754,10.635085,0
2024-07-18,sh.600391,28.5076483200,29.3532141600,28.0446003600,29.1317564400,28.6687084800,3930025,56076948.2500,1.190400,1,1.615200,84.062693,2.997999,1.041305,10.806860,0
2024-07-19,sh.600391,28.9706962800,29.8766596800,28.8499011600,29.7961296000,29.1317564400,3904425,57304901.5000,1.182700,1,2.280600,85.979810,3.066371,1.065053,11.053319,0
2024-07-22,sh.600391,29.7759970800,30.1182499200,29.5545393600,29.7558645600,29.7961296000,3256200,48290880.0000,0.986300,1,-0.135100,85.863621,3.062228,1.063614,11.038382,0
2024-07-23,sh.600391,29.7961296000,29.8162621200,28.8096361200,28.8297686400,29.7558645600,2535200,36839032.0000,0.767900,1,-3.112300,83.191276,2.966921,1.030511,10.694833,0
2024-07-24,sh.600391,28.7895036000,29.5746718800,28.6284434400,28.8700336800,28.8297686400,3210700,46242386.0000,0.972600,1,0.139700,83.307465,2.971065,1.031950,10.709770,0
2024-07-25,sh.600391,28.5881784000,29.7357320400,28.5881784000,29.4337442400,28.8700336800,4381544,63753820.4700,1.327200,1,1.952600,84.934110,3.029078,1.052100,10.918887,0
2024-07-26,sh.600391,29.3934792000,30.8430206400,29.3934792000,30.7423580400,29.4337442400,7038903,106048093.4300,2.132200,1,4.446000,88.710250,3.163749,1.098876,11.404336,0
2024-07-29,sh.600391,30.8228881200,31.6080564000,30.7624905600,31.2054060000,30.7423580400,6487200,100726255.5000,1.965000,1,1.506200,90.046423,3.211402,1.115427,11.576111,0
2024-07-30,sh.600391,31.2456710400,31.5879238800,30.8430206400,31.4469962400,31.2054060000,5625400,87438715.0000,1.704000,1,0.774200,90.743556,3.236265,1.124063,11.665732,0
2024-07-31,sh.600391,31.3865986800,32.0711043600,31.2054060000,31.9704417600,31.4469962400,5950678,93585388.5700,1.802500,1,1.664500,92.254013,3.290134,1.142773,11.859912,0
2024-08-01,sh.600391,32.0107068000,33.3998506800,31.7489840400,32.6549474400,31.9704417600,8665813,141049931.7200,2.625000,1,2.141100,94.229224,3.360577,1.167241,12.113840,0
2024-08-02,sh.600391,32.6549474400,33.7219710000,32.4133572000,32.6952124800,32.6549474400,9340200,153320594.0000,2.829300,1,0.123300,94.345413,3.364721,1.168680,12.128777,0
2024-08-05,sh.600391,32.6952124800,33.5810433600,31.8496466400,31.8697791600,32.6952124800,8177397,132185940.3300,2.477000,1,-2.524600,91.963540,3.279774,1.139175,11.822570,0
2024-08-06,sh.600391,32.1918994800,33.9635612400,31.9100442000,33.0374653200,31.8697791600,11833584,194454443.2400,3.584500,1,3.663900,95.333019,3.399943,1.180914,12.255741,0
2024-08-07,sh.600391,32.9166702000,34.9500547200,32.6750799600,34.4668742400,33.0374653200,18422715,312645699.2600,5.580500,1,4.326600,99.457726,3.547046,1.232007,12.786001,0
2024-08-08,sh.600391,33.6817059600,33.7823685600,32.2120320000,32.4536222400,34.4668742400,15321517,249507794.1000,4.641100,1,-5.841100,93.648280,3.339858,1.160044,12.039155,0
2024-08-09,sh.600391,32.2724295600,32.6549474400,31.6080564000,31.7087190000,32.4536222400,7184391,114351200.9900,2.176200,1,-2.295300,91.498784,3.263199,1.133418,11.762822,0
2024-08-12,sh.600391,31.6885864800,31.6885864800,30.9638157600,31.1651409600,31.7087190000,4679600,72593240.8700,1.417500,1,-1.714300,89.930234,3.207259,1.113988,11.561174,0
2024-08-13,sh.600391,31.2054060000,31.5476588400,30.9638157600,31.4872612800,31.1651409600,3015700,46892523.0000,0.913500,1,1.033600,90.859745,3.240409,1.125502,11.680669,0
2024-08-14,sh.600391,31.2456710400,31.4671287600,30.9638157600,31.0242133200,31.4872612800,2867409,44406496.4400,0.868600,1,-1.470600,89.523573,3.192755,1.108950,11.508895,0
2024-08-15,sh.600391,30.9638157600,31.5275263200,30.7222255200,31.0443458400,31.0242133200,3999600,61828118.0000,1.211500,1,0.064900,89.581667,3.194827,1.109670,11.516363,0
2024-08-16,sh.600391,31.1651409600,31.3262011200,30.4001052000,30.4403702400,31.0443458400,4240300,64649716.0000,1.284400,1,-1.945500,87.838833,3.132671,1.088081,11.292309,0
2024-08-19,sh.600391,30.2390450400,30.6618279600,30.0578523600,30.3195751200,30.4403702400,3275800,49434770.0000,0.992300,1,-0.396800,87.490266,3.120240,1.083763,11.247499,0
2024-08-20,sh.600391,30.2390450400,30.3195751200,29.5344068400,29.7558645600,30.3195751200,3517800,52055175.0000,1.065600,1,-1.859200,85.863621,3.062228,1.063614,11.038382,0
2024-08-21,sh.600391,29.4136117200,29.8565271600,29.4136117200,29.4538767600,29.7558645600,2299913,33771702.8400,0.696700,1,-1.014900,84.992204,3.031149,1.052819,10.926355,0
2024-08-22,sh.600391,29.5746718800,30.0779848800,29.1921540000,29.3330816400,29.4538767600,3155900,46227962.0000,0.956000,1,-0.410100,84.643637,3.018718,1.048502,10.881544,0
2024-08-23,sh.600391,29.3129491200,29.6552019600,28.7895036000,29.0109613200,29.3330816400,3074200,44395330.0000,0.931200,1,-1.098100,83.714126,2.985568,1.036987,10.762049,0
2024-08-26,sh.600391,29.1921540000,29.2324190400,28.7895036000,29.1518889600,29.0109613200,2351000,33915255.0000,0.712100,1,0.485800,84.120787,3.000071,1.042025,10.814328,0
2024-08-27,sh.600391,29.0713588800,29.1116239200,28.4875158000,28.5277808400,29.1518889600,2560600,36468791.0000,0.775600,1,-2.140900,82.319859,2.935843,1.019716,10.582806,0
2024-08-28,sh.600391,28.7291060400,28.8901662000,28.3868532000,28.6687084800,28.5277808400,2204430,31414508.1000,0.667700,1,0.494000,82.726520,2.950346,1.024754,10.635085,0
2024-08-29,sh.600391,28.6485759600,29.3129491200,28.4875158000,28.9908288000,28.6687084800,3602527,52010146.6300,1.091200,1,1.123600,83.656031,2.983496,1.036268,10.754580,0
2024-08-30,sh.600391,29.1921540000,30.0175873200,28.9304312400,29.6350694400,28.9908288000,5204167,76350347.2000,1.576400,1,2.222200,95.107737,3.018388,1.049180,37.954870,0
2024-09-02,sh.600391,29.6552019600,29.9571897600,29.0512263600,29.0713588800,29.6350694400,3803200,55591390.0000,1.152000,1,-1.902200,93.298623,2.960973,1.029223,37.232902,0
2024-09-03,sh.600391,29.1921540000,29.7558645600,29.1921540000,29.7558645600,29.0713588800,3498912,51347023.0800,1.059900,1,2.354600,95.495405,3.030691,1.053457,38.109577,0
2024-09-04,sh.600391,29.3733466800,29.6753344800,29.1921540000,29.4136117200,29.7558645600,3168547,46329189.3900,0.959800,1,-1.150200,94.397014,2.995832,1.041340,37.671240,0
2024-09-05,sh.600391,29.2122865200,29.7759970800,29.2122865200,29.5948044000,29.4136117200,2521013,37043212.9700,0.763600,1,0.616000,94.978515,3.014287,1.047755,37.903301,0
2024-09-06,sh.600391,29.6954670000,29.7357320400,29.0914914000,29.1518889600,29.5948044000,2418937,35179330.8800,0.732700,1,-1.496600,93.557068,2.969175,1.032074,37.336040,0
2024-09-09,sh.600391,29.1116239200,29.4941418000,28.9505637600,29.2928166000,29.1518889600,2447609,35603537.1100,0.741400,1,0.483400,94.009346,2.983529,1.037064,37.516532,0
2024-09-10,sh.600391,29.3330816400,29.5746718800,28.8297686400,29.3532141600,29.2928166000,2760000,40038821.0000,0.836000,1,0.206200,94.203180,2.989680,1.039202,37.593886,0
2024-09-11,sh.600391,29.4538767600,29.4740092800,29.2122865200,29.4136117200,29.3532141600,2298900,33511747.0000,0.696400,1,0.205800,94.397014,2.995832,1.041340,37.671240,0
2024-09-12,sh.600391,29.4136117200,29.8766596800,29.3532141600,29.3733466800,29.4136117200,2140526,31444990.1600,0.648400,1,-0.136900,94.267791,2.991731,1.039915,37.619670,0
2024-09-13,sh.600391,29.5344068400,29.5344068400,29.1921540000,29.2525515600,29.3733466800,1847026,26887037.7800,0.559500,1,-0.411200,93.880124,2.979428,1.035638,37.464963,0
2024-09-18,sh.600391,29.2525515600,29.6753344800,29.0512263600,29.6149369200,29.2525515600,2851994,41549991.6300,0.863900,1,1.238800,95.043126,3.016337,1.048468,37.929085,0
2024-09-19,sh.600391,29.7558645600,30.3195751200,29.3330816400,30.2793100800,29.6149369200,4635541,68970001.7300,1.404200,1,2.243400,97.175297,3.084005,1.071989,38.779976,0
2024-09-20,sh.600391,30.1786474800,30.5007678000,29.8565271600,30.1585149600,30.2793100800,2676900,40066010.0000,0.810900,1,-0.398900,96.787630,3.071702,1.067712,38.625268,0
2024-09-23,sh.600391,30.0981174000,30.8832856800,29.9773222800,30.7222255200,30.1585149600,3622812,55057800.1200,1.097400,1,1.869200,98.596744,3.129117,1.087669,39.347236,0
2024-09-24,sh.600391,30.8430206400,31.4067312000,30.5812978800,31.3463336400,30.7222255200,5277313,81447090.2400,1.598600,1,2.031500,100.599692,3.192683,1.109765,40.146557,0
2024-09-25,sh.600391,31.4872612800,31.9301767200,31.1047434000,31.4469962400,31.3463336400,6554803,102790672.8000,1.985500,1,0.321100,100.922749,3.202936,1.113329,40.275480,0
2024-09-26,sh.600391,31.4469962400,32.1516344400,31.2255385200,32.1516344400,31.4469962400,5784549,91172977.1700,1.752200,1,2.240700,103.184142,3.274705,1.138275,41.177940,0
2024-09-27,sh.600391,32.7153450000,33.5206458000,32.6750799600,33.5206458000,32.1516344400,6252464,102768299.4600,1.893900,1,4.258000,107.577706,3.414141,1.186743,42.931289,0
2024-09-30,sh.600391,35.1916449600,36.6210538800,34.3863441600,36.4398612000,33.5206458000,16140104,285888872.7300,4.889000,1,8.708700,116.946335,3.711469,1.290093,46.670050,0
2024-10-08,sh.600391,40.0838473200,40.0838473200,36.6411864000,39.0369562800,36.4398612000,20786869,400069062.5600,6.296600,1,7.127100,125.281184,3.975988,1.382039,49.996258,0
2024-10-09,sh.600391,38.5739083200,38.6141733600,36.5002587600,36.5002587600,39.0369562800,15339369,287619891.3700,4.646500,1,-6.498200,117.140168,3.717620,1.292231,46.747404,0
2024-10-10,sh.600391,36.5405238000,38.2316554800,36.4801262400,36.8626441200,36.5002587600,11966634,222156997.5000,3.624800,1,0.992800,118.303171,3.754530,1.305061,47.211526,0
2024-10-11,sh.600391,36.8626441200,36.8626441200,34.2252840000,34.7285970000,36.8626441200,9321850,163241957.3500,2.823700,1,-5.789200,111.454380,3.537173,1.229508,44.478363,0
2024-10-14,sh.600391,35.1916449600,37.1243668800,35.0305848000,37.0841018400,34.7285970000,13349342,240094021.1900,4.043700,1,6.782600,119.013894,3.777086,1.312901,47.495156,0
2024-10-15,sh.600391,36.7821140400,38.9765587200,36.0573433200,37.2854270400,37.0841018400,15784544,295184167.4000,4.781300,1,0.542900,119.660007,3.797591,1.320029,47.753002,0
2024-10-16,sh.600391,36.9431742000,38.6544384000,36.8022465600,37.8692701200,37.2854270400,13946657,262100662.9100,4.224600,1,1.565900,121.533732,3.857057,1.340699,48.500754,0
2024-10-17,sh.600391,37.8692701200,38.0907278400,37.0237042800,37.1444994000,37.8692701200,10367507,193632982.4800,3.140400,1,-1.913900,119.207728,3.783237,1.315039,47.572510,0
2024-10-18,sh.600391,36.7619815200,38.2316554800,36.5606563200,37.6880774400,37.1444994000,13315115,248242543.1900,4.033300,1,1.463400,120.952231,3.838602,1.334284,48.268693,0
2024-10-21,sh.600391,38.1712579200,39.2181489600,37.9498002000,38.7349684800,37.6880774400,14601424,281788087.2000,4.422900,1,2.777800,124.312016,3.945230,1.371347,49.609490,0
2024-10-22,sh.600391,38.7551010000,38.8960286400,37.3860896400,37.6478124000,38.7349684800,11529029,216445423.9000,3.492300,1,-2.806700,120.823009,3.834501,1.332858,48.217124,0
2024-10-23,sh.600391,37.6478124000,41.4125936400,37.6478124000,41.4125936400,37.6478124000,21592064,433231978.8400,6.540500,1,10.000000,132.905310,4.217951,1.466144,53.038836,0
2024-10-24,sh.600391,43.1037253200,43.1842554000,39.5805343200,40.0838473200,41.4125936400,35912423,730833706.0100,10.878300,1,-3.208600,128.640968,4.082616,1.419102,51.337055,0
2024-10-25,sh.600391,39.6610644000,41.2515334800,39.6610644000,40.8287505600,40.0838473200,22676256,457096443.1100,6.868900,1,1.858400,131.031584,4.158485,1.445474,52.291084,0
2024-10-28,sh.600391,40.8690156000,42.1373643600,40.5670278000,41.6541838800,40.8287505600,21019068,431140613.5800,6.366900,1,2.021700,133.680645,4.242557,1.474697,53.348251,0
2024-10-29,sh.600391,41.4729912000,41.8756416000,40.2851725200,40.3657026000,41.6541838800,16045677,325789368.4000,4.860400,1,-3.093300,129.545526,4.111323,1.429081,51.698039,0
2024-10-30,sh.600391,40.2650400000,40.8488830800,39.9227871600,40.2449074800,40.3657026000,11757197,235722077.7700,3.561400,1,-0.299300,129.157858,4.099020,1.424804,51.543332,0
2024-10-31,sh.600391,40.2650400000,41.9763042000,40.1643774000,41.6340513600,40.2449074800,18655173,383287162.8700,5.650900,1,3.451700,99.941034,4.150683,1.665633,-174.081066,0
2024-11-01,sh.600391,41.1710034000,42.0970993200,39.6006668400,39.6006668400,41.6340513600,15236962,304701003.5800,4.615500,1,-4.883900,95.059968,3.947966,1.584284,-165.579041,0
2024-11-04,sh.600391,39.6207993600,40.6676904000,39.6207993600,40.4462326800,39.6006668400,9183664,183791798.5300,2.781800,1,2.135200,97.089718,4.032264,1.618112,-169.114536,0
2024-11-05,sh.600391,40.5267627600,43.2849180000,40.5267627600,42.9225326400,40.4462326800,23352500,491070955.5800,7.073700,1,6.122400,103.033987,4.279137,1.717180,-179.468488,0
2024-11-06,sh.600391,43.6070383200,44.4526041600,42.3386895600,42.8017375200,42.9225326400,24130408,518402659.8700,7.309400,1,-0.281400,102.744022,4.267095,1.712348,-178.963417,0
2024-11-07,sh.600391,42.0769668000,42.4796172000,41.0502082800,41.8756416000,42.8017375200,17174379,355858921.8500,5.202300,1,-2.163700,100.520963,4.174768,1.675298,-175.091207,0
2024-11-08,sh.600391,42.0568342800,43.0030627200,41.7749790000,42.6809424000,41.8756416000,18429136,388635734.7300,5.582400,1,1.923100,102.454058,4.255052,1.707515,-178.458346,0
2024-11-11,sh.600391,43.1238578400,43.2849180000,42.1172318400,43.0433277600,42.6809424000,15180662,322509100.5000,4.598400,1,0.849100,103.323951,4.291180,1.722013,-179.973558,0
2024-11-12,sh.600391,43.2043879200,43.2446529600,41.4729912000,41.8152440400,43.0433277600,12997240,273124806.8400,3.937000,1,-2.853100,100.375981,4.168747,1.672882,-174.838672,0
2024-11-13,sh.600391,42.0367017600,42.3789546000,41.0099432400,41.6139188400,41.8152440400,8661142,178528418.5900,2.623600,1,-0.481500,99.892707,4.148676,1.664827,-173.996887,0
2024-11-14,sh.600391,42.0367017600,42.0367017600,40.0838473200,40.2650400000,41.6139188400,8338200,168998815.0000,2.525700,1,-3.241400,96.654772,4.014200,1.610863,-168.356930,0
2024-11-15,sh.600391,40.0838473200,40.4663652000,38.3524506000,38.4933782400,40.2650400000,11980800,232926446.0000,3.629100,1,-4.400000,92.401962,3.837575,1.539985,-160.949225,0
2024-11-18,sh.600391,38.4128481600,39.3590766000,37.4464872000,37.9498002000,38.4933782400,10332875,196474930.8900,3.129900,1,-1.412100,91.097122,3.783384,1.518239,-158.676407,0
2024-11-19,sh.600391,38.0303302800,38.9362936800,37.8290050800,38.5537758000,37.9498002000,6369347,121390643.7400,1.929300,1,1.591500,92.546944,3.843597,1.542402,-161.201761,0
2024-11-20,sh.600391,38.5739083200,39.0369562800,38.3121855600,38.9765587200,38.5537758000,5919427,113893957.7600,1.793100,1,1.096600,93.561819,3.885746,1.559316,-162.969509,0
2024-11-21,sh.600391,38.9765587200,39.2584140000,38.4531132000,38.9161611600,38.9765587200,5114370,98824643.2900,1.549200,1,-0.155000,93.416837,3.879724,1.556899,-162.716973,0
2024-11-22,sh.600391,38.7349684800,38.8356310800,37.2451620000,37.2652945200,38.9161611600,8257161,155948424.5600,2.501200,1,-4.242100,89.453991,3.715142,1.490854,-155.814339,0
2024-11-25,sh.600391,37.0035717600,37.3860896400,36.5203912800,37.2451620000,37.2652945200,5487060,100774102.5300,1.662100,1,-0.054000,89.405664,3.713135,1.490049,-155.730161,0
2024-11-26,sh.600391,37.2451620000,37.7082099600,37.0841018400,37.3256920800,37.2451620000,4119002,76535610.5500,1.247700,1,0.216200,89.598973,3.721164,1.493270,-156.066874,0
2024-11-27,sh.600391,37.1847644400,38.0504628000,36.3995961600,38.0303302800,37.3256920800,6016616,111559462.9400,1.822500,1,1.887800,91.290432,3.791412,1.521460,-159.013121,0
2024-11-28,sh.600391,37.9900652400,38.5739083200,37.6075473600,37.6478124000,38.0303302800,5215134,98423636.4400,1.579700,1,-1.005800,90.372212,3.753277,1.506157,-157.413730,0
2024-11-29,sh.600391,37.6276798800,38.3524506000,37.3659571200,38.1108603600,37.6478124000,5228813,98511848.4200,1.583900,1,1.229900,91.483742,3.799440,1.524682,-159.349835,0
2024-12-02,sh.600391,38.1712579200,38.5336432800,37.8894026400,38.3121855600,38.1108603600,5828397,110666637.4800,1.765500,1,0.528300,91.967015,3.819511,1.532736,-160.191619,0
2024-12-03,sh.600391,38.4531132000,38.4732457200,37.7283424800,38.1108603600,38.3121855600,4818300,91031511.0000,1.459500,1,-0.525500,91.483742,3.799440,1.524682,-159.349835,0
2024-12-04,sh.600391,37.9900652400,38.2115229600,37.4464872000,37.5874148400,38.1108603600,4252900,79891450.0000,1.288300,1,-1.373500,90.227229,3.747256,1.503741,-157.161194,0
2024-12-05,sh.600391,37.4867522400,38.2920530400,37.3860896400,38.0101977600,37.5874148400,3871700,72753103.0000,1.172800,1,1.124800,91.242105,3.789405,1.520655,-158.928942,0
2024-12-06,sh.600391,38.1309928800,38.3927156400,37.6075473600,38.2316554800,38.0101977600,4681241,88479802.1800,1.418000,1,0.582600,91.773706,3.811483,1.529515,-159.854905,0
2024-12-09,sh.600391,38.2719205200,38.3524506000,37.2652945200,37.7283424800,38.2316554800,4432700,83172139.0000,1.342700,1,-1.316500,90.565521,3.761306,1.509379,-157.750444,0
2024-12-10,sh.600391,38.6544384000,39.0570888000,38.1712579200,38.2115229600,37.7283424800,6904902,131915124.3400,2.091600,1,1.280700,91.725378,3.809476,1.528709,-159.770727,0
2024-12-11,sh.600391,38.1511254000,38.4531132000,38.0705953200,38.2920530400,38.2115229600,4622825,87853427.0000,1.400300,1,0.210700,91.918688,3.817504,1.531931,-160.107441,0
2024-12-12,sh.600391,38.3725831200,38.9564262000,38.2517880000,38.7349684800,38.2920530400,7361800,141591325.0000,2.230000,1,1.156700,92.981890,3.861661,1.549651,-161.959367,0
2024-12-13,sh.600391,38.5940408400,38.5940408400,37.4867522400,37.4867522400,38.7349684800,8730413,164224450.3900,2.644500,1,-3.222500,89.985593,3.737220,1.499714,-156.740302,0
2024-12-16,sh.600391,37.4867522400,37.6880774400,37.0438368000,37.1444994000,37.4867522400,4997175,92676348.0800,1.513700,1,-0.913000,89.164027,3.703100,1.486021,-155.309268,0
2024-12-17,sh.600391,37.2451620000,37.3860896400,36.3794636400,36.5002587600,37.1444994000,6645139,121539461.9200,2.012900,1,-1.734400,87.617551,3.638872,1.460248,-152.615557,0
2024-12-18,sh.600391,36.6210538800,37.1646319200,36.3995961600,37.0438368000,36.5002587600,4651917,85331184.4800,1.409100,1,1.489200,88.922390,3.693064,1.481994,-154.888376,0
2024-12-19,sh.600391,36.7015839600,37.1444994000,36.4398612000,37.0035717600,37.0438368000,3578185,65480412.4900,1.083900,1,-0.108700,88.825735,3.689050,1.480383,-154.720019,0
2024-12-20,sh.600391,37.0035717600,37.4867522400,36.8022465600,37.3458246000,37.0035717600,3731096,69072673.6800,1.130200,1,0.924900,89.647301,3.723171,1.494076,-156.151053,0
2024-12-23,sh.600391,37.1042343600,37.3458246000,36.3995961600,36.4599937200,37.3458246000,4911000,89725163.8400,1.487600,1,-2.372000,87.520896,3.634858,1.458637,-152.447200,0
2024-12-24,sh.600391,36.4599937200,37.0035717600,36.3391986000,36.7015839600,36.4599937200,3273801,59603159.9600,0.991700,1,0.662600,88.100825,3.658943,1.468302,-153.457342,0
2024-12-25,sh.600391,36.6411864000,36.7015839600,35.9566807200,36.2385360000,36.7015839600,3776712,68022296.6200,1.144000,1,-1.261700,86.989295,3.612780,1.449777,-151.521237,0
2024-12-26,sh.600391,36.3593311200,39.8623896000,36.3593311200,39.8623896000,36.2385360000,24381741,480805552.7100,7.385500,1,10.000000,95.688224,3.974058,1.594755,-166.673361,0
2024-12-27,sh.600391,43.8486285600,43.8486285600,43.8486285600,43.8486285600,39.8623896000,7245504,157807077.1200,2.194700,1,10.000000,105.257047,4.371464,1.754230,-183.340697,0
2024-12-30,sh.600391,44.2915440000,45.8216155200,41.8756416000,42.0769668000,43.8486285600,62554607,1357324410.9700,18.948500,1,-4.040400,101.004237,4.194839,1.683352,-175.932992,0
2024-12-31,sh.600391,42.2782920000,42.8420025600,39.8623896000,39.9630522000,42.0769668000,38227828,772855524.2500,11.579700,1,-5.023900,95.929861,3.984094,1.598782,-167.094253,0
2025-01-02,sh.600391,40.0234497600,40.6676904000,37.4666197200,37.7484750000,39.9630522000,29711661,576289737.0500,9.000000,1,-5.541600,90.613849,3.763313,1.510184,-157.834622,0
2025-01-03,sh.600391,37.7484750000,38.8356310800,36.1580059200,36.1580059200,37.7484750000,23953607,445212982.0600,7.255800,1,-4.213300,86.795985,3.604752,1.446555,-151.184523,0
2025-01-06,sh.600391,35.8358856000,36.5002587600,34.9299222000,35.3728376400,36.1580059200,15541517,274628335.1000,4.707700,1,-2.171500,84.911217,3.526475,1.415143,-147.901563,0
2025-01-07,sh.600391,35.3728376400,36.4801262400,35.1916449600,36.4801262400,35.3728376400,13819710,245807189.6800,4.186100,1,3.130300,87.569223,3.636865,1.459442,-152.531379,0
2025-01-08,sh.600391,35.8358856000,36.3593311200,34.6279344000,35.7553555200,36.4801262400,13998668,247785297.1700,4.240400,1,-1.986800,85.829437,3.564610,1.430447,-149.500954,0
2025-01-09,sh.600391,35.5338978000,37.9498002000,35.4131026800,37.5270172800,35.7553555200,22004409,406264978.8700,6.665400,1,4.955000,90.082247,3.741235,1.501325,-156.908659,0
2025-01-10,sh.600391,37.0237042800,37.8894026400,36.2586685200,36.2586685200,37.5270172800,11794076,217366119.2900,3.572600,1,-3.379800,87.037622,3.614787,1.450582,-151.605416,0
2025-01-13,sh.600391,35.6546929200,36.5203912800,35.0909823600,35.5942953600,36.2586685200,10601233,188413945.8400,3.211200,1,-1.832300,85.442818,3.548553,1.424003,-148.827526,0
2025-01-14,sh.600391,35.7553555200,37.2250294800,35.7352230000,37.0841018400,35.5942953600,11988194,218801828.4000,3.631400,1,4.185500,89.019045,3.697078,1.483605,-155.056733,0
2025-01-15,sh.600391,37.0841018400,37.2250294800,36.2385360000,36.3593311200,37.0841018400,8928960,162587330.6000,2.704700,1,-1.954400,87.279259,3.624823,1.454610,-152.026308,0
2025-01-16,sh.600391,36.6009213600,37.2451620000,35.8761506400,36.1781384400,36.3593311200,9704659,175562969.6400,2.939700,1,-0.498300,86.844312,3.606759,1.447361,-151.268702,0
2025-01-17,sh.600391,36.1781384400,37.5068847600,35.8358856000,36.8626441200,36.1781384400,12131895,221810809.1600,3.674900,1,1.892000,88.487444,3.675000,1.474745,-154.130770,0
2025-01-20,sh.600391,36.9029091600,37.2854270400,36.5606563200,37.1646319200,36.8626441200,7748900,142722524.0000,2.347200,1,0.819200,89.212354,3.705107,1.486827,-155.393447,0
2025-01-21,sh.600391,37.2451620000,37.4464872000,36.3995961600,36.7619815200,37.1646319200,6260900,114277219.0000,1.896500,1,-1.083400,88.245807,3.664965,1.470718,-153.709877,0
2025-01-22,sh.600391,36.6411864000,36.7217164800,35.9969457600,36.4197286800,36.7619815200,5556177,100265009.8500,1.683000,1,-0.931000,87.424241,3.630844,1.457026,-152.278843,0
2025-01-23,sh.600391,36.6210538800,37.0639693200,35.8560181200,35.8560181200,36.4197286800,8337400,151261202.0000,2.525500,1,-1.547800,86.071074,3.574645,1.434474,-149.921846,0
2025-01-24,sh.600391,35.8358856000,36.2385360000,35.5540303200,36.1982709600,35.8560181200,6384593,114047121.6300,1.934000,1,0.954500,86.892640,3.608766,1.448166,-151.352880,0
2025-01-27,sh.600391,36.3794636400,36.6411864000,35.7956205600,35.8358856000,36.1982709600,5447600,97658097.0000,1.650100,1,-1.001100,86.022747,3.572638,1.433668,-149.837668,0
2025-02-05,sh.600391,35.8962831600,36.3995961600,35.6345604000,36.1781384400,35.8358856000,5745552,103031456.2000,1.740400,1,0.955100,86.844312,3.606759,1.447361,-151.268702,0
2025-02-06,sh.600391,36.1177408800,37.3055595600,35.9365482000,37.2652945200,36.1781384400,9654494,177129724.9100,2.924500,1,3.005000,89.453991,3.715142,1.490854,-155.814339,0
2025-02-07,sh.600391,37.2652945200,37.7686075200,36.8425116000,37.3860896400,37.2652945200,10432348,193913885.0800,3.160100,1,0.324100,89.743956,3.727185,1.495687,-156.319410,0
2025-02-10,sh.600391,37.6880774400,37.9900652400,37.3860896400,37.9095351600,37.3860896400,8591118,161073068.2900,2.602300,1,1.400100,91.000468,3.779369,1.516628,-158.508050,0
2025-02-11,sh.600391,37.7484750000,38.0303302800,37.2652945200,37.6880774400,37.9095351600,6303673,117898310.6400,1.909500,1,-0.584200,90.468866,3.757291,1.507768,-157.582087,0
2025-02-12,sh.600391,37.6880774400,38.2920530400,37.5874148400,38.1511254000,37.6880774400,7385182,139418279.5200,2.237100,1,1.228600,91.580396,3.803455,1.526293,-159.518191,0
2025-02-13,sh.600391,38.2517880000,39.3590766000,38.2316554800,38.6544384000,38.1511254000,12874384,248832949.9500,3.899800,1,1.319300,92.788581,3.853632,1.546429,-161.622653,0
2025-02-14,sh.600391,38.4531132000,38.5940408400,37.7484750000,38.0907278400,38.6544384000,8114500,153421772.0000,2.458000,1,-1.458300,91.435414,3.797433,1.523877,-159.265656,0
2025-02-17,sh.600391,37.9095351600,38.3121855600,37.6679449200,38.0705953200,38.0907278400,7371300,139023255.0000,2.232900,1,-0.052900,91.387087,3.795426,1.523071,-159.181478,0
2025-02-18,sh.600391,37.8088725600,38.3323180800,36.8223790800,37.1444994000,38.0705953200,8245621,153801014.9500,2.497700,1,-2.432600,89.164027,3.703100,1.486021,-155.309268,0
2025-02-19,sh.600391,37.0035717600,37.4464872000,36.8425116000,37.4464872000,37.1444994000,5955584,110124578.6000,1.804000,1,0.813000,89.888938,3.733206,1.498103,-156.571945,0
2025-02-20,sh.600391,37.4464872000,39.9429196800,37.0438368000,39.4798717200,37.4464872000,19294189,372338238.1100,5.844400,1,5.430100,94.770004,3.935923,1.579452,-165.073970,0
2025-02-21,sh.600391,39.0973538400,39.4194741600,38.7551010000,39.1577514000,39.4798717200,10943958,212241957.7800,3.315100,1,-0.815900,93.996766,3.903810,1.566565,-163.727115,0
2025-02-24,sh.600391,39.4798717200,39.9630522000,39.1577514000,39.4597392000,39.1577514000,10858350,213422441.3400,3.289100,1,0.771200,94.721676,3.933916,1.578646,-164.989792,0
2025-02-25,sh.600391,39.0570888000,39.5604018000,38.8557636000,39.0369562800,39.4597392000,6596601,128367950.3600,1.998200,1,-1.071400,93.706801,3.891767,1.561732,-163.222044,0
2025-02-26,sh.600391,38.8356310800,39.8623896000,38.8356310800,39.3389440800,39.0369562800,7838302,153495734.3300,2.374300,1,0.773600,94.431712,3.921874,1.573813,-164.484721,0
2025-02-27,sh.600391,39.2785465200,39.4798717200,38.2719205200,38.9765587200,39.3389440800,7969460,153574095.4000,2.414000,1,-0.921200,93.561819,3.885746,1.559316,-162.969509,0
2025-02-28,sh.600391,39.4396066800,40.5670278000,38.6947034400,39.7818595200,38.9765587200,20202905,399434538.6400,6.119700,1,2.066100,95.494915,3.966030,1.591533,-166.336647,0
2025-03-03,sh.600391,39.7818595200,40.5468952800,38.8356310800,39.1778839200,39.7818595200,16761209,330876729.0400,5.077200,1,-1.518200,94.045093,3.905817,1.567370,-163.811293,0
2025-03-04,sh.600391,38.8557636000,43.1037253200,38.8557636000,41.7548464800,39.1778839200,40603385,850493828.1200,12.299200,1,6.577600,100.230998,4.162726,1.670465,-174.586137,0
2025-03-05,sh.600391,40.6676904000,42.1574968800,40.6274253600,41.0703408000,41.7548464800,26729962,546772964.8300,8.096800,1,-1.639300,98.587867,4.094484,1.643081,-171.724069,0
2025-03-06,sh.600391,41.0904733200,41.1106058400,40.2650400000,40.7683530000,41.0703408000,17880169,362174203.0300,5.416100,1,-0.735300,97.862956,4.064378,1.630999,-170.461392,0
2025-03-07,sh.600391,40.7884855200,42.5802798000,40.6475578800,41.1307383600,40.7683530000,22869821,472845310.2900,6.927500,1,0.888900,98.732849,4.100505,1.645497,-171.976604,0
2025-03-10,sh.600391,41.3723286000,42.2178944400,41.1710034000,41.4327261600,41.1307383600,14194338,293374698.8200,4.299600,1,0.734200,99.457760,4.130612,1.657578,-173.239281,0
2025-03-11,sh.600391,40.9092806400,43.4258456400,40.7884855200,42.8822676000,41.4327261600,22660519,477485407.8900,6.864100,1,3.498500,102.937332,4.275123,1.715569,-179.300131,0
2025-03-12,sh.600391,43.0835928000,44.0298212400,42.4796172000,42.5802798000,42.8822676000,17311667,370429492.7300,5.243900,1,-0.704200,102.212421,4.245017,1.703488,-178.037454,0
2025-03-13,sh.600391,42.3185570400,42.9829302000,41.7548464800,42.4796172000,42.5802798000,15251090,320104589.4400,4.619700,1,-0.236400,101.970784,4.234981,1.699461,-177.616561,0
2025-03-14,sh.600391,42.4393521600,42.5802798000,41.0703408000,41.8756416000,42.4796172000,13022501,269547870.2200,3.944700,1,-1.421800,100.520963,4.174768,1.675298,-175.091207,0
2025-03-17,sh.600391,41.8756416000,41.9360391600,41.2716660000,41.3119310400,41.8756416000,9102947,187519935.4100,2.757400,1,-1.346200,99.167796,4.118569,1.652746,-172.734210,0
2025-03-18,sh.600391,41.4327261600,41.8152440400,41.0904733200,41.4125936400,41.3119310400,7853100,161543866.7300,2.378800,1,0.243700,99.409433,4.128605,1.656773,-173.155103,0
2025-03-19,sh.600391,41.1307383600,41.7749790000,40.9092806400,41.4931237200,41.4125936400,7983200,164431426.4000,2.418200,1,0.194500,99.602742,4.136633,1.659995,-173.491817,0
2025-03-20,sh.600391,41.2716660000,42.4796172000,40.8488830800,41.9763042000,41.4931237200,12984950,270020978.2000,3.933300,1,1.164500,100.762600,4.184804,1.679325,-175.512100,0
2025-03-21,sh.600391,41.6541838800,42.2380269600,40.9898107200,41.0502082800,41.9763042000,9385184,193429320.8000,2.842900,1,-2.206200,98.539540,4.092477,1.642275,-171.639890,0
2025-03-24,sh.600391,41.0703408000,41.3723286000,39.1577514000,40.1845099200,41.0502082800,12262384,244363552.4400,3.714400,1,-2.108900,96.461462,4.006172,1.607642,-168.020216,0
2025-03-25,sh.600391,40.1442448800,42.0568342800,39.9831847200,40.5670278000,40.1845099200,14253689,291109184.2700,4.317600,1,0.951900,97.379683,4.044307,1.622945,-169.619607,0
2025-03-26,sh.600391,40.2449074800,42.3386895600,40.2247749600,41.4528586800,40.5670278000,14450900,298492886.4200,4.377300,1,2.183600,99.506088,4.132619,1.658384,-173.323460,0
2025-03-27,sh.600391,41.2716660000,42.8017375200,40.7683530000,41.6340513600,41.4528586800,13968191,290781818.3900,4.231100,1,0.437100,99.941034,4.150683,1.665633,-174.081066,0
2025-03-28,sh.600391,41.3924611200,41.9159066400,40.6676904000,41.5937863200,41.6340513600,10091411,207180685.4900,3.056800,1,-0.096700,99.844379,4.146669,1.664022,-173.912709,0
2025-03-31,sh.600391,41.0703408000,41.4528586800,39.6610644000,40.7884855200,41.5937863200,12026402,241590110.0800,3.642900,1,-1.936100,97.911284,4.066385,1.631805,-170.545570,0
2025-04-01,sh.600391,40.8086180400,43.4862432000,40.8086180400,42.9627976800,40.7884855200,23337832,492889934.8600,7.069300,1,5.330700,102.409285,4.247057,1.829631,-22.451880,0
2025-04-02,sh.600391,42.5400147600,42.7816050000,41.6944489200,42.2782920000,42.9627976800,12361252,258885068.8200,3.744400,1,-1.593300,100.777647,4.179391,1.800481,-22.094165,0
2025-04-03,sh.600391,41.8756416000,42.9627976800,41.6743164000,42.6809424000,42.2782920000,11028461,232333916.2700,3.340600,1,0.952400,101.737434,4.219194,1.817628,-22.304586,0
2025-04-07,sh.600391,41.0300757600,43.5667732800,39.9026546400,41.0502082800,42.6809424000,31175732,649115340.6300,9.443500,1,-3.820800,97.850297,4.057989,1.748181,-21.452382,0
2025-04-08,sh.600391,41.0703408000,42.8420025600,39.5201367600,40.3858351200,41.0502082800,21155211,430853895.3200,6.408200,1,-1.618400,96.266648,3.992313,1.719888,-21.105188,0
2025-04-09,sh.600391,39.4396066800,44.4324716400,38.4531132000,44.4324716400,40.3858351200,42102704,896611487.8200,12.753400,1,10.019900,105.912508,4.392340,1.892219,-23.219916,0
2025-04-10,sh.600391,45.1572423600,48.0361927200,44.5331342400,47.0094342000,44.4324716400,51905096,1189272856.1800,15.722700,1,5.799700,112.055146,4.647084,2.001963,-24.566608,0
2025-04-11,sh.600391,45.7008204000,47.2107594000,45.6806878800,46.3249285200,47.0094342000,30435404,701661128.2000,9.219200,1,-1.456100,110.423508,4.579418,1.972812,-24.208893,0
2025-04-14,sh.600391,46.2645309600,47.9556626400,46.0632057600,46.5061212000,46.3249285200,23952064,555347862.1900,7.255400,1,0.391100,110.855412,4.597330,1.980529,-24.303582,0
2025-04-15,sh.600391,46.5061212000,48.8414935200,45.8014830000,46.1840008800,46.5061212000,22777900,531530011.0000,6.899700,1,-0.692600,110.087582,4.565487,1.966811,-24.135245,0
2025-04-16,sh.600391,49.3246740000,50.7943479600,47.3114220000,47.6738073600,46.1840008800,45935377,1125924405.0700,13.914400,1,3.225800,113.638795,4.712760,2.030256,-24.913802,0
2025-04-17,sh.600391,46.9087716000,52.4452146000,46.9087716000,52.4452146000,47.6738073600,54192720,1373746639.6100,16.415600,1,10.008400,125.012272,5.184434,2.233453,-27.407286,0
2025-04-18,sh.600391,51.3177934800,52.3042869600,48.7206984000,48.7408309200,52.4452146000,44764687,1115754504.0700,13.559700,1,-7.063300,116.182231,4.818240,2.075697,-25.471416,0
2025-04-21,sh.600391,50.2306374000,53.6129007600,50.2105048800,53.6129007600,48.7408309200,26152880,687186207.1700,7.922000,1,9.995900,127.795655,5.299865,2.283181,-28.017506,0
2025-04-22,sh.600391,53.6934308400,58.0219226400,53.0491902000,55.4852251200,53.6129007600,66144783,1827567360.7200,20.036000,1,3.492300,132.258665,5.484953,2.362917,-28.995962,0
2025-04-23,sh.600391,53.3713105200,53.8544910000,50.1501073200,50.1702398400,55.4852251200,54959181,1406474949.2000,16.647800,1,-9.579100,119.589475,4.959543,2.136570,-26.218410,0
2025-04-24,sh.600391,49.4857341600,51.4385886000,48.3180480000,50.5124926800,50.1702398400,43265487,1070623972.4100,13.105600,1,0.682200,120.405294,4.993377,2.151146,-26.397267,0
2025-04-25,sh.600391,49.7273244000,49.9286496000,47.8147350000,48.4388431200,50.5124926800,31010333,746665106.1100,9.393400,1,-4.105200,115.462390,4.788387,2.062836,-25.313601,0
2025-04-28,sh.600391,47.7140724000,48.2576504400,46.4859886800,47.4120846000,48.4388431200,20864680,489348117.2000,6.320200,1,-2.119700,113.014933,4.686888,2.019110,-24.777028,0
2025-04-29,sh.600391,47.5127472000,47.8751325600,46.7074464000,47.5328797200,47.4120846000,14903200,350526316.4000,4.514400,1,0.254800,113.302869,4.698829,2.024255,-24.840155,0
2025-04-30,sh.600391,47.5932772800,50.1702398400,47.3114220000,49.5058666800,47.5328797200,25972193,631685750.8700,7.867300,1,4.150800,108.938222,4.874877,2.138858,-16.895281,0
2025-05-06,sh.600391,49.1233488000,50.2507699200,48.8012284800,50.2507699200,49.5058666800,21297973,525497574.5000,6.451400,1,1.504700,110.577390,4.948228,2.171040,-17.149500,0
2025-05-07,sh.600391,51.1768658400,54.5188641600,50.7339504000,52.5257446800,50.2507699200,38819831,1011877085.9400,11.759000,1,4.527200,115.583498,5.172246,2.269329,-17.925900,0
2025-05-08,sh.600391,52.0022991600,53.5726357200,51.1366008000,52.7270698800,52.5257446800,30965463,805777884.8100,9.379800,1,0.383300,116.026516,5.192071,2.278027,-17.994608,0
2025-05-09,sh.600391,52.5458772000,52.5458772000,50.2105048800,50.8144804800,52.7270698800,25234353,639583873.9200,7.643800,1,-3.627300,111.817842,5.003737,2.195395,-17.341882,0
2025-05-12,sh.600391,50.6936853600,55.0825747200,50.4923601600,53.3511780000,50.8144804800,36446841,961485962.1300,11.040200,1,4.992100,117.399873,5.253527,2.304991,-18.207602,0
2025-05-13,sh.600391,53.0491902000,53.6732983200,51.5191186800,51.7003113600,53.3511780000,22632733,588779504.2500,6.855700,1,-3.094300,113.767123,5.090965,2.233667,-17.644197,0
2025-05-14,sh.600391,51.5392512000,52.3848170400,50.3313000000,50.5326252000,51.7003113600,16950500,428932221.0000,5.134500,1,-2.258600,111.197616,4.975982,2.183218,-17.245691,0
2025-05-15,sh.600391,50.3313000000,50.5124926800,48.5193732000,48.5596382400,50.5326252000,15920416,389585161.4800,4.822500,1,-3.904400,106.856036,4.781701,2.097977,-16.572354,0
2025-05-16,sh.600391,48.4791081600,50.3111674800,48.4791081600,49.1837463600,48.5596382400,12469200,306018865.0000,3.777100,1,1.285200,108.229393,4.843157,2.124941,-16.785348,0
2025-05-19,sh.600391,49.3649390400,49.8682520400,48.5596382400,49.0226862000,49.1837463600,10205500,248816812.0000,3.091400,1,-0.327500,107.874978,4.827297,2.117982,-16.730382,0
2025-05-20,sh.600391,48.9220236000,50.9755406400,48.3180480000,49.0025536800,49.0226862000,15793127,387484622.2100,4.783900,1,-0.041100,107.830676,4.825315,2.117112,-16.723511,0
2025-05-21,sh.600391,48.6401683200,48.8213610000,47.5530122400,48.1368553200,49.0025536800,12636700,301551605.9600,3.827800,1,-1.766600,105.925697,4.740069,2.079711,-16.428067,0
2025-05-22,sh.600391,47.7342049200,48.5797707600,47.5127472000,47.7140724000,48.1368553200,8452348,201631441.1400,2.560300,1,-0.878300,104.995358,4.698437,2.061445,-16.283780,0
2025-05-23,sh.600391,47.3718195600,47.8348675200,46.9289041200,46.9691691600,47.7140724000,7209900,169493113.0000,2.184000,1,-1.561200,103.356190,4.625086,2.029262,-16.029561,0
2025-05-26,sh.600391,46.7678439600,47.1503618400,46.5262537200,47.1100968000,46.9691691600,7277679,169437675.7800,2.204500,1,0.300000,103.666303,4.638963,2.035350,-16.077656,0
2025-05-27,sh.600391,47.0295667200,47.0496992400,46.3047960000,46.5061212000,47.1100968000,6743795,156104604.7000,2.042800,1,-1.282100,102.337248,4.579490,2.009256,-15.871533,0
2025-05-28,sh.600391,47.0295667200,47.2510244400,45.8014830000,45.9424106400,46.5061212000,8774795,202394070.5700,2.658000,1,-1.212100,101.096797,4.523981,1.984902,-15.679150,0
2025-05-29,sh.600391,45.9625431600,50.5326252000,45.8014830000,50.5326252000,45.9424106400,29871205,720843651.4500,9.048300,1,9.991200,111.197616,4.975982,2.183218,-17.245691,0
2025-05-30,sh.600391,50.9352756000,55.3845625200,50.9352756000,53.3511780000,50.5326252000,53370049,1411295182.5800,16.166400,1,5.577700,117.399873,5.253527,2.304991,-18.207602,0
2025-06-03,sh.600391,53.9954186400,55.1027072400,52.1633593200,53.0491902000,53.3511780000,36301311,964838157.2400,10.996100,1,-0.566000,116.735346,5.223790,2.291944,-18.104541,0
2025-06-04,sh.600391,52.3445520000,53.6531658000,52.3042869600,52.8478650000,53.0491902000,21993785,576877096.7400,6.662200,1,-0.379500,116.292327,5.203965,2.283246,-18.035833,0
2025-06-05,sh.600391,52.9485276000,58.0420551600,51.7405764000,55.2033698400,52.8478650000,42822762,1169940292.3700,12.971500,1,4.457100,121.475643,5.435914,2.385013,-18.839715,0
2025-06-06,sh.600391,55.6462852800,56.3509234800,53.1498528000,53.1901178400,55.2033698400,26253615,708336107.4900,7.952500,1,-3.647000,117.045459,5.237667,2.298032,-18.152636,0
2025-06-09,sh.600391,53.5726357200,55.3644300000,52.7472024000,53.0491902000,53.1901178400,21085431,561129814.0900,6.387000,1,-0.265000,116.735346,5.223790,2.291944,-18.104541,0
2025-06-10,sh.600391,52.9485276000,52.9485276000,51.1969983600,51.8613715200,53.0491902000,15837400,408451986.0000,4.797300,1,-2.239100,114.121537,5.106825,2.240625,-17.699164,0
2025-06-11,sh.600391,51.8009739600,52.0425642000,51.2372634000,51.5795162400,51.8613715200,10971201,281452058.6300,3.323300,1,-0.543500,113.501312,5.079070,2.228448,-17.602973,0
2025-06-12,sh.600391,51.1366008000,51.8211064800,50.9352756000,51.4385886000,51.5795162400,10308993,262600692.6400,3.122700,1,-0.273200,113.191199,5.065193,2.222359,-17.554877,0
2025-06-13,sh.600391,52.5861422400,53.1901178400,51.0158056800,51.9419016000,51.4385886000,27680860,715216542.9100,8.384900,1,0.978500,114.298745,5.114755,2.244104,-17.726647,0
2025-06-16,sh.600391,51.7607089200,51.7607089200,50.6735528400,51.0963357600,51.9419016000,13517800,343623718.0000,4.094700,1,-1.627900,112.438067,5.031491,2.207572,-17.438074,0
2025-06-17,sh.600391,51.1768658400,53.2907804400,50.8950105600,52.9485276000,51.0963357600,21858989,567705920.4700,6.621300,1,3.624900,116.513837,5.213878,2.287595,-18.070187,0
2025-06-18,sh.600391,52.6264072800,53.2102503600,51.6600463200,52.0626967200,52.9485276000,15875500,412274180.7200,4.808900,1,-1.673000,114.564556,5.126649,2.249323,-17.767872,0
2025-06-19,sh.600391,51.4385886000,51.5191186800,49.4052040800,49.8481195200,52.0626967200,16199400,403587818.0000,4.907000,1,-4.253700,109.691353,4.908578,2.153644,-17.012084,0
2025-06-20,sh.600391,49.3246740000,50.0293122000,49.0428187200,49.1837463600,49.8481195200,8494743,208624125.1000,2.573200,1,-1.332800,108.229393,4.843157,2.124941,-16.785348,0
2025-06-23,sh.600391,49.1434813200,50.6131552800,49.0830837600,50.3514325200,49.1837463600,10782500,267929397.0000,3.266100,1,2.374100,110.798899,4.958140,2.175390,-17.183854,0
2025-06-24,sh.600391,49.7273244000,50.5930227600,49.1837463600,50.1299748000,50.3514325200,10006901,248562513.8100,3.031200,1,-0.439800,110.311579,4.936333,2.165822,-17.108276,0
2025-06-25,sh.600391,50.0897097600,55.1429722800,50.0897097600,55.1429722800,50.1299748000,35295117,943111258.7100,10.691300,1,10.000000,121.342737,5.429966,2.382404,-18.819103,0
2025-06-26,sh.600391,56.2099958400,58.7064283200,54.7805869200,56.4113210400,55.1429722800,51299354,1447188095.4400,15.539200,1,2.300100,124.133753,5.554861,2.437202,-19.251963,0
2025-06-27,sh.600391,56.7535738800,60.9814030800,56.4314535600,58.4849706000,56.4113210400,42040040,1223289031.8300,12.734400,1,3.675900,128.696842,5.759055,2.526792,-19.959655,0
2025-06-30,sh.600391,58.4044405200,61.0820656800,58.0823202000,58.7869584000,58.4849706000,44124097,1299838923.3800,13.365700,1,0.516400,129.361370,5.788792,2.539839,-20.062717,0
2025-07-01,sh.600391,58.5856332000,58.7064283200,57.2568868800,58.2836454000,58.7869584000,28967469,833855257.8600,8.774600,1,-0.856200,128.253824,5.739230,2.518094,-19.890947,0
2025-07-02,sh.600391,58.0219226400,58.2232478400,55.7872129200,56.0086706400,58.2836454000,22754224,642032003.1500,6.892500,1,-3.903300,123.247716,5.515212,2.419806,-19.114547,0
2025-07-03,sh.600391,56.0086706400,57.1562242800,55.1429722800,55.5456226800,56.0086706400,14035900,388964476.0000,4.251600,1,-0.826700,122.228774,5.469615,2.399800,-18.956519,0
2025-07-04,sh.600391,55.5657552000,56.0892007200,54.9617796000,55.3241649600,55.5456226800,15002500,413795957.0000,4.544400,1,-0.398700,121.741454,5.447808,2.390232,-18.880940,0
2025-07-07,sh.600391,55.0020446400,55.8073454400,54.6597918000,55.2838999200,55.3241649600,11532802,316959834.7400,3.493400,1,-0.072800,121.652850,5.443843,2.388492,-18.867199,0
2025-07-08,sh.600391,55.2235023600,55.6060202400,54.5591292000,55.6060202400,55.2838999200,15164480,415017855.2000,4.593500,1,0.582700,122.361679,5.475563,2.402409,-18.977131,0
2025-07-09,sh.600391,55.6664178000,57.1562242800,55.3845625200,55.6664178000,55.6060202400,25775600,718780358.0000,7.807700,1,0.108600,122.494585,5.481510,2.405019,-18.997744,0
2025-07-10,sh.600391,54.9617796000,55.5254901600,54.6597918000,55.2436348800,55.6664178000,12832980,351063928.6000,3.887300,1,-0.759500,121.564246,5.439879,2.386753,-18.853457,0
2025-07-11,sh.600391,55.2838999200,56.9548990800,55.0020446400,56.4918511200,55.2436348800,20963159,585601738.1800,6.350000,1,2.259500,124.310960,5.562791,2.440681,-19.279446,0
2025-07-14,sh.600391,56.5321161600,57.0756942000,55.9684056000,56.3307909600,56.4918511200,13599000,381187112.7900,4.119300,1,-0.285100,123.956546,5.546932,2.433722,-19.224480,0
2025-07-15,sh.600391,55.8073454400,56.5522486800,55.0423096800,55.3845625200,56.3307909600,12139687,334268403.9700,3.677300,1,-1.679800,121.874359,5.453756,2.392841,-18.901553,0
2025-07-16,sh.600391,55.3845625200,55.8073454400,54.4584666000,54.8409844800,55.3845625200,12801900,350378579.0000,3.877800,1,-0.981500,120.678210,5.400229,2.369357,-18.716041,0
2025-07-17,sh.600391,54.9617796000,58.3641754800,54.6799243200,58.3037779200,54.8409844800,30801140,870651533.6000,9.330000,1,6.314200,128.298126,5.741213,2.518964,-19.897818,0
2025-07-18,sh.600391,58.3843080000,58.6460307600,57.0756942000,58.1829828000,58.3037779200,22488200,647191196.3100,6.811900,1,-0.207200,128.032315,5.729318,2.513745,-19.856593,0
2025-07-21,sh.600391,57.9615250800,58.3037779200,57.3776820000,57.9615250800,58.1829828000,14413728,414291068.6000,4.366100,1,-0.380600,127.544995,5.707511,2.504177,-19.781014,0
2025-07-22,sh.600391,57.6192722400,58.5655006800,56.9548990800,57.4380795600,57.9615250800,15896728,455559857.5900,4.815300,1,-0.903100,126.393147,5.655967,2.481562,-19.602373,0
2025-07-23,sh.600391,56.8542364800,57.3172844400,55.8878755200,56.5723812000,57.4380795600,11238533,316647209.2800,3.404300,1,-1.507200,124.488168,5.570721,2.444160,-19.306929,0
2025-07-24,sh.600391,56.5522486800,57.5790072000,56.5321161600,57.2971519200,56.5723812000,12341144,349955268.4100,3.738300,1,1.281100,126.083034,5.642090,2.475473,-19.554278,0
2025-07-25,sh.600391,57.1360917600,58.7668258800,56.9146340400,57.4783446000,57.2971519200,16024768,458554181.8800,4.854100,1,0.316200,126.481750,5.659932,2.483302,-19.616115,0
2025-07-28,sh.600391,57.4984771200,59.3708014800,57.3575494800,58.6258982400,57.4783446000,18965557,551409804.8700,5.744900,1,1.996500,129.006955,5.772932,2.532881,-20.007750,0
2025-07-29,sh.600391,58.1024527200,64.4844615600,57.4783446000,64.4844615600,58.6258982400,36160590,1102230514.6600,10.953500,1,9.993100,141.898790,6.349829,2.785995,-22.007151,0
2025-07-30,sh.600391,66.4373160000,70.9067354400,64.4844615600,64.9475095200,64.4844615600,59689355,1977440566.6500,18.080600,1,0.718100,142.917733,6.395426,2.806000,-22.165179,0
2025-07-31,sh.600391,65.4306900000,65.9742680400,63.0953176800,63.3771729600,64.9475095200,37240854,1189650307.6500,11.280700,1,-2.417900,139.462189,6.240794,2.738155,-21.629258,0
2025-08-01,sh.600391,63.5583656400,63.8200884000,60.3975600000,62.0081616000,63.3771729600,22424754,690614485.7200,6.792700,1,-2.160100,136.449664,6.105986,2.679008,-21.162044,0
2025-08-04,sh.600391,61.6659087600,65.2293648000,61.4041860000,64.8468469200,62.0081616000,38741676,1235845632.3600,11.735300,1,4.577900,142.696224,6.385513,2.801651,-22.130825,0
2025-08-05,sh.600391,64.4240640000,65.0280396000,62.8939924800,63.4174380000,64.8468469200,27462832,868416586.1500,8.318800,1,-2.204300,139.550793,6.244759,2.739895,-21.642999,0
2025-08-06,sh.600391,63.1557152400,66.4171834800,63.0953176800,66.4171834800,63.4174380000,35141804,1141000861.8700,10.644900,1,4.730200,146.151767,6.540146,2.869496,-22.666747,0
2025-08-07,sh.600391,65.8132078800,65.8132078800,63.6388957200,65.0481721200,66.4171834800,26323104,844917722.3900,7.973600,1,-2.061200,143.139242,6.405338,2.810349,-22.199533,0
2025-08-08,sh.600391,64.4039314800,66.0346656000,64.0214136000,64.2428713200,65.0481721200,16141742,518532765.5800,4.889500,1,-1.238000,141.367168,6.326040,2.775557,-21.924702,0
2025-08-11,sh.600391,63.9811485600,64.8267144000,63.0953176800,64.2026062800,64.2428713200,16366465,521046741.1600,4.957600,1,-0.062700,141.278565,6.322075,2.773817,-21.910960,0
2025-08-12,sh.600391,64.0818111600,64.3032688800,62.0081616000,62.4913420800,64.2026062800,17904831,557526261.0700,5.423600,1,-2.665400,137.512908,6.153565,2.699884,-21.326943,0
2025-08-13,sh.600391,62.4712095600,64.0214136000,62.4712095600,63.3973054800,62.4913420800,16878448,530295020.5400,5.112700,1,1.449700,139.506491,6.242776,2.739025,-21.636128,0
2025-08-14,sh.600391,63.3973054800,63.3973054800,60.1358372400,60.5988852000,63.3973054800,25325731,771694996.4200,7.671500,1,-4.414100,133.348535,5.967214,2.618122,-20.681088,0
2025-08-15,sh.600391,60.5183551200,61.5048486000,60.1962348000,61.1424632400,60.5988852000,11988624,363359071.0400,3.631500,1,0.897000,134.544685,6.020740,2.641607,-20.866599,0
2025-08-18,sh.600391,61.4041860000,63.1758477600,61.1424632400,62.9745225600,61.1424632400,20203484,627949492.8800,6.119900,1,2.996400,138.576152,6.201144,2.720759,-21.491842,0
2025-08-19,sh.600391,63.0349201200,63.0550526400,61.0820656800,61.3437884400,62.9745225600,17238869,527670772.5400,5.221900,1,-2.589500,134.987704,6.040565,2.650305,-20.935307,0
2025-08-20,sh.600391,61.1021982000,65.1085696800,60.9008730000,63.6590282400,61.3437884400,27296620,857616858.8000,8.268500,1,3.774200,140.082415,6.268548,2.750333,-21.725449,0
2025-08-21,sh.600391,63.0147876000,65.2494973200,62.9342575200,63.3369079200,63.6590282400,19602397,622364373.0900,5.937800,1,-0.506000,139.373586,6.236829,2.736416,-21.615516,0
2025-08-22,sh.600391,63.3771729600,65.1085696800,61.5652461600,64.9273770000,63.3369079200,23949362,753638287.0500,7.254500,1,2.511100,142.873431,6.393443,2.805130,-22.158309,0
2025-08-25,sh.600391,65.0884371600,66.9406290000,64.0818111600,65.6521477200,64.9273770000,26597969,863797347.6100,8.056800,1,1.116300,144.468297,6.464812,2.836444,-22.405657,0
2025-08-26,sh.600391,65.0079070800,65.0079070800,63.6187632000,63.6992932800,65.6521477200,16986965,539963283.6200,5.145500,1,-2.974500,140.171019,6.272513,2.752072,-21.739190,0
2025-08-27,sh.600391,63.1355827200,64.8669794400,62.4108120000,62.4108120000,63.6992932800,19132457,602224994.2200,5.795400,1,-2.022800,137.335701,6.145635,2.696404,-21.299459,0
2025-08-28,sh.600391,62.1692217600,63.4174380000,59.4513315600,62.4712095600,62.4108120000,18228010,555751727.8500,5.521500,1,0.096800,137.468606,6.151583,2.699014,-21.320072,0
2025-08-29,sh.600391,62.0081616000,64.0616786400,61.7263063200,63.9610160400,62.4712095600,19238299,601773237.6200,5.827500,1,2.384800,140.746943,6.298285,2.763380,-21.828511,0
2025-09-01,sh.600391,63.6388957200,63.7194258000,61.8672339600,62.9342575200,63.9610160400,15684619,488142267.5700,4.751100,1,-1.605300,161.977673,5.944623,2.910711,238.504678,0
2025-09-02,sh.600391,63.0550526400,63.0550526400,60.1962348000,61.0619331600,62.9342575200,14125544,427868302.8600,4.278800,1,-2.975000,157.158759,5.767768,2.824116,231.409049,0
2025-09-03,sh.600391,61.1021982000,61.2028608000,54.9617796000,54.9819121200,61.0619331600,22561031,641533856.2400,6.834000,1,-9.957100,141.510245,5.193463,2.542915,208.367330,0
2025-09-04,sh.600391,54.1162137600,54.9013820400,51.3781910400,52.5056121600,54.9819121200,20134813,530942128.7600,6.099100,1,-4.503800,135.136843,4.959558,2.428386,198.982789,0
2025-09-05,sh.600391,52.5458772000,53.0491902000,51.6399138000,52.2841544400,52.5056121600,14399594,373977529.0700,4.361800,1,-0.421800,134.566864,4.938640,2.418144,198.143521,0
2025-09-08,sh.600391,52.3042869600,52.7472024000,51.7405764000,52.5056121600,52.2841544400,11171851,289968824.5800,3.384100,1,0.423600,135.136843,4.959558,2.428386,198.982789,0
2025-09-09,sh.600391,52.5056121600,52.5458772000,50.4923601600,50.7339504000,52.5056121600,11165290,284891250.7300,3.382100,1,-3.374200,130.577011,4.792211,2.346447,192.268646,0
2025-09-10,sh.600391,50.7339504000,52.0626967200,50.7339504000,51.2372634000,50.7339504000,8024085,205200651.2300,2.430600,1,0.992100,131.872418,4.839753,2.369725,194.176073,0
2025-09-11,sh.600391,51.3379260000,52.1633593200,50.8950105600,52.0425642000,51.2372634000,7794084,200139316.3100,2.360900,1,1.571700,133.945069,4.915819,2.406970,197.227956,0
2025-09-12,sh.600391,52.0626967200,53.1095877600,51.7405764000,52.4250820800,52.0425642000,13100292,341494241.2000,3.968200,1,0.735000,134.929578,4.951951,2.424662,198.677601,0
2025-09-15,sh.600391,52.3244194800,52.3244194800,51.2976609600,51.5593837200,52.4250820800,8640808,222180174.7700,2.617400,1,-1.651300,132.701478,4.870179,2.384623,195.396826,0
2025-09-16,sh.600391,51.4989861600,51.7808414400,51.0158056800,51.6600463200,51.5593837200,6299823,160848689.6000,1.908300,1,0.195200,132.960559,4.879688,2.389279,195.778312,0
2025-09-17,sh.600391,51.9419016000,53.2505154000,51.6600463200,53.0089251600,51.6600463200,11137614,291683047.6200,3.373700,1,2.611100,136.432250,5.007100,2.451664,200.890216,0
2025-09-18,sh.600391,53.0089251600,55.2637674000,52.4653471200,53.0290576800,53.0089251600,14693737,393153239.9000,4.450900,1,0.038000,136.484066,5.009001,2.452595,200.966513,0
2025-09-19,sh.600391,52.9887926400,54.9617796000,52.8679975200,53.7538284000,53.0290576800,14058500,377092582.0000,4.258500,1,1.366700,138.349452,5.077462,2.486116,203.713208,0
2025-09-22,sh.600391,53.7538284000,54.1162137600,52.7472024000,53.8343584800,53.7538284000,7893390,208734448.2600,2.391000,1,0.149800,138.556717,5.085068,2.489841,204.018397,0
2025-09-23,sh.600391,53.6129007600,54.2772739200,51.7003113600,53.2102503600,53.8343584800,10941274,287075748.5300,3.314200,1,-1.159300,136.950412,5.026116,2.460976,201.653187,0
2025-09-24,sh.600391,52.8478650000,53.7538284000,52.3244194800,53.2102503600,53.2102503600,8435632,222582182.5800,2.555300,1,0.000000,136.950412,5.026116,2.460976,201.653187,0
2025-09-25,sh.600391,53.1901178400,53.1901178400,51.9620341200,52.1230942800,53.2102503600,7925202,205968390.1400,2.400600,1,-2.043100,134.152334,4.923426,2.410695,197.533145,0
2025-09-26,sh.600391,52.1029617600,55.3442974800,51.8613715200,54.3578040000,52.1230942800,19794621,532512420.0300,5.996000,1,4.287400,139.903940,5.134512,2.514050,206.002121,0
2025-09-29,sh.600391,53.8544910000,54.3578040000,52.4049495600,53.8947560400,54.3578040000,9706169,258744156.7000,2.940100,1,-0.851900,138.712166,5.090773,2.492634,204.247288,0
2025-09-30,sh.600391,54.7000568400,57.5790072000,54.0759487200,57.2367543600,53.8947560400,25411356,711168161.5000,7.697400,1,6.201000,147.313667,5.406451,2.647201,216.912604,0
2025-10-09,sh.600391,56.5321161600,56.9347665600,55.2235023600,56.7535738800,57.2367543600,15645864,436709643.2900,4.739300,1,-0.844200,146.070077,5.360810,2.624854,215.081474,0
2025-10-10,sh.600391,56.5723812000,57.0756942000,56.0892007200,56.5119836400,56.7535738800,10795364,303382385.2000,3.270000,1,-0.425700,145.448281,5.337990,2.613681,214.165909,0
2025-10-13,sh.600391,55.6261527600,59.3708014800,55.4046950400,59.2701388800,56.5119836400,24047709,696438373.1500,7.284300,1,4.880700,152.547111,5.598519,2.741246,224.618609,0
2025-10-14,sh.600391,58.4044405200,59.7331868400,57.5790072000,57.9413925600,59.2701388800,15055931,437132324.5800,4.560600,1,-2.241800,149.127237,5.473009,2.679791,219.583001,0
2025-10-15,sh.600391,57.5790072000,58.6862958000,56.3710560000,58.5655006800,57.9413925600,11129300,318295066.1200,3.371200,1,1.077100,150.733541,5.531961,2.708656,221.948211,0
2025-10-16,sh.600391,58.5856332000,59.8942470000,57.4380795600,57.7400673600,58.5655006800,13311413,389023523.5000,4.032200,1,-1.409400,148.609074,5.453992,2.670480,218.820031,0
2025-10-17,sh.600391,57.2568868800,57.9011275200,54.4383340800,54.7403218800,57.7400673600,12913946,358578829.3900,3.911800,1,-5.195300,140.888449,5.170643,2.531741,207.451765,0
2025-10-20,sh.600391,55.1027072400,55.6261527600,53.9148885600,54.5993942400,54.7403218800,9699680,262803165.4500,2.938100,1,-0.257400,140.525735,5.157332,2.525224,206.917686,0
2025-10-21,sh.600391,54.5792617200,55.5254901600,53.9551536000,54.7403218800,54.5993942400,6760679,184197895.4000,2.047900,1,0.258100,140.888449,5.170643,2.531741,207.451765,0
2025-10-22,sh.600391,54.6597918000,55.1429722800,54.1967438400,54.4987316400,54.7403218800,5659801,153478094.0100,1.714400,1,-0.441300,140.266654,5.147823,2.520568,206.536200,0
2025-10-23,sh.600391,54.7000568400,54.7000568400,52.8881300400,54.5389966800,54.4987316400,6374432,170500318.7600,1.930900,1,0.073900,140.370287,5.151627,2.522430,206.688795,0
2025-10-24,sh.600391,55.4852251200,56.7334413600,55.0825747200,55.4650926000,54.5389966800,11187701,310629686.8600,3.388900,1,1.698000,142.753835,5.239104,2.565262,210.198460,0
2025-10-27,sh.600391,55.4449600800,56.3106584400,54.7000568400,54.9617796000,55.4650926000,8100199,222127109.7000,2.453600,1,-0.907400,141.458428,5.191562,2.541984,208.291033,0
2025-10-28,sh.600391,54.9617796000,56.0086706400,54.4785991200,55.5254901600,54.9617796000,8291502,228497937.5800,2.511600,1,1.025600,142.909284,5.244809,2.568055,210.427352,0
2025-10-29,sh.600391,55.3644300000,55.4852251200,54.5993942400,55.1228397600,55.5254901600,5883038,160662809.2500,1.782000,1,-0.725200,141.872958,5.206775,2.549433,208.901410,0
2025-10-30,sh.600391,55.1027072400,55.1027072400,53.5323706800,53.9752861200,55.1228397600,8948600,241004657.0000,2.710600,1,-2.081800,197.677220,5.041898,2.050227,97.353096,0
2025-10-31,sh.600391,53.9551536000,54.9215145600,53.6531658000,54.0356836800,53.9752861200,4825489,130126000.8600,1.461700,1,0.111900,197.898418,5.047540,2.052521,97.462033,0
2025-11-03,sh.600391,54.1766113200,54.3578040000,53.0290576800,53.6531658000,54.0356836800,5599200,148774055.0000,1.696100,1,-0.707900,196.497498,5.011808,2.037991,96.772101,0
2025-11-04,sh.600391,53.5726357200,53.7538284000,52.6062747600,53.1498528000,53.6531658000,4181300,110412697.0000,1.266600,1,-0.938100,194.654182,4.964793,2.018873,95.864295,0
2025-11-05,sh.600391,52.3848170400,53.8947560400,52.3042869600,53.5122381600,53.1498528000,4880600,128974808.0000,1.478400,1,0.681800,195.981369,4.998644,2.032638,96.517915,0
2025-11-06,sh.600391,53.3914430400,58.8674884800,53.3914430400,58.8674884800,53.5122381600,25858912,738011528.4700,7.833000,1,10.007500,215.594253,5.498884,2.236055,106.176969,0
2025-11-07,sh.600391,58.2031153200,58.8473559600,57.2166218400,57.9615250800,58.8674884800,22336394,642851075.0400,6.766000,1,-1.539000,212.276284,5.414257,2.201642,104.542919,0
2025-11-10,sh.600391,58.1829828000,58.2836454000,56.9347665600,57.8809950000,57.9615250800,11869607,339609168.7300,3.595400,1,-0.138900,211.981353,5.406735,2.198584,104.397670,0
2025-11-11,sh.600391,57.8809950000,58.2836454000,57.3776820000,57.6998023200,57.8809950000,8959600,256659411.0000,2.714000,1,-0.313000,211.317759,5.389809,2.191701,104.070859,0
2025-11-12,sh.600391,57.5790072000,57.6192722400,54.3578040000,54.9617796000,57.6998023200,14024996,385444343.4500,4.248300,1,-4.745300,201.290120,5.134047,2.087698,99.132396,0
2025-11-13,sh.600391,54.8208519600,55.7268153600,54.4584666000,55.1027072400,54.9617796000,6602836,180974792.8000,2.000100,1,0.256400,201.806248,5.147212,2.093052,99.386581,0
2025-11-14,sh.600391,55.2838999200,55.7066828400,54.3175389600,54.3175389600,55.1027072400,7559636,206089503.1000,2.289900,1,-1.424900,198.930675,5.073868,2.063227,97.970404,0
2025-11-17,sh.600391,55.5456226800,56.4918511200,54.9617796000,56.4515860800,54.3175389600,15695888,435895398.4800,4.754500,1,3.928800,206.746336,5.273212,2.144288,101.819501,0
2025-11-18,sh.600391,56.0690682000,56.0892007200,54.4785991200,54.5792617200,56.4515860800,8624905,235077242.6500,2.612600,1,-3.316700,199.889200,5.098316,2.073169,98.442463,0
2025-11-19,sh.600391,54.3578040000,55.6865503200,53.8544910000,55.1832373200,54.5792617200,9233286,251950957.8800,2.796900,1,1.106600,202.101179,5.154734,2.096110,99.531830,0
2025-11-20,sh.600391,55.3241649600,55.3442974800,54.1564788000,54.4182015600,55.1832373200,5226998,141740992.8200,1.583300,1,-1.386400,199.299338,5.083271,2.067051,98.151966,0
2025-11-21,sh.600391,53.9350210800,55.1027072400,52.4452146000,53.5726357200,54.4182015600,8184553,217788233.3000,2.479200,1,-1.553800,196.202567,5.004286,2.034932,96.626852,0
2025-11-24,sh.600391,53.4719731200,55.7268153600,53.4518406000,55.6060202400,53.5726357200,11632047,317586699.9000,3.523500,1,3.795600,203.649564,5.194227,2.112170,100.294387,0
2025-11-25,sh.600391,55.7670804000,55.7670804000,54.7805869200,55.2436348800,55.6060202400,8878470,243295377.0300,2.689400,1,-0.651700,202.322377,5.160376,2.098405,99.640767,0
2025-11-26,sh.600391,55.3040324400,55.3040324400,53.6934308400,53.8142259600,55.2436348800,8066036,216647157.6800,2.443300,1,-2.587500,197.087359,5.026853,2.044109,97.062599,0
2025-11-27,sh.600391,53.8746235200,54.0558162000,53.5525032000,53.6732983200,53.8142259600,4219538,112732636.0800,1.278100,1,-0.261900,196.571231,5.013689,2.038756,96.808413,0
2025-11-28,sh.600391,54.0558162000,54.1564788000,53.2102503600,53.9148885600,53.6732983200,4448010,118545719.7000,1.347400,1,0.450100,197.456022,5.036256,2.047933,97.244160,0
2025-12-01,sh.600391,54.3175389600,54.8812495200,54.1766113200,54.4785991200,53.9148885600,5613400,152104029.0000,1.700400,1,1.045600,199.520536,5.088913,2.069345,98.260902,0
2025-12-02,sh.600391,54.4785991200,54.4785991200,53.6531658000,53.7336958800,54.4785991200,4146661,110929243.1300,1.256100,1,-1.367300,196.792428,5.019331,2.041050,96.917350,0
2025-12-03,sh.600391,53.7739609200,53.9551536000,52.1432268000,52.4049495600,53.7336958800,7058347,184430178.4600,2.138100,1,-2.472800,191.926074,4.895211,1.990578,94.520742,0
2025-12-04,sh.600391,52.2438894000,53.7538284000,52.1029617600,53.1297202800,52.4049495600,5560598,146729194.0900,1.684400,1,1.383000,194.580449,4.962912,2.018109,95.827983,0
2025-12-05,sh.600391,53.2505154000,54.3376714800,52.5861422400,54.3175389600,53.1297202800,7095599,189744050.2600,2.149300,1,2.235700,198.930675,5.073868,2.063227,97.970404,0
2025-12-08,sh.600391,54.9416470800,58.5453681600,54.8611170000,56.0489356800,54.3175389600,21768620,613742542.8900,6.594000,1,3.187500,205.271683,5.235600,2.128994,101.093256,0
2025-12-09,sh.600391,55.1631048000,56.3106584400,55.1631048000,55.6462852800,56.0489356800,9624410,266517413.6600,2.915300,1,-0.718400,203.797030,5.197988,2.113699,100.367012,0
2025-12-10,sh.600391,55.3644300000,57.3374169600,55.3241649600,56.3509234800,55.6462852800,10144819,283550963.4200,3.073000,1,1.266300,206.377672,5.263809,2.140464,101.637940,0
2025-12-11,sh.600391,57.3172844400,58.4849706000,56.4113210400,57.4582120800,56.3509234800,21310507,608803135.1300,6.455200,1,1.965000,210.432968,5.367242,2.182524,103.635113,0
2025-12-12,sh.600391,57.1964893200,59.1493437600,56.8542364800,57.9413925600,57.4582120800,22241101,640866889.5100,6.737100,1,0.840900,212.202551,5.412377,2.200878,104.506606,0
2025-12-15,sh.600391,57.4582120800,59.3506689600,57.1562242800,58.7869584000,57.9413925600,21953997,637304208.8200,6.650100,1,1.459300,215.299322,5.491362,2.232996,106.031720,0
2025-12-16,sh.600391,58.2635128800,58.7869584000,56.1697308000,57.9011275200,58.7869584000,16404158,469174082.2000,4.969000,1,-1.506800,212.055086,5.408615,2.199348,104.433982,0
2025-12-17,sh.600391,57.3776820000,58.3239104400,55.8073454400,57.1360917600,57.9011275200,13563074,383255877.3100,4.108400,1,-1.321300,209.253245,5.337153,2.170289,103.054117,0
2025-12-18,sh.600391,56.8341039600,58.7466933600,56.7938389200,57.3978145200,57.1360917600,13190548,378874027.3600,3.995600,1,0.458100,210.211770,5.361600,2.180230,103.526176,0
2025-12-19,sh.600391,57.4380795600,63.1355827200,57.4380795600,63.1355827200,57.3978145200,43153490,1319723854.1700,13.071700,1,9.996500,231.225574,5.897572,2.398177,113.875162,0
2025-12-22,sh.600391,63.3167754000,67.7459298000,63.1758477600,66.4373160000,63.1355827200,57951631,1883627211.8500,17.554200,1,5.229600,243.317727,6.205991,2.523592,119.830369,0
2025-12-23,sh.600391,65.5514851200,67.1419542000,63.8200884000,65.3300274000,66.4373160000,33112036,1071395625.5600,10.030000,1,-1.666700,239.262432,6.102558,2.481532,117.833196,0
2025-12-24,sh.600391,64.1623412400,69.2760013200,64.1422087200,66.8399664000,65.3300274000,31518186,1053041639.2700,9.547200,1,2.311200,244.792380,6.243603,2.538886,120.556613,0
2025-12-25,sh.600391,66.8600989200,73.5239630400,66.4373160000,73.5239630400,66.8399664000,43013256,1529925784.6200,13.029200,1,10.000000,269.271618,6.867964,2.792775,132.612275,0
2025-12-26,sh.600391,73.0407825600,76.5035760000,71.2087232400,74.2084687200,73.5239630400,56225857,2062914273.5100,17.031500,1,0.931000,271.778528,6.931904,2.818775,133.846890,0
2025-12-29,sh.600391,72.8998549200,73.4635654800,70.2222297600,71.2288557600,74.2084687200,33542676,1186773676.3700,10.160500,1,-4.015200,260.866097,6.653575,2.705596,128.472680,0
2025-12-30,sh.600391,70.2423622800,70.6651452000,67.2426168000,67.9069899600,71.2288557600,33050559,1128291637.9100,10.011400,1,-4.663700,248.700210,6.343275,2.579416,122.481162,0
2025-12-31,sh.600391,67.4439420000,74.6916492000,67.4439420000,74.6916492000,67.9069899600,39794619,1416018549.3000,12.054200,1,9.991100,273.548112,6.977039,2.837129,134.718384,0
2026-01-05,sh.600391,74.6916492000,74.7520467600,69.6585192000,72.3764094000,74.6916492000,42615537,1513617947.2200,12.908700,1,-3.099700,265.068857,6.760769,2.749185,130.542477,0
2026-01-06,sh.600391,72.0140240400,79.4227914000,71.6717712000,78.2349727200,72.3764094000,48504815,1822187614.5500,14.692700,1,8.094600,286.525057,7.308025,2.971720,141.109337,0
2026-01-07,sh.600391,75.9197329200,79.4227914000,74.4500589600,77.8725873600,78.2349727200,37094861,1406321018.6800,11.236500,1,-0.463200,285.197869,7.274174,2.957955,140.455717,0
2026-01-08,sh.600391,76.5035760000,84.9994994400,76.5035760000,84.0130059600,77.8725873600,40061301,1630160674.9000,12.135000,1,7.885200,307.686326,7.847758,3.191196,151.530948,0
2026-01-09,sh.600391,83.9526084000,92.4082668000,83.9324758800,89.3883888000,84.0130059600,47063928,2087598019.3200,14.256200,1,6.398300,327.372942,8.349879,3.395378,161.226314,0
2026-01-12,sh.600391,90.8983278000,94.8241692000,86.1671856000,91.4821708800,89.3883888000,38941850,1754268663.5400,11.795900,1,2.342300,335.041137,8.545462,3.474909,165.002786,0
2026-01-13,sh.600391,88.7240156400,88.7240156400,82.3420068000,82.3420068000,91.4821708800,18322558,754256106.0600,5.550100,1,-9.991200,301.566517,7.691668,3.127724,148.517033,0
2026-01-14,sh.600391,78.5168280000,87.7777872000,77.5504670400,81.1743206400,82.3420068000,44670968,1820039661.1100,13.531400,1,-1.418100,297.290023,7.582593,3.083370,146.410923,0
2026-01-15,sh.600391,81.1139230800,81.8386938000,77.2082142000,79.6241166000,81.1743206400,30750958,1206906872.0600,9.314800,1,-1.909700,291.612609,7.437787,3.024486,143.614881,0
2026-01-16,sh.600391,79.6442491200,80.3287548000,76.7049012000,76.9062264000,79.6241166000,21534155,834157509.8500,6.522900,1,-3.413400,281.658702,7.183905,2.921248,138.712730,0
2026-01-19,sh.600391,75.8996004000,84.5968490400,75.5573475600,84.5968490400,76.9062264000,26270353,1064821517.2100,7.957600,1,10.000000,309.824573,7.902296,3.213373,152.584003,0
2026-01-20,sh.600391,93.0122424000,93.0525074400,91.6029660000,93.0525074400,84.5968490400,16165313,746788467.3800,4.896700,1,9.995200,340.792283,8.692149,3.534558,167.835140,0
2026-01-21,sh.600391,92.6095920000,102.2732016000,90.8177977200,97.6628545200,93.0525074400,61168137,2967344808.2900,18.528500,1,4.954600,357.677059,9.122807,3.709680,176.150642,0
2026-01-22,sh.600391,97.6225894800,107.4271267200,97.6225894800,107.4271267200,97.6628545200,31277568,1598444893.9700,9.474300,1,9.997900,393.437392,10.034900,4.080571,193.762075,0
2026-01-23,sh.600391,111.2321730000,112.6615819200,106.0581153600,108.0109698000,107.4271267200,55544100,3014376319.0600,16.824900,1,0.543500,395.575638,10.089437,4.102748,194.815130,0
2026-01-26,sh.600391,104.7696340800,106.0178503200,97.2199390800,97.2199390800,108.0109698000,38080009,1896192185.5600,11.534900,1,-9.990700,356.054941,9.081434,3.692856,175.351773,0
2026-01-27,sh.600391,96.6360960000,106.9439462400,96.0321204000,106.9439462400,97.2199390800,35972300,1804832527.3200,10.896400,1,10.002100,391.667808,9.989765,4.062218,192.890581,0
2026-01-28,sh.600391,109.0981258800,109.8430291200,102.9174422400,106.0581153600,106.9439462400,34902849,1837594027.1200,10.572500,1,-0.828300,388.423572,9.907019,4.028570,191.292843,0
2026-01-29,sh.600391,105.2125495200,113.1044973600,104.6891040000,108.0311023200,106.0581153600,40171954,2190035481.5100,12.168500,1,1.860300,395.649371,10.091318,4.103513,194.851442,0
2026-01-30,sh.600391,108.7156080000,110.0443543200,102.0316113600,104.4877788000,108.0311023200,25766396,1343005344.5000,7.804900,1,-3.279900,382.672426,9.760332,3.968921,188.460489,0
2026-02-02,sh.600391,104.5683088800,107.9103072000,98.6292154800,98.6292154800,104.4877788000,22976061,1155505809.3400,6.959700,1,-5.606900,361.216226,9.213076,3.746386,177.893629,0
2026-02-03,sh.600391,101.6692260000,106.6620909600,99.6559740000,103.6220804400,98.6292154800,25647217,1318358028.1000,7.768800,1,5.062300,379.501922,9.679466,3.936038,186.899063,0
2026-02-04,sh.600391,103.5818154000,109.5813063600,101.7900211200,106.7224885200,103.6220804400,30616215,1609762383.6700,9.274000,1,2.992000,390.856749,9.969079,4.053806,192.491147,0
2026-02-05,sh.600391,102.6758520000,117.3927241200,102.6758520000,113.1850274400,106.7224885200,48209791,2704975363.3700,14.603300,1,6.055500,414.524928,10.572752,4.299282,204.147373,0
2026-02-06,sh.600391,111.7354860000,113.1850274400,104.8904292000,107.2861990800,113.1850274400,31098615,1669227335.6700,9.420100,1,-5.211700,392.921263,10.021736,4.075218,193.507889,0
2026-02-09,sh.600391,108.0311023200,109.7222340000,104.3468511600,105.3937422000,107.2861990800,25827075,1358211453.3200,7.823300,1,-1.763900,385.990395,9.844959,4.003334,190.094539,0
2026-02-10,sh.600391,104.6891040000,108.6149454000,100.3606122000,104.0247308400,105.3937422000,26314939,1369108406.7500,7.971100,1,-1.298900,380.976575,9.717078,3.951333,187.625307,0
2026-02-11,sh.600391,103.6824780000,103.9844658000,97.4212642800,97.4413968000,104.0247308400,28822959,1426148069.8500,8.730800,1,-6.328600,356.866000,9.102121,3.701268,175.751207,0
2026-02-12,sh.600391,95.8307952000,101.3873707200,95.6294700000,100.0787569200,97.4413968000,22777451,1125036128.7900,6.899600,1,2.706600,366.524976,9.348480,3.801447,180.508110,0
2026-02-13,sh.600391,100.4210097600,106.2997056000,98.6493480000,103.5012853200,100.0787569200,27309177,1397970258.0800,8.272300,1,3.419800,379.059526,9.668182,3.931450,186.681189,0
2026-02-24,sh.600391,102.1121414400,105.3736096800,100.5216723600,102.9778398000,103.5012853200,17431601,894176444.6000,5.280200,1,-0.505700,377.142477,9.619287,3.911567,185.737071,0
2026-02-25,sh.600391,102.9778398000,104.0045983200,99.8572992000,100.3203471600,102.9778398000,17253595,867968410.9800,5.226300,1,-2.580600,367.409768,9.371047,3.810623,180.943857,0
2026-02-26,sh.600391,100.2599496000,109.1585234400,98.4480228000,107.1050064000,100.3203471600,30211965,1560827754.0600,9.151600,1,6.763000,392.257669,10.004810,4.068336,193.181079,0
2026-02-27,sh.600391,106.7426210400,111.7757510400,103.8838032000,105.2930796000,107.1050064000,29069300,1551436264.6200,8.805400,1,-1.691700,385.621731,9.835556,3.999510,189.912978,0
2026-03-02,sh.600391,106.7023560000,107.5479218400,101.8705512000,104.8904292000,105.2930796000,25911602,1345487447.8900,7.848900,1,-0.382400,384.147078,9.797944,3.984216,189.186733,0
2026-03-03,sh.600391,104.8702966800,104.8702966800,94.4013862800,94.4013862800,104.8904292000,23791784,1156429905.9800,7.206800,1,-10.000000,345.732371,8.818149,3.585794,170.268060,0
2026-03-04,sh.600391,91.8042912000,98.6292154800,91.7036286000,97.4615293200,94.4013862800,17448815,836796764.9400,5.285400,1,3.241600,356.939733,9.104001,3.702032,175.787519,0
2026-03-05,sh.600391,98.0453724000,98.6493480000,93.7168806000,95.6294700000,97.4615293200,14334344,682452005.6700,4.342000,1,-1.879800,350.230062,8.932866,3.632442,172.483106,0
2026-03-06,sh.600391,94.5825789600,105.1924170000,94.5825789600,101.9712138000,95.6294700000,37100328,1891956673.4800,11.238100,1,6.631600,373.455845,9.525256,3.873331,183.921460,0
2026-03-09,sh.600391,98.3473602000,100.0183593600,95.2268196000,98.6694805200,101.9712138000,27321931,1320987205.4200,8.276100,1,-3.237900,361.363691,9.216837,3.747916,177.966253,0
2026-03-10,sh.600391,99.0117333600,103.0785024000,98.7701431200,99.0922634400,98.6694805200,15355519,764592544.3500,4.651400,1,0.428500,362.912077,9.256330,3.763975,178.728810,0
2026-03-11,sh.600391,100.2599496000,100.5015398400,92.6699895600,93.1129050000,99.0922634400,26311745,1236971038.1400,7.970100,1,-6.034100,341.013481,8.697791,3.536852,167.944077,0
2026-03-12,sh.600391,92.6095920000,93.6363505200,87.8985823200,89.0461359600,93.1129050000,23456815,1046775171.3200,7.105300,1,-4.367600,326.119487,8.317909,3.382377,160.609006,0
2026-03-13,sh.600391,88.5830880000,89.8917018000,87.2342091600,87.5764620000,89.0461359600,15901214,697972450.3000,4.816700,1,-1.650500,320.737004,8.180625,3.326553,157.958213,0
2026-03-16,sh.600391,87.5563294800,88.0999075200,84.8787043200,86.7711612000,87.5764620000,14023669,600754477.4700,4.247900,1,-0.919500,317.787698,8.105401,3.295964,156.505724,0
2026-03-17,sh.600391,87.7173896400,87.7777872000,84.2143311600,84.2747287200,86.7711612000,10399143,442228989.6200,3.150000,1,-2.877000,308.644850,7.872206,3.201138,152.003007,0
2026-03-18,sh.600391,84.5565840000,85.4021498400,83.6707531200,85.3216197600,84.2747287200,9424603,396417068.0800,2.854800,1,1.242200,312.478948,7.969997,3.240903,153.891243,0
2026-03-19,sh.600391,83.9727409200,84.6169815600,81.5367060000,81.8789588400,85.3216197600,10015174,411173132.7000,3.033700,1,-4.034900,299.870666,7.648414,3.110135,147.681851,0
2026-03-20,sh.600391,82.2010791600,83.3083677600,79.4227914000,79.5435865200,81.8789588400,9990567,402110647.7700,3.026300,1,-2.852200,291.317679,7.430264,3.021427,143.469632,0
2026-03-23,sh.600391,78.1947076800,79.3019962800,74.4701914800,75.2956248000,79.5435865200,14192810,541587102.7700,4.299200,1,-5.340400,275.760091,7.033457,2.860070,135.807751,0
2026-03-24,sh.600391,76.8860938800,77.8725873600,75.6378776400,77.6712621600,75.2956248000,14116269,539242258.1100,4.276000,1,3.155100,284.460543,7.255368,2.950308,140.092595,0
2026-03-25,sh.600391,78.4966954800,80.4294174000,78.3557678400,80.2280922000,77.6712621600,9313947,369094768.8400,2.821300,1,3.291900,293.824589,7.494205,3.047428,144.704248,0
2026-03-26,sh.600391,80.7314052000,82.5433320000,78.5570930400,79.5234540000,80.2280922000,10436019,415745999.0800,3.161200,1,-0.878300,291.243946,7.428384,3.020663,143.433320,0
2026-03-27,sh.600391,78.2752377600,82.9459824000,77.9128524000,80.8320678000,79.5234540000,13131425,526297441.6100,3.977700,1,1.645600,296.036568,7.550623,3.070370,145.793615,0
2026-03-30,sh.600391,80.2280922000,81.7380312000,80.1475621200,80.7716702400,80.8320678000,11201973,449678447.0800,3.393200,1,-0.074700,217.566466,7.418875,3.063711,47.616247,0
2026-03-31,sh.600391,81.5367060000,82.5030669600,79.3019962800,79.3019962800,80.7716702400,10338965,414626181.1700,3.131800,1,-1.819500,213.607754,7.283885,3.007966,46.749849,0
2026-04-01,sh.600391,80.5300800000,81.2749832400,78.7986832800,79.9261044000,79.3019962800,8679072,343909199.3600,2.629000,1,0.787000,215.288851,7.341209,3.031639,47.117772,0
2026-04-02,sh.600391,79.3221288000,82.2614767200,79.2415987200,79.5637190400,79.9261044000,9718737,389107920.5000,2.943900,1,-0.453400,214.312730,7.307924,3.017893,46.904139,0
2026-04-03,sh.600391,79.8053092800,80.5099474800,77.1679491600,77.5907320800,79.5637190400,6924485,269459202.0300,2.097500,1,-2.479800,208.998295,7.126706,2.943057,45.741031,0
2026-04-07,sh.600391,80.3287548000,80.5300800000,76.1009256000,76.6445036400,77.5907320800,9570121,368336399.9000,2.898900,1,-1.219500,206.449535,7.039794,2.907166,45.183213,0
2026-04-08,sh.600391,77.2887442800,82.2010791600,77.2887442800,81.8990913600,76.6445036400,13927110,555794582.6600,4.218700,1,6.855800,220.603286,7.522428,3.106475,48.280880,0
2026-04-09,sh.600391,80.1878271600,81.3353808000,79.2818637600,80.9327304000,81.8990913600,8853118,353758886.7800,2.681700,1,-1.179900,218.000297,7.433668,3.069820,47.711194,0
2026-04-10,sh.600391,81.9796214400,83.5902230400,81.2548507200,81.5367060000,80.9327304000,10886157,444400569.5200,3.297500,1,0.746300,219.627165,7.489143,3.092729,48.067248,0
2026-04-13,sh.600391,80.5300800000,82.1809466400,80.3086222800,80.8924653600,81.5367060000,8723204,351515470.4400,2.642400,1,-0.790100,217.891840,7.429970,3.068293,47.687458,0
2026-04-14,sh.600391,82.0400190000,83.1070425600,80.3690198400,81.5769710400,80.8924653600,9156087,369196630.9200,2.773500,1,0.846200,219.735623,7.492841,3.094257,48.090985,0
2026-04-15,sh.600391,81.7984287600,82.4426694000,79.9462369200,80.1274296000,81.5769710400,9828187,396505299.1200,2.977100,1,-1.776900,215.831140,7.359701,3.039275,47.236456,0
2026-04-16,sh.600391,80.1475621200,80.4898149600,79.0201410000,80.0267670000,80.1274296000,8057500,318615762.5200,2.440700,1,-0.125600,215.559996,7.350455,3.035457,47.177114,0
2026-04-17,sh.600391,79.9865019600,82.7647897200,78.8188158000,80.8924653600,80.0267670000,12498100,502752202.3700,3.785800,1,1.081800,217.891840,7.429970,3.068293,47.687458,0
2026-04-20,sh.600391,81.3152482800,86.9120888400,80.3287548000,84.7780417200,80.8924653600,27809351,1164984974.4400,8.423800,1,4.803400,228.358023,7.786860,3.215675,49.978070,0
2026-04-21,sh.600391,84.4559214000,85.3216197600,81.2145856800,82.4225368800,84.7780417200,19713249,807808612.5800,5.971400,1,-2.778400,222.013238,7.570507,3.126330,48.589460,0
2026-04-22,sh.600391,81.2749832400,81.4360434000,80.0871645600,81.3353808000,82.4225368800,13029801,522577486.1500,3.946900,1,-1.319000,219.084876,7.470651,3.085093,47.948564,0
2026-04-23,sh.600391,82.1809466400,85.3014872400,80.5502125200,81.9393564000,81.3353808000,22436848,921844899.5400,6.796400,1,0.742600,220.711744,7.526127,3.108002,48.304617,0
2026-04-24,sh.600391,81.5769710400,82.2816092400,78.1544426400,78.4161654000,81.9393564000,14334435,563438348.3300,4.342100,1,-4.299800,211.221681,7.202522,2.974366,46.227637,0
2026-04-27,sh.600391,75.4969500000,76.0002630000,70.9067354400,73.9870110000,78.4161654000,25472006,926015652.3000,7.715800,1,-5.648300,263.969926,6.837293,2.829357,69.733752,0
2026-04-28,sh.600391,73.9870110000,74.3493963600,70.4839525200,70.7054102400,73.9870110000,15402710,548479952.0300,4.665700,1,-4.435400,252.261872,6.534033,2.703865,66.640800,0
2026-04-29,sh.600391,71.0677956000,73.3629028800,70.2624948000,73.1011801200,70.7054102400,12564409,449898860.6300,3.805900,1,3.388400,260.809470,6.755431,2.795482,68.898845,0
2026-04-30,sh.600391,72.2757468000,77.6712621600,72.2757468000,74.8728418800,73.1011801200,14596568,547099926.9900,4.421500,1,2.423600,267.130382,6.919154,2.863232,70.568660,0
2026-05-06,sh.600391,74.4701914800,77.1075516000,74.4500589600,76.6042386000,74.8728418800,10565828,400444982.8800,3.200500,1,2.312400,273.307638,7.079156,2.929443,72.200525,0
2026-05-07,sh.600391,76.6042386000,78.9194784000,75.8794678800,77.9128524000,76.6042386000,12168911,470519503.0700,3.686100,1,1.708300,277.976493,7.200088,2.979486,73.433911,0
2026-05-08,sh.600391,77.5907320800,85.7041376400,76.9464914400,85.7041376400,77.9128524000,28684032,1180627650.9500,8.688700,1,10.000000,305.774143,7.920097,3.277435,80.777302,0
2026-05-11,sh.600391,88.5830880000,89.5897140000,86.5698360000,88.6636180800,85.7041376400,38425640,1678568711.5200,11.639600,1,3.453100,316.332940,8.193589,3.390609,83.566652,0
2026-05-12,sh.600391,88.5428229600,88.7642806800,85.5028124400,86.0665230000,88.6636180800,19604618,839590864.6700,5.938500,1,-2.929200,307.067057,7.953586,3.291293,81.118855,0
2026-05-13,sh.600391,85.2612222000,92.0056164000,84.5364514800,89.7306416400,86.0665230000,27970041,1239004968.4700,8.472400,1,4.257300,320.139853,8.292194,3.431414,84.572336,0
2026-05-14,sh.600391,89.3883888000,89.3883888000,84.3351262800,84.3351262800,89.7306416400,14811704,636225281.5200,4.486600,1,-6.013000,300.889801,7.793584,3.225082,79.486990,0
2026-05-15,sh.600391,84.4559214000,89.5091839200,83.1875726400,83.8720783200,84.3351262800,15885076,679336581.8900,4.811800,1,-0.549100,299.237745,7.750792,3.207375,79.050561,0
2026-05-18,sh.600391,83.5499580000,87.1738116000,82.9459824000,84.5565840000,83.8720783200,10475965,443857265.2200,3.173300,1,0.816100,301.679915,7.814049,3.233551,79.695717,0
2026-05-19,sh.600391,84.2948612400,85.2410896800,82.3017417600,84.6773791200,84.5565840000,10745797,445993605.2400,3.255000,1,0.142900,302.110887,7.825212,3.238170,79.809568,0
2026-05-20,sh.600391,84.0331384800,90.2138221200,83.8318132800,87.0530164800,84.6773791200,21713285,948511447.9000,6.577200,1,2.805500,310.586656,8.044750,3.329018,82.048638,0
2026-05-21,sh.600391,87.5764620000,95.6898675600,86.6302335600,88.7038831200,87.0530164800,24008454,1088427111.8100,7.272400,1,1.896400,316.476597,8.197310,3.392149,83.604602,0
2026-05-22,sh.600391,88.8045457200,90.1936896000,86.5497034800,87.7173896400,88.7038831200,15048111,657600576.4100,4.558200,1,-1.112100,312.956998,8.106146,3.354424,82.674819,0
2026-05-25,sh.600391,88.6032205200,89.8514367600,84.5767165200,85.0800295200,87.7173896400,13628788,585633586.0900,4.128300,1,-3.006700,303.547458,7.862422,3.253568,80.189072,0
2026-05-26,sh.600391,84.5364514800,86.1470530800,80.8924653600,81.6776336400,85.0800295200,12845484,527380747.2400,3.891000,1,-3.999100,291.408433,7.547999,3.123456,76.982268,0
2026-05-27,sh.600391,81.4763084400,82.3017417600,75.6781426800,75.8996004000,81.6776336400,17302769,665846458.8900,5.241200,1,-7.074200,270.793638,7.014039,2.902497,71.536394,0
2026-05-28,sh.600391,76.7451662400,78.7181532000,76.0203955200,76.3827808800,75.8996004000,10821892,414262672.1800,3.278100,1,0.636600,272.517524,7.058691,2.920974,71.991798,0
2026-05-29,sh.600391,76.3827808800,76.8860938800,71.7321687600,71.7321687600,76.3827808800,11699818,429401429.1700,3.544000,1,-6.088600,255.925128,6.628918,2.743129,67.608533,0
2026-06-01,sh.600391,73.3226378400,74.2889988000,70.2020972400,70.3027598400,71.7321687600,11669212,414162263.1300,3.534700,1,-1.992700,250.825301,6.496824,2.688467,66.261296,0
2026-06-02,sh.600391,70.3027598400,70.6450126800,65.5716176400,67.8868574400,70.3027598400,14944921,500388597.4100,4.527000,1,-3.436400,242.205875,6.273565,2.596080,63.984276,0
2026-06-03,sh.600391,67.9069899600,69.5175915600,66.9607615200,68.2291102800,67.8868574400,8923548,301701214.1600,2.703000,1,0.504200,243.426960,6.305193,2.609168,64.306854,0
2026-06-04,sh.600391,67.5446046000,69.1350736800,66.4373160000,68.7928208400,68.2291102800,10483773,353174597.5900,3.175700,1,0.826200,245.438160,6.357287,2.630725,64.838158,0
2026-06-05,sh.600391,68.8330858800,69.4370614800,67.2828818400,68.0277850800,68.7928208400,10032599,339820876.2000,3.039000,1,-1.112100,242.708675,6.286589,2.601469,64.117102,0
2026-06-08,sh.600391,65.0481721200,67.3634119200,61.9678965600,62.8738599600,68.0277850800,12098328,385472658.5700,3.664700,1,-7.576200,224.320566,5.810304,2.404376,59.259458,0
2026-06-09,sh.600391,64.1220762000,64.1220762000,62.2497518400,63.4174380000,62.8738599600,7825481,245683791.6900,2.370400,1,0.864600,226.259937,5.860537,2.425163,59.771788,0
2026-06-10,sh.600391,63.0147876000,64.3234014000,60.9411380400,61.8068364000,63.4174380000,7635960,235826759.6000,2.313000,1,-2.539700,220.513652,5.711698,2.363572,58.253774,0
2026-06-11,sh.600391,61.4243185200,65.0884371600,60.8606079600,64.0818111600,61.8068364000,14598910,460008820.7300,4.422200,1,3.680800,228.630279,5.921933,2.450570,60.397968,0
2026-06-12,sh.600391,65.0481721200,70.4839525200,64.5448591200,70.4839525200,64.0818111600,13649191,471427968.1400,4.134500,1,9.990600,251.471758,6.513568,2.695396,66.432073,0
2026-06-15,sh.600391,68.7726883200,72.6582646800,68.2895078400,71.2892533200,70.4839525200,27170345,956817505.4400,8.230200,1,1.142500,254.344900,6.587988,2.726192,67.191080,0
2026-06-16,sh.600391,70.9671330000,71.6516386800,69.2357362800,69.6585192000,71.2892533200,13832118,481792488.1100,4.189900,1,-2.287500,248.526787,6.437288,2.663830,65.654091,0
2026-06-17,sh.600391,69.5175915600,70.5846151200,68.5109655600,69.5175915600,69.6585192000,9986971,344652900.1100,3.025200,1,-0.202300,248.023988,6.424265,2.658441,65.521265,0
2026-06-18,sh.600391,69.0344110800,71.4704460000,67.4439420000,70.7054102400,69.5175915600,11122212,387092004.7100,3.369000,1,1.708700,252.261872,6.534033,2.703865,66.640800,0
2026-06-22,sh.600391,69.8397118800,73.0810476000,68.9136159600,71.0677956000,70.7054102400,12514615,438822149.3900,3.790800,1,0.512500,253.554786,6.567522,2.717723,66.982353,0
2026-06-23,sh.600391,70.4436874800,70.4436874800,67.6050021600,68.1485802000,71.0677956000,8760614,299145962.1900,2.653700,1,-4.107600,243.139646,6.297751,2.606088,64.230953,0
2026-06-24,sh.600391,68.2089777600,68.2492428000,66.1353282000,66.5782436400,68.1485802000,8334762,277135565.3200,2.524700,1,-2.304300,237.537019,6.152633,2.546037,62.750890,0
2026-06-25,sh.600391,66.0346656000,67.4439420000,64.0214136000,64.1824737600,66.5782436400,11297778,365343629.5400,3.422200,1,-3.598400,228.989421,5.931235,2.454419,60.492844,0
2026-06-26,sh.600391,64.0616786400,66.4373160000,61.8068364000,63.5181006000,64.1824737600,14357412,454805106.9000,4.349000,1,-1.035100,226.619079,5.869839,2.429013,59.866664,0
2026-06-29,sh.600391,64.0616786400,64.0616786400,60.6391502400,61.2229933200,63.5181006000,13314809,408455916.3300,4.033200,1,-3.613300,218.430624,5.657744,2.341245,57.703494,0
2026-06-30,sh.600391,60.8606079600,67.3432794000,60.8606079600,67.3432794000,61.2229933200,16885745,550818121.8200,5.114900,1,9.996700,240.266504,6.223332,2.575292,63.471946,0
2026-07-01,sh.600391,68.0076525600,70.0209045600,66.7997013600,69.1350736800,67.3432794000,16861515,574496363.8000,5.107500,1,2.660700,246.659245,6.388915,2.643813,65.160736,0
2026-07-02,sh.600391,68.6518932000,69.3565314000,64.4240640000,65.0079070800,69.1350736800,14247541,473129537.9800,4.315700,1,-5.969700,231.934392,6.007515,2.485985,61.270826,0
2026-07-03,sh.600391,65.6722802400,71.5107110400,65.0884371600,71.5107110400,65.0079070800,10985304,384730715.7700,3.327600,1,10.003100,255.135014,6.608453,2.734660,67.399806,0
2026-07-06,sh.600391,72.0341565600,73.4836980000,68.9337484800,70.0209045600,71.5107110400,22470976,784974339.2000,6.806700,1,-2.083300,249.819701,6.470777,2.677688,65.995644,0
2026-07-07,sh.600391,69.4974590400,70.8664704000,64.7059192800,65.0079070800,70.0209045600,17622785,584496363.8300,5.338100,1,-7.159300,231.934392,6.007515,2.485985,61.270826,0
2026-07-08,sh.600391,65.7528103200,66.6587737200,59.9949096000,60.7398128400,65.0079070800,16968397,529200624.7100,5.139900,1,-6.565500,216.706739,5.613092,2.322768,57.248090,0
2026-07-09,sh.600391,60.4176925200,61.7263063200,58.2836454000,60.9814030800,60.7398128400,14716652,439040468.5300,4.457800,1,0.397700,217.568682,5.635418,2.332006,57.475792,0
2026-07-10,sh.600391,61.0015356000,65.8937379600,60.1157047200,62.1893542800,60.9814030800,22736922,714780764.6500,6.887300,1,1.980900,221.878395,5.747047,2.378200,58.614302,0
2026-07-13,sh.600391,62.2094868000,62.2497518400,55.9684056000,55.9684056000,62.1893542800,18910750,535032721.6700,5.728300,1,-10.003200,199.683373,5.172156,2.140303,52.750975,0
2026-07-14,sh.600391,55.4852251200,57.3374169600,51.6399138000,57.0756942000,55.9684056000,20663823,554490136.9700,6.259300,1,1.978400,203.633943,5.274483,2.182647,53.794609,0
2026-07-15,sh.600391,56.4717186000,57.5387421600,55.7872129200,56.7535738800,57.0756942000,11406351,320907880.2500,3.455100,1,-0.564400,202.484686,5.244715,2.170329,53.491006,0
2026-07-16,sh.600391,55.5657552000,59.5519941600,55.1631048000,56.8945015200,56.7535738800,13878194,399043004.3200,4.203900,1,0.248300,202.987486,5.257739,2.175718,53.623832,0
2026-07-17,sh.600391,56.7334413600,57.5790072000,54.1363462800,54.1967438400,56.8945015200,10342380,286744885.2200,3.132800,1,-4.741700,193.362460,5.008433,2.072552,51.081160,0
2026-07-20,sh.600391,54.9416470800,56.3307909600,51.7405764000,53.2102503600,54.1967438400,12894719,345384289.1800,3.906000,1,-1.820200,189.842861,4.917269,2.034827,50.151376,0
2026-07-21,sh.600391,53.5525032000,53.8544910000,50.8144804800,53.2505154000,53.2102503600,12085277,316610902.0200,3.660800,1,0.075700,189.986518,4.920990,2.036367,50.189327,0
2026-07-22,sh.600391,52.5458772000,54.4785991200,52.1834918400,53.0693227200,53.2505154000,9934000,263638535.3400,3.009100,1,-0.340300,189.340061,4.904246,2.029438,50.018550,0
2026-07-23,sh.600391,52.8679975200,54.9416470800,52.6666723200,54.5792617200,53.0693227200,9095979,245226605.4900,2.755300,1,2.845200,194.727203,5.043783,2.087180,51.441688,0
2026-07-24,sh.600391,54.4785991200,54.9013820400,52.7472024000,52.7673349200,54.5792617200,7770222,207741789.0200,2.353700,1,-3.319800,188.262633,4.876339,2.017890,49.733922,0
2026-07-27,sh.600391,52.7472024000,55.9281405600,52.1432268000,55.8677430000,52.7673349200,11167253,303873735.4800,3.382700,1,5.875600,199.324230,5.162854,2.136453,52.656099,0
2026-07-28,sh.600391,55.5858877200,56.1898633200,54.5993942400,54.7403218800,55.8677430000,6055000,165757556.9800,1.834100,1,-2.018000,195.301831,5.058667,2.093339,51.593489,0
2026-07-29,sh.600391,54.8611170000,57.2568868800,53.7336958800,56.7334413600,54.7403218800,11594892,320586232.4100,3.512200,1,3.641000,202.412857,5.242855,2.169559,53.472031,0
2026-07-30,sh.600391,56.3307909600,57.2770194000,55.1429722800,55.3241649600,56.7334413600,7927300,220942115.3000,2.401300,1,-2.484000,197.384859,5.112621,2.115666,52.143769,0
2026-07-31,sh.600391,56.2905259200,56.9951641200,55.5858877200,55.7670804000,55.3241649600,8262400,230672325.2100,2.502800,1,0.800600,198.965087,5.153551,2.132604,52.561223,0
2026-08-03,sh.600391,55.5657552000,58.9480185600,55.1832373200,58.5856332000,55.7670804000,10688210,306234750.6300,3.237600,1,5.054200,209.021084,5.414020,2.240389,55.217747,0
2026-08-04,sh.600391,58.5856332000,60.9411380400,58.3843080000,60.0351746400,58.5856332000,10514937,313204543.8100,3.185100,1,2.474200,214.192740,5.547975,2.295821,56.583959,0
2026-08-05,sh.600391,61.2431258400,62.3705469600,60.1157047200,62.0282941200,60.0351746400,9629000,291378780.5500,2.916700,1,3.319900,221.303766,5.732163,2.372041,58.462501,0
2026-08-06,sh.600391,62.1893542800,63.6187632000,60.0351746400,63.3771729600,62.0282941200,12516036,384042167.3100,3.791300,1,2.174600,226.116279,5.856816,2.423624,59.733837,0
2026-08-07,sh.600391,62.4108120000,63.1758477600,60.8002104000,61.9477640400,63.3771729600,10609888,325514247.5400,3.213900,1,-2.255400,221.016452,5.724721,2.368961,58.386600,0
2026-08-10,sh.600391,62.7731973600,63.2765103600,61.0216681200,62.9141250000,61.9477640400,8938367,276388330.7700,2.707500,1,1.560000,224.464223,5.814025,2.405916,59.297409,0
2026-08-11,sh.600391,61.4041860000,62.2094868000,60.4579575600,61.2632583600,62.9141250000,6969290,212455259.3500,2.111100,1,-2.624000,218.574282,5.661465,2.342785,57.741445,0
2026-08-12,sh.600391,60.7599453600,64.0214136000,60.7599453600,63.3771729600,61.2632583600,8537362,266940404.4600,2.586100,1,3.450500,226.116279,5.856816,2.423624,59.733837,0
2026-08-13,sh.600391,63.8200884000,64.2630038400,62.3302819200,62.3504144400,63.3771729600,6066947,190869673.5900,1.837700,1,-1.620100,222.453023,5.761931,2.384359,58.766104,0
2026-08-14,sh.600391,62.1289567200,64.4240640000,62.1289567200,62.8939924800,62.3504144400,5930090,185988648.3200,1.796300,1,0.871800,224.392394,5.812164,2.405146,59.278433,0
2026-08-17,sh.600391,62.8939924800,65.1488347200,62.8939924800,64.7864493600,62.8939924800,7525500,240557616.9800,2.279600,1,3.009000,231.144278,5.987050,2.477516,61.062099,0
2026-08-18,sh.600391,64.4643290400,65.1287022000,62.7530648400,63.8200884000,64.7864493600,6973200,220346942.7800,2.112300,1,-1.491600,227.696508,5.897747,2.440561,60.151291,0
2026-08-19,sh.600391,64.5045940800,64.6253892000,58.8272234400,59.1896088000,63.8200884000,12774300,383657066.4200,3.869500,1,-7.255500,211.175941,5.469834,2.263486,55.787002,0
2026-08-20,sh.600391,60.1559697600,61.7263063200,59.3104039200,59.7734518800,59.1896088000,6693357,200382410.0900,2.027500,1,0.986400,213.258969,5.523789,2.285813,56.337282,0
2026-08-21,sh.600391,59.6727892800,62.7731973600,58.6862958000,61.8269689200,59.7734518800,9231820,280951659.3600,2.796400,1,3.435500,220.585481,5.713558,2.364342,58.272749,0
2026-08-24,sh.600391,61.7665713600,64.0214136000,61.1827282800,62.2094868000,61.8269689200,8176120,253759380.3200,2.476600,1,0.618700,221.950223,5.748908,2.378970,58.633278,0
2026-08-25,sh.600391,63.0751851600,63.3973054800,61.0015356000,62.8134624000,62.2094868000,5668922,175722486.2500,1.717200,1,0.970900,224.105080,5.804722,2.402067,59.202533,0
2026-08-26,sh.600391,62.7329323200,64.9273770000,62.4108120000,64.0214136000,62.8134624000,8186312,260723461.0500,2.479700,1,1.923100,228.414793,5.916351,2.448260,60.341043,0
2026-08-27,sh.600391,63.5784981600,68.1485802000,63.4778355600,66.8802314400,64.0214136000,13117184,429039285.8600,3.973300,1,4.465400,193.393203,6.125299,2.511235,-224.385024,0
