date,code,open,high,low,close,preclose,volume,amount,turn,tradestatus,pctChg,peTTM,pbMRQ,psTTM,pcfNcfTTM,isST
2017-03-21,sz.002855,7.8500000000,9.4200000000,7.8500000000,9.4200000000,6.5400000000,16630,156248.0000,0.027717,1,44.036700,31.319181,2.810155,1.231462,189.046789,0
2017-03-22,sz.002855,10.3600000000,10.3600000000,10.3600000000,10.3600000000,9.4200000000,4237,43895.0000,0.007062,1,9.978764,34.444450,3.090574,1.354347,207.911331,0
2017-03-23,sz.002855,11.4000000000,11.4000000000,11.4000000000,11.4000000000,10.3600000000,5141,58607.0000,0.008568,1,10.038610,37.902194,3.400825,1.490305,228.782739,0
2017-03-24,sz.002855,12.5400000000,12.5400000000,12.5400000000,12.5400000000,11.4000000000,8750,109725.0000,0.014583,1,10.000000,41.692413,3.740907,1.639335,251.661012,0
2017-03-27,sz.002855,13.7900000000,13.7900000000,13.7900000000,13.7900000000,12.5400000000,14998,206822.0000,0.024997,1,9.968102,45.848355,4.113805,1.802746,276.746839,0
2017-03-28,sz.002855,15.1700000000,15.1700000000,15.1700000000,15.1700000000,13.7900000000,6854,103975.0000,0.011423,1,10.007250,50.436515,4.525484,1.983151,304.441592,0
2017-03-29,sz.002855,16.6900000000,16.6900000000,16.6900000000,16.6900000000,15.1700000000,12600,210294.0000,0.021000,1,10.019780,55.490141,4.978927,2.181858,334.945957,0
2017-03-30,sz.002855,18.3600000000,18.3600000000,18.3600000000,18.3600000000,16.6900000000,40175,737613.0000,0.066958,1,10.005990,61.042480,5.477118,2.400175,368.460621,0
2017-03-31,sz.002855,20.2000000000,20.2000000000,20.2000000000,20.2000000000,18.3600000000,79630,1608526.0000,0.132717,1,10.021790,67.160027,6.026023,2.640715,405.386958,0
2017-04-05,sz.002855,22.2200000000,22.2200000000,22.2200000000,22.2200000000,20.2000000000,153101,3401904.0000,0.255168,1,9.999992,73.876030,6.628626,2.904787,445.925654,0
2017-04-06,sz.002855,24.4400000000,24.4400000000,24.4400000000,24.4400000000,22.2200000000,264204,6457145.0000,0.440340,1,9.991005,81.256983,7.290891,3.195004,490.478082,0
2017-04-07,sz.002855,26.8800000000,26.8800000000,26.8800000000,26.8800000000,24.4400000000,274184,7370065.0000,0.456973,1,9.983627,89.369383,8.018787,3.513981,539.445615,0
2017-04-10,sz.002855,29.5700000000,29.5700000000,28.2000000000,28.3100000000,26.8800000000,33307322,955089088.0000,55.512203,1,5.319942,94.123781,8.445382,3.700923,568.143801,0
2017-04-11,sz.002855,26.5000000000,26.7900000000,25.4800000000,26.4900000000,28.3100000000,22682615,588490896.0000,37.804358,1,-6.428823,88.072729,7.902443,3.462997,531.618837,0
2017-04-12,sz.002855,25.6400000000,25.8400000000,24.2300000000,24.3600000000,26.4900000000,14882357,373542032.0000,24.803928,1,-8.040767,80.991003,7.267026,3.184545,488.872589,0
2017-04-13,sz.002855,24.0000000000,25.2900000000,23.6600000000,24.3800000000,24.3600000000,9015982,222454986.0000,15.026637,1,0.082096,81.057498,7.272992,3.187160,489.273962,0
2017-04-14,sz.002855,24.3500000000,24.3500000000,23.2000000000,23.3800000000,24.3800000000,8721542,206216991.0000,14.535903,1,-4.101723,77.732744,6.974674,3.056432,469.205301,0
2017-04-17,sz.002855,22.0000000000,22.0000000000,21.0400000000,21.0400000000,23.3800000000,9447655,201605188.0000,15.746092,1,-10.008550,69.952820,6.276610,2.750527,422.244633,0
2017-04-18,sz.002855,20.9200000000,21.3700000000,19.6200000000,19.8800000000,21.0400000000,7588176,156028619.0000,12.646960,1,-5.513316,66.096106,5.930561,2.598882,398.964986,0
2017-04-19,sz.002855,20.1000000000,21.6200000000,19.6800000000,21.5000000000,19.8800000000,10508231,217494711.0000,17.513718,1,8.148898,71.482207,6.413837,2.810662,431.476217,0
2017-04-20,sz.002855,21.4800000000,21.4800000000,20.2500000000,20.7600000000,21.5000000000,7547667,157690736.0000,12.579445,1,-3.441859,69.021889,6.193081,2.713923,416.625408,0
2017-04-21,sz.002855,20.6100000000,21.4300000000,20.6000000000,20.9200000000,20.7600000000,5846163,123122009.0000,9.743605,1,0.770712,69.553850,6.240812,2.734840,419.836394,0
2017-04-24,sz.002855,20.6000000000,20.8000000000,19.4800000000,19.7700000000,20.9200000000,4917242,98242961.0000,8.195403,1,-5.497130,65.730383,5.897746,2.584502,396.757433,0
2017-04-25,sz.002855,20.0000000000,20.5000000000,19.8100000000,19.9000000000,19.7700000000,4692621,94678266.0000,7.821035,1,0.657558,66.162601,5.936528,2.601496,399.366359,0
2017-04-26,sz.002855,19.9000000000,20.9800000000,19.7200000000,20.5200000000,19.9000000000,6929944,142093483.0000,11.549907,1,3.115582,65.163478,4.235874,2.728039,18.718764,0
2017-04-27,sz.002855,20.3500000000,22.4900000000,20.1300000000,22.0600000000,20.5200000000,12364567,265492613.0000,20.607612,1,7.504869,70.053915,4.553771,2.932775,20.123583,0
2017-04-28,sz.002855,21.7000000000,22.5200000000,21.6600000000,22.1300000000,22.0600000000,9241712,204343904.0000,15.402853,1,0.317315,70.276207,4.568221,2.942081,20.187439,0
2017-05-02,sz.002855,22.1100000000,22.1100000000,21.3100000000,21.5800000000,22.1300000000,6717238,145428408.0000,11.195397,1,-2.485311,68.529623,4.454686,2.868961,19.685718,0
2017-05-03,sz.002855,21.6100000000,22.6100000000,21.6100000000,22.6100000000,21.5800000000,10604189,234985327.0000,17.673648,1,4.772941,71.800499,4.667306,3.005895,20.625305,0
2017-05-04,sz.002855,22.4700000000,22.4700000000,21.7300000000,21.9400000000,22.6100000000,7031655,155153280.0000,11.719425,1,-2.963291,69.672842,4.529000,2.916821,20.014117,0
2017-05-05,sz.002855,21.7200000000,21.9300000000,20.0500000000,20.2200000000,21.9400000000,7009883,149100436.0000,11.683138,1,-7.839568,64.210796,4.173946,2.688155,18.445098,0
2017-05-08,sz.002855,20.2800000000,20.4900000000,19.1500000000,19.1500000000,20.2200000000,5826242,115357162.0000,9.710403,1,-5.291789,60.812895,3.953070,2.545904,17.469022,0
2017-05-09,sz.002855,19.1600000000,19.8800000000,19.0200000000,19.6900000000,19.1500000000,4601445,89711531.0000,7.669075,1,2.819848,62.527723,4.064540,2.617694,17.961621,0
2017-05-10,sz.002855,19.6600000000,20.2800000000,19.2000000000,19.2000000000,19.6900000000,6026963,119358138.0000,10.044938,1,-2.488572,60.971675,3.963391,2.552551,17.514633,0
2017-05-11,sz.002855,19.1600000000,20.0900000000,18.2000000000,20.0500000000,19.2000000000,6506875,126736208.0000,10.844792,1,4.427075,63.670942,4.138854,2.665554,18.290020,0
2017-05-12,sz.002855,19.9600000000,20.4700000000,19.6300000000,20.3000000000,20.0500000000,6637767,133350487.0000,11.062945,1,1.246883,64.464844,4.190460,2.698791,18.518075,0
2017-05-15,sz.002855,20.3100000000,20.5400000000,19.9500000000,20.0000000000,20.3000000000,4572834,92034936.0000,7.621390,1,-1.477829,63.512162,4.128532,2.658907,18.244409,0
2017-05-16,sz.002855,19.8500000000,20.8000000000,19.5000000000,20.7100000000,20.0000000000,6605879,132452497.0000,11.009798,1,3.549995,65.766844,4.275095,2.753298,18.892086,0
2017-05-17,sz.002855,20.6000000000,21.2000000000,20.5200000000,20.7300000000,20.7100000000,6934388,144793922.0000,11.557313,1,0.096574,65.830356,4.279224,2.755957,18.910330,0
2017-05-18,sz.002855,20.2500000000,20.6700000000,20.0000000000,20.0300000000,20.7300000000,4400062,89381253.0000,7.333437,1,-3.376743,63.607430,4.134725,2.662896,18.271776,0
2017-05-19,sz.002855,20.0500000000,20.1900000000,19.3300000000,19.5000000000,20.0300000000,4063465,79971104.0000,6.772442,1,-2.646034,61.924358,4.025319,2.592435,17.788299,0
2017-05-22,sz.002855,19.4600000000,19.7400000000,18.2700000000,18.4300000000,19.5000000000,4988511,94281145.0000,8.314185,1,-5.487178,58.526457,3.804443,2.450183,16.812223,0
2017-05-23,sz.002855,18.1100000000,18.5800000000,17.2300000000,17.3200000000,18.4300000000,4386298,78150331.0000,7.310497,1,-6.022792,55.001532,3.575309,2.302614,15.799658,0
2017-05-24,sz.002855,17.2900000000,17.6800000000,16.9000000000,17.5200000000,17.3200000000,2900335,50402762.0000,4.833892,1,1.154739,55.636654,3.616594,2.329203,15.982102,0
2017-05-25,sz.002855,17.4800000000,17.7900000000,16.8100000000,17.4500000000,17.5200000000,3911117,67508547.0000,6.518528,1,-0.399542,55.414361,3.602144,2.319897,15.918247,0
2017-05-26,sz.002855,17.5300000000,18.1300000000,17.3400000000,17.7200000000,17.4500000000,3605034,63895767.0000,6.008390,1,1.547270,56.271775,3.657880,2.355792,16.164547,0
2017-05-31,sz.002855,18.3000000000,18.7900000000,17.7300000000,17.7900000000,17.7200000000,4702749,86329395.0000,7.837915,1,0.395043,56.494068,3.672329,2.365098,16.228402,0
2017-06-01,sz.002855,17.6000000000,17.6000000000,16.5700000000,16.6000000000,17.7900000000,4140612,70601105.0000,6.901020,1,-6.689154,52.715094,3.426682,2.206893,15.142860,0
2017-06-02,sz.002855,16.5000000000,17.1800000000,16.2000000000,17.0300000000,16.6000000000,2891986,48438901.0000,4.819977,1,2.590363,54.080606,3.515445,2.264059,15.535114,0
2017-06-05,sz.002855,17.3500000000,17.4500000000,17.0400000000,17.0500000000,17.0300000000,2786930,48085300.0000,4.644883,1,0.117431,54.144118,3.519574,2.266718,15.553359,0
2017-06-06,sz.002855,16.7800000000,17.1600000000,16.6500000000,17.1000000000,17.0500000000,1830411,31086242.0000,3.050685,1,0.293262,54.302898,3.529895,2.273366,15.598970,0
2017-06-07,sz.002855,17.1600000000,17.9700000000,17.0600000000,17.7900000000,17.1000000000,4381319,77169940.0000,7.302198,1,4.035090,56.494068,3.672329,2.365098,16.228402,0
2017-06-08,sz.002855,17.7800000000,17.9500000000,17.3500000000,17.5200000000,17.7900000000,3269306,57636874.0000,5.448843,1,-1.517709,55.636654,3.616594,2.329203,15.982102,0
2017-06-09,sz.002855,17.4600000000,17.7500000000,17.3000000000,17.7100000000,17.5200000000,2603954,45654028.0000,4.339923,1,1.084467,56.240019,3.655815,2.354462,16.155424,0
2017-06-12,sz.002855,17.2600000000,17.4000000000,16.8500000000,16.9000000000,17.7100000000,3046455,52202079.0000,5.077425,1,-4.573685,53.667777,3.488610,2.246777,15.416526,0
2017-06-13,sz.002855,16.9000000000,17.3600000000,16.8200000000,17.2700000000,16.9000000000,2325741,40015067.0000,3.876235,1,2.189354,54.842752,3.564988,2.295966,15.754047,0
2017-06-14,sz.002855,17.2000000000,17.6000000000,17.1600000000,17.4300000000,17.2700000000,3394318,59144755.0000,5.657197,1,0.926461,55.350849,3.598016,2.317238,15.900003,0
2017-06-15,sz.002855,17.4500000000,18.1800000000,17.4300000000,17.8700000000,17.4300000000,6413568,114830040.0000,10.689280,1,2.524386,56.748117,3.688844,2.375734,16.301380,0
2017-06-16,sz.002855,17.7900000000,17.8700000000,17.5300000000,17.6000000000,17.8700000000,3199252,56456609.0000,5.332087,1,-1.510915,55.890702,3.633108,2.339838,16.055080,0
2017-06-19,sz.002855,17.6100000000,17.7500000000,17.4300000000,17.6100000000,17.6000000000,2044173,35918178.0000,3.406955,1,0.056819,55.922459,3.635173,2.341168,16.064202,0
2017-06-20,sz.002855,17.7000000000,17.7600000000,17.4400000000,17.4600000000,17.6100000000,2265379,39878141.0000,3.775632,1,-0.851797,55.446117,3.604209,2.321226,15.927369,0
2017-06-21,sz.002855,17.4700000000,17.5900000000,17.0800000000,17.2800000000,17.4600000000,2201029,38192271.0000,3.668382,1,-1.030919,54.874508,3.567052,2.297296,15.763170,0
2017-06-22,sz.002855,17.2800000000,17.3500000000,17.0100000000,17.0100000000,17.2800000000,2659454,45793277.0000,4.432423,1,-1.562503,54.017094,3.511317,2.261401,15.516870,0
2017-06-23,sz.002855,17.1000000000,17.1300000000,16.5000000000,16.9700000000,17.0100000000,2412430,40582965.0000,4.020717,1,-0.235161,53.890069,3.503060,2.256083,15.480381,0
2017-06-26,sz.002855,16.9200000000,17.0600000000,16.7200000000,17.0300000000,16.9700000000,1575440,26661903.0000,2.625733,1,0.353573,54.080606,3.515445,2.264059,15.535114,0
2017-06-27,sz.002855,17.0600000000,17.2900000000,17.0200000000,17.0500000000,17.0300000000,1709240,29314269.0000,2.848733,1,0.117431,54.144118,3.519574,2.266718,15.553359,0
2017-06-28,sz.002855,17.0000000000,17.0000000000,16.6500000000,16.7100000000,17.0500000000,1687390,28297046.0000,2.812317,1,-1.994136,53.064411,3.449389,2.221517,15.243204,0
2017-06-29,sz.002855,16.7700000000,17.0300000000,16.7100000000,16.8500000000,16.7100000000,1469853,24869725.0000,2.449755,1,0.837829,53.508996,3.478288,2.240129,15.370915,0
2017-06-30,sz.002855,16.5500000000,17.3000000000,16.5500000000,17.1600000000,16.8500000000,2667293,45469505.0000,4.445488,1,1.839759,54.493435,3.542281,2.281342,15.653703,0
2017-07-03,sz.002855,17.1400000000,17.2700000000,17.0100000000,17.2200000000,17.1600000000,1474094,25301425.0000,2.456823,1,0.349647,54.683971,3.554666,2.289319,15.708436,0
2017-07-04,sz.002855,17.2300000000,17.3500000000,17.1100000000,17.2500000000,17.2200000000,1700363,29287692.0000,2.833938,1,0.174220,54.779240,3.560859,2.293307,15.735803,0
2017-07-05,sz.002855,17.3300000000,17.6500000000,17.2500000000,17.6500000000,17.2500000000,3794391,66562810.0000,6.323985,1,2.318838,56.049483,3.643430,2.346486,16.100691,0
2017-07-06,sz.002855,17.6800000000,17.7500000000,17.3600000000,17.6600000000,17.6500000000,3356629,59104430.0000,5.594382,1,0.056659,56.081239,3.645494,2.347815,16.109813,0
2017-07-07,sz.002855,17.5100000000,18.1600000000,17.5000000000,17.9300000000,17.6600000000,5022266,90115398.0000,8.370443,1,1.528881,56.938653,3.701229,2.383710,16.356113,0
2017-07-10,sz.002855,17.6600000000,17.7900000000,17.1700000000,17.1800000000,17.9300000000,3836077,66943019.0000,6.393462,1,-4.182934,54.556947,3.546409,2.284001,15.671948,0
2017-07-11,sz.002855,17.2300000000,17.2300000000,16.8300000000,16.8500000000,17.1800000000,2483146,42260959.0000,4.138577,1,-1.920838,53.508996,3.478288,2.240129,15.370915,0
2017-07-12,sz.002855,16.8000000000,16.9900000000,16.5600000000,16.9600000000,16.8500000000,1975088,33093639.0000,3.291813,1,0.652811,53.858313,3.500995,2.254753,15.471259,0
2017-07-13,sz.002855,16.8800000000,16.9000000000,16.6700000000,16.7400000000,16.9600000000,1325242,22238400.0000,2.208737,1,-1.297166,53.159680,3.455582,2.225505,15.270571,0
2017-07-14,sz.002855,16.7700000000,16.8500000000,16.6500000000,16.6900000000,16.7400000000,1054422,17665508.0000,1.757370,1,-0.298681,53.000899,3.445260,2.218858,15.224960,0
2017-07-17,sz.002855,16.8300000000,16.8300000000,15.0200000000,15.0200000000,16.6900000000,3409104,52777359.0000,5.681840,1,-10.005990,47.697634,3.100528,1.996839,13.701551,0
2017-07-18,sz.002855,14.9900000000,15.2400000000,14.7800000000,15.1200000000,15.0200000000,1451833,21833353.0000,2.419722,1,0.665775,48.015194,3.121170,2.010134,13.792773,0
2017-07-19,sz.002855,15.1100000000,15.1400000000,14.8200000000,15.1100000000,15.1200000000,1647930,24714878.0000,2.746550,1,-0.066139,47.983438,3.119106,2.008804,13.783651,0
2017-07-20,sz.002855,15.0000000000,15.3500000000,14.9100000000,14.9200000000,15.1100000000,1830647,27704294.0000,3.051078,1,-1.257443,47.380073,3.079885,1.983545,13.610329,0
2017-07-21,sz.002855,14.8600000000,15.0300000000,14.7400000000,14.7700000000,14.9200000000,1560184,23152054.0000,2.600307,1,-1.005359,46.903732,3.048921,1.963603,13.473496,0
2017-07-24,sz.002855,14.6800000000,14.8800000000,14.4900000000,14.7800000000,14.7700000000,1777596,26026908.0000,2.962660,1,0.067700,46.935488,3.050985,1.964932,13.482618,0
2017-07-25,sz.002855,14.8300000000,14.9600000000,14.7900000000,14.8800000000,14.7800000000,1207698,17969967.0000,2.012830,1,0.676593,47.253048,3.071628,1.978227,13.573840,0
2017-07-26,sz.002855,14.8800000000,14.9300000000,14.5200000000,14.5200000000,14.8800000000,1334298,19596605.0000,2.223830,1,-2.419353,46.109830,2.997314,1.930367,13.245441,0
2017-07-27,sz.002855,14.5200000000,14.9900000000,14.4900000000,14.9400000000,14.5200000000,2221650,32873260.0000,3.702750,1,2.892556,47.443585,3.084014,1.986204,13.628574,0
2017-07-28,sz.002855,14.9300000000,14.9300000000,14.7800000000,14.7900000000,14.9400000000,1351600,20052272.0000,2.252667,1,-1.004014,46.967244,3.053050,1.966262,13.491741,0
2017-07-31,sz.002855,14.7900000000,14.9800000000,14.7700000000,14.8700000000,14.7900000000,1057683,15724965.0000,1.762805,1,0.540906,47.221292,3.069564,1.976898,13.564718,0
2017-08-01,sz.002855,14.8700000000,15.0700000000,14.8400000000,15.0100000000,14.8700000000,1561774,23335977.0000,2.602957,1,0.941495,47.665878,3.098464,1.995510,13.692429,0
2017-08-02,sz.002855,15.0000000000,15.0800000000,14.8100000000,14.8200000000,15.0100000000,1543000,23076864.0000,2.571667,1,-1.265826,47.062512,3.059242,1.970250,13.519107,0
2017-08-03,sz.002855,14.7900000000,15.2000000000,14.7500000000,14.9400000000,14.8200000000,1902210,28534593.0000,3.170350,1,0.809716,47.443585,3.084014,1.986204,13.628574,0
2017-08-04,sz.002855,14.9000000000,15.1700000000,14.8600000000,14.9600000000,14.9400000000,1493757,22398316.0000,2.489595,1,0.133872,47.507097,3.088142,1.988863,13.646818,0
2017-08-07,sz.002855,14.9700000000,15.2500000000,14.9700000000,15.2200000000,14.9600000000,2260376,34270233.0000,3.767293,1,1.737969,48.332755,3.141813,2.023428,13.883995,0
2017-08-08,sz.002855,15.2000000000,15.2800000000,14.9100000000,15.0000000000,15.2200000000,1706319,25650894.0000,2.843865,1,-1.445468,47.634121,3.096399,1.994180,13.683307,0
2017-08-09,sz.002855,14.9700000000,14.9900000000,14.8800000000,14.9000000000,15.0000000000,1157963,17277043.0000,1.929938,1,-0.666669,47.316561,3.075757,1.980886,13.592085,0
2017-08-10,sz.002855,14.8900000000,14.9900000000,14.5100000000,14.5900000000,14.9000000000,1300914,19154118.0000,2.168190,1,-2.080534,46.332122,3.011764,1.939673,13.309297,0
2017-08-11,sz.002855,14.5800000000,14.7000000000,14.4100000000,14.6000000000,14.5900000000,1482272,21555300.0000,2.470453,1,0.068542,46.363878,3.013829,1.941002,13.318419,0
2017-08-14,sz.002855,14.5200000000,15.1000000000,14.4600000000,14.9300000000,14.6000000000,1677520,24984321.0000,2.795867,1,2.260273,47.411829,3.081949,1.984874,13.619452,0
2017-08-15,sz.002855,14.9000000000,15.0700000000,14.8500000000,15.0100000000,14.9300000000,1613075,24128780.0000,2.688458,1,0.535833,47.665878,3.098464,1.995510,13.692429,0
2017-08-16,sz.002855,15.0100000000,15.5200000000,14.9500000000,15.4400000000,15.0100000000,3621020,55279046.0000,6.035033,1,2.864753,49.031389,3.187227,2.052676,14.084684,0
2017-08-17,sz.002855,15.4600000000,15.4900000000,15.2800000000,15.3300000000,15.4400000000,2290809,35158522.0000,3.818015,1,-0.712433,48.682072,3.164520,2.038052,13.984340,0
2017-08-18,sz.002855,15.2700000000,15.4600000000,15.1800000000,15.2500000000,15.3300000000,1386598,21180643.0000,2.310997,1,-0.521852,48.428023,3.148006,2.027417,13.911362,0
2017-08-21,sz.002855,15.2700000000,15.5100000000,15.2600000000,15.4600000000,15.2500000000,1996410,30775947.0000,3.327350,1,1.377049,49.094901,3.191355,2.055335,14.102928,0
2017-08-22,sz.002855,15.4200000000,15.8900000000,15.3900000000,15.4000000000,15.4600000000,3389814,52934532.0000,5.649690,1,-0.388101,48.904365,3.178970,2.047359,14.048195,0
2017-08-23,sz.002855,15.2100000000,16.3000000000,15.1000000000,15.8000000000,15.4000000000,5985539,94159404.0000,9.975898,1,2.597406,50.174608,3.261541,2.100537,14.413083,0
2017-08-24,sz.002855,15.6900000000,15.8300000000,15.4000000000,15.4000000000,15.8000000000,3610082,56297338.0000,6.016803,1,-2.531649,48.904365,3.178970,2.047359,14.048195,0
2017-08-25,sz.002855,15.3000000000,16.1000000000,15.3000000000,15.8700000000,15.4000000000,4323986,68168277.0000,7.206643,1,3.051950,50.396900,3.275990,2.109843,14.476939,0
2017-08-28,sz.002855,15.9200000000,16.7900000000,15.9200000000,16.5600000000,15.8700000000,6986929,114905310.0000,11.644882,1,4.347824,52.588070,3.418425,2.201575,15.106371,0
2017-08-29,sz.002855,16.4600000000,17.0000000000,16.2100000000,16.6500000000,16.5600000000,7014516,116338221.0000,11.690860,1,0.543479,52.873875,3.437003,2.213540,15.188471,0
2017-08-30,sz.002855,16.5000000000,16.5800000000,16.1900000000,16.2700000000,16.6500000000,3356468,55049498.0000,5.594113,1,-2.282277,51.667144,3.358561,2.163021,14.841827,0
2017-08-31,sz.002855,16.2500000000,16.9500000000,16.1800000000,16.6500000000,16.2700000000,4579266,75979219.0000,7.632110,1,2.335582,60.034771,3.410020,2.541261,41.543352,0
2017-09-01,sz.002855,16.6800000000,16.8000000000,16.4600000000,16.6100000000,16.6500000000,3466361,57467115.0000,5.777268,1,-0.240234,59.890543,3.401828,2.535156,41.443549,0
2017-09-04,sz.002855,16.5100000000,16.5900000000,16.3100000000,16.4500000000,16.6100000000,2471398,40562848.0000,4.118997,1,-0.963274,59.313633,3.369059,2.510736,41.044333,0
2017-09-05,sz.002855,16.4000000000,16.5500000000,16.3500000000,16.4800000000,16.4500000000,1984621,32600980.0000,3.307702,1,0.182363,59.421804,3.375203,2.515314,41.119186,0
2017-09-06,sz.002855,16.4800000000,16.4900000000,16.0600000000,16.2400000000,16.4800000000,2384067,38711195.0000,3.973445,1,-1.456309,58.556437,3.326049,2.478684,40.520363,0
2017-09-07,sz.002855,16.1400000000,16.7500000000,16.1400000000,16.5400000000,16.2400000000,4120660,68081297.0000,6.867767,1,1.847298,59.638145,3.387491,2.524472,41.268892,0
2017-09-08,sz.002855,16.7000000000,16.7400000000,16.2300000000,16.3100000000,16.5400000000,2253681,36986144.0000,3.756135,1,-1.390577,58.808836,3.340386,2.489368,40.695020,0
2017-09-11,sz.002855,16.2800000000,16.9000000000,16.2000000000,16.7900000000,16.3100000000,3804167,63128219.0000,6.340278,1,2.942989,60.539568,3.438693,2.562629,41.892666,0
2017-09-12,sz.002855,16.7400000000,16.8200000000,16.3100000000,16.3700000000,16.7900000000,3731799,61636518.6700,6.219665,1,-2.501489,59.025177,3.352674,2.498525,40.844725,0
2017-09-13,sz.002855,16.3700000000,16.4600000000,16.3000000000,16.3800000000,16.3700000000,1237895,20292423.6000,2.063158,1,0.061077,59.061234,3.354722,2.500052,40.869676,0
2017-09-14,sz.002855,16.4000000000,16.6000000000,16.2400000000,16.3900000000,16.3800000000,2058276,33745695.7600,3.430460,1,0.061051,59.097291,3.356770,2.501578,40.894627,0
2017-09-15,sz.002855,16.3800000000,16.3800000000,16.0300000000,16.0600000000,16.3900000000,2032735,32854940.2300,3.387892,1,-2.013422,57.907413,3.289184,2.451211,40.071246,0
2017-09-18,sz.002855,16.0300000000,16.1400000000,15.9100000000,16.1000000000,16.0600000000,1334616,21352618.6000,2.224360,1,0.249072,58.051641,3.297377,2.457316,40.171049,0
2017-09-19,sz.002855,16.0900000000,16.3600000000,16.0100000000,16.2100000000,16.1000000000,1699092,27570501.5000,2.831820,1,0.683222,58.448267,3.319905,2.474105,40.445510,0
2017-09-20,sz.002855,16.1900000000,16.4000000000,16.0300000000,16.3500000000,16.2100000000,2272862,36964885.5400,3.788103,1,0.863672,58.953064,3.348578,2.495473,40.794823,0
2017-09-21,sz.002855,16.3400000000,16.5100000000,16.2300000000,16.3500000000,16.3500000000,2468990,40441446.0800,4.114983,1,0.000000,58.953064,3.348578,2.495473,40.794823,0
2017-09-22,sz.002855,16.3200000000,17.2500000000,16.3200000000,16.9800000000,16.3500000000,9756037,164340892.5400,16.260062,1,3.853206,61.224650,3.477606,2.591629,42.366734,0
2017-09-25,sz.002855,16.8100000000,16.9200000000,16.4700000000,16.4800000000,16.9800000000,4689177,78341990.8700,7.815295,1,-2.944641,59.421804,3.375203,2.515314,41.119186,0
2017-09-26,sz.002855,16.5400000000,16.5800000000,15.4000000000,15.5700000000,16.4800000000,4719262,74683607.6000,7.865437,1,-5.521844,56.140624,3.188829,2.376423,38.848648,0
2017-09-27,sz.002855,15.6200000000,15.7800000000,15.4000000000,15.6600000000,15.5700000000,1621342,25384061.0800,2.702237,1,0.578036,56.465136,3.207262,2.390159,39.073207,0
2017-09-28,sz.002855,15.6600000000,15.8900000000,15.6000000000,15.7300000000,15.6600000000,1631241,25747166.7200,2.718735,1,0.446997,56.717535,3.221598,2.400843,39.247864,0
2017-09-29,sz.002855,15.7300000000,15.8700000000,15.6200000000,15.7100000000,15.7300000000,1687952,26559383.6200,2.813253,1,-0.127142,56.645421,3.217502,2.397791,39.197962,0
2017-10-09,sz.002855,15.9200000000,16.0000000000,15.8100000000,15.8900000000,15.7100000000,1237341,19671754.8500,2.062235,1,1.145769,57.294445,3.254367,2.425264,39.647079,0
2017-10-10,sz.002855,15.8900000000,16.2500000000,15.8400000000,16.2500000000,15.8900000000,2206898,35500473.4200,3.678163,1,2.265574,58.592494,3.328098,2.480210,40.545314,0
2017-10-11,sz.002855,16.2500000000,16.3000000000,16.0100000000,16.0900000000,16.2500000000,1891921,30574999.8100,3.153202,1,-0.984614,58.015584,3.295329,2.455789,40.146098,0
2017-10-12,sz.002855,16.0800000000,16.2900000000,16.0300000000,16.2700000000,16.0900000000,2160598,34958984.1200,3.600997,1,1.118709,58.664608,3.332194,2.483263,40.595216,0
2017-10-13,sz.002855,16.2200000000,16.5600000000,16.1800000000,16.5400000000,16.2700000000,2680873,44049864.6400,4.468122,1,1.659499,59.638145,3.387491,2.524472,41.268892,0
2017-10-16,sz.002855,16.4700000000,16.5300000000,15.7300000000,15.8000000000,16.5400000000,2836587,45552013.7300,4.727645,1,-4.474007,56.969933,3.235935,2.411527,39.422521,0
2017-10-17,sz.002855,15.8400000000,16.0200000000,15.7600000000,15.9400000000,15.8000000000,1100061,17507419.0900,1.833435,1,0.886072,57.474730,3.264608,2.432895,39.771834,0
2017-10-18,sz.002855,15.8600000000,16.0600000000,15.5300000000,15.5500000000,15.9400000000,1731026,27364531.8300,2.885043,1,-2.446671,56.068510,3.184733,2.373370,38.798746,0
2017-10-19,sz.002855,15.5400000000,15.5900000000,15.1700000000,15.2200000000,15.5500000000,1486000,22768368.4000,2.476667,1,-2.122186,54.878632,3.117147,2.323003,37.975365,0
2017-10-20,sz.002855,15.2200000000,15.5300000000,15.2200000000,15.4900000000,15.2200000000,795994,12258446.6800,1.326657,1,1.773978,55.852168,3.172445,2.364212,38.649041,0
2017-10-23,sz.002855,15.3600000000,15.5700000000,15.3600000000,15.5100000000,15.4900000000,1083854,16780529.6000,1.806423,1,0.129118,62.858289,3.159878,2.338912,18.113320,0
2017-10-24,sz.002855,15.4900000000,15.5100000000,15.1000000000,15.3200000000,15.5100000000,1018653,15576999.0700,1.697755,1,-1.225020,62.088265,3.121169,2.310260,17.891429,0
2017-10-25,sz.002855,15.2200000000,15.6500000000,15.2200000000,15.6300000000,15.3200000000,2084094,32369498.6600,3.473490,1,2.023501,63.344620,3.184326,2.357009,18.253462,0
2017-10-26,sz.002855,15.6100000000,15.7000000000,15.4400000000,15.6300000000,15.6300000000,1755586,27315460.6600,2.925977,1,0.000000,63.344620,3.184326,2.357009,18.253462,0
2017-10-27,sz.002855,15.6300000000,15.9100000000,15.5000000000,15.6900000000,15.6300000000,1544412,24282914.0200,2.574020,1,0.383874,63.587785,3.196550,2.366057,18.323533,0
2017-10-30,sz.002855,15.6400000000,15.6400000000,14.8800000000,14.8800000000,15.6900000000,2031373,30729684.1400,3.385622,1,-5.162521,60.305051,3.031527,2.243908,17.377576,0
2017-10-31,sz.002855,14.9000000000,15.0900000000,14.8500000000,15.0800000000,14.8800000000,1196494,17917235.6400,1.994157,1,1.344085,61.115603,3.072274,2.274068,17.611146,0
2017-11-01,sz.002855,15.1300000000,15.1500000000,15.0100000000,15.0600000000,15.0800000000,981277,14799250.2300,1.635462,1,-0.132623,61.034547,3.068199,2.271052,17.587789,0
2017-11-02,sz.002855,15.0100000000,15.1500000000,14.7000000000,14.7400000000,15.0600000000,1205000,17879915.7000,2.008333,1,-2.124838,59.737665,3.003005,2.222796,17.214077,0
2017-11-03,sz.002855,14.7500000000,14.7800000000,14.4900000000,14.5700000000,14.7400000000,1197319,17488729.4000,1.995532,1,-1.153325,59.048696,2.968371,2.197160,17.015543,0
2017-11-06,sz.002855,14.7200000000,14.8000000000,14.5800000000,14.7600000000,14.5700000000,850001,12496323.9100,1.416668,1,1.304053,59.818720,3.007080,2.225812,17.237434,0
2017-11-07,sz.002855,14.7300000000,14.8800000000,14.5500000000,14.8000000000,14.7600000000,1062600,15593643.0000,1.771000,1,0.271002,59.980830,3.015229,2.231844,17.284148,0
2017-11-08,sz.002855,14.7900000000,15.1200000000,14.7200000000,14.9200000000,14.8000000000,1443681,21597886.1700,2.406135,1,0.810810,60.467161,3.039677,2.249940,17.424290,0
2017-11-09,sz.002855,14.8900000000,15.0300000000,14.8400000000,15.0100000000,14.9200000000,891307,13322300.9900,1.485512,1,0.603218,60.831910,3.058013,2.263512,17.529396,0
2017-11-10,sz.002855,15.0000000000,15.1900000000,14.9200000000,15.0700000000,15.0100000000,1163407,17523646.4900,1.939012,1,0.399730,61.075075,3.070236,2.272560,17.599467,0
2017-11-13,sz.002855,15.0300000000,15.2000000000,14.8700000000,14.9000000000,15.0700000000,1243083,18597125.0400,2.071805,1,-1.128070,60.386106,3.035602,2.246924,17.400933,0
2017-11-14,sz.002855,14.9300000000,14.9600000000,14.6500000000,14.8100000000,14.9000000000,1285454,18994781.9200,2.142423,1,-0.604021,60.021358,3.017266,2.233352,17.295827,0
2017-11-15,sz.002855,14.7100000000,15.0800000000,14.6900000000,14.9300000000,14.8100000000,1442575,21454889.6300,2.404292,1,0.810263,60.507689,3.041714,2.251448,17.435968,0
2017-11-16,sz.002855,14.8800000000,15.3700000000,14.7000000000,15.1000000000,14.9300000000,2993523,44826834.8800,4.989205,1,1.138648,61.196658,3.076348,2.277084,17.634503,0
2017-11-17,sz.002855,15.1600000000,15.2600000000,13.9200000000,14.0300000000,15.1000000000,3550807,52212163.8900,5.918012,1,-7.086097,56.860206,2.858355,2.115728,16.384905,0
2017-11-20,sz.002855,13.9000000000,13.9000000000,12.8000000000,13.6500000000,14.0300000000,1898910,25423994.0200,3.164850,1,-2.708483,55.320158,2.780937,2.058424,15.941123,0
2017-11-21,sz.002855,13.6400000000,13.6500000000,13.2300000000,13.3600000000,13.6500000000,1233086,16573115.2800,2.055143,1,-2.124542,54.144857,2.721855,2.014692,15.602447,0
2017-11-22,sz.002855,13.3500000000,13.5200000000,13.2800000000,13.3600000000,13.3600000000,810024,10851915.1600,1.350040,1,0.000000,54.144857,2.721855,2.014692,15.602447,0
2017-11-23,sz.002855,13.3100000000,13.3600000000,12.9100000000,12.9100000000,13.3600000000,1019396,13419625.9400,1.698993,1,-3.368262,52.321116,2.630176,1.946832,15.076916,0
2017-11-24,sz.002855,12.9100000000,13.0600000000,12.8900000000,12.9400000000,12.9100000000,575787,7460871.7600,0.959645,1,0.232376,52.442699,2.636288,1.951356,15.111951,0
2017-11-27,sz.002855,12.9700000000,12.9700000000,12.6600000000,12.6600000000,12.9400000000,668700,8552365.0000,1.114500,1,-2.163831,51.307926,2.579243,1.909132,14.784954,0
2017-11-28,sz.002855,12.6200000000,13.3500000000,12.6200000000,13.0600000000,12.6600000000,1195475,15563990.6600,1.992458,1,3.159562,52.929030,2.660736,1.969452,15.252093,0
2017-11-29,sz.002855,13.0200000000,13.0900000000,12.7000000000,13.0200000000,13.0600000000,788200,10222926.0000,1.313667,1,-0.306278,52.766920,2.652586,1.963420,15.205379,0
2017-11-30,sz.002855,13.0200000000,13.1900000000,12.9600000000,13.0400000000,13.0200000000,636996,8314346.1200,1.061660,1,0.153606,52.847975,2.656661,1.966436,15.228736,0
2017-12-01,sz.002855,13.0800000000,13.1800000000,12.9100000000,13.1400000000,13.0400000000,733796,9608001.7200,1.222993,1,0.766874,53.253251,2.677034,1.981516,15.345521,0
2017-12-04,sz.002855,13.1600000000,13.1600000000,12.6900000000,12.7100000000,13.1400000000,914000,11790990.0000,1.523333,1,-3.272453,51.510564,2.589430,1.916672,14.843346,0
2017-12-05,sz.002855,12.7100000000,12.8400000000,12.1500000000,12.2500000000,12.7100000000,806098,10057019.5600,1.343497,1,-3.619198,49.646295,2.495713,1.847304,14.306136,0
2017-12-06,sz.002855,12.2100000000,12.4000000000,12.0000000000,12.3900000000,12.2500000000,783808,9606560.2800,1.306347,1,1.142860,50.213681,2.524236,1.868416,14.469635,0
2017-12-07,sz.002855,12.3800000000,12.4800000000,12.2500000000,12.4100000000,12.3900000000,716886,8879686.6600,1.194810,1,0.161416,50.294737,2.528310,1.871432,14.492992,0
2017-12-08,sz.002855,12.4100000000,13.1800000000,12.3300000000,12.8500000000,12.4100000000,1797096,23103979.0400,2.995160,1,3.545532,52.077951,2.617952,1.937784,15.006845,0
2017-12-11,sz.002855,12.8200000000,12.9600000000,12.7600000000,12.9200000000,12.8500000000,957110,12314189.5200,1.595183,1,0.544745,52.361644,2.632213,1.948340,15.088594,0
2017-12-12,sz.002855,12.9400000000,12.9400000000,12.6300000000,12.6400000000,12.9200000000,705700,9004981.0000,1.176167,1,-2.167181,51.226871,2.575168,1.906116,14.761597,0
2017-12-13,sz.002855,12.6400000000,12.8500000000,12.6100000000,12.8100000000,12.6400000000,520286,6642798.3600,0.867143,1,1.344937,51.915840,2.609803,1.931752,14.960131,0
2017-12-14,sz.002855,12.8800000000,12.8800000000,12.6700000000,12.8100000000,12.8100000000,553600,7055760.0000,0.922667,1,0.000000,51.915840,2.609803,1.931752,14.960131,0
2017-12-15,sz.002855,12.8300000000,12.8300000000,12.7100000000,12.8000000000,12.8100000000,469596,5995024.8400,0.782660,1,-0.078066,51.875313,2.607765,1.930244,14.948453,0
2017-12-18,sz.002855,12.7900000000,12.8300000000,12.6600000000,12.7000000000,12.8000000000,528598,6740075.6000,0.880997,1,-0.781253,51.470037,2.587392,1.915164,14.831668,0
2017-12-19,sz.002855,12.7100000000,12.8700000000,12.7100000000,12.8300000000,12.7000000000,583088,7460793.6800,0.971813,1,1.023623,51.996895,2.613877,1.934768,14.983488,0
2017-12-20,sz.002855,12.8600000000,12.8600000000,12.5000000000,12.5100000000,12.8300000000,798700,10119991.0000,1.331167,1,-2.494152,50.700013,2.548683,1.886512,14.609777,0
2017-12-21,sz.002855,12.5000000000,12.5600000000,12.1800000000,12.4900000000,12.5100000000,569300,7057376.0000,0.948833,1,-0.159876,50.618957,2.544609,1.883496,14.586420,0
2017-12-22,sz.002855,12.4300000000,12.5500000000,12.4000000000,12.4900000000,12.4900000000,371898,4643849.0400,0.619830,1,0.000000,50.618957,2.544609,1.883496,14.586420,0
2017-12-25,sz.002855,12.4800000000,13.1100000000,12.2800000000,12.7600000000,12.4900000000,2062956,26186328.3200,3.438260,1,2.161733,51.713202,2.599616,1.924212,14.901739,0
2017-12-26,sz.002855,12.6600000000,13.3400000000,12.6600000000,13.2700000000,12.7600000000,3183278,41562710.8800,5.305463,1,3.996867,53.780109,2.703519,2.001120,15.497341,0
2017-12-27,sz.002855,13.2800000000,13.2800000000,12.9800000000,13.0300000000,13.2700000000,1915232,25046633.6000,3.192053,1,-1.808596,52.807447,2.654624,1.964928,15.217058,0
2017-12-28,sz.002855,12.9000000000,13.2500000000,12.8800000000,13.1200000000,13.0300000000,1508194,19769283.9200,2.513657,1,0.690715,53.172195,2.672960,1.978500,15.322164,0
2017-12-29,sz.002855,13.1200000000,13.2000000000,12.9400000000,12.9800000000,13.1200000000,1129798,14704098.1000,1.882997,1,-1.067076,52.604809,2.644437,1.957388,15.158665,0
2018-01-02,sz.002855,12.9800000000,13.0800000000,12.9300000000,13.0100000000,12.9800000000,680156,8844582.0800,1.133593,1,0.231130,52.726392,2.650549,1.961912,15.193701,0
2018-01-03,sz.002855,13.0100000000,13.0800000000,12.9000000000,13.0400000000,13.0100000000,866858,11255203.0000,1.444763,1,0.230590,52.847975,2.656661,1.966436,15.228736,0
2018-01-04,sz.002855,13.0400000000,13.0800000000,12.9700000000,13.0300000000,13.0400000000,729644,9492764.7800,1.216073,1,-0.076689,52.807447,2.654624,1.964928,15.217058,0
2018-01-05,sz.002855,13.0700000000,13.0800000000,12.9800000000,13.0400000000,13.0300000000,630015,8198569.7000,1.050025,1,0.076748,52.847975,2.656661,1.966436,15.228736,0
2018-01-08,sz.002855,13.0400000000,13.0700000000,12.8000000000,12.9400000000,13.0400000000,904898,11657863.3400,1.508163,1,-0.766874,52.442699,2.636288,1.951356,15.111951,0
2018-01-09,sz.002855,12.9000000000,12.9700000000,12.7700000000,12.8200000000,12.9400000000,982400,12618882.0400,1.637333,1,-0.927356,51.956368,2.611840,1.933260,14.971809,0
2018-01-10,sz.002855,12.8300000000,12.8300000000,12.4100000000,12.5000000000,12.8200000000,1113898,14008316.1000,1.856497,1,-2.496098,50.659485,2.546646,1.885004,14.598098,0
2018-01-11,sz.002855,12.5000000000,12.8000000000,12.4600000000,12.7400000000,12.5000000000,1190096,15062937.4000,1.983493,1,1.919998,51.632147,2.595542,1.921196,14.878382,0
2018-01-12,sz.002855,12.7000000000,12.7700000000,12.6100000000,12.7600000000,12.7400000000,846298,10732594.6000,1.410497,1,0.156990,51.713202,2.599616,1.924212,14.901739,0
2018-01-15,sz.002855,12.7600000000,12.7900000000,12.4200000000,12.4700000000,12.7600000000,813598,10199696.0000,1.355997,1,-2.272727,50.537902,2.540534,1.880480,14.563063,0
2018-01-16,sz.002855,12.5500000000,13.2800000000,12.5100000000,12.9500000000,12.4700000000,3042561,39403965.7400,5.070935,1,3.849234,52.483226,2.638325,1.952864,15.123630,0
2018-01-17,sz.002855,12.8700000000,13.2500000000,12.8400000000,13.1200000000,12.9500000000,3022478,39552531.1200,5.037463,1,1.312742,53.172195,2.672960,1.978500,15.322164,0
2018-01-18,sz.002855,13.0300000000,13.5600000000,13.0000000000,13.4900000000,13.1200000000,4238868,56555790.8000,7.064780,1,2.820121,54.671716,2.748340,2.034296,15.754268,0
2018-01-19,sz.002855,13.5000000000,13.5000000000,13.1100000000,13.1300000000,13.4900000000,2741871,36264007.5300,4.569785,1,-2.668641,53.212723,2.674997,1.980008,15.333842,0
2018-01-22,sz.002855,13.1200000000,13.1400000000,12.8000000000,13.0200000000,13.1300000000,1746592,22608666.9200,2.910987,1,-0.837773,52.766920,2.652586,1.963420,15.205379,0
2018-01-23,sz.002855,13.0000000000,13.1500000000,12.9100000000,13.0200000000,13.0200000000,1216999,15838552.9700,2.028332,1,0.000000,52.766920,2.652586,1.963420,15.205379,0
2018-01-24,sz.002855,13.0400000000,13.0900000000,12.9000000000,13.0300000000,13.0200000000,1205000,15678849.0000,2.008333,1,0.076799,52.807447,2.654624,1.964928,15.217058,0
2018-01-25,sz.002855,13.0000000000,13.1200000000,12.8900000000,12.9000000000,13.0300000000,1482200,19265364.9200,2.470333,1,-0.997699,52.280588,2.628139,1.945324,15.065237,0
2018-01-26,sz.002855,12.8900000000,12.9700000000,12.6300000000,12.6300000000,12.9000000000,1391800,17801797.3300,2.319667,1,-2.093019,51.186344,2.573131,1.904608,14.749918,0
2018-01-29,sz.002855,12.7000000000,12.7800000000,12.5400000000,12.5500000000,12.6300000000,806314,10204743.5600,1.343857,1,-0.633412,50.862123,2.556833,1.892544,14.656491,0
2018-01-30,sz.002855,12.6400000000,12.6900000000,12.5300000000,12.6800000000,12.5500000000,679647,8567609.3000,1.132745,1,1.035857,51.388982,2.583318,1.912148,14.808311,0
2018-01-31,sz.002855,12.6500000000,12.6500000000,12.1500000000,12.1500000000,12.6800000000,1192699,14794550.8600,1.987832,1,-4.179816,49.241019,2.475340,1.832224,14.189351,0
2018-02-01,sz.002855,12.1000000000,12.2100000000,11.4200000000,11.4500000000,12.1500000000,1615011,18946723.4300,2.691685,1,-5.761315,46.404088,2.332728,1.726663,13.371858,0
2018-02-02,sz.002855,11.4000000000,11.4000000000,10.9400000000,11.1000000000,11.4500000000,979700,10934117.0000,1.632833,1,-3.056764,44.985623,2.261422,1.673883,12.963111,0
2018-02-05,sz.002855,11.0500000000,11.0800000000,10.8000000000,10.9100000000,11.1000000000,697397,7631079.2800,1.162328,1,-1.711717,44.215598,2.222713,1.645231,12.741220,0
2018-02-06,sz.002855,10.8000000000,10.8300000000,10.1100000000,10.1300000000,10.9100000000,1187500,12464715.8800,1.979167,1,-7.149402,41.054447,2.063802,1.527607,11.830299,0
2018-02-07,sz.002855,10.1300000000,10.5000000000,9.8800000000,10.2100000000,10.1300000000,1064014,10864094.1200,1.773357,1,0.789733,41.378667,2.080100,1.539671,11.923727,0
2018-02-08,sz.002855,10.0000000000,10.4700000000,10.0000000000,10.3600000000,10.2100000000,705612,7297353.6400,1.176020,1,1.469144,41.986581,2.110660,1.562291,12.098904,0
2018-02-09,sz.002855,10.2000000000,10.2000000000,9.9100000000,10.0600000000,10.3600000000,844196,8503635.0200,1.406993,1,-2.895746,40.770753,2.049541,1.517051,11.748549,0
2018-02-12,sz.002855,10.1400000000,10.4000000000,10.1400000000,10.3500000000,10.0600000000,596600,6158329.0000,0.994333,1,2.882703,41.946054,2.108623,1.560783,12.087225,0
2018-02-13,sz.002855,10.4200000000,10.5600000000,10.2600000000,10.2700000000,10.3500000000,658398,6836793.3400,1.097330,1,-0.772946,41.621833,2.092324,1.548719,11.993797,0
2018-02-14,sz.002855,10.2200000000,10.3900000000,10.2100000000,10.2700000000,10.2700000000,322000,3312350.0000,0.536667,1,0.000000,41.621833,2.092324,1.548719,11.993797,0
2018-02-22,sz.002855,10.3200000000,10.4300000000,10.3200000000,10.4100000000,10.2700000000,384194,3994025.7600,0.640323,1,1.363188,42.189219,2.120847,1.569831,12.157296,0
2018-02-23,sz.002855,10.4300000000,10.5300000000,10.3000000000,10.4400000000,10.4100000000,681654,7093266.0400,1.136090,1,0.288182,42.310802,2.126959,1.574355,12.192332,0
2018-02-26,sz.002855,10.5000000000,10.8800000000,10.4800000000,10.7200000000,10.4400000000,1209798,12920514.5000,2.016330,1,2.681999,43.445574,2.184004,1.616579,12.519329,0
2018-02-27,sz.002855,10.7900000000,10.7900000000,10.6300000000,10.7300000000,10.7200000000,870550,9328932.0000,1.450917,1,0.093277,43.486102,2.186041,1.618087,12.531007,0
2018-02-28,sz.002855,10.7200000000,10.7500000000,10.5200000000,10.6600000000,10.7300000000,757298,8062980.6000,1.262163,1,-0.652374,49.182691,2.171780,1.683559,12.449258,0
2018-03-01,sz.002855,10.6600000000,10.8700000000,10.5900000000,10.8600000000,10.6600000000,854182,9208460.4200,1.423637,1,1.876171,50.105444,2.212526,1.715145,12.682828,0
2018-03-02,sz.002855,10.8200000000,10.9900000000,10.7800000000,10.8500000000,10.8600000000,1064696,11586886.6800,1.774493,1,-0.092074,50.059306,2.210489,1.713566,12.671149,0
2018-03-05,sz.002855,10.8000000000,10.9500000000,10.7500000000,10.8800000000,10.8500000000,867382,9400070.3000,1.445637,1,0.276495,50.197719,2.216601,1.718304,12.706185,0
2018-03-06,sz.002855,10.8900000000,11.1800000000,10.8100000000,11.0300000000,10.8800000000,1133512,12496015.8200,1.889187,1,1.378673,50.889783,2.247160,1.741993,12.881362,0
2018-03-07,sz.002855,10.9900000000,11.2800000000,10.9300000000,11.2400000000,11.0300000000,1437373,15917713.6100,2.395622,1,1.903899,51.858673,2.289944,1.775159,13.126610,0
2018-03-08,sz.002855,11.3500000000,12.0000000000,11.3000000000,11.5300000000,11.2400000000,4063471,47311672.7300,6.772452,1,2.580071,53.196663,2.349026,1.820960,13.465286,0
2018-03-09,sz.002855,11.3100000000,11.6900000000,11.2300000000,11.5700000000,11.5300000000,2996976,34258498.3000,4.994960,1,0.346921,53.381214,2.357176,1.827277,13.512000,0
2018-03-12,sz.002855,11.5300000000,11.8600000000,11.5300000000,11.7100000000,11.5700000000,2288306,26735470.4200,3.813843,1,1.210029,54.027140,2.385698,1.849387,13.675498,0
2018-03-13,sz.002855,11.7100000000,11.7300000000,11.5100000000,11.5400000000,11.7100000000,1405798,16285015.9000,2.342997,1,-1.451751,53.242801,2.351064,1.822539,13.476964,0
2018-03-14,sz.002855,11.5000000000,11.5500000000,11.3000000000,11.3500000000,11.5400000000,1457496,16614479.6000,2.429160,1,-1.646443,52.366187,2.312355,1.792532,13.255073,0
2018-03-15,sz.002855,11.3500000000,11.3900000000,10.8600000000,11.0300000000,11.3500000000,1426805,15826945.2300,2.378008,1,-2.819389,50.889783,2.247160,1.741993,12.881362,0
2018-03-16,sz.002855,11.0000000000,11.2400000000,10.9800000000,11.1100000000,11.0300000000,893400,9956536.0000,1.489000,1,0.725294,51.258884,2.263459,1.754628,12.974790,0
2018-03-19,sz.002855,11.1400000000,11.3700000000,11.0900000000,11.3300000000,11.1100000000,859405,9668198.4900,1.432342,1,1.980200,52.273911,2.308280,1.789373,13.231716,0
2018-03-20,sz.002855,11.2900000000,11.3500000000,11.1300000000,11.2900000000,11.3300000000,933398,10476664.6200,1.555663,1,-0.353045,52.089361,2.300131,1.783056,13.185002,0
2018-03-21,sz.002855,11.2200000000,11.5800000000,11.2200000000,11.3600000000,11.2900000000,1353194,15466691.8600,2.255323,1,0.620015,52.412324,2.314392,1.794111,13.266752,0
2018-03-22,sz.002855,11.3000000000,11.4800000000,11.2800000000,11.4100000000,11.3600000000,1177498,13395491.4000,1.962497,1,0.440142,52.643012,2.324578,1.802008,13.325144,0
2018-03-23,sz.002855,11.2800000000,11.2800000000,10.3200000000,10.5000000000,11.4100000000,1956398,21094380.8800,2.527646,1,-7.975459,48.444490,2.139183,1.658289,12.262402,0
2018-03-26,sz.002855,10.3000000000,10.5700000000,10.0800000000,10.5700000000,10.5000000000,834094,8638148.7800,1.077641,1,0.666664,48.767453,2.153444,1.669345,12.344152,0
2018-03-27,sz.002855,10.5900000000,10.8900000000,10.5900000000,10.8400000000,10.5700000000,1136192,12256588.9400,1.467948,1,2.554404,50.013168,2.208451,1.711986,12.659471,0
2018-03-28,sz.002855,10.7100000000,10.9700000000,10.6200000000,10.9500000000,10.8400000000,1228616,13333368.4200,1.587359,1,1.014757,50.520682,2.230862,1.729359,12.787934,0
2018-03-29,sz.002855,10.9700000000,11.4800000000,10.9000000000,11.3000000000,10.9500000000,2339080,26338646.4400,3.022067,1,3.196351,52.135498,2.302168,1.784635,13.196681,0
2018-03-30,sz.002855,11.3100000000,11.6000000000,11.2300000000,11.4800000000,11.3000000000,1877494,21473468.4800,2.425703,1,1.592915,52.965975,2.338840,1.813063,13.406893,0
2018-04-02,sz.002855,11.3000000000,11.4700000000,11.2000000000,11.3800000000,11.4800000000,2296828,25998219.7000,2.967478,1,-0.871075,52.504599,2.318467,1.797270,13.290109,0
2018-04-03,sz.002855,11.4200000000,11.4200000000,11.0900000000,11.2800000000,11.3800000000,1375000,15411578.0000,1.776486,1,-0.878738,52.043223,2.298093,1.781477,13.173324,0
2018-04-04,sz.002855,11.3000000000,11.4700000000,11.2600000000,11.2600000000,11.2800000000,1553661,17614249.7500,2.007314,1,-0.177301,51.950948,2.294019,1.778318,13.149967,0
2018-04-09,sz.002855,11.1700000000,11.7300000000,11.0500000000,11.6600000000,11.2600000000,2567121,29347552.6700,3.316694,1,3.552394,53.796452,2.375511,1.841491,13.617106,0
2018-04-10,sz.002855,11.5700000000,11.6400000000,11.2100000000,11.4400000000,11.6600000000,2453799,27976195.8600,3.170283,1,-1.886795,52.781425,2.330690,1.806746,13.360179,0
2018-04-11,sz.002855,11.4200000000,11.7900000000,11.4000000000,11.6900000000,11.4400000000,3182807,37084503.5000,4.112154,1,2.185315,53.934865,2.381623,1.846229,13.652141,0
2018-04-12,sz.002855,11.6800000000,12.1400000000,11.5700000000,11.8600000000,11.6900000000,4543909,54020920.7800,5.870683,1,1.454235,54.719205,2.416258,1.873077,13.850676,0
2018-04-13,sz.002855,11.8300000000,11.9500000000,11.7000000000,11.7500000000,11.8600000000,2164398,25544120.6700,2.796380,1,-0.927485,54.211691,2.393847,1.855705,13.722212,0
2018-04-16,sz.002855,11.6800000000,11.7000000000,11.3100000000,11.3800000000,11.7500000000,2084364,23897143.3400,2.692977,1,-3.148935,52.504599,2.318467,1.797270,13.290109,0
2018-04-17,sz.002855,11.3900000000,11.5800000000,10.8600000000,10.8600000000,11.3800000000,1407810,15803402.5600,1.818876,1,-4.569424,50.105444,2.212526,1.715145,12.682828,0
2018-04-18,sz.002855,10.9500000000,11.0600000000,10.5000000000,11.0300000000,10.8600000000,1844486,19850311.3200,2.383057,1,1.565378,50.889783,2.247160,1.741993,12.881362,0
2018-04-19,sz.002855,10.9800000000,11.1400000000,10.9000000000,10.9800000000,11.0300000000,1043000,11490904.0000,1.347545,1,-0.453311,50.659095,2.236974,1.734097,12.822969,0
2018-04-20,sz.002855,10.9300000000,10.9700000000,10.5500000000,10.6000000000,10.9800000000,1217900,13071394.0000,1.573514,1,-3.460830,48.905866,2.159556,1.674083,12.379187,0
2018-04-23,sz.002855,10.6500000000,10.6900000000,10.5500000000,10.6400000000,10.6000000000,781509,8304994.2200,1.009702,1,0.377358,49.090416,2.167705,1.680400,12.425901,0
2018-04-24,sz.002855,10.6900000000,11.6100000000,10.6500000000,11.3300000000,10.6400000000,2860243,32038162.1800,3.695404,1,6.484959,52.273911,2.308280,1.789373,13.231716,0
2018-04-25,sz.002855,11.2000000000,11.3500000000,11.1500000000,11.2400000000,11.3300000000,1833748,20590844.8500,2.369183,1,-0.794353,61.826038,2.249419,1.786152,-8.631675,0
2018-04-26,sz.002855,11.2700000000,11.3300000000,10.9500000000,10.9900000000,11.2400000000,1370160,15197764.4700,1.770233,1,-2.224199,60.450904,2.199387,1.746425,-8.439690,0
2018-04-27,sz.002855,11.0500000000,11.1500000000,10.9800000000,11.0800000000,10.9900000000,896628,9924934.5600,1.158434,1,0.818928,60.945952,2.217399,1.760727,-8.508805,0
2018-05-02,sz.002855,11.1200000000,11.1200000000,10.6100000000,10.7400000000,11.0800000000,1203015,13012719.5900,1.554283,1,-3.068594,59.075770,2.149356,1.706697,-8.247704,0
2018-05-03,sz.002855,10.7500000000,11.0900000000,10.5500000000,11.0800000000,10.7400000000,1441486,15702485.1600,1.862385,1,3.165737,60.945952,2.217399,1.760727,-8.508805,0
2018-05-04,sz.002855,11.0400000000,11.3800000000,10.9400000000,11.3300000000,11.0800000000,2441391,27518762.1200,3.154252,1,2.256318,62.321087,2.267430,1.800454,-8.700790,0
2018-05-07,sz.002855,11.3800000000,11.8700000000,11.2600000000,11.5400000000,11.3300000000,2880487,33345294.8400,3.721559,1,1.853487,63.476199,2.309457,1.833825,-8.862058,0
2018-05-08,sz.002855,11.4600000000,11.9800000000,11.4600000000,11.8500000000,11.5400000000,4172475,49228500.2800,5.390795,1,2.686312,65.181366,2.371496,1.883088,-9.100120,0
2018-05-09,sz.002855,11.7800000000,12.3900000000,11.7300000000,11.9800000000,11.8500000000,4527489,54464800.6900,5.849469,1,1.097039,65.896436,2.397512,1.903746,-9.199953,0
2018-05-10,sz.002855,12.0800000000,12.5800000000,11.9000000000,12.4500000000,11.9800000000,6256022,76939275.0900,8.082716,1,3.923208,68.481688,2.491572,1.978434,-9.560886,0
2018-05-11,sz.002855,12.3500000000,12.3500000000,11.7900000000,11.8800000000,12.4500000000,4219636,50867018.9600,5.451726,1,-4.578311,65.346382,2.377500,1.887855,-9.123159,0
2018-05-14,sz.002855,11.8800000000,12.2400000000,11.6900000000,12.0500000000,11.8800000000,2969857,35556005.1800,3.837025,1,1.430977,66.281473,2.411521,1.914870,-9.253709,0
2018-05-15,sz.002855,11.9100000000,12.4400000000,11.8100000000,12.4000000000,12.0500000000,4226157,51564248.5600,5.460151,1,2.904559,68.206661,2.481566,1.970488,-9.522489,0
2018-05-16,sz.002855,12.4800000000,12.4800000000,12.0200000000,12.1000000000,12.4000000000,3042201,37151920.2500,3.930492,1,-2.419349,66.556500,2.421528,1.922815,-9.292106,0
2018-05-17,sz.002855,12.0900000000,12.1600000000,11.9200000000,12.1600000000,12.1000000000,1933118,23275378.0000,2.497568,1,0.495863,66.886532,2.433535,1.932350,-9.338183,0
2018-05-18,sz.002855,12.1000000000,12.1500000000,11.8000000000,11.9700000000,12.1600000000,1898696,22685233.3000,2.453096,1,-1.562497,65.841430,2.395511,1.902157,-9.192273,0
2018-05-21,sz.002855,11.9600000000,12.3000000000,11.9300000000,12.2300000000,11.9700000000,2638594,32007865.7800,3.409036,1,2.172091,67.271570,2.447544,1.943473,-9.391939,0
2018-05-22,sz.002855,12.3000000000,12.3600000000,12.0800000000,12.2500000000,12.2300000000,2451900,29922153.0000,3.167829,1,0.163536,67.381581,2.451547,1.946652,-9.407297,0
2018-05-23,sz.002855,12.0500000000,12.1100000000,11.8300000000,12.0100000000,12.2500000000,2888158,34588588.1100,3.731470,1,-1.959182,66.061452,2.403516,1.908513,-9.222991,0
2018-05-24,sz.002855,11.9900000000,13.2100000000,11.9100000000,12.7400000000,12.0100000000,13613887,175993277.9600,17.589001,1,6.078264,70.076844,2.549608,2.024518,-9.783589,0
2018-05-25,sz.002855,12.4000000000,12.6700000000,12.2800000000,12.4600000000,12.7400000000,9120441,113188124.3500,11.783516,1,-2.197800,68.536694,2.493573,1.980023,-9.568565,0
2018-05-28,sz.002855,12.3500000000,12.3600000000,11.9200000000,11.9700000000,12.4600000000,4517698,54610648.5900,5.836819,1,-3.932583,65.841430,2.395511,1.902157,-9.192273,0
2018-05-29,sz.002855,11.8800000000,12.0500000000,11.6500000000,11.6800000000,11.9700000000,3063622,36333738.4500,3.958168,1,-2.422723,64.246275,2.337475,1.856073,-8.969570,0
2018-05-30,sz.002855,11.3100000000,11.3900000000,10.6900000000,10.7400000000,11.6800000000,4113637,45400392.3900,5.314776,1,-8.047950,59.075770,2.149356,1.706697,-8.247704,0
2018-05-31,sz.002855,10.9400000000,11.1400000000,10.7100000000,10.9900000000,10.7400000000,1958255,21417572.9500,2.530045,1,2.327747,60.450904,2.199387,1.746425,-8.439690,0
2018-06-01,sz.002855,11.0300000000,11.2300000000,10.9000000000,10.9800000000,10.9900000000,1568598,17309404.0400,2.026612,1,-0.090994,60.395899,2.197386,1.744836,-8.432010,0
2018-06-04,sz.002855,10.9600000000,11.1500000000,10.9000000000,11.0600000000,10.9800000000,918398,10141402.8400,1.186561,1,0.728605,60.835942,2.213396,1.757548,-8.493446,0
2018-06-05,sz.002855,11.0600000000,11.3200000000,11.0600000000,11.3000000000,11.0600000000,1398163,15684255.1400,1.806412,1,2.169980,62.156070,2.261427,1.795687,-8.677752,0
2018-06-06,sz.002855,11.2300000000,11.4200000000,11.2300000000,11.3900000000,11.3000000000,1311459,14851499.2000,1.694391,1,0.796462,62.651119,2.279438,1.809989,-8.746867,0
2018-06-07,sz.002855,11.3800000000,11.4000000000,11.0200000000,11.0700000000,11.3900000000,1562800,17470371.0000,2.019121,1,-2.809488,60.890947,2.215398,1.759137,-8.501125,0
2018-06-08,sz.002855,10.9900000000,11.1400000000,10.8300000000,10.9100000000,11.0700000000,1424677,15600108.5800,1.840668,1,-1.445346,60.010861,2.183377,1.733712,-8.378254,0
2018-06-11,sz.002855,10.8000000000,11.1300000000,10.7700000000,10.9600000000,10.9100000000,1009699,11094202.1800,1.304521,1,0.458297,60.285888,2.193384,1.741657,-8.416651,0
2018-06-12,sz.002855,11.0000000000,11.1700000000,10.7200000000,11.1300000000,10.9600000000,1690066,18586786.8900,2.183548,1,1.551096,61.220979,2.227405,1.768672,-8.547202,0
2018-06-13,sz.002855,11.1800000000,11.1800000000,10.7000000000,10.7100000000,11.1300000000,1551445,16962008.3700,2.004451,1,-3.773586,58.910754,2.143352,1.701930,-8.224666,0
2018-06-14,sz.002855,10.6900000000,10.8800000000,10.6200000000,10.7300000000,10.7100000000,1063700,11432162.0000,1.374289,1,0.186737,59.020764,2.147355,1.705108,-8.240025,0
2018-06-15,sz.002855,10.7300000000,10.8400000000,10.0200000000,10.1400000000,10.7300000000,1983319,20405470.3300,2.562428,1,-5.498595,55.775447,2.029280,1.611351,-7.786938,0
2018-06-19,sz.002855,9.9700000000,9.9800000000,9.1300000000,9.1300000000,10.1400000000,2235378,21086842.3900,2.888085,1,-9.960554,50.219905,1.827153,1.450851,-7.011316,0
2018-06-20,sz.002855,8.9500000000,9.4800000000,8.9000000000,9.2700000000,9.1300000000,1180526,10890179.7500,1.525227,1,1.533410,50.989980,1.855170,1.473099,-7.118828,0
2018-06-21,sz.002855,9.2700000000,9.4800000000,9.0100000000,9.0300000000,9.2700000000,1122700,10349821.3100,1.450517,1,-2.589005,49.669851,1.807140,1.434960,-6.934522,0
2018-06-22,sz.002855,8.9000000000,9.2900000000,8.8500000000,9.1900000000,9.0300000000,970500,8868350.7600,1.253876,1,1.771870,50.549937,1.839160,1.460386,-7.057393,0
2018-06-25,sz.002855,9.2800000000,9.3400000000,9.0100000000,9.0600000000,9.1900000000,762400,7030419.0000,0.985013,1,-1.414572,49.834867,1.813144,1.439728,-6.957560,0
2018-06-26,sz.002855,8.9900000000,9.2900000000,8.9000000000,9.2400000000,9.0600000000,1186259,10914533.1600,1.532634,1,1.986748,50.824964,1.849167,1.468332,-7.095790,0
2018-06-27,sz.002855,9.2000000000,9.4400000000,9.2000000000,9.3000000000,9.2400000000,1181559,11011903.4200,1.526562,1,0.649355,51.154996,1.861174,1.477866,-7.141867,0
2018-06-28,sz.002855,9.2800000000,9.5600000000,9.2800000000,9.4200000000,9.3000000000,1539600,14536860.4600,1.989147,1,1.290321,51.815061,1.885189,1.496935,-7.234020,0
2018-06-29,sz.002855,9.3600000000,9.7300000000,9.3600000000,9.6800000000,9.4200000000,1632700,15656888.0000,2.109432,1,2.760087,53.245200,1.937222,1.538252,-7.433685,0
2018-07-02,sz.002855,9.6500000000,9.6500000000,9.2800000000,9.3800000000,9.6800000000,1127600,10701432.0000,1.456848,1,-3.099175,51.595039,1.877184,1.490579,-7.203302,0
2018-07-03,sz.002855,9.3800000000,9.7300000000,9.3700000000,9.7000000000,9.3800000000,1517054,14491940.0600,1.960018,1,3.411510,53.355211,1.941225,1.541430,-7.449044,0
2018-07-04,sz.002855,10.1800000000,10.6700000000,10.1800000000,10.6700000000,9.7000000000,8890458,94477231.4400,11.486380,1,10.000000,58.690732,2.135347,1.695573,-8.193948,0
2018-07-05,sz.002855,9.6000000000,10.4800000000,9.6000000000,10.3500000000,10.6700000000,8872998,89571403.6400,11.463822,1,-2.999060,56.930560,2.071307,1.644722,-7.948206,0
2018-07-06,sz.002855,10.1500000000,10.3500000000,9.6700000000,10.0200000000,10.3500000000,6293100,63403540.3400,8.130620,1,-3.188405,55.115383,2.005265,1.592282,-7.694785,0
2018-07-09,sz.002855,9.8200000000,10.8800000000,9.8200000000,10.3900000000,10.0200000000,6553498,68196678.3000,8.467052,1,3.692614,57.150582,2.079312,1.651078,-7.978924,0
2018-07-10,sz.002855,10.2000000000,10.3300000000,10.0300000000,10.3000000000,10.3900000000,4228358,43116507.8000,5.462995,1,-0.866219,56.655533,2.061300,1.636776,-7.909809,0
2018-07-11,sz.002855,10.1000000000,10.1200000000,9.2900000000,9.6700000000,10.3000000000,4203998,41052788.9000,5.431522,1,-6.116506,53.190195,1.935221,1.536663,-7.426005,0
2018-07-12,sz.002855,9.7500000000,10.1000000000,9.7500000000,10.0700000000,9.6700000000,3207742,31959403.5200,4.144370,1,4.136500,55.390410,2.015271,1.600227,-7.733182,0
2018-07-13,sz.002855,10.0499000000,10.0699998000,9.8288022000,9.8991515000,10.0699998000,2819497,27902602.9600,3.642761,1,-1.696607,54.180292,1.971244,1.565267,-7.564235,0
2018-07-16,sz.002855,9.9996505000,10.0197503000,9.8690018000,9.9795507000,9.8991515000,1284298,12718704.2200,1.659300,1,0.812182,54.620334,1.987254,1.577980,-7.625670,0
2018-07-17,sz.002855,9.9393511000,10.0398501000,9.8288022000,9.9996505000,9.9795507000,1564800,15495510.0000,2.021705,1,0.201405,54.730345,1.991256,1.581158,-7.641029,0
2018-07-18,sz.002855,10.0298002000,10.3513970000,9.9594509000,10.0499000000,9.9996505000,2889894,29248236.4200,3.733713,1,0.502514,55.005372,2.001263,1.589103,-7.679426,0
2018-07-19,sz.002855,10.0499000000,10.0499000000,9.7383531000,9.7986525000,10.0499000000,1745896,17136214.2400,2.255680,1,-2.500000,53.630238,1.951231,1.549376,-7.487441,0
2018-07-20,sz.002855,9.8489020000,9.9996505000,9.7484030000,9.9393511000,9.7986525000,1188939,11685321.4900,1.536097,1,1.435901,54.400313,1.979249,1.571623,-7.594953,0
2018-07-23,sz.002855,9.9293012000,10.0699998000,9.8589519000,10.0699998000,9.9393511000,1524387,15181722.9400,1.969492,1,1.314460,55.115383,2.005265,1.592282,-7.694785,0
2018-07-24,sz.002855,10.0499000000,10.2106984000,9.9795507000,10.1604489000,10.0699998000,2060287,20755155.0500,2.661870,1,0.898196,55.610431,2.023276,1.606584,-7.763900,0
2018-07-25,sz.002855,10.1604489000,10.1905986000,10.0398501000,10.1001495000,10.1604489000,1417561,14258938.1600,1.831474,1,-0.593467,55.280399,2.011269,1.597049,-7.717824,0
2018-07-26,sz.002855,10.1001495000,10.1604489000,9.9795507000,10.1101994000,10.1001495000,1280406,12797052.8400,1.654271,1,0.099505,55.335404,2.013270,1.598638,-7.725503,0
2018-07-27,sz.002855,10.0800497000,10.1101994000,9.8589519000,9.8790517000,10.1101994000,952500,9471280.0000,1.230620,1,-2.286287,54.070281,1.967241,1.562089,-7.548876,0
2018-07-30,sz.002855,9.8790517000,9.8991515000,9.4770557000,9.4971555000,9.8790517000,1593641,15278259.5200,2.058968,1,-3.865718,51.980077,1.891193,1.501703,-7.257058,0
2018-07-31,sz.002855,9.5072054000,9.6177543000,9.4770557000,9.5474050000,9.4971555000,611570,5808719.0000,0.790142,1,0.529103,52.255103,1.901199,1.509648,-7.295455,0
2018-08-01,sz.002855,9.5574549000,9.6680038000,9.4871056000,9.4871056000,9.5474050000,859094,8180134.0000,1.109941,1,-0.631583,51.925071,1.889192,1.500114,-7.249379,0
2018-08-02,sz.002855,9.4770557000,9.5072054000,8.9243112000,9.1353591000,9.4871056000,1451498,13219341.7400,1.875320,1,-3.707621,49.999883,1.819148,1.444495,-6.980599,0
2018-08-03,sz.002855,9.1454090000,9.2157583000,9.0348601000,9.0449100000,9.1353591000,520067,4728960.2100,0.671921,1,-0.990101,49.504835,1.801136,1.430193,-6.911484,0
2018-08-06,sz.002855,9.0951595000,9.0951595000,8.9142613000,8.9142613000,9.0449100000,619700,5541534.0000,0.800646,1,-1.444446,48.789765,1.775120,1.409535,-6.811651,0
2018-08-07,sz.002855,8.9444110000,9.2258082000,8.9444110000,9.2057084000,8.9142613000,676456,6140834.7200,0.873974,1,3.269447,50.384921,1.833156,1.455619,-7.034355,0
2018-08-08,sz.002855,9.2057084000,9.2258082000,9.0248102000,9.0248102000,9.2057084000,609600,5530763.0000,0.787597,1,-1.965069,49.394824,1.797134,1.427015,-6.896125,0
2018-08-09,sz.002855,9.0147603000,9.4469060000,8.9745607000,9.4167563000,9.0248102000,1390900,12873541.0000,1.797028,1,4.342988,51.540034,1.875183,1.488990,-7.195623,0
2018-08-10,sz.002855,9.3966565000,9.5976545000,9.3564569000,9.4770557000,9.4167563000,1055000,9925868.0000,1.363049,1,0.640346,51.870066,1.887191,1.498524,-7.241699,0
2018-08-13,sz.002855,9.4268062000,9.5675048000,9.2961575000,9.4871056000,9.4770557000,842600,7900467.0000,1.088630,1,0.106037,51.925071,1.889192,1.500114,-7.249379,0
2018-08-14,sz.002855,9.4871056000,9.6278042000,9.3966565000,9.5876046000,9.4871056000,1318300,12478400.0000,1.703230,1,1.059326,52.475125,1.909204,1.516005,-7.326173,0
2018-08-15,sz.002855,9.5373551000,9.6981535000,9.2559579000,9.3162573000,9.5876046000,1037500,9731374.0000,1.340439,1,-2.830184,50.989980,1.855170,1.473099,-7.118828,0
2018-08-16,sz.002855,9.2559579000,9.4368561000,9.1956585000,9.3263072000,9.3162573000,710415,6612825.6000,0.917849,1,0.107867,51.044985,1.857172,1.474688,-7.126508,0
2018-08-17,sz.002855,9.3464070000,9.4167563000,9.0549599000,9.0851096000,9.3263072000,767800,7054714.0000,0.991990,1,-2.586205,49.724856,1.809141,1.436549,-6.942202,0
2018-08-20,sz.002855,9.0851096000,9.2459080000,9.0248102000,9.2157583000,9.0851096000,702520,6374633.5800,0.907649,1,1.438054,50.439926,1.835158,1.457208,-7.042034,0
2018-08-21,sz.002855,9.2258082000,9.3966565000,9.1554589000,9.3162573000,9.2157583000,828600,7664448.0000,1.070543,1,1.090517,50.989980,1.855170,1.473099,-7.118828,0
2018-08-22,sz.002855,9.2961575000,9.2961575000,9.0449100000,9.0951595000,9.3162573000,675200,6156879.0000,0.872351,1,-2.373250,49.779862,1.811143,1.438139,-6.949881,0
2018-08-23,sz.002855,9.1253092000,9.2760577000,9.1052094000,9.2057084000,9.0951595000,673400,6168416.0000,0.807434,1,1.215466,43.518697,1.800819,1.178415,-10.667155,0
2018-08-24,sz.002855,9.2258082000,9.5273052000,9.1956585000,9.3162573000,9.2057084000,1100000,10257798.0000,1.318945,1,1.200880,44.041301,1.822444,1.192567,-10.795254,0
2018-08-27,sz.002855,9.3162573000,9.4569559000,9.2459080000,9.4268062000,9.3162573000,952798,8893097.2400,1.142444,1,1.186620,44.563906,1.844070,1.206718,-10.923353,0
2018-08-28,sz.002855,9.4569559000,9.4770557000,9.3564569000,9.4469060000,9.4268062000,751100,7039559.0000,0.900600,1,0.213214,44.658925,1.848002,1.209291,-10.946644,0
2018-08-29,sz.002855,9.3966565000,9.4268062000,9.2961575000,9.3464070000,9.4469060000,673600,6270601.0000,0.807674,1,-1.063824,44.183830,1.828342,1.196426,-10.830191,0
2018-08-30,sz.002855,9.3464070000,9.3866066000,9.1956585000,9.1956585000,9.3464070000,686096,6349608.2800,0.822657,1,-1.612909,43.471187,1.798853,1.177129,-10.655510,0
2018-08-31,sz.002855,9.1956585000,9.2660078000,9.0951595000,9.0951595000,9.1956585000,445498,4061284.9000,0.534170,1,-1.092890,42.996092,1.779193,1.164264,-10.539056,0
2018-09-03,sz.002855,9.0951595000,9.1353591000,8.9544609000,9.1052094000,9.0951595000,546805,4925423.5800,0.655641,1,0.110500,43.043602,1.781159,1.165551,-10.550702,0
2018-09-04,sz.002855,9.1353591000,9.2358581000,9.0851096000,9.2057084000,9.1052094000,564400,5155696.0000,0.676739,1,1.103746,43.518697,1.800819,1.178415,-10.667155,0
2018-09-05,sz.002855,9.2057084000,9.2559579000,9.0650098000,9.1152593000,9.2057084000,505000,4610614.0700,0.605516,1,-0.982534,43.091111,1.783125,1.166837,-10.562347,0
2018-09-06,sz.002855,9.0851096000,9.2258082000,9.0549599000,9.0650098000,9.1152593000,522863,4753425.4500,0.626934,1,-0.551260,42.853564,1.773295,1.160405,-10.504120,0
2018-09-07,sz.002855,9.0549599000,9.2157583000,9.0549599000,9.1353591000,9.0650098000,559763,5102892.1900,0.671179,1,0.776050,43.186130,1.787057,1.169410,-10.585638,0
2018-09-10,sz.002855,9.1353591000,9.1353591000,8.8941615000,8.9042114000,9.1353591000,817600,7318386.0000,0.980336,1,-2.530258,42.093412,1.741840,1.139821,-10.317794,0
2018-09-11,sz.002855,8.9946605000,9.1353591000,8.8941615000,8.9946605000,8.9042114000,513578,4591150.4200,0.615801,1,1.015803,42.520997,1.759533,1.151399,-10.422603,0
2018-09-12,sz.002855,9.0248102000,9.1353591000,9.0248102000,9.0650098000,8.9946605000,431578,3897848.0000,0.517480,1,0.782130,42.853564,1.773295,1.160405,-10.504120,0
2018-09-13,sz.002855,9.0750597000,9.2459080000,9.0750597000,9.2157583000,9.0650098000,837778,7642694.3800,1.004530,1,1.662967,43.566206,1.802785,1.179702,-10.678801,0
2018-09-14,sz.002855,9.2157583000,9.2459080000,9.0449100000,9.2258082000,9.2157583000,841395,7671977.7000,1.008867,1,0.109054,43.613716,1.804750,1.180988,-10.690446,0
2018-09-17,sz.002855,9.2258082000,9.2459080000,9.0047104000,9.0047104000,9.2258082000,606800,5492161.0000,0.727578,1,-2.396517,42.568507,1.761499,1.152686,-10.434248,0
2018-09-18,sz.002855,8.9745607000,9.2258082000,8.9444110000,9.2057084000,9.0047104000,606246,5490019.6000,0.726914,1,2.232141,43.518697,1.800819,1.178415,-10.667155,0
2018-09-19,sz.002855,9.2057084000,9.3464070000,9.1052094000,9.2358581000,9.2057084000,832746,7665043.7400,0.998496,1,0.327508,43.661225,1.806716,1.182275,-10.702091,0
2018-09-20,sz.002855,9.2358581000,9.2861076000,9.1655088000,9.2358581000,9.2358581000,594646,5449350.3600,0.713005,1,0.000000,43.661225,1.806716,1.182275,-10.702091,0
2018-09-21,sz.002855,9.1956585000,9.4469060000,9.1956585000,9.3162573000,9.2358581000,900115,8321399.6800,1.079275,1,0.870521,44.041301,1.822444,1.192567,-10.795254,0
2018-09-25,sz.002855,9.3062074000,9.3062074000,9.1655088000,9.2760577000,9.3162573000,533700,4904898.0000,0.639928,1,-0.431509,43.851263,1.814580,1.187421,-10.748673,0
2018-09-26,sz.002855,9.2459080000,9.4871056000,9.2459080000,9.3162573000,9.2760577000,734400,6824307.2200,0.880576,1,0.433379,44.041301,1.822444,1.192567,-10.795254,0
2018-09-27,sz.002855,9.3665068000,9.3665068000,9.0951595000,9.1554589000,9.3162573000,606682,5549787.7200,0.727436,1,-1.726006,43.281149,1.790989,1.171983,-10.608929,0
2018-09-28,sz.002855,9.1655088000,9.2660078000,9.1152593000,9.1856086000,9.1554589000,489557,4470456.0300,0.586999,1,0.329316,43.423678,1.796887,1.175843,-10.643865,0
2018-10-08,sz.002855,9.1454090000,9.2459080000,8.9042114000,9.0047104000,9.1856086000,643969,5785470.9300,0.772145,1,-1.969369,42.568507,1.761499,1.152686,-10.434248,0
2018-10-09,sz.002855,9.0047104000,9.1956585000,8.9544609000,9.0348601000,9.0047104000,386011,3471191.3400,0.462843,1,0.334819,42.711035,1.767397,1.156545,-10.469184,0
2018-10-10,sz.002855,8.9946605000,9.1353591000,8.9946605000,9.0851096000,9.0348601000,569500,5148453.0000,0.682854,1,0.556176,42.948583,1.777227,1.162978,-10.527411,0
2018-10-11,sz.002855,8.9042114000,8.9142613000,8.2308681000,8.3615168000,9.0851096000,1179600,10115694.2200,1.414388,1,-7.964605,39.527899,1.635678,1.070351,-9.688945,0
2018-10-12,sz.002855,8.3615168000,8.5323651000,7.9494709000,8.2308681000,8.3615168000,988134,8034998.0000,1.184813,1,-1.562501,38.910276,1.610121,1.053627,-9.537555,0
2018-10-15,sz.002855,8.3313671000,8.4620158000,8.2107683000,8.3012174000,8.2308681000,450100,3715671.3400,0.539688,1,0.854709,39.242842,1.623882,1.062632,-9.619072,0
2018-10-16,sz.002855,8.3012174000,8.4419160000,8.0600198000,8.1504689000,8.3012174000,506600,4162041.0000,0.607434,1,-1.815988,38.530200,1.594393,1.043335,-9.444392,0
2018-10-17,sz.002855,8.2409180000,8.3112673000,8.0700697000,8.2208182000,8.1504689000,535300,4354134.0000,0.641847,1,0.863140,38.862766,1.608155,1.052340,-9.525910,0
2018-10-18,sz.002855,8.2208182000,8.2208182000,8.0600198000,8.1002194000,8.2208182000,481634,3894851.0200,0.577499,1,-1.466991,38.292652,1.584563,1.036903,-9.386165,0
2018-10-19,sz.002855,8.0198202000,8.2710677000,7.9796206000,8.2409180000,8.1002194000,694700,5653434.0000,0.832974,1,1.736965,38.957785,1.612086,1.054913,-9.549200,0
2018-10-22,sz.002855,8.3213172000,8.6228142000,8.2409180000,8.5223152000,8.2409180000,1440890,12193269.3200,1.727686,1,3.414631,40.288051,1.667133,1.090935,-9.875270,0
2018-10-23,sz.002855,8.4620158000,8.7233132000,8.4318661000,8.4419160000,8.5223152000,1204200,10210652.4700,1.443885,1,-0.943395,39.907975,1.651406,1.080643,-9.782108,0
2018-10-24,sz.002855,8.4620158000,8.5524649000,8.3414170000,8.4318661000,8.4419160000,890956,7476373.1200,1.068293,1,-0.119039,41.367973,1.653099,0.974181,-11.273952,0
2018-10-25,sz.002855,8.2509679000,8.4921655000,8.1203192000,8.3414170000,8.4318661000,903326,7424293.2000,1.083125,1,-1.072707,40.924216,1.635366,0.963731,-11.153015,0
2018-10-26,sz.002855,8.3916665000,8.5926645000,8.3012174000,8.4419160000,8.3414170000,992887,8352470.3900,1.190512,1,1.204812,41.417279,1.655070,0.975343,-11.287389,0
2018-10-29,sz.002855,8.3715667000,8.4620158000,8.2911675000,8.3916665000,8.4419160000,399300,3331132.0000,0.478777,1,-0.595229,41.170747,1.645218,0.969537,-11.220202,0
2018-10-30,sz.002855,8.3414170000,8.6027144000,8.3414170000,8.5022154000,8.3916665000,1103700,9293967.0000,1.323381,1,1.317361,41.713117,1.666892,0.982309,-11.368013,0
2018-10-31,sz.002855,8.4921655000,8.6931635000,8.4419160000,8.6630138000,8.5022154000,1456767,12433584.7500,1.746723,1,1.891251,42.502017,1.698417,1.000887,-11.583011,0
2018-11-01,sz.002855,8.7333631000,8.8640118000,8.5625148000,8.6429140000,8.6630138000,1534067,13222343.6400,1.839409,1,-0.232013,42.403405,1.694476,0.998565,-11.556136,0
2018-11-02,sz.002855,8.6630138000,8.8137623000,8.6529639000,8.8037124000,8.6429140000,1789500,15515189.0000,2.145683,1,1.860463,43.192305,1.726001,1.017143,-11.771134,0
2018-11-05,sz.002855,8.7635128000,8.9946605000,8.6429140000,8.7836126000,8.8037124000,1241599,10837203.3100,1.488728,1,-0.228316,43.093693,1.722061,1.014821,-11.744260,0
2018-11-06,sz.002855,8.7836126000,8.7836126000,8.5725647000,8.7032134000,8.7836126000,807300,6955629.0000,0.967986,1,-0.915331,42.699242,1.706298,1.005532,-11.636761,0
2018-11-07,sz.002855,8.7233132000,8.7836126000,8.6328641000,8.6831136000,8.7032134000,976033,8466639.4300,1.170303,1,-0.230941,42.600630,1.702357,1.003209,-11.609886,0
2018-11-08,sz.002855,8.7233132000,8.9444110000,8.6630138000,8.7936625000,8.6831136000,2983707,26199255.3900,3.577586,1,1.273144,43.142999,1.724031,1.015982,-11.757697,0
2018-11-09,sz.002855,8.8238122000,8.8740617000,8.7534629000,8.8740617000,8.7936625000,1689139,14848362.1400,2.025347,1,0.914285,43.537449,1.739793,1.025271,-11.865196,0
2018-11-12,sz.002855,8.8439120000,9.3363571000,8.8439120000,9.1956585000,8.8740617000,4507536,41188627.8700,5.404719,1,3.624006,45.115250,1.802844,1.062427,-12.295192,0
2018-11-13,sz.002855,9.0549599000,9.9393511000,9.0248102000,9.8187523000,9.1956585000,6144507,58302516.5800,7.367514,1,6.775966,48.172240,1.925004,1.134416,-13.128308,0
2018-11-14,sz.002855,9.7383531000,10.0499000000,9.4167563000,9.4469060000,9.8187523000,9057912,87811591.7300,10.860806,1,-3.787112,46.347907,1.852102,1.091455,-12.631126,0
2018-11-15,sz.002855,9.3665068000,9.3665068000,9.2057084000,9.3564569000,9.4469060000,3689174,34091649.9800,4.423470,1,-0.957438,45.904151,1.834369,1.081005,-12.510190,0
2018-11-16,sz.002855,9.3263072000,9.3966565000,9.2258082000,9.3765567000,9.3564569000,2429369,22563862.3200,2.912912,1,0.214817,46.002763,1.838309,1.083327,-12.537064,0
2018-11-19,sz.002855,9.3765567000,9.4268062000,9.2559579000,9.3866066000,9.3765567000,1358983,12629582.1700,1.629476,1,0.107184,46.052070,1.840280,1.084488,-12.550502,0
2018-11-20,sz.002855,9.3966565000,9.3966565000,9.0449100000,9.0650098000,9.3866066000,1477367,13557873.3400,1.771423,1,-3.426121,44.474268,1.777230,1.047332,-12.120506,0
2018-11-21,sz.002855,9.0449100000,9.2057084000,8.9946605000,9.1655088000,9.0650098000,1227889,11114563.1100,1.472289,1,1.108641,44.967331,1.796933,1.058943,-12.254880,0
2018-11-22,sz.002855,9.1655088000,9.2258082000,9.1152593000,9.1655088000,9.1655088000,845152,7711020.2000,1.013372,1,0.000000,44.967331,1.796933,1.058943,-12.254880,0
2018-11-23,sz.002855,9.1755587000,9.1755587000,8.6429140000,8.7132633000,9.1655088000,1509969,13332762.8500,1.810514,1,-4.934208,42.748549,1.708268,1.006693,-11.650198,0
2018-11-26,sz.002855,8.7434130000,8.8439120000,8.5524649000,8.7032134000,8.7132633000,737300,6386674.0000,0.884053,1,-0.115343,42.699242,1.706298,1.005532,-11.636761,0
2018-11-27,sz.002855,8.7333631000,8.8137623000,8.6831136000,8.7936625000,8.7032134000,714000,6224442.0000,0.856115,1,1.039263,43.142999,1.724031,1.015982,-11.757697,0
2018-11-28,sz.002855,8.7936625000,8.9142613000,8.6730637000,8.9042114000,8.7936625000,797896,7009007.7600,0.956710,1,1.257139,43.685368,1.745704,1.028754,-11.905508,0
2018-11-29,sz.002855,8.9343611000,9.0650098000,8.6228142000,8.6630138000,8.9042114000,747400,6596470.0000,0.896163,1,-2.708801,42.502017,1.698417,1.000887,-11.583011,0
2018-11-30,sz.002855,8.7032134000,8.8338621000,8.5725647000,8.7233132000,8.6630138000,579468,4991751.4600,0.694806,1,0.696061,42.797855,1.710239,1.007854,-11.663635,0
2018-12-03,sz.002855,8.8640118000,9.0248102000,8.8640118000,8.9946605000,8.7233132000,1208338,10773137.4000,1.448847,1,3.110593,44.129124,1.763437,1.039204,-12.026444,0
2018-12-04,sz.002855,8.9946605000,9.1253092000,8.9444110000,9.1152593000,8.9946605000,1028100,9265947.0000,1.232734,1,1.340781,44.720800,1.787081,1.053138,-12.187693,0
2018-12-05,sz.002855,8.9846106000,9.0650098000,8.8740617000,9.0047104000,9.1152593000,796400,7105861.0000,0.954916,1,-1.212786,44.178431,1.765408,1.040365,-12.039882,0
2018-12-06,sz.002855,8.9946605000,9.0348601000,8.8238122000,8.8338621000,9.0047104000,703433,6231901.3700,0.843445,1,-1.897322,43.340224,1.731912,1.020626,-11.811446,0
2018-12-07,sz.002855,8.8439120000,8.9444110000,8.8238122000,8.8640118000,8.8338621000,486100,4292283.6200,0.582854,1,0.341294,43.488143,1.737823,1.024110,-11.851759,0
2018-12-10,sz.002855,8.8238122000,8.8338621000,8.7233132000,8.7534629000,8.8640118000,455000,3977030.0000,0.545564,1,-1.247162,42.945774,1.716150,1.011337,-11.703947,0
2018-12-11,sz.002855,8.7735627000,8.8841116000,8.7534629000,8.8137623000,8.7534629000,489065,4284890.0800,0.586409,1,0.688868,43.241611,1.727971,1.018304,-11.784572,0
2018-12-12,sz.002855,8.8137623000,9.0851096000,8.8137623000,9.0248102000,8.8137623000,1526342,13594077.0800,1.830146,1,2.394516,44.277043,1.769348,1.042688,-12.066756,0
2018-12-13,sz.002855,9.0449100000,9.2057084000,8.9544609000,9.1655088000,9.0248102000,2211893,20057486.2500,2.652150,1,1.559024,44.967331,1.796933,1.058943,-12.254880,0
2018-12-14,sz.002855,9.3162573000,9.3162573000,8.7534629000,8.7836126000,9.1655088000,2703947,24245476.3400,3.242143,1,-4.166668,43.093693,1.722061,1.014821,-11.744260,0
2018-12-17,sz.002855,8.6529639000,8.8037124000,8.5625148000,8.6127643000,8.7836126000,1217998,10449575.9000,1.460429,1,-1.945081,42.255486,1.688565,0.995082,-11.515824,0
2018-12-18,sz.002855,8.5826146000,8.6328641000,8.5022154000,8.5826146000,8.6127643000,567600,4842600.0000,0.680576,1,-0.350055,42.107567,1.682654,0.991598,-11.475512,0
2018-12-19,sz.002855,8.7233132000,8.8137623000,8.5625148000,8.5826146000,8.5826146000,850198,7376585.6400,1.019422,1,0.000000,42.107567,1.682654,0.991598,-11.475512,0
2018-12-20,sz.002855,8.4921655000,8.5926645000,8.3715667000,8.5625148000,8.5826146000,820798,6927468.0200,0.984170,1,-0.234186,42.008954,1.678713,0.989276,-11.448637,0
2018-12-21,sz.002855,8.5122653000,8.6127643000,8.4821156000,8.5223152000,8.5625148000,448200,3810896.0000,0.537410,1,-0.469494,41.811729,1.670832,0.984632,-11.394888,0
2018-12-24,sz.002855,8.5725647000,8.7735627000,8.5725647000,8.7635128000,8.5223152000,886300,7669306.0000,1.062710,1,2.830197,42.995080,1.718120,1.012498,-11.717385,0
2018-12-25,sz.002855,8.7132633000,8.9946605000,8.4318661000,8.8941615000,8.7635128000,1179500,10205823.0000,1.414269,1,1.490827,43.636062,1.743734,1.027593,-11.892071,0
2018-12-26,sz.002855,8.8037124000,8.9343611000,8.7936625000,8.8640118000,8.8941615000,906700,7998026.0000,1.087170,1,-0.338991,43.488143,1.737823,1.024110,-11.851759,0
2018-12-27,sz.002855,8.9243112000,8.9946605000,8.5625148000,8.5625148000,8.8640118000,820900,7209016.0000,0.984293,1,-3.401352,42.008954,1.678713,0.989276,-11.448637,0
2018-12-28,sz.002855,8.5926645000,8.7032134000,8.5122653000,8.6027144000,8.5625148000,663949,5677284.4400,0.796102,1,0.469483,42.206179,1.686595,0.993920,-11.502387,0
2019-01-02,sz.002855,8.6027144000,9.0650098000,8.5424150000,8.8740617000,8.6027144000,1099300,9637813.0000,1.318106,1,3.154200,43.537449,1.739793,1.025271,-11.865196,0
2019-01-03,sz.002855,8.9042114000,8.9846106000,8.7635128000,8.8841116000,8.8740617000,1315549,11598620.7300,1.577397,1,0.113253,43.586755,1.741764,1.026432,-11.878633,0
2019-01-04,sz.002855,8.9243112000,9.2057084000,8.8037124000,9.1856086000,8.8841116000,2926699,26474893.4100,3.509231,1,3.393667,45.065944,1.800873,1.061266,-12.281754,0
2019-01-07,sz.002855,9.1856086000,9.2459080000,9.0147603000,9.1956585000,9.1856086000,2426899,22032539.4500,2.909951,1,0.109401,45.115250,1.802844,1.062427,-12.295192,0
2019-01-08,sz.002855,9.1152593000,9.1554589000,8.9243112000,8.9544609000,9.1956585000,1596600,14347789.0000,1.914388,1,-2.622948,43.931899,1.755556,1.034560,-11.972695,0
2019-01-09,sz.002855,8.9846106000,9.1655088000,8.9444110000,9.0047104000,8.9544609000,1518800,13706755.0000,1.821103,1,0.561169,44.178431,1.765408,1.040365,-12.039882,0
2019-01-10,sz.002855,9.0047104000,9.1152593000,8.9243112000,9.0449100000,9.0047104000,1156900,10415209.0000,1.387170,1,0.446428,44.375656,1.773289,1.045010,-12.093631,0
2019-01-11,sz.002855,9.0951595000,9.1856086000,9.0147603000,9.0951595000,9.0449100000,1164800,10537520.0000,1.396643,1,0.555558,44.622187,1.783140,1.050815,-12.160818,0
2019-01-14,sz.002855,9.0449100000,9.2760577000,9.0449100000,9.2057084000,9.0951595000,2302556,21062661.9600,2.760859,1,1.215466,45.164556,1.804814,1.063588,-12.308629,0
2019-01-15,sz.002855,9.1956585000,9.2157583000,9.0549599000,9.1856086000,9.2057084000,1908700,17362363.0000,2.288609,1,-0.218335,45.065944,1.800873,1.061266,-12.281754,0
2019-01-16,sz.002855,9.1755587000,9.2157583000,9.0449100000,9.0549599000,9.1856086000,1692096,15350972.9600,2.028892,1,-1.422321,44.424962,1.775259,1.046171,-12.107068,0
2019-01-17,sz.002855,9.0750597000,9.0750597000,8.7936625000,8.8439120000,9.0549599000,1352600,12002731.0000,1.621823,1,-2.330744,43.389530,1.733882,1.021787,-11.824884,0
2019-01-18,sz.002855,8.8238122000,8.8841116000,8.7333631000,8.7836126000,8.8439120000,1079200,9439167.2000,1.294005,1,-0.681823,43.093693,1.722061,1.014821,-11.744260,0
2019-01-21,sz.002855,8.7534629000,8.8740617000,8.7434130000,8.8037124000,8.7836126000,1117900,9785781.0000,1.340408,1,0.228838,43.192305,1.726001,1.017143,-11.771134,0
2019-01-22,sz.002855,8.8037124000,9.0549599000,8.6831136000,8.8037124000,8.8037124000,1510400,13240845.4600,1.811031,1,0.000000,43.192305,1.726001,1.017143,-11.771134,0
2019-01-23,sz.002855,8.7836126000,8.9142613000,8.7233132000,8.7836126000,8.8037124000,797000,6959895.0000,0.955635,1,-0.228316,43.093693,1.722061,1.014821,-11.744260,0
2019-01-24,sz.002855,8.7735627000,8.8841116000,8.6630138000,8.7534629000,8.7836126000,1480000,12946700.0000,1.774580,1,-0.343246,42.945774,1.716150,1.011337,-11.703947,0
2019-01-25,sz.002855,8.7534629000,8.8338621000,8.7032134000,8.7233132000,8.7534629000,693000,6056014.0000,0.830935,1,-0.344429,42.797855,1.710239,1.007854,-11.663635,0
2019-01-28,sz.002855,8.7936625000,8.8338621000,8.7032134000,8.7836126000,8.7233132000,731600,6383788.4600,0.877218,1,0.691238,43.093693,1.722061,1.014821,-11.744260,0
2019-01-29,sz.002855,8.7635128000,8.7936625000,8.0499699000,8.4419160000,8.7836126000,1416200,11921170.0000,1.698082,1,-3.890162,41.417279,1.655070,0.975343,-11.287389,0
2019-01-30,sz.002855,8.4620158000,8.5424150000,8.1705687000,8.3213172000,8.4419160000,866500,7201507.0000,1.038969,1,-1.428570,40.825603,1.631426,0.961409,-11.126141,0
2019-01-31,sz.002855,8.3112673000,8.4017164000,8.0198202000,8.0700697000,8.3213172000,1026200,8353271.0000,1.230456,1,-3.019324,39.592946,1.582168,0.932381,-10.790206,0
2019-02-01,sz.002855,8.1806186000,8.3615168000,8.1102693000,8.3615168000,8.0700697000,1080600,8864631.0000,1.295683,1,3.611457,42.984728,1.717706,1.012255,-11.714564,0
2019-02-11,sz.002855,8.3916665000,8.5926645000,8.3313671000,8.5223152000,8.3615168000,946700,7968570.0000,1.135132,1,1.923075,43.811358,1.750739,1.031721,-11.939844,0
2019-02-12,sz.002855,8.5223152000,8.6630138000,8.4519659000,8.6127643000,8.5223152000,830296,7080929.8800,0.995559,1,1.061323,44.276337,1.769320,1.042671,-12.066564,0
2019-02-13,sz.002855,8.6429140000,8.7936625000,8.3816166000,8.7936625000,8.6127643000,1615600,13991149.0000,1.937170,1,2.100354,45.206295,1.806482,1.064571,-12.320004,0
2019-02-14,sz.002855,8.7534629000,9.1052094000,8.7333631000,8.8539619000,8.7936625000,1749200,15436955.0000,2.097362,1,0.685719,45.516281,1.818869,1.071871,-12.404484,0
2019-02-15,sz.002855,8.8439120000,8.9142613000,8.6429140000,8.8137623000,8.8539619000,1315400,11571213.0000,1.577218,1,-0.454029,45.309623,1.810611,1.067004,-12.348164,0
2019-02-18,sz.002855,8.9444110000,9.3162573000,8.8640118000,9.3162573000,8.8137623000,3986996,36132521.8800,4.780571,1,5.701254,47.892840,1.913839,1.127837,-13.052164,0
2019-02-19,sz.002855,9.5474050000,9.5876046000,9.1052094000,9.1856086000,9.3162573000,4246100,39436207.0000,5.091247,1,-1.402375,47.221204,1.886999,1.112020,-12.869124,0
2019-02-20,sz.002855,9.0449100000,9.1353591000,8.9946605000,9.0851096000,9.1856086000,2539296,22921679.9200,3.044719,1,-1.094096,46.704561,1.866354,1.099854,-12.728324,0
2019-02-21,sz.002855,9.1052094000,9.2358581000,9.0248102000,9.0348601000,9.0851096000,2007398,18215379.9200,2.406952,1,-0.553099,46.446239,1.856031,1.093770,-12.657924,0
2019-02-22,sz.002855,9.0147603000,9.2559579000,8.9846106000,9.2459080000,9.0348601000,2112865,19209851.2900,2.533411,1,2.335929,47.531190,1.899387,1.119320,-12.953604,0
2019-02-25,sz.002855,10.0499000000,10.0499000000,9.3263072000,9.6378541000,9.2459080000,4422395,42164819.8500,5.302632,1,4.239134,49.546099,1.979904,1.166770,-13.502724,0
2019-02-26,sz.002855,9.4971555000,9.7685028000,9.4670058000,9.5574549000,9.6378541000,3736387,35739297.2100,4.480080,1,-0.834202,49.132784,1.963388,1.157036,-13.390084,0
2019-02-27,sz.002855,9.5072054000,9.6378541000,9.3765567000,9.4067064000,9.5574549000,2481705,23483741.7600,2.975665,1,-1.577293,48.357819,1.932419,1.138787,-13.178884,0
2019-02-28,sz.002855,9.4268062000,9.5976545000,9.3966565000,9.4871056000,9.4067064000,1219629,11488772.1500,1.462385,1,0.854700,74.230287,1.948936,1.077653,-13.291524,0
2019-03-01,sz.002855,9.5373551000,9.5675048000,9.3263072000,9.4770557000,9.4871056000,1711430,16047170.0000,2.052074,1,-0.105925,74.151653,1.946871,1.076511,-13.277444,0
2019-03-04,sz.002855,9.5574549000,9.7283032000,9.4569559000,9.5474050000,9.4770557000,2858600,27299201.2300,3.427578,1,0.742309,74.702089,1.961323,1.084502,-13.376004,0
2019-03-05,sz.002855,9.5273052000,9.7484030000,9.4971555000,9.7283032000,9.5474050000,2540341,24336751.1400,3.045972,1,1.894740,76.117497,1.998485,1.105051,-13.629444,0
2019-03-06,sz.002855,9.7383531000,10.0499000000,9.7383531000,10.0499000000,9.7283032000,4226650,41756643.1800,5.067926,1,3.305782,78.633778,2.064551,1.141581,-14.080004,0
2019-03-07,sz.002855,9.9795507000,10.3714968000,9.9494010000,10.2307982000,10.0499000000,4805171,48525651.5300,5.761596,1,1.800003,80.049186,2.101713,1.162130,-14.333445,0
2019-03-08,sz.002855,10.1001495000,10.3312972000,9.5876046000,9.6278042000,10.2307982000,4119785,40970008.3800,4.939790,1,-5.893913,75.331160,1.977840,1.093635,-13.488644,0
2019-03-11,sz.002855,9.7383531000,10.2408481000,9.7383531000,10.1503990000,9.6278042000,3143066,31293205.0100,3.768664,1,5.427979,79.420116,2.085196,1.152997,-14.220804,0
2019-03-12,sz.002855,10.2709978000,10.4920956000,10.1503990000,10.3011475000,10.1503990000,4114898,42335161.5000,4.933930,1,1.485145,80.599623,2.116165,1.170121,-14.432005,0
2019-03-13,sz.002855,10.3212473000,10.5021455000,10.1403491000,10.1805487000,10.3011475000,3191900,32717603.1400,3.827218,1,-1.170731,79.656017,2.091390,1.156422,-14.263044,0
2019-03-14,sz.002855,10.1503990000,10.2106984000,9.6579539000,9.8489020000,10.1805487000,2559973,25206516.8500,3.069512,1,-3.257650,77.061103,2.023260,1.118749,-13.798404,0
2019-03-15,sz.002855,9.8489020000,10.0599499000,9.7986525000,9.9795507000,9.8489020000,1879719,18591239.3200,2.253860,1,1.326532,78.083342,2.050099,1.133590,-13.981444,0
2019-03-18,sz.002855,9.9795507000,10.2106984000,9.8991515000,10.2106984000,9.9795507000,1825699,18279751.9700,2.189088,1,2.316209,79.891919,2.097584,1.159846,-14.305285,0
2019-03-19,sz.002855,10.2106984000,10.3212473000,10.0900996000,10.2609479000,10.2106984000,1921365,19524213.0700,2.303795,1,0.492128,80.285088,2.107906,1.165554,-14.375685,0
2019-03-20,sz.002855,10.2810477000,10.6528940000,10.0499000000,10.5925946000,10.2609479000,3936044,40528279.3700,4.719477,1,3.232124,82.880002,2.176036,1.203226,-14.840325,0
2019-03-21,sz.002855,10.4920956000,11.5975846000,10.4518960000,11.5774848000,10.5925946000,10098278,111954816.3600,12.108247,1,9.297917,90.586113,2.378362,1.315101,-16.220165,0
2019-03-22,sz.002855,11.3161874000,12.6628740000,10.9342912000,12.2608780000,11.5774848000,17119268,204759578.1500,20.526700,1,5.902772,95.933210,2.518752,1.392729,-17.177605,0
2019-03-25,sz.002855,11.5372852000,11.9493311000,11.0548900000,11.0950896000,12.2608780000,8485514,97234112.3400,10.174477,1,-9.508196,86.811691,2.279264,1.260306,-15.544325,0
2019-03-26,sz.002855,11.1553890000,11.2458381000,10.6528940000,10.7433431000,11.0950896000,5089592,55056225.7000,6.102628,1,-3.170293,84.059509,2.207005,1.220350,-15.051525,0
2019-03-27,sz.002855,10.8538920000,10.8739918000,10.3212473000,10.6629439000,10.7433431000,3603698,37931647.8600,4.320981,1,-0.748362,83.430439,2.190488,1.211218,-14.938885,0
2019-03-28,sz.002855,10.5523950000,10.7935926000,10.4518960000,10.4719958000,10.6629439000,2694344,28420041.8400,3.230628,1,-1.790760,81.936397,2.151262,1.189528,-14.671365,0
2019-03-29,sz.002855,10.5121954000,10.7533930000,10.4116964000,10.7131934000,10.4719958000,3025292,31965943.8800,3.627448,1,2.303261,83.823608,2.200811,1.216925,-15.009285,0
2019-04-01,sz.002855,10.7332932000,11.1051395000,10.7332932000,11.0046405000,10.7131934000,3716990,40550394.9000,4.456823,1,2.720450,86.103987,2.260683,1.250031,-15.417605,0
2019-04-02,sz.002855,11.0649399000,11.3061375000,10.9644409000,11.2056385000,11.0046405000,3947622,43795231.1000,4.733360,1,1.826482,87.676663,2.301974,1.272863,-15.699205,0
2019-04-03,sz.002855,11.1855387000,11.3362872000,11.0347902000,11.2659379000,11.2056385000,3572530,39711487.4000,4.283609,1,0.538120,88.148465,2.314361,1.279712,-15.783685,0
2019-04-04,sz.002855,11.2156884000,11.3061375000,11.0850397000,11.0950896000,11.2659379000,2779100,30908618.0000,3.332254,1,-1.516504,86.811691,2.279264,1.260306,-15.544325,0
2019-04-08,sz.002855,11.1252393000,11.2357882000,10.8840417000,11.2056385000,11.0950896000,2734498,30193661.5200,3.278775,1,0.996374,87.676663,2.301974,1.272863,-15.699205,0
2019-04-09,sz.002855,11.1553890000,11.5573850000,11.0448401000,11.4568860000,11.2056385000,4109936,46390773.4800,4.927981,1,2.242153,89.642507,2.353588,1.301402,-16.051205,0
2019-04-10,sz.002855,11.4669359000,11.7985826000,11.3463371000,11.7985826000,11.4568860000,5345659,61591451.9500,6.409663,1,2.982458,92.316056,2.423783,1.340216,-16.529925,0
2019-04-11,sz.002855,11.7684329000,12.2206784000,11.5875347000,11.6377842000,11.7985826000,5580132,65881381.9800,6.690806,1,-1.362861,91.057915,2.390750,1.321951,-16.304645,0
2019-04-12,sz.002855,11.6679339000,11.8186824000,11.3262373000,11.6277343000,11.6377842000,3393300,39007688.3000,4.068705,1,-0.086358,90.979281,2.388685,1.320809,-16.290565,0
2019-04-15,sz.002855,11.8186824000,12.7935227000,11.7181834000,12.7935227000,11.6277343000,10942382,135695789.8700,13.120362,1,10.025930,100.100800,2.628173,1.453233,-17.923846,0
2019-04-16,sz.002855,13.0648700000,13.1754189000,12.5824748000,12.8136225000,12.7935227000,20280801,260013084.0000,24.317507,1,0.157113,100.258067,2.632302,1.455516,-17.952006,0
2019-04-17,sz.002855,12.5020756000,12.5623750000,12.0598800000,12.2809778000,12.8136225000,14065435,171756753.4700,16.865030,1,-4.156861,96.090477,2.522881,1.395012,-17.205765,0
2019-04-18,sz.002855,12.0799798000,12.4618760000,11.9694309000,12.0900297000,12.2809778000,9989962,121752893.3100,11.978372,1,-1.554832,94.596435,2.483655,1.373322,-16.938245,0
2019-04-19,sz.002855,12.0900297000,12.3312273000,11.7583830000,12.1704289000,12.0900297000,6686876,80461396.6200,8.017837,1,0.665003,95.225506,2.500171,1.382455,-17.050885,0
2019-04-22,sz.002855,12.3613770000,12.5523251000,11.9493311000,12.0498301000,12.1704289000,7768215,94418511.8500,9.314406,1,-0.990916,94.281900,2.475396,1.368756,-16.881925,0
2019-04-23,sz.002855,12.1101295000,12.1101295000,11.0046405000,11.0950896000,12.0498301000,6870909,77863274.0400,8.238500,1,-7.923268,86.811691,2.279264,1.260306,-15.544325,0
2019-04-24,sz.002855,11.0749898000,11.2257383000,10.6930936000,10.9543910000,11.0950896000,3784800,41191065.0000,4.538129,1,-1.268119,85.710818,2.250360,1.244323,-15.347205,0
2019-04-25,sz.002855,10.9543910000,11.0950896000,10.3513970000,10.4016465000,10.9543910000,3542788,37790277.5400,4.247947,1,-5.045865,81.385961,2.136810,1.181536,-14.572805,0
2019-04-26,sz.002855,10.4820457000,10.6327942000,10.2609479000,10.5121954000,10.4016465000,2233152,23273615.0600,2.677640,1,1.062799,82.250932,2.159520,1.194094,-14.727685,0
2019-04-29,sz.002855,10.5322952000,10.6327942000,9.9494010000,10.0097004000,10.5121954000,2594752,26282122.4000,3.111213,1,-4.780115,84.870447,2.033733,1.048235,-20.190862,0
2019-04-30,sz.002855,9.9293012000,10.2106984000,9.9293012000,10.2006485000,10.0097004000,1272600,12822908.0000,1.525899,1,1.907626,86.489462,2.072530,1.068232,-20.576029,0
2019-05-06,sz.002855,10.0398501000,10.0398501000,9.1856086000,9.1856086000,10.2006485000,2727082,25870276.4800,3.269882,1,-9.950732,77.883121,1.866298,0.961935,-18.528562,0
2019-05-07,sz.002855,9.2861076000,9.5072054000,9.1454090000,9.3765567000,9.1856086000,1524500,14128334.0000,1.827938,1,2.078770,79.502136,1.905094,0.981931,-18.913729,0
2019-05-08,sz.002855,9.2459080000,9.5172553000,9.0750597000,9.3866066000,9.3765567000,1548600,14479175.0000,1.856835,1,0.107184,79.587347,1.907136,0.982984,-18.934001,0
2019-05-09,sz.002855,9.2660078000,9.4770557000,9.2459080000,9.3866066000,9.3866066000,1000900,9354000.0000,1.200120,1,0.000000,79.587347,1.907136,0.982984,-18.934001,0
2019-05-10,sz.002855,9.4770557000,9.7685028000,9.4067064000,9.7283032000,9.3866066000,2413582,23105868.2600,2.893983,1,3.640259,82.484531,1.976560,1.018767,-19.623248,0
2019-05-13,sz.002855,9.6378541000,9.7484030000,9.5474050000,9.7082034000,9.7283032000,1253800,12093532.0000,1.503357,1,-0.206616,82.314109,1.972476,1.016662,-19.582704,0
2019-05-14,sz.002855,9.5172553000,9.7283032000,9.5172553000,9.6378541000,9.7082034000,1264000,12131116.0000,1.515588,1,-0.724634,81.717630,1.958183,1.009295,-19.440800,0
2019-05-15,sz.002855,9.8288022000,9.8690018000,9.6981535000,9.8388521000,9.6378541000,1551898,15089863.4800,1.860789,1,2.085504,83.421855,1.999021,1.030344,-19.846239,0
2019-05-16,sz.002855,9.8489020000,10.1101994000,9.8087024000,9.8790517000,9.8388521000,1986298,19690443.2400,2.381652,1,0.408580,83.762701,2.007189,1.034554,-19.927327,0
2019-05-17,sz.002855,10.8639419000,10.8639419000,10.8639419000,10.8639419000,9.8790517000,3002610,32458214.1000,3.600252,1,9.969486,92.113407,2.207295,1.137693,-21.913978,0
2019-05-20,sz.002855,11.9493311000,11.9493311000,11.7583830000,11.9493311000,10.8639419000,13057716,155199190.2400,15.656734,1,9.990748,101.316227,2.427820,1.251357,-24.103349,0
2019-05-21,sz.002855,11.9694309000,12.5422752000,11.2357882000,11.8086325000,11.9493311000,23736150,279845084.2000,28.460612,1,-1.177463,100.123269,2.399234,1.236623,-23.819541,0
2019-05-22,sz.002855,11.5875347000,12.1905287000,11.2759878000,11.7985826000,11.8086325000,17094276,199729243.8900,20.496734,1,-0.085108,100.038057,2.397192,1.235571,-23.799269,0
2019-05-23,sz.002855,11.4970856000,11.6578840000,10.6227443000,10.6227443000,11.7985826000,11548565,126893134.9100,13.847200,1,-9.965929,90.068336,2.158289,1.112434,-21.427451,0
2019-05-24,sz.002855,9.9092014000,10.2006485000,9.5574549000,9.5574549000,10.6227443000,10379385,101657698.9100,12.445306,1,-10.028380,81.035939,1.941848,1.000875,-19.278624,0
2019-05-27,sz.002855,9.6077044000,10.0197503000,9.4770557000,9.9795507000,9.5574549000,6459185,62994223.7000,7.744826,1,4.416405,84.614814,2.027608,1.045078,-20.130046,0
2019-05-28,sz.002855,9.9795507000,10.1503990000,9.8589519000,9.9293012000,9.9795507000,5746841,57025917.2600,6.890697,1,-0.503527,84.188757,2.017398,1.039816,-20.028687,0
2019-05-29,sz.002855,9.8790517000,10.3513970000,9.8589519000,10.3011475000,9.9293012000,6386791,64174754.2000,7.658023,1,3.744938,87.341575,2.092949,1.078756,-20.778749,0
2019-05-30,sz.002855,10.2508980000,10.2508980000,9.8388521000,10.1805487000,10.3011475000,5867900,58596151.5100,7.035851,1,-1.170731,86.319039,2.068446,1.066127,-20.535485,0
2019-05-31,sz.002855,10.0699998000,10.3714968000,10.0298002000,10.0800497000,10.1805487000,4216323,42741824.0800,5.055543,1,-0.987170,85.466926,2.048027,1.055602,-20.332766,0
2019-06-03,sz.002855,10.0298002000,10.1704988000,9.7383531000,9.9092014000,10.0800497000,3928249,38831995.0200,4.710131,1,-1.694916,84.018334,2.013314,1.037711,-19.988143,0
2019-06-04,sz.002855,9.8690018000,10.0097004000,9.5574549000,9.6579539000,9.9092014000,3084198,30121688.9000,3.698079,1,-2.535497,81.888052,1.962267,1.011400,-19.481344,0
2019-06-05,sz.002855,9.7785527000,10.5523950000,9.7283032000,10.3111974000,9.6579539000,8239642,83541833.8800,9.879667,1,6.763794,87.426786,2.094990,1.079809,-20.799021,0
2019-06-06,sz.002855,10.2810477000,10.2810477000,9.9293012000,9.9996505000,10.3111974000,4271842,42703505.5800,5.122113,1,-3.021446,84.785236,2.031692,1.047183,-20.170590,0
2019-06-10,sz.002855,10.0800497000,10.5423451000,9.9293012000,10.5021455000,9.9996505000,5104300,52287622.0000,6.120264,1,5.025126,89.045801,2.133787,1.099805,-21.184188,0
2019-06-11,sz.002855,10.5423451000,10.7031435000,10.3011475000,10.6729938000,10.5021455000,6454339,67738289.1400,7.739016,1,1.626795,90.494393,2.168499,1.117697,-21.528811,0
2019-06-12,sz.002855,10.6327942000,10.7332932000,10.4418461000,10.4719958000,10.6729938000,3910800,41060876.0000,4.689209,1,-1.883237,88.790167,2.127661,1.096648,-21.123372,0
2019-06-13,sz.002855,10.4719958000,10.5423451000,10.3212473000,10.4820457000,10.4719958000,3153896,32697450.4000,3.781650,1,0.095971,88.875378,2.129703,1.097700,-21.143644,0
2019-06-14,sz.002855,10.4518960000,10.4518960000,9.9695008000,10.0398501000,10.4820457000,3282791,33246232.2700,3.936200,1,-4.218605,85.126081,2.039859,1.051393,-20.251678,0
2019-06-17,sz.002855,9.9494010000,10.1302992000,9.8790517000,10.0599499000,10.0398501000,1400800,13991895.0000,1.679616,1,0.200205,85.296504,2.043943,1.053498,-20.292222,0
2019-06-18,sz.002855,10.0499000000,10.2709978000,10.0197503000,10.0699998000,10.0599499000,1791350,18119249.0000,2.147902,1,0.099902,85.381715,2.045985,1.054550,-20.312494,0
2019-06-19,sz.002855,10.2910976000,10.3714968000,10.1503990000,10.1805487000,10.0699998000,3143858,32156044.8400,3.769614,1,1.097801,86.319039,2.068446,1.066127,-20.535485,0
2019-06-20,sz.002855,10.1704988000,10.3312972000,10.0900996000,10.2810477000,10.1805487000,3086291,31425021.4700,3.700589,1,0.987161,87.171152,2.088865,1.076651,-20.738205,0
2019-06-21,sz.002855,10.2207483000,10.5021455000,10.2207483000,10.3714968000,10.2810477000,4169094,43041800.1000,4.998914,1,0.879767,87.938054,2.107242,1.086123,-20.920652,0
2019-06-24,sz.002855,10.3312146600,10.4923252200,10.2003123300,10.2909370200,10.3714923000,2747381,28284171.7700,3.294222,1,-0.776698,87.085941,2.086823,1.075599,-20.717933,0
2019-06-25,sz.002855,10.4017005300,10.4218393500,10.0492711800,10.2305205600,10.2909370200,1978610,20012455.7400,2.372434,1,-0.587088,86.574673,2.074571,1.069284,-20.596301,0
2019-06-26,sz.002855,10.1499652800,10.2707982000,10.1096876400,10.1197570500,10.2305205600,1637089,16559080.9000,1.962936,1,-1.082674,85.637349,2.052111,1.057707,-20.373310,0
2019-06-27,sz.002855,10.1600346900,10.5728805000,10.0794794100,10.3312146600,10.1197570500,3160926,32373961.2300,3.790079,1,2.089553,87.426786,2.094990,1.079809,-20.799021,0
2019-06-28,sz.002855,10.3312146600,10.4419781700,9.9485770800,10.0895488200,10.3312146600,2419269,24199795.7900,2.900802,1,-2.339179,85.381715,2.045985,1.054550,-20.312494,0
2019-07-01,sz.002855,10.3614228900,10.6635051900,10.2405899700,10.6534357800,10.0895488200,5219708,54336830.5600,6.258643,1,5.588817,90.153548,2.160331,1.113487,-21.447723,0
2019-07-02,sz.002855,10.5023946300,10.6030887300,10.3110758400,10.4117699400,10.6534357800,3769920,39157839.0000,4.520288,1,-2.268429,88.108476,2.111326,1.088228,-20.961196,0
2019-07-03,sz.002855,10.3815617100,10.3815617100,10.1398958700,10.1902429200,10.4117699400,2080542,21128995.3100,2.494655,1,-2.127662,86.233828,2.066404,1.065074,-20.515213,0
2019-07-04,sz.002855,10.2003123300,10.2707982000,10.0996182300,10.2003123300,10.1902429200,1515600,15322570.0000,1.817266,1,0.098816,86.319039,2.068446,1.066127,-20.535485,0
2019-07-05,sz.002855,10.2003123300,10.2607287900,10.1298264600,10.2305205600,10.2003123300,1285542,13011886.4400,1.541417,1,0.296147,86.574673,2.074571,1.069284,-20.596301,0
2019-07-08,sz.002855,10.1600346900,10.1600346900,9.6565641900,9.6666336000,10.2305205600,2435367,23802045.6600,2.920104,1,-5.511806,81.802841,1.960225,1.010347,-19.461072,0
2019-07-09,sz.002855,9.6565641900,9.8277441600,9.6464947800,9.7572582900,9.6666336000,975014,9415087.5000,1.169082,1,0.937492,82.569742,1.978602,1.019819,-19.643520,0
2019-07-10,sz.002855,9.8680218000,9.8680218000,9.6666336000,9.7270500600,9.7572582900,793600,7707878.0000,0.951559,1,-0.309595,82.314109,1.972476,1.016662,-19.582704,0
2019-07-11,sz.002855,9.7270500600,9.8478829800,9.6867724200,9.7773971100,9.7270500600,818100,7932100.0000,0.980935,1,0.517600,82.740165,1.982686,1.021924,-19.684063,0
2019-07-12,sz.002855,9.7773971100,9.8680218000,9.6867724200,9.8378135700,9.7773971100,1072000,10450678.0000,1.285372,1,0.617924,83.251433,1.994937,1.028239,-19.805695,0
2019-07-15,sz.002855,9.8478829800,10.0089935400,9.6767030100,9.9385076700,9.8378135700,1214900,11917004.0000,1.456715,1,1.023535,84.103546,2.015356,1.038763,-20.008415,0
2019-07-16,sz.002855,9.9284382600,10.0593405900,9.8277441600,10.0492711800,9.9385076700,1228344,12161981.0400,1.472835,1,1.114485,85.040870,2.037817,1.050340,-20.231406,0
2019-07-17,sz.002855,10.0089935400,10.1398958700,9.9485770800,9.9888547200,10.0492711800,1272212,12689603.1600,1.525434,1,-0.601197,84.529602,2.025566,1.044026,-20.109774,0
2019-07-18,sz.002855,9.9586464900,10.0694100000,9.6666336000,9.9183688500,9.9888547200,1666700,16378726.0000,1.998441,1,-0.705642,83.933123,2.011273,1.036658,-19.967871,0
2019-07-19,sz.002855,9.9989241300,10.0392017700,9.8076053400,9.8176747500,9.9183688500,928144,9141036.8400,1.112882,1,-1.015232,83.081010,1.990854,1.026134,-19.765151,0
2019-07-22,sz.002855,9.7874665200,9.8982300300,9.4853842200,9.4853842200,9.8176747500,1209000,11480734.0000,1.449640,1,-3.384615,80.269038,1.923471,0.991403,-19.096177,0
2019-07-23,sz.002855,9.5659395000,9.8680218000,9.5155924500,9.8277441600,9.4853842200,1303100,12542105.0000,1.562470,1,3.609343,83.166222,1.992895,1.027186,-19.785423,0
2019-07-24,sz.002855,9.8478829800,10.0089935400,9.7673277000,9.8680218000,9.8277441600,1453500,14334907.1000,1.742806,1,0.409836,83.507067,2.001063,1.031396,-19.866511,0
2019-07-25,sz.002855,9.8076053400,10.1600346900,9.8076053400,10.0089935400,9.8680218000,2469253,24639854.9500,2.960735,1,1.428565,84.700025,2.029650,1.046130,-20.150318,0
2019-07-26,sz.002855,9.9687159000,11.0058651300,9.9687159000,11.0058651300,10.0089935400,4123181,44798099.3300,4.943900,1,9.959800,93.135943,2.231798,1.150323,-22.157241,0
2019-07-29,sz.002855,10.9353792600,11.2273921500,10.6635051900,10.9454486700,11.0058651300,13999635,152501038.6100,16.786133,1,-0.548952,92.624675,2.219546,1.144008,-22.035610,0
2019-07-30,sz.002855,10.8346851600,10.8548239800,10.6534357800,10.7339910600,10.9454486700,6149229,65694685.6300,7.373200,1,-1.931900,90.835238,2.176667,1.121906,-21.609899,0
2019-07-31,sz.002855,10.7641992900,11.2475309700,10.7138522400,10.9655874900,10.7339910600,9825091,107471256.1800,11.780700,1,2.157600,92.795098,2.223630,1.146113,-22.076154,0
2019-08-01,sz.002855,10.8447545700,11.7006544200,10.5527416800,11.3683638900,10.9655874900,11716232,129992454.5600,14.048200,1,3.673100,96.203549,2.305306,1.188211,-22.887032,0
2019-08-02,sz.002855,10.9756569000,11.1770451000,10.6735746000,10.9253098500,11.3683638900,7357742,79935081.8800,8.822200,1,-3.897300,92.454252,2.215463,1.141903,-21.995066,0
2019-08-05,sz.002855,11.0260039500,11.0964898200,10.6735746000,10.7742687000,10.9253098500,5803642,62644295.0300,6.958800,1,-1.382500,91.176083,2.184834,1.126116,-21.690987,0
2019-08-06,sz.002855,10.4117699400,10.4520475800,9.7069112400,10.1398958700,10.7742687000,6880904,68878228.1200,8.250500,1,-5.887900,85.807772,2.056194,1.059812,-20.413854,0
2019-08-07,sz.002855,10.2204511500,10.3714923000,9.8277441600,9.8478829800,10.1398958700,4392241,43951807.2100,5.266500,1,-2.879800,83.336644,1.996979,1.029291,-19.825967,0
2019-08-08,sz.002855,9.9687159000,10.2405899700,9.8478829800,10.2103817400,9.8478829800,4302693,43215779.7400,5.159100,1,3.681000,86.404251,2.070488,1.067179,-20.555757,0
2019-08-09,sz.002855,10.2003123300,10.5225334500,10.1902429200,10.2607287900,10.2103817400,4359667,44715164.3800,5.227400,1,0.493100,86.830307,2.080697,1.072442,-20.657117,0
2019-08-12,sz.002855,10.3815617100,10.5728805000,10.2204511500,10.5728805000,10.2607287900,4352952,45079583.8100,5.219400,1,3.042200,89.471857,2.143996,1.105067,-21.285548,0
2019-08-13,sz.002855,10.4520475800,10.8749628000,10.3412840700,10.7944075200,10.5728805000,5488268,58220268.4500,6.580700,1,2.095200,91.346506,2.188918,1.128221,-21.731530,0
2019-08-14,sz.002855,11.0763510000,11.8718343900,10.7541298800,11.4891968100,10.7944075200,19474038,223525632.0000,23.350200,1,6.436600,97.226085,2.329809,1.200840,-23.130295,0
2019-08-15,sz.002855,10.8749628000,11.8416261600,10.5728805000,11.6905850100,11.4891968100,14474801,159060725.9300,17.355900,1,1.752800,98.930311,2.370647,1.221889,-23.535734,0
2019-08-16,sz.002855,11.4690579900,11.8315567500,11.3079474300,11.3582944800,11.6905850100,11924673,137020775.8500,14.298200,1,-2.842400,96.118338,2.303264,1.187158,-22.866760,0
2019-08-19,sz.002855,11.7409320600,12.3652354800,11.4891968100,12.0832920000,11.3582944800,16403962,195955241.8200,19.669000,1,6.383000,102.253551,2.450281,1.262934,-24.326340,0
2019-08-20,sz.002855,12.1135002300,13.2916212000,12.0027367200,13.2916212000,12.0832920000,9759000,125772456.4800,11.701400,1,10.000000,112.478906,2.695309,1.389228,-26.758974,0
2019-08-21,sz.002855,13.5433564500,14.0971740000,12.6874566000,13.3218294300,13.2916212000,20159615,267507373.6600,24.172200,1,0.227300,112.734540,2.701435,1.392385,-26.819790,0
2019-08-22,sz.002855,13.0801635900,13.5836340900,12.9089836200,13.2312047400,13.3218294300,10775728,141021377.5500,12.920500,1,-0.680300,111.967638,2.683058,1.382913,-26.637342,0
2019-08-23,sz.002855,13.1305106400,13.1405800500,12.3853743000,12.5867625000,13.2312047400,10191514,128940649.8400,12.220000,1,-4.870600,106.514116,2.552376,1.315556,-25.339938,0
2019-08-26,sz.002855,12.2544719700,13.0298165400,12.2544719700,12.5766930900,12.5867625000,7345813,92765056.2100,8.807900,1,-0.080000,106.428904,2.550334,1.314504,-25.319666,0
2019-08-27,sz.002855,12.7277342400,12.9291224400,12.4055131200,12.5162766300,12.5766930900,7314970,91889526.3500,8.770900,1,-0.480400,102.102380,2.496999,1.241684,-229.811637,0
2019-08-28,sz.002855,12.4357213500,12.7478730600,12.2141943300,12.4357213500,12.5162766300,4752961,58950735.5600,5.699000,1,-0.643600,101.445245,2.480929,1.233693,-228.332559,0
2019-08-29,sz.002855,12.5062072200,12.6874566000,12.2343331500,12.4457907600,12.4357213500,4111854,50992183.2500,4.930300,1,0.081000,101.527387,2.482937,1.234692,-228.517444,0
2019-08-30,sz.002855,12.4659295800,12.6069013200,11.6301685500,11.8819038000,12.4457907600,7713427,92862703.0800,9.248700,1,-4.530700,96.927441,2.370442,1.178751,-218.163903,0
2019-09-02,sz.002855,11.9926673100,12.1940555100,11.9020426200,12.0832920000,11.8819038000,6338850,76073046.2200,7.600500,1,1.694900,98.570279,2.410619,1.198730,-221.861596,0
2019-09-03,sz.002855,12.1839861000,12.3753048900,11.8819038000,12.1437084600,12.0832920000,7857900,94232866.0000,9.421900,1,0.500000,99.063130,2.422672,1.204723,-222.970904,0
2019-09-04,sz.002855,12.2141943300,12.2141943300,11.8919732100,12.0530837700,12.1437084600,5633398,67261891.2800,6.754700,1,-0.746300,98.323853,2.404592,1.195733,-221.306942,0
2019-09-05,sz.002855,12.2141943300,12.6572483700,11.9926673100,12.4357213500,12.0530837700,10615906,130471287.9400,12.728900,1,3.174600,101.445245,2.480929,1.233693,-228.332559,0
2019-09-06,sz.002855,12.4055131200,12.6773871900,12.2041249200,12.3954437100,12.4357213500,8738616,107793604.5800,10.478000,1,-0.323900,101.116678,2.472893,1.229697,-227.593021,0
2019-09-09,sz.002855,12.4860684000,13.0700941800,12.3853743000,12.9492612600,12.3954437100,11646248,147362930.5600,13.964300,1,4.467900,105.634482,2.583380,1.284639,-237.761677,0
2019-09-10,sz.002855,12.8687059800,12.8888448000,12.3954437100,12.5263460400,12.9492612600,9175146,114788631.6800,11.001400,1,-3.265900,102.184522,2.499008,1.242683,-229.996521,0
2019-09-11,sz.002855,12.5364154500,12.5464848600,12.1034308200,12.1235696400,12.5263460400,6418898,78134010.2500,7.696500,1,-3.215400,98.898846,2.418654,1.202726,-222.601135,0
2019-09-12,sz.002855,12.1940555100,12.3350272500,12.1034308200,12.3048190200,12.1235696400,3490375,42393562.5000,4.185100,1,1.495000,100.377401,2.454814,1.220707,-225.929059,0
2019-09-16,sz.002855,12.4055131200,12.6572483700,12.2242637400,12.6572483700,12.3048190200,6923446,85936123.8600,8.301500,1,2.864200,103.252367,2.525123,1.255669,-232.400022,0
2019-09-17,sz.002855,12.6169707300,12.6572483700,11.9825979000,12.0933614100,12.6572483700,5030392,61198597.7600,6.031600,1,-4.455000,98.652421,2.412628,1.199729,-222.046481,0
2019-09-18,sz.002855,12.1034308200,12.3350272500,12.0329449500,12.0631531800,12.0933614100,3338837,40379596.2300,4.003400,1,-0.249800,98.405995,2.406601,1.196732,-221.491827,0
2019-09-19,sz.002855,12.2343331500,13.0298165400,12.2141943300,12.8888448000,12.0631531800,12359410,156560654.6200,14.819400,1,6.844700,105.141631,2.571327,1.278645,-236.652369,0
2019-09-20,sz.002855,12.8384977500,13.5332870400,12.6773871900,13.2211353300,12.8888448000,13745730,179717300.4700,16.481700,1,2.578100,107.852313,2.637619,1.311610,-242.753563,0
2019-09-23,sz.002855,13.0499553600,13.4728705800,13.0197471300,13.4124541200,13.2211353300,10227871,134996502.5400,12.263600,1,1.447100,109.413009,2.675787,1.330590,-246.266372,0
2019-09-24,sz.002855,13.3117600200,13.3721764800,13.0298165400,13.2110659200,13.4124541200,8346663,109461949.7200,10.008000,1,-1.501500,107.770171,2.635610,1.310611,-242.568678,0
2019-09-25,sz.002855,13.3016906100,13.3419682500,12.6975260100,12.8787753900,13.2110659200,6270396,80690753.1600,7.518500,1,-2.515200,105.059489,2.569318,1.277646,-236.467485,0
2019-09-26,sz.002855,12.9089836200,12.9996083100,11.5898909100,11.6805156000,12.8787753900,7562200,91127303.5100,9.067400,1,-9.304100,95.284603,2.330265,1.158772,-214.466210,0
2019-09-27,sz.002855,11.7006544200,12.6169707300,11.6301685500,12.4659295800,11.6805156000,7362600,89706460.0000,8.828100,1,6.724100,101.691671,2.486955,1.236690,-228.887213,0
2019-09-30,sz.002855,12.6673177800,12.8384977500,11.9825979000,12.0530837700,12.4659295800,4804599,58582727.4300,5.760900,1,-3.311800,98.323853,2.404592,1.195733,-221.306942,0
2019-10-08,sz.002855,12.0832920000,12.3652354800,11.6402379600,11.7610708800,12.0530837700,4247600,50312887.0000,5.093000,1,-2.422700,95.941738,2.346336,1.166764,-215.945287,0
2019-10-09,sz.002855,11.6805156000,11.7711402900,11.4287803500,11.7711402900,11.7610708800,2959800,34069696.0000,3.548900,1,0.085600,96.023880,2.348345,1.167763,-216.130172,0
2019-10-10,sz.002855,11.8617649800,11.9926673100,11.7006544200,11.9020426200,11.7711402900,2968874,35008580.1400,3.559800,1,1.112100,97.091725,2.374460,1.180749,-218.533672,0
2019-10-11,sz.002855,11.8819038000,12.1839861000,11.8617649800,11.9624590800,11.9020426200,3501539,41736729.4800,4.198500,1,0.507600,97.584576,2.386513,1.186743,-219.642980,0
2019-10-14,sz.002855,12.0228755400,12.1839861000,11.9423202600,12.0329449500,11.9624590800,3944621,47179457.0100,4.729800,1,0.589200,98.159569,2.400575,1.193735,-220.937173,0
2019-10-15,sz.002855,11.9423202600,12.3249578400,11.5798215000,12.2444025600,12.0329449500,4499651,53233779.9700,5.395300,1,1.757300,99.884549,2.442760,1.214713,-224.819751,0
2019-10-16,sz.002855,12.1839861000,12.1839861000,11.7409320600,11.7409320600,12.2444025600,3895500,46023978.3600,4.670900,1,-4.111800,95.777454,2.342318,1.164766,-215.575518,0
2019-10-17,sz.002855,11.6704461900,11.8013485200,11.3683638900,11.3985721200,11.7409320600,3144500,36081140.6100,3.770400,1,-2.916000,92.984630,2.274017,1.130802,-209.289439,0
2019-10-18,sz.002855,11.3985721200,11.5294744500,11.0763510000,11.1266980500,11.3985721200,2746500,30784350.0000,3.293200,1,-2.385200,90.766798,2.219778,1.103830,-204.297553,0
2019-10-21,sz.002855,11.2173227400,11.2173227400,10.8246157500,10.9555180800,11.1266980500,2045748,22252617.6700,2.452900,1,-1.538500,89.370386,2.185628,1.086848,-201.154514,0
2019-10-22,sz.002855,11.0360733600,11.6200991400,10.9655874900,11.5294744500,10.9555180800,3982501,45073721.9400,4.775200,1,5.239000,94.052474,2.300132,1.143788,-211.692940,0
2019-10-23,sz.002855,11.4589885800,11.7510014700,11.4287803500,11.5596826800,11.5294744500,3044898,35102724.9000,3.651000,1,0.262000,94.298900,2.306159,1.146785,-212.247594,0
2019-10-24,sz.002855,11.5999603200,11.7610708800,11.5093356300,11.5798215000,11.5596826800,2579941,29815792.5100,3.093500,1,0.174200,94.463184,2.310176,1.148783,-212.617363,0
2019-10-25,sz.002855,11.6805156000,11.7308626500,11.3784333000,11.6503073700,11.5798215000,1914100,22045550.0000,2.295100,1,0.608700,95.038177,2.324238,1.155775,-213.911556,0
2019-10-28,sz.002855,11.6402379600,12.0128061300,11.6402379600,11.9624590800,11.6503073700,2566000,30337900.0000,3.076700,1,2.679300,97.584576,2.386513,1.186743,-219.642980,0
2019-10-29,sz.002855,11.9523896700,11.9725284900,11.6805156000,11.8819038000,11.9624590800,2486700,29193231.0000,2.981700,1,-0.673400,96.927441,2.370442,1.178751,-218.163903,0
2019-10-30,sz.002855,12.0832920000,12.4659295800,11.5898909100,11.6704461900,11.8819038000,5767498,68992764.1800,6.915500,1,-1.779700,95.202461,2.328256,1.157773,-214.281325,0
2019-10-31,sz.002855,11.6704461900,11.8315567500,11.2072533300,11.3079474300,11.6704461900,3834600,43796877.0000,4.597800,1,-3.106100,81.374365,2.221751,1.068646,-105.214055,0
2019-11-01,sz.002855,11.1971839200,11.8516955700,11.1569062800,11.7409320600,11.3079474300,4024700,46468084.5400,4.825800,1,3.829000,84.490213,2.306822,1.109565,-109.242732,0
2019-11-04,sz.002855,11.6805156000,12.0430143600,11.6603767800,11.8516955700,11.7409320600,2584093,30464010.2400,3.098400,1,0.943400,85.287290,2.328585,1.120032,-110.273324,0
2019-11-05,sz.002855,11.8718343900,11.9322508500,11.6603767800,11.8013485200,11.8516955700,1959725,22907738.2500,2.349800,1,-0.424800,84.924982,2.318693,1.115274,-109.804873,0
2019-11-06,sz.002855,11.8114179300,11.8416261600,11.4589885800,11.6503073700,11.8013485200,2259300,26152767.0000,2.709000,1,-1.279900,83.838059,2.289017,1.101000,-108.399521,0
2019-11-07,sz.002855,11.7308626500,11.7308626500,11.3985721200,11.4791274000,11.6503073700,1791200,20467362.0000,2.147700,1,-1.469300,82.606212,2.255384,1.084823,-106.806788,0
2019-11-08,sz.002855,11.4992662200,11.9221814400,11.4992662200,11.5294744500,11.4791274000,2211924,25692743.1600,2.652200,1,0.438600,82.968520,2.265276,1.089581,-107.275239,0
2019-11-11,sz.002855,11.8718343900,12.3753048900,11.5294744500,11.9423202600,11.5294744500,9231023,110240840.5000,11.068400,1,3.580800,85.939445,2.346390,1.128597,-111.116536,0
2019-11-12,sz.002855,11.9423202600,11.9423202600,10.9454486700,11.4388497600,11.9423202600,7807717,87866652.0600,9.361800,1,-4.215900,82.316365,2.247470,1.081017,-106.432028,0
2019-11-13,sz.002855,11.2978780200,11.3280862500,10.9454486700,11.0662815900,11.4388497600,4237568,46541265.8400,5.081000,1,-3.257000,79.635286,2.174269,1.045808,-102.965491,0
2019-11-14,sz.002855,11.0360733600,11.6603767800,10.9051710300,11.4589885800,11.0662815900,5061753,56666496.6600,6.069200,1,3.548700,82.461288,2.251427,1.082920,-106.619408,0
2019-11-15,sz.002855,11.5093356300,11.9322508500,11.4489191700,11.5898909100,11.4589885800,5893940,68437615.0000,7.067100,1,1.142400,83.403289,2.277146,1.095291,-107.837380,0
2019-11-18,sz.002855,11.4791274000,12.0430143600,11.4388497600,11.8516955700,11.5898909100,6524819,76784984.0800,7.823500,1,2.258900,85.287290,2.328585,1.120032,-110.273324,0
2019-11-19,sz.002855,11.9523896700,12.2242637400,11.8315567500,12.0832920000,11.8516955700,5644947,67531700.2600,6.768500,1,1.954100,86.953907,2.374088,1.141919,-112.428198,0
2019-11-20,sz.002855,12.1135002300,12.2343331500,11.8416261600,11.9121120300,12.0832920000,4080849,48733580.6900,4.893100,1,-1.416700,85.722060,2.340455,1.125742,-110.835465,0
2019-11-21,sz.002855,11.7711402900,11.9825979000,11.6905850100,11.7912791100,11.9121120300,2842968,33348230.2800,3.408800,1,-1.014400,84.852521,2.316714,1.114323,-109.711183,0
2019-11-22,sz.002855,11.8416261600,11.9624590800,11.4086415300,11.5194050400,11.7912791100,3866900,44786745.0000,4.636600,1,-2.305700,82.896058,2.263297,1.088630,-107.181549,0
2019-11-25,sz.002855,11.4287803500,11.4891968100,11.0360733600,11.1065592300,11.5194050400,3229653,35823763.7100,3.872500,1,-3.583900,79.925133,2.182183,1.049614,-103.340252,0
2019-11-26,sz.002855,11.1971839200,11.2576003800,10.9756569000,11.0058651300,11.1065592300,2602770,28619390.7000,3.120800,1,-0.906600,79.200517,2.162398,1.040098,-102.403350,0
2019-11-27,sz.002855,11.0159345400,11.1166286400,10.9051710300,11.1166286400,11.0058651300,2560185,28055768.3000,3.069800,1,1.006400,79.997594,2.184161,1.050566,-103.433942,0
2019-11-28,sz.002855,11.1065592300,11.1871145100,10.8749628000,10.9051710300,11.1166286400,2478385,27083716.5000,2.971700,1,-1.902200,78.475901,2.142614,1.030582,-101.466449,0
2019-11-29,sz.002855,10.9051710300,11.0159345400,10.7843381100,10.9454486700,10.9051710300,1887900,20406055.0000,2.263700,1,0.369300,78.765747,2.150528,1.034389,-101.841209,0
2019-12-02,sz.002855,10.9555180800,11.1166286400,10.8548239800,11.0360733600,10.9454486700,2028285,22137882.0500,2.432000,1,0.828000,79.417902,2.168334,1.042953,-102.684421,0
2019-12-03,sz.002855,10.9555180800,11.0662815900,10.8850322100,11.0461427700,11.0360733600,1667500,18212828.0000,1.999400,1,0.091200,79.490363,2.170312,1.043905,-102.778111,0
2019-12-04,sz.002855,10.9957957200,11.1266980500,10.9454486700,11.0662815900,11.0461427700,1816700,19942469.0000,2.178300,1,0.182300,79.635286,2.174269,1.045808,-102.965491,0
2019-12-05,sz.002855,11.0864204100,12.1739166900,11.0864204100,12.1739166900,11.0662815900,8623785,100562175.3000,10.340300,1,10.009100,87.606061,2.391894,1.150484,-113.271410,0
2019-12-06,sz.002855,12.1336390500,13.3923153000,12.0329449500,12.6773871900,12.1739166900,23764299,301960018.9900,28.494400,1,4.135600,91.229141,2.490814,1.198064,-117.955918,0
2019-12-09,sz.002855,12.4961378100,13.0298165400,12.4558601700,12.4961378100,12.6773871900,15182360,190961478.1200,18.204300,1,-1.429700,89.924832,2.455203,1.180935,-116.269495,0
2019-12-10,sz.002855,12.4860684000,13.1305106400,12.2645413800,12.8888448000,12.4961378100,16021635,203494386.7500,19.210600,1,3.142600,92.750834,2.532361,1.218047,-119.923411,0
2019-12-11,sz.002855,12.8384977500,13.3419682500,12.6874566000,13.1607188700,12.8888448000,15793770,205144756.0600,18.937400,1,2.109400,94.707297,2.585777,1.243740,-122.453046,0
2019-12-12,sz.002855,13.0398859500,13.3218294300,12.8082895200,13.0902330000,13.1607188700,10953027,141795242.3900,13.133100,1,-0.535600,94.200066,2.571929,1.237079,-121.797215,0
2019-12-13,sz.002855,13.0197471300,13.1506494600,12.8586365700,13.0499553600,13.0902330000,8890146,114872548.6600,10.659600,1,-0.307700,93.910219,2.564015,1.233273,-121.422454,0
2019-12-16,sz.002855,13.1003024100,13.6440505500,13.0902330000,13.3520376600,13.0499553600,11920769,157600457.3900,14.293500,1,2.314800,96.084067,2.623367,1.261821,-124.233159,0
2019-12-17,sz.002855,13.4325929400,14.6912691900,13.3117600200,14.6912691900,13.3520376600,9175635,129982136.8000,11.002000,1,10.030200,105.721458,2.886495,1.388383,-136.693951,0
2019-12-18,sz.002855,15.1041150000,16.0909171800,14.9027268000,15.7686960600,14.6912691900,27995914,434109908.5900,33.568200,1,7.333800,113.474849,3.098185,1.490205,-146.718799,0
2019-12-19,sz.002855,15.4364055300,15.5874466800,14.6509915500,14.7516856500,15.7686960600,19066218,283210786.7400,22.861200,1,-6.449600,106.156228,2.898366,1.394093,-137.256092,0
2019-12-20,sz.002855,14.6107139100,14.8322409300,14.0065493100,14.0971740000,14.7516856500,13844231,197589495.6600,16.599800,1,-4.436900,101.446225,2.769769,1.332239,-131.166231,0
2019-12-23,sz.002855,14.0770351800,14.3489092500,13.8957858000,14.0166187200,14.0971740000,9417345,132086246.2900,11.291800,1,-0.571400,100.866532,2.753942,1.324626,-130.416710,0
2019-12-24,sz.002855,13.9461328500,14.1777292800,13.5232176300,14.1777292800,14.0166187200,9085242,124822760.8500,10.893600,1,1.149400,102.025917,2.785597,1.339852,-131.915752,0
2019-12-25,sz.002855,14.0871045900,14.4395339400,13.8957858000,14.2280763300,14.1777292800,9405654,132918170.0500,11.277800,1,0.355100,102.388225,2.795489,1.344610,-132.384203,0
2019-12-26,sz.002855,13.9964799000,14.1273822300,13.7548140600,14.0770351800,14.2280763300,7763874,107474069.4200,9.309200,1,-1.061600,101.301302,2.765813,1.330336,-130.978851,0
2019-12-27,sz.002855,14.1374516400,14.3791174800,13.7648834700,13.7648834700,14.0770351800,8254853,115786210.7100,9.897900,1,-2.217400,99.054992,2.704482,1.300836,-128.074456,0
2019-12-30,sz.002855,13.4124541200,13.5735646800,12.8183589300,13.4325929400,13.7648834700,7223195,94932922.4900,8.660900,1,-2.414000,96.663760,2.639194,1.269434,-124.982680,0
2019-12-31,sz.002855,13.5131482200,13.5836340900,13.1405800500,13.2412741500,13.4325929400,4734389,62520820.6500,5.676700,1,-1.424300,95.286990,2.601605,1.251353,-123.202567,0
2020-01-02,sz.002855,13.4023847100,13.8353693400,13.2412741500,13.6440505500,13.2412741500,6986474,94269225.4300,8.377100,1,3.041800,98.185453,2.680741,1.289417,-126.950174,0
2020-01-03,sz.002855,13.8051611100,14.0669657700,13.5937035000,13.9461328500,13.6440505500,7427778,102239716.1500,8.906200,1,2.214000,100.359301,2.740093,1.317965,-129.760879,0
2020-01-06,sz.002855,13.7749528800,14.0065493100,13.5232176300,13.8454387500,13.9461328500,6525579,89217975.5500,7.824400,1,-0.722000,99.634685,2.720309,1.308449,-128.823977,0
2020-01-07,sz.002855,13.8454387500,14.2884927900,13.7246058300,14.2482151500,13.8454387500,8199701,114544540.4200,9.831800,1,2.909100,102.533149,2.799445,1.346513,-132.571584,0
2020-01-08,sz.002855,14.0468269500,14.0871045900,13.4728705800,13.4728705800,14.2482151500,6874074,94247636.6000,8.242300,1,-5.441700,96.953606,2.647108,1.273240,-125.357441,0
2020-01-09,sz.002855,13.6339811400,13.8555081600,13.5937035000,13.6943976000,13.4728705800,3908414,53207625.1200,4.686300,1,1.644200,98.547761,2.690633,1.294175,-127.418625,0
2020-01-10,sz.002855,13.7145364200,14.4596727600,13.7145364200,14.2884927900,13.6943976000,10496135,147752919.3200,12.585300,1,4.338200,102.822995,2.807359,1.350320,-132.946344,0
2020-01-13,sz.002855,14.2482151500,14.4193951200,13.8555081600,14.3992563000,14.2884927900,7129974,99997805.4600,8.549100,1,0.775200,103.620072,2.829122,1.360787,-133.976936,0
2020-01-14,sz.002855,14.4294645300,14.4496033500,13.9964799000,13.9964799000,14.3992563000,5868700,82497439.0800,7.036800,1,-2.797200,100.721609,2.749985,1.322723,-130.229329,0
2020-01-15,sz.002855,13.9259940300,14.2381457400,13.7346752400,14.1877986900,13.9964799000,4634374,64366145.9200,5.556800,1,1.366900,102.098379,2.787575,1.340804,-132.009443,0
2020-01-16,sz.002855,14.2280763300,14.2985622000,13.9259940300,14.1072434100,14.1877986900,4617700,64758640.2400,5.536800,1,-0.567800,101.518686,2.771748,1.333191,-131.259921,0
2020-01-17,sz.002855,14.0266881300,14.1777292800,13.5433564500,13.5534258600,14.1072434100,4968600,68190546.0000,5.957600,1,-3.925800,97.533299,2.662935,1.280853,-126.106962,0
2020-01-20,sz.002855,13.5131482200,13.9763410800,13.2211353300,13.9259940300,13.5534258600,4233609,57766623.4100,5.076300,1,2.748900,100.214378,2.736136,1.316062,-129.573498,0
2020-01-21,sz.002855,14.1575904600,14.4496033500,14.0669657700,14.1777292800,13.9259940300,7939599,112290867.0000,9.519900,1,1.807700,102.025917,2.785597,1.339852,-131.915752,0
2020-01-22,sz.002855,14.1173128200,14.4496033500,13.4930094000,14.4496033500,14.1777292800,8450060,118089810.4000,10.132000,1,1.917600,103.982380,2.839014,1.365545,-134.445387,0
2020-01-23,sz.002855,14.2180069200,14.9631432600,13.6138423200,14.0468269500,14.4496033500,10598653,152151012.9600,12.708200,1,-2.787500,101.083917,2.759877,1.327481,-130.697780,0
2020-02-03,sz.002855,12.6471789600,12.6471789600,12.6471789600,12.6471789600,14.0468269500,567700,7130312.0000,0.680700,1,-9.964200,91.011756,2.484879,1.195209,-117.674847,0
2020-02-04,sz.002855,11.3784333000,12.2343331500,11.3784333000,11.9523896700,12.6471789600,9031453,106625991.5800,10.829100,1,-5.493600,86.011906,2.348369,1.129548,-111.210226,0
2020-02-05,sz.002855,11.9523896700,12.5464848600,11.9322508500,12.0530837700,11.9523896700,6978867,84505323.0900,8.367900,1,0.842500,86.736522,2.368153,1.139064,-112.147128,0
2020-02-06,sz.002855,11.9725284900,12.4357213500,11.7812097000,12.4055131200,12.0530837700,7366166,88663833.7100,8.832300,1,2.924000,89.272678,2.437397,1.172370,-115.426283,0
2020-02-07,sz.002855,12.2746107900,12.5867625000,12.1135002300,12.5364154500,12.4055131200,6628913,81099072.9100,7.948300,1,1.055200,90.214678,2.463116,1.184741,-116.644256,0
2020-02-10,sz.002855,12.2343331500,12.6471789600,12.1739166900,12.6371095500,12.5364154500,5465013,67599415.6000,6.552800,1,0.803200,90.939294,2.482900,1.194257,-117.581157,0
2020-02-11,sz.002855,12.5364154500,12.8687059800,12.3753048900,12.6371095500,12.6371095500,6822313,85416511.5700,8.180200,1,0.000000,90.939294,2.482900,1.194257,-117.581157,0
2020-02-12,sz.002855,12.6471789600,12.8082895200,12.4457907600,12.7982201100,12.6371095500,6243996,78598841.2400,7.486800,1,1.274900,92.098680,2.514555,1.209483,-119.080200,0
2020-02-13,sz.002855,12.6874566000,12.8485671600,12.4860684000,12.4860684000,12.7982201100,5342100,66982018.0000,6.405400,1,-2.439000,89.852370,2.453224,1.179983,-116.175805,0
2020-02-14,sz.002855,12.4457907600,12.8284283400,12.4256519400,12.7176648300,12.4860684000,6008396,75418948.4800,7.204300,1,1.854800,91.518987,2.498728,1.201870,-118.330679,0
2020-02-17,sz.002855,12.7780812900,13.3218294300,12.7780812900,13.3218294300,12.7176648300,7040498,91432146.9600,8.441800,1,4.750600,95.866682,2.617432,1.258966,-123.952088,0
2020-02-18,sz.002855,13.2714823800,13.9864104900,13.1909271000,13.9864104900,13.3218294300,8386150,114259017.1600,10.055300,1,4.988700,100.649147,2.748007,1.321772,-130.135639,0
2020-02-19,sz.002855,13.7548140600,14.1676598700,13.6843281900,13.7950917000,13.9864104900,8270590,114208011.2000,9.916800,1,-1.367900,100.649147,2.748007,1.321772,-130.135639,0
2020-02-20,sz.002855,13.9662716700,14.9027268000,13.7749528800,14.8523797500,13.7950917000,14165846,203761701.4000,16.985400,1,7.664200,106.880844,2.918150,1.403609,-138.192994,0
2020-02-21,sz.002855,14.7013386000,15.2652255600,14.4496033500,14.7013386000,14.8523797500,12164291,178592961.2000,14.585500,1,-1.016900,105.793920,2.888474,1.389335,-136.787641,0
2020-02-24,sz.002855,14.5301586300,15.4867525800,14.5301586300,15.1947396900,14.7013386000,11710611,174474043.8600,14.041500,1,3.356200,109.344538,2.985416,1.435963,-141.378459,0
2020-02-25,sz.002855,14.7919632900,15.4867525800,13.9662716700,15.4867525800,15.1947396900,12693642,186829722.2800,15.220200,1,1.921800,111.445924,3.042789,1.463560,-144.095474,0
2020-02-26,sz.002855,15.2350173300,15.4968219900,14.2683539700,14.3992563000,15.4867525800,10081315,148789381.3900,12.087900,1,-7.022100,103.620072,2.829122,1.360787,-133.976936,0
2020-02-27,sz.002855,14.7718244700,15.1947396900,14.4697421700,14.5200892200,14.3992563000,7281498,107040217.1000,8.730800,1,0.839200,104.489611,2.852862,1.372206,-135.101218,0
2020-02-28,sz.002855,13.8555081600,14.2582845600,13.4829399900,13.4930094000,14.5200892200,6919147,95448973.1500,8.296300,1,-7.073500,67.148166,2.651065,1.212484,-125.544821,0
2020-03-02,sz.002855,13.7044670100,14.2582845600,13.7044670100,14.2180069200,13.4930094000,5162500,71931149.0000,6.190000,1,5.373100,70.756127,2.793510,1.277632,-132.290513,0
2020-03-03,sz.002855,14.4294645300,14.6811997800,13.9964799000,14.0367575400,14.2180069200,6823898,97366420.0000,8.182100,1,-1.274800,69.854137,2.757899,1.261345,-130.604090,0
2020-03-04,sz.002855,13.9964799000,14.3086316100,13.6641893700,14.0266881300,14.0367575400,4524998,62746512.9800,5.425700,1,-0.071700,69.804026,2.755920,1.260440,-130.510400,0
2020-03-05,sz.002855,14.2784233800,14.3388398400,13.9259940300,14.0871045900,14.0266881300,3987188,55794541.5600,4.780800,1,0.430700,70.104690,2.767791,1.265869,-131.072541,0
2020-03-06,sz.002855,13.9964799000,13.9964799000,13.6742587800,13.8152305200,14.0871045900,4086698,56095442.6000,4.900100,1,-1.929900,68.751704,2.714374,1.241439,-128.542906,0
2020-03-09,sz.002855,13.7246058300,13.7246058300,12.6773871900,12.8485671600,13.8152305200,6308598,82700891.0800,7.564300,1,-6.997100,63.941090,2.524447,1.154574,-119.548651,0
2020-03-10,sz.002855,12.5263460400,13.3318988400,12.5263460400,13.2916212000,12.8485671600,4814898,62325469.7800,5.773300,1,3.448300,66.145955,2.611497,1.194387,-123.671018,0
2020-03-11,sz.002855,13.4628011700,13.5534258600,12.8888448000,12.9895389000,13.2916212000,4931643,64853030.0900,5.913200,1,-2.272700,64.642638,2.552145,1.167242,-120.860313,0
2020-03-12,sz.002855,12.6673177800,13.0096777200,12.6673177800,12.8082895200,12.9895389000,3071300,39067763.0000,3.682600,1,-1.395300,63.740647,2.516533,1.150955,-119.173890,0
2020-03-13,sz.002855,12.3350272500,12.8384977500,11.9322508500,12.6773871900,12.8082895200,3534336,43616074.6000,4.237800,1,-1.022000,63.089210,2.490814,1.139192,-117.955918,0
2020-03-16,sz.002855,12.8888448000,13.0600247700,12.1437084600,12.1537778700,12.6773871900,3825698,47588774.6200,4.587200,1,-4.130300,60.483460,2.387937,1.092140,-113.084029,0
2020-03-17,sz.002855,12.2343331500,12.5162766300,11.6200991400,12.0832920000,12.1537778700,2838798,33863905.0400,3.403800,1,-0.579900,60.132686,2.374088,1.085807,-112.428198,0
2020-03-18,sz.002855,12.2645413800,12.5565542700,12.0631531800,12.0631531800,12.0832920000,3682000,44910232.6400,4.414900,1,-0.166700,60.032465,2.370131,1.083997,-112.240818,0
2020-03-19,sz.002855,12.0128061300,12.3753048900,11.8819038000,12.2544719700,12.0631531800,3063474,36959410.7200,3.673200,1,1.586000,60.984566,2.407721,1.101189,-114.020931,0
2020-03-20,sz.002855,12.4457907600,12.4457907600,12.1537778700,12.3853743000,12.2544719700,2864700,35012761.4500,3.434900,1,1.068200,61.636003,2.433440,1.112952,-115.238903,0
2020-03-23,sz.002855,11.9926673100,12.2343331500,11.8013485200,11.8416261600,12.3853743000,2069900,24694493.0400,2.481900,1,-4.390200,58.930032,2.326606,1.064090,-110.179634,0
2020-03-24,sz.002855,12.0732225900,12.2242637400,11.7912791100,12.2041249200,11.8416261600,2577842,30892904.4000,3.090900,1,3.061200,60.734013,2.397829,1.096665,-113.552480,0
2020-03-25,sz.002855,12.6874566000,12.6874566000,12.4357213500,12.5364154500,12.2041249200,3898329,48420302.0500,3.218500,1,2.722800,62.387662,2.463116,1.126524,-116.644256,0
2020-03-26,sz.002855,12.3350272500,12.5666236800,12.2141943300,12.2444025600,12.5364154500,2695672,33112064.1200,2.225600,1,-2.329300,60.934455,2.405742,1.100284,-113.927241,0
2020-03-27,sz.002855,12.4558601700,12.4659295800,12.0732225900,12.0832920000,12.2444025600,1732298,21094097.0200,1.430200,1,-1.315800,60.132686,2.374088,1.085807,-112.428198,0
2020-03-30,sz.002855,12.0329449500,12.0329449500,11.3280862500,11.5496132700,12.0832920000,2773500,31851813.0000,2.289800,1,-4.416700,57.476826,2.269232,1.037850,-107.462619,0
2020-03-31,sz.002855,11.5999603200,11.7308626500,11.0763510000,11.2173227400,11.5496132700,3121198,35239030.4000,2.576900,1,-2.877100,55.823177,2.203945,1.007990,-104.370844,0
2020-04-01,sz.002855,11.3180168400,11.5798215000,11.0964898200,11.3079474300,11.2173227400,2459500,27901300.0000,2.030600,1,0.807900,56.274172,2.221751,1.016134,-105.214055,0
2020-04-02,sz.002855,11.4086415300,11.6805156000,11.2072533300,11.6603767800,11.3079474300,2140200,24479136.0000,1.767000,1,3.116700,58.028042,2.290995,1.047803,-108.493211,0
2020-04-03,sz.002855,11.6603767800,11.7610708800,11.4187109400,11.4891968100,11.6603767800,1760281,20231257.3500,1.453300,1,-1.468000,57.176162,2.257362,1.032421,-106.900478,0
2020-04-07,sz.002855,11.6805156000,11.9221814400,11.6805156000,11.8114179300,11.4891968100,2371600,27816296.0000,1.958000,1,2.804600,58.779701,2.320671,1.061376,-109.898564,0
2020-04-08,sz.002855,11.7610708800,12.0027367200,11.7308626500,11.8919732100,11.8114179300,2866700,33846532.0000,2.366800,1,0.682000,59.180585,2.336498,1.068615,-110.648085,0
2020-04-09,sz.002855,11.8919732100,12.1034308200,11.8819038000,12.0329449500,11.8919732100,2530900,30204533.0000,2.089600,1,1.185400,59.882133,2.364196,1.081282,-111.959747,0
2020-04-10,sz.002855,12.0329449500,12.0530837700,11.5496132700,11.5798215000,12.0329449500,2140800,24916696.0000,1.767500,1,-3.765700,57.627158,2.275168,1.040565,-107.743690,0
2020-04-13,sz.002855,11.5898909100,11.8718343900,11.2878086100,11.6301685500,11.5798215000,2156500,24921329.0000,1.780400,1,0.434800,57.877710,2.285060,1.045089,-108.212141,0
2020-04-14,sz.002855,11.6301685500,12.0228755400,11.6301685500,11.9624590800,11.6301685500,2200500,25963983.0000,1.816800,1,2.857100,59.531359,2.350347,1.074948,-111.303916,0
2020-04-15,sz.002855,11.8013485200,11.9322508500,11.6200991400,11.6301685500,11.9624590800,2174600,25446384.0000,1.795400,1,-2.777800,57.877710,2.285060,1.045089,-108.212141,0
2020-04-16,sz.002855,11.7409320600,11.7409320600,11.3683638900,11.4891968100,11.6301685500,2145700,24443780.0000,1.771500,1,-1.212100,57.176162,2.257362,1.032421,-106.900478,0
2020-04-17,sz.002855,11.5294744500,11.6704461900,11.3079474300,11.3280862500,11.4891968100,2078000,23701824.0000,1.715600,1,-1.402300,56.374393,2.225707,1.017944,-105.401436,0
2020-04-20,sz.002855,11.3582944800,11.4489191700,11.1971839200,11.3180168400,11.3280862500,1944270,21816562.9000,1.605200,1,-0.088900,56.324283,2.223729,1.017039,-105.307746,0
2020-04-21,sz.002855,11.2777392000,11.2978780200,11.0763510000,11.1871145100,11.3180168400,1955009,21654903.6300,1.614100,1,-1.156600,55.672845,2.198010,1.005276,-104.089773,0
2020-04-22,sz.002855,11.0763510000,11.3079474300,10.9555180800,11.2878086100,11.1871145100,1675200,18612782.0000,1.383100,1,0.900100,56.173951,2.217794,1.014324,-105.026675,0
2020-04-23,sz.002855,11.3985721200,11.3985721200,10.9957957200,11.0159345400,11.2878086100,2112200,23357426.0000,1.743900,1,-2.408600,54.820966,2.164377,0.989894,-102.497041,0
2020-04-24,sz.002855,11.0562121800,11.1266980500,10.6937134200,10.7339910600,11.0159345400,2314173,24925386.1800,1.910600,1,-2.559400,53.417870,2.108982,0.964558,-99.873716,0
2020-04-27,sz.002855,10.8044769300,10.8044769300,10.4520475800,10.5124640400,10.7339910600,1496500,15769278.0000,1.235500,1,-2.063800,52.315437,2.065457,0.944652,-97.812532,0
2020-04-28,sz.002855,10.5225334500,10.6232275500,9.4652454000,10.1701041000,10.5124640400,2346200,23606429.0000,1.937100,1,-3.256700,50.611677,1.998191,0.913887,-94.627067,0
2020-04-29,sz.002855,10.3211452500,10.3614228900,10.0089935400,10.1801735100,10.1701041000,1655100,16801243.0000,1.366500,1,0.099000,50.661788,2.000169,0.914792,-94.720757,0
2020-04-30,sz.002855,10.2204511500,10.5326028600,10.2103817400,10.4721864000,10.1801735100,2187700,22574396.0000,1.806200,1,2.868400,68.832886,2.022952,0.981653,44.305285,0
2020-05-06,sz.002855,10.4923252200,10.7944075200,10.3513534800,10.6030887300,10.4721864000,2368709,24929960.4200,1.955600,1,1.250000,69.693298,2.048239,0.993924,44.859101,0
2020-05-07,sz.002855,10.6836440100,10.9152404400,10.5527416800,10.6131581400,10.6030887300,2129700,22659055.0000,1.758300,1,0.095000,69.759483,2.050185,0.994868,44.901702,0
2020-05-08,sz.002855,10.6735746000,10.8145463400,10.5930193200,10.7641992900,10.6131581400,1837508,19600872.1200,1.517100,1,1.423100,70.752265,2.079362,1.009027,45.540720,0
2020-05-11,sz.002855,10.6836440100,10.8850322100,10.5225334500,10.6332969600,10.7641992900,1620764,17242525.3200,1.338100,1,-1.216100,69.891854,2.054075,0.996756,44.986904,0
2020-05-12,sz.002855,10.6332969600,10.6332969600,10.2204511500,10.5124640400,10.6332969600,1780800,18442746.2000,1.470300,1,-1.136400,69.097628,2.030733,0.985429,44.475690,0
2020-05-13,sz.002855,10.5124640400,10.7037828300,10.4117699400,10.4923252200,10.5124640400,1166292,12166865.8800,0.962900,1,-0.191600,68.965257,2.026843,0.983541,44.390487,0
2020-05-14,sz.002855,10.4822558100,10.4822558100,10.2103817400,10.2707982000,10.4923252200,1949463,19954518.9700,0.812300,1,-2.111300,67.509177,1.984050,0.962776,43.453260,0
2020-05-15,sz.002855,10.3815617100,10.4520475800,10.1499652800,10.1701041000,10.2707982000,1624146,16587045.0600,0.667600,1,-0.980400,66.847322,1.964598,0.953337,43.027248,0
2020-05-18,sz.002855,10.1701041000,10.2607287900,9.9183688500,9.9485770800,10.1701041000,1997748,19878982.2600,0.821200,1,-2.178200,65.391242,1.921805,0.932571,42.090020,0
2020-05-19,sz.002855,10.0190629500,10.1197570500,9.9586464900,10.0593405900,9.9485770800,1281910,12779864.0000,0.527000,1,1.113400,66.119282,1.943201,0.942954,42.558634,0
2020-05-20,sz.002855,10.0593405900,10.0694100000,9.8478829800,10.0291323600,10.0593405900,1215464,12039405.4800,0.499600,1,-0.300300,65.920726,1.937366,0.940122,42.430830,0
2020-05-21,sz.002855,10.0593405900,10.0996182300,9.8076053400,9.8478829800,10.0291323600,1438254,14193192.2800,0.591200,1,-1.807200,64.729387,1.902353,0.923132,41.664008,0
2020-05-22,sz.002855,9.8478829800,9.8780912100,9.5961477300,9.6263559600,9.8478829800,1401854,13506901.3800,0.576300,1,-2.249500,63.273307,1.859560,0.902366,40.726781,0
2020-05-25,sz.002855,9.6565641900,9.7069112400,9.4753148100,9.5155924500,9.6263559600,1309300,12422133.0000,0.538200,1,-1.150600,62.545267,1.838164,0.891983,40.258167,0
2020-05-26,sz.002855,9.6062171400,10.1197570500,9.5458006800,10.0392017700,9.5155924500,2827308,27815045.9400,1.162200,1,5.502700,65.986911,1.939311,0.941066,42.473431,0
2020-05-27,sz.002855,10.1197570500,10.1197570500,9.8478829800,9.9989241300,10.0392017700,2198056,21852280.1800,0.903600,1,-0.401200,65.722169,1.931531,0.937290,42.303027,0
2020-05-28,sz.002855,9.9888547200,10.0190629500,9.6263559600,9.8680218000,9.9989241300,1597580,15600289.0000,0.656700,1,-1.309200,64.861758,1.906244,0.925020,41.749210,0
2020-05-29,sz.002855,9.8277441600,9.9485770800,9.6968418300,9.7069112400,9.8680218000,1487600,14494622.0000,0.611500,1,-1.632700,63.802791,1.875121,0.909917,41.067591,0
2020-06-01,sz.002855,9.7975359300,10.2506593800,9.7169806500,10.2405899700,9.7069112400,3104446,31138311.2200,1.276200,1,5.497900,67.310621,1.978214,0.959944,43.325456,0
2020-06-02,sz.002855,10.3211452500,10.5728805000,10.2405899700,10.5023946300,10.2405899700,3151816,32651822.2000,1.295600,1,2.556500,69.031443,2.028788,0.984485,44.433088,0
2020-06-03,sz.002855,10.5023946300,10.5930193200,10.3312146600,10.3412840700,10.5023946300,2293100,23760032.0000,0.942600,1,-1.534000,67.972475,1.997666,0.969383,43.751469,0
2020-06-04,sz.002855,10.3614228900,10.4923252200,10.2808676100,10.3513534800,10.3412840700,1429012,14683316.6000,0.587400,1,0.097400,68.038661,1.999611,0.970327,43.794070,0
2020-06-05,sz.002855,10.3614228900,10.4218393500,10.1902429200,10.3513534800,10.3513534800,2206568,22556183.8400,0.907100,1,0.000000,68.038661,1.999611,0.970327,43.794070,0
2020-06-08,sz.002855,10.3513534800,10.5628110900,10.2808676100,10.4923252200,10.3513534800,2590300,26866865.0000,1.064800,1,1.361900,68.965257,2.026843,0.983541,44.390487,0
2020-06-09,sz.002855,10.4218393500,10.5124640400,10.0694100000,10.4721864000,10.4923252200,2290600,23647165.0000,0.941600,1,-0.191900,68.832886,2.022952,0.981653,44.305285,0
2020-06-10,sz.002855,10.4218393500,10.5326028600,10.2506593800,10.4419781700,10.4721864000,1865380,19251492.5000,0.766800,1,-0.288500,68.634330,2.017117,0.978822,44.177481,0
2020-06-11,sz.002855,10.4923252200,10.4923252200,10.2808676100,10.4218393500,10.4419781700,2355198,24325806.5400,0.968200,1,-0.192900,68.501959,2.013227,0.976934,44.092278,0
2020-06-12,sz.002855,10.2808676100,10.3815617100,10.2003123300,10.2909370200,10.4218393500,1770924,18067248.6400,0.728000,1,-1.256000,67.641548,1.987940,0.964663,43.538462,0
2020-06-15,sz.002855,10.2808676100,10.4017005300,10.2003123300,10.2103817400,10.2909370200,1812500,18533089.0000,0.745100,1,-0.782800,67.112064,1.972379,0.957112,43.197652,0
2020-06-16,sz.002855,10.2808676100,10.4621169900,10.2607287900,10.4621169900,10.2103817400,2076678,21408223.3000,0.853700,1,2.465500,68.766701,2.021007,0.980710,44.262683,0
2020-06-17,sz.002855,10.4923252200,10.8648933900,10.3513534800,10.7339910600,10.4621169900,4277260,45101277.0000,1.758300,1,2.598600,70.553709,2.073526,1.006195,45.412917,0
2020-06-18,sz.002855,10.7541298800,10.8346851600,10.5930193200,10.6534357800,10.7339910600,2513812,26653000.1600,1.033400,1,-0.750500,70.024225,2.057965,0.998644,45.072107,0
2020-06-19,sz.002855,10.6635051900,10.7440604700,10.5728805000,10.6433663700,10.6534357800,2320012,24569223.4400,0.953700,1,-0.094500,69.958039,2.056020,0.997700,45.029506,0
2020-06-22,sz.002855,10.6937134200,10.7742687000,10.5930193200,10.6836440100,10.6433663700,2359932,25040635.1600,0.970100,1,0.378400,70.222781,2.063801,1.001475,45.199911,0
2020-06-23,sz.002855,10.6534357800,10.7541298800,10.4721864000,10.5326028600,10.6836440100,2158398,22655394.0400,0.887300,1,-1.413800,69.229999,2.034623,0.987317,44.560892,0
2020-06-24,sz.002855,10.6232275500,10.6433663700,10.4218393500,10.4822558100,10.5326028600,1662200,17342530.0000,0.683300,1,-0.478000,68.899072,2.024898,0.982597,44.347886,0
2020-06-29,sz.002855,10.4319087600,10.4419781700,10.2506593800,10.2808676100,10.4822558100,1538800,15780374.0000,0.632600,1,-1.921200,67.575363,1.985995,0.963719,43.495861,0
2020-06-30,sz.002855,10.3614228900,10.5628110900,10.3513534800,10.5628110900,10.2808676100,2123976,22130280.6400,0.873100,1,2.742400,69.428556,2.040459,0.990149,44.688696,0
2020-07-01,sz.002855,10.6433663700,10.6433663700,10.3211452500,10.4923252200,10.5628110900,2283600,23736268.0000,0.938700,1,-0.667300,68.965257,2.026843,0.983541,44.390487,0
2020-07-02,sz.002855,10.4923252200,10.8145463400,10.3815617100,10.7944075200,10.4923252200,4115639,43585817.1900,1.691800,1,2.879100,70.950821,2.085197,1.011858,45.668524,0
2020-07-03,sz.002855,10.8346851600,10.8346851600,10.6534357800,10.7843381100,10.7944075200,2962000,31608144.0000,1.217600,1,-0.093300,70.884636,2.083252,1.010914,45.625923,0
2020-07-06,sz.002855,10.8145463400,11.3683638900,10.8145463400,11.2475309700,10.7843381100,5044198,55791999.2200,2.073500,1,4.295100,73.929167,2.172729,1.054334,47.585580,0
2020-07-07,sz.002855,11.2878086100,11.8013485200,11.1770451000,11.5999603200,11.2475309700,6237234,71450160.4000,2.564000,1,3.133400,76.245659,2.240809,1.087370,49.076623,0
2020-07-08,sz.002855,11.5395438600,12.7075954200,11.4388497600,12.6874566000,11.5999603200,10419581,125191707.6800,4.283200,1,9.375000,83.393689,2.450885,1.189311,53.677556,0
2020-07-09,sz.002855,12.5867625000,13.2916212000,12.3350272500,12.7780812900,12.6874566000,13282248,169604876.6600,5.460000,1,0.714300,83.989359,2.468391,1.197806,54.060967,0
2020-07-10,sz.002855,12.5968319100,12.6270401400,12.2444025600,12.3450966600,12.7780812900,5232314,64574856.5600,2.150900,1,-3.388500,81.143383,2.384750,1.157218,52.229114,0
2020-07-13,sz.002855,12.3551660700,12.6673177800,12.3450966600,12.5968319100,12.3450966600,4190636,52099774.7800,1.722700,1,2.039200,82.798020,2.433378,1.180816,53.294145,0
2020-07-14,sz.002855,12.5968319100,12.5968319100,12.1437084600,12.2544719700,12.5968319100,4466553,54793402.9500,1.836100,1,-2.717800,80.547714,2.367243,1.148723,51.845703,0
2020-07-15,sz.002855,12.2544719700,12.3350272500,11.6805156000,11.7107238300,12.2544719700,4110266,48737888.7400,1.689600,1,-4.437100,76.973699,2.262205,1.097753,49.545237,0
2020-07-16,sz.002855,11.7107238300,11.8617649800,11.1971839200,11.2273921500,11.7107238300,2798700,32038550.2000,1.150500,1,-4.127300,73.796797,2.168838,1.052446,47.500377,0
2020-07-17,sz.002855,11.2374615600,11.3582944800,11.0159345400,11.1468368700,11.2273921500,1832290,20335920.1600,0.753200,1,-0.717500,73.267313,2.153277,1.044895,47.159567,0
2020-07-20,sz.002855,11.1468368700,11.4388497600,11.1468368700,11.4388497600,11.1468368700,2334798,26246671.7000,0.959800,1,2.619700,75.027294,2.205002,1.069994,48.292405,0
2020-07-21,sz.002855,11.4690579900,11.5194050400,11.3280862500,11.5194050400,11.4388497600,1950840,22166943.3000,0.802000,1,0.704200,75.555655,2.220530,1.077530,48.632492,0
2020-07-22,sz.002855,11.5294744500,11.5395438600,11.2878086100,11.3582944800,11.5194050400,3636807,41265454.2400,1.495100,1,-1.398600,74.498933,2.189474,1.062459,47.952317,0
2020-07-23,sz.002855,11.3784333000,11.4791274000,10.9454486700,11.3079474300,11.3582944800,2615107,29146822.0500,1.075000,1,-0.443300,74.168707,2.179769,1.057750,47.739763,0
2020-07-24,sz.002855,11.2072533300,11.4287803500,10.7239216500,10.7541298800,11.3079474300,2575900,28253277.0000,1.058900,1,-4.897600,70.536224,2.073012,1.005945,45.401662,0
2020-07-27,sz.002855,10.7339035800,10.9160056200,10.5821518800,10.7844874800,10.7541371400,1056492,11185608.4400,0.434300,1,0.282200,70.404133,2.069130,1.004062,45.316640,0
2020-07-28,sz.002855,10.7743707000,10.9767063000,10.7743707000,10.9463559600,10.7844874800,1420383,15312627.9000,0.583900,1,1.500900,71.460856,2.100187,1.019132,45.996815,0
2020-07-29,sz.002855,10.9261224000,11.0879908800,10.8553049400,11.0374069800,10.9463559600,2414790,26225709.7000,0.992700,1,0.831800,72.055262,2.117656,1.027609,46.379413,0
2020-07-30,sz.002855,11.0677573200,11.1588083400,10.8755385000,10.9463559600,11.0374069800,2526000,27387646.0000,1.038400,1,-0.824900,71.460856,2.100187,1.019132,45.996815,0
2020-07-31,sz.002855,10.9463559600,11.1385747800,10.9058888400,11.0981076600,10.9463559600,2260990,24673819.6000,0.929500,1,1.386300,72.451533,2.129302,1.033260,46.634479,0
2020-08-03,sz.002855,10.9969398600,11.6949976800,10.9969398600,11.4724285200,11.0981076600,3293070,37114878.4600,1.353800,1,3.372800,74.895204,2.201120,1.068111,48.207383,0
2020-08-04,sz.002855,11.4016110600,11.5230124200,11.2599761400,11.4319614000,11.4724285200,2093880,23546574.8000,0.860800,1,-0.352700,74.631023,2.193356,1.064343,48.037339,0
2020-08-05,sz.002855,11.4825453000,11.5432459800,11.2599761400,11.4218446200,11.4319614000,2505552,28291703.3400,1.030000,1,-0.088500,74.564978,2.191415,1.063401,47.994828,0
2020-08-06,sz.002855,11.4218446200,11.7860487000,11.4218446200,11.7556983600,11.4218446200,3931400,45181971.0000,1.616200,1,2.922900,76.744468,2.255469,1.094484,49.397689,0
2020-08-07,sz.002855,11.7556983600,11.7556983600,11.2296258000,11.3914942800,11.7556983600,2706747,30642908.1700,1.112700,1,-3.098100,74.366843,2.185592,1.060575,47.867296,0
2020-08-10,sz.002855,11.4420781800,11.5938298800,11.2903264800,11.4825453000,11.3914942800,1703900,19360470.5300,0.700500,1,0.799300,74.961249,2.203061,1.069053,48.249894,0
2020-08-11,sz.002855,11.4825453000,11.5634795400,11.1284580000,11.1486915600,11.4825453000,1957700,21898243.0000,0.804800,1,-2.907500,72.781759,2.139007,1.037970,46.847034,0
2020-08-12,sz.002855,11.1385747800,11.1588083400,10.8755385000,11.1284580000,11.1486915600,1911878,20808351.0200,0.786000,1,-0.181500,72.649669,2.135125,1.036086,46.762012,0
2020-08-13,sz.002855,11.1790419000,11.4117278400,11.1790419000,11.3307936000,11.1284580000,2173800,24318489.0000,0.893600,1,1.818200,73.970572,2.173946,1.054924,47.612230,0
2020-08-14,sz.002855,11.3004432600,11.4825453000,11.1891586800,11.4825453000,11.3307936000,1649100,18481207.0000,0.677900,1,1.339300,74.961249,2.203061,1.069053,48.249894,0
2020-08-17,sz.002855,11.4825453000,11.7556983600,11.4825453000,11.6949976800,11.4825453000,3149900,36306119.4400,1.294900,1,1.850200,76.348197,2.243822,1.088832,49.142623,0
2020-08-18,sz.002855,11.6444137800,11.8163990400,11.6140634400,11.6747641200,11.6949976800,2570600,29755825.0000,1.056800,1,-0.173000,76.216107,2.239940,1.086949,49.057601,0
2020-08-19,sz.002855,11.6848809000,11.6848809000,11.4117278400,11.4623117400,11.6747641200,1876700,21332487.0000,0.771500,1,-1.819800,74.829159,2.199179,1.067169,48.164872,0
2020-08-20,sz.002855,11.3307936000,11.5533627600,11.2599761400,11.4521949600,11.4623117400,1381545,15581263.5700,0.567900,1,-0.088300,74.763114,2.197238,1.066227,48.122361,0
2020-08-21,sz.002855,11.5230124200,11.7354648000,11.4420781800,11.5230124200,11.4521949600,1483000,16983809.5300,0.609600,1,0.618400,75.225430,2.210825,1.072820,48.419938,0
2020-08-24,sz.002855,11.4420781800,12.0389682000,11.3813775000,11.8366326000,11.5230124200,3462378,40054655.7800,1.423400,1,2.721700,77.272829,2.270997,1.102019,49.737776,0
2020-08-25,sz.002855,12.6965589000,13.0202958600,12.5448072000,13.0202958600,11.8366326000,7353748,93498158.3800,3.023100,1,10.000000,85.000112,2.498096,1.212221,54.711554,0
2020-08-26,sz.002855,12.8280770400,12.8280770400,11.9276836200,12.3424716000,13.0202958600,12052526,146487811.3400,4.954700,1,-5.205900,80.575087,2.368048,1.149114,51.863322,0
2020-08-27,sz.002855,12.0693185400,12.2514205800,11.6646473400,12.0490849800,12.3424716000,5692504,67242888.5000,2.340100,1,-2.377000,78.659778,2.311758,1.121799,50.630505,0
2020-08-28,sz.002855,11.9276836200,12.1097856600,11.6646473400,11.8467493800,12.0490849800,4132500,48257849.0000,1.698800,1,-1.679300,77.338874,2.272938,1.102961,49.780287,0
2020-08-31,sz.002855,11.7961654800,12.0389682000,11.7658151400,12.0389682000,11.8467493800,3354380,39493185.4000,1.379000,1,1.622500,83.350171,2.248381,1.198641,40.424595,0
2020-09-01,sz.002855,11.9276836200,12.0187346400,11.6747641200,11.9782675200,12.0389682000,2634800,30959068.0000,1.083100,1,-0.504200,82.929918,2.237045,1.192598,40.220773,0
2020-09-02,sz.002855,11.9985010800,12.1097856600,11.7961654800,12.0592017600,11.9782675200,3547800,41972474.0000,1.458500,1,0.675700,83.490255,2.252160,1.200656,40.492535,0
2020-09-03,sz.002855,12.1401360000,12.1401360000,11.7354648000,11.7354648000,12.0592017600,2492900,29304326.0000,1.024800,1,-2.684600,81.248906,2.191700,1.168424,39.405487,0
2020-09-04,sz.002855,11.5432459800,11.9782675200,11.4521949600,11.9175668400,11.7354648000,2696600,31295856.0000,1.108600,1,1.551700,82.509665,2.225709,1.186554,40.016952,0
2020-09-07,sz.002855,11.8467493800,12.2918877000,11.8467493800,12.0389682000,11.9175668400,3604700,43031685.0000,1.481900,1,1.018700,83.350171,2.248381,1.198641,40.424595,0
2020-09-08,sz.002855,12.0288514200,12.2817709200,11.9479171800,12.1704863400,12.0389682000,3427598,41151555.9400,1.409100,1,1.092400,84.260719,2.272944,1.211736,40.866208,0
2020-09-09,sz.002855,12.0389682000,12.3020044800,11.9378004000,12.1097856600,12.1704863400,3814400,45848809.0000,1.568100,1,-0.498800,83.840466,2.261607,1.205692,40.662387,0
2020-09-10,sz.002855,12.1401360000,12.2413038000,11.1385747800,11.2802097000,12.1097856600,4012390,46302823.1600,1.649500,1,-6.850500,78.097009,2.106677,1.123097,37.876826,0
2020-09-11,sz.002855,11.2802097000,11.7354648000,11.2093922400,11.6646473400,11.2802097000,3160598,35920657.3800,1.299300,1,3.408100,80.758611,2.178474,1.161373,39.167696,0
2020-09-14,sz.002855,11.7556983600,12.2311870200,11.6646473400,12.0389682000,11.6646473400,3826698,45359327.3200,1.573100,1,3.209000,83.350171,2.248381,1.198641,40.424595,0
2020-09-15,sz.002855,12.2008366800,12.2008366800,11.7455815800,12.0288514200,12.0389682000,2471166,29333111.7000,1.015900,1,-0.084000,83.280129,2.246492,1.197634,40.390625,0
2020-09-16,sz.002855,11.9479171800,12.1199024400,11.6646473400,11.8568661600,12.0288514200,2651536,31177483.6200,1.090000,1,-1.429800,82.089412,2.214372,1.180511,39.813130,0
2020-09-17,sz.002855,11.9074500600,11.9074500600,11.4218446200,11.5331292000,11.8568661600,2219378,25401961.9800,0.912400,1,-2.730400,79.848063,2.153912,1.148278,38.726082,0
2020-09-18,sz.002855,11.5634795400,11.8163990400,11.3712607200,11.7658151400,11.5331292000,2259838,25857372.8000,0.929000,1,2.017500,81.459032,2.197368,1.171445,39.507398,0
2020-09-21,sz.002855,11.7556983600,11.7860487000,11.3813775000,11.4016110600,11.7658151400,2447587,27893776.7500,1.006200,1,-3.095400,78.937515,2.129349,1.135184,38.284469,0
2020-09-22,sz.002855,11.3712607200,11.5027788600,11.1891586800,11.2700929200,11.4016110600,1691600,18929697.4400,0.695400,1,-1.153500,78.026967,2.104787,1.122090,37.842856,0
2020-09-23,sz.002855,11.2700929200,11.3611439400,11.1284580000,11.1790419000,11.2700929200,1485800,16457865.0000,0.610800,1,-0.807900,77.396587,2.087783,1.113024,37.537124,0
2020-09-24,sz.002855,11.1385747800,11.3307936000,10.8856552800,11.0475237600,11.1790419000,3345400,36581999.0000,1.375300,1,-1.176500,76.486039,2.063221,1.099930,37.095511,0
2020-09-25,sz.002855,11.0981076600,11.0981076600,10.8249546000,10.9160056200,11.0475237600,1056700,11407503.0000,0.434400,1,-1.190500,75.575491,2.038658,1.086835,36.653897,0
2020-09-28,sz.002855,11.0576405400,11.0677573200,10.6630861200,10.6934364600,10.9160056200,1770998,18938652.7000,0.728000,1,-2.038900,74.034563,1.997092,1.064676,35.906552,0
2020-09-29,sz.002855,10.7339035800,10.8856552800,10.6630861200,10.7642539200,10.6934364600,1103600,11768804.0000,0.453700,1,0.662300,74.524859,2.010318,1.071727,36.144344,0
2020-09-30,sz.002855,10.8148378200,10.8148378200,10.4911008600,10.5416847600,10.7642539200,1142100,11995667.0000,0.469500,1,-2.067700,72.983931,1.968751,1.049567,35.396998,0
2020-10-09,sz.002855,10.7541371400,10.9868230800,10.6529693400,10.9463559600,10.5416847600,1339100,14365940.0000,0.550500,1,3.838800,75.785617,2.044327,1.089857,36.755808,0
2020-10-12,sz.002855,10.9463559600,11.2296258000,10.9463559600,11.1992754600,10.9463559600,1837962,20237426.7600,0.755600,1,2.310500,77.536671,2.091562,1.115039,37.605064,0
2020-10-13,sz.002855,11.1790419000,11.2397425800,10.9362391800,11.1284580000,11.1992754600,1380900,15180249.0000,0.567700,1,-0.632300,77.046376,2.078336,1.107988,37.367273,0
2020-10-14,sz.002855,11.0778741000,11.0981076600,10.8249546000,10.8553049400,11.1284580000,1301800,14083366.0000,0.535200,1,-2.454500,75.155238,2.027322,1.080792,36.450076,0
2020-10-15,sz.002855,11.5634795400,11.9378004000,11.1689251200,11.3004432600,10.8553049400,4741938,53569733.9400,1.949400,1,4.100700,78.237093,2.110456,1.125111,37.944767,0
2020-10-16,sz.002855,11.0778741000,11.5128956400,11.0778741000,11.4117278400,11.3004432600,3776050,42278064.1000,1.552300,1,0.984800,79.007557,2.131239,1.136191,38.318440,0
2020-10-19,sz.002855,11.4521949600,11.6241802200,11.2802097000,11.4117278400,11.4117278400,2643900,30007920.0000,1.086900,1,0.000000,79.007557,2.131239,1.136191,38.318440,0
2020-10-20,sz.002855,11.4319614000,11.8265158200,11.3307936000,11.6848809000,11.4117278400,3535687,40570642.5400,1.453500,1,2.393600,80.898695,2.182253,1.163387,39.235636,0
2020-10-21,sz.002855,11.7152312400,11.8366326000,11.4623117400,11.7961654800,11.6848809000,3009870,34887099.0000,1.237300,1,0.952400,81.669159,2.203036,1.174467,39.609309,0
2020-10-22,sz.002855,11.7556983600,11.9883843000,11.5432459800,11.8770997200,11.7961654800,3530700,41299358.0000,1.451400,1,0.686100,82.229496,2.218151,1.182525,39.881071,0
2020-10-23,sz.002855,11.9378004000,12.0086178600,11.7354648000,11.8669829400,11.8770997200,2527700,29690696.2200,1.039100,1,-0.085200,82.159454,2.216262,1.181518,39.847101,0
2020-10-26,sz.002855,11.7354648000,12.1401360000,11.6342970000,12.0794353200,11.8669829400,3499800,41463125.0000,1.438700,1,1.790300,83.630339,2.255939,1.202671,40.560476,0
2020-10-27,sz.002855,12.0794353200,12.0794353200,11.7860487000,11.8568661600,12.0794353200,2372700,27875986.0000,0.975400,1,-1.842500,82.089412,2.214372,1.180511,39.813130,0
2020-10-28,sz.002855,11.8568661600,12.1300192200,11.7455815800,12.0490849800,11.8568661600,3759950,44585631.3000,1.545700,1,1.621200,83.420213,2.250271,1.199649,40.458565,0
2020-10-29,sz.002855,11.9985010800,12.1097856600,11.8467493800,11.8973332800,12.0490849800,1854170,21936019.5000,0.762200,1,-1.259400,82.369581,2.221930,1.184540,39.949011,0
2020-10-30,sz.002855,11.9985010800,12.0288514200,11.6747641200,11.8062822600,11.8973332800,2536220,29718952.0000,1.042600,1,-0.765300,81.739201,2.204925,1.175474,39.643279,0
2020-11-02,sz.002855,11.8062822600,12.0187346400,11.6949976800,11.8568661600,11.8062822600,2585787,30258479.5500,1.063000,1,0.428400,39.922764,2.158926,1.110656,-43.639628,0
2020-11-03,sz.002855,11.8568661600,12.0996688800,11.8265158200,11.9580339600,11.8568661600,3214598,38117863.7600,1.321500,1,0.853200,40.263402,2.177347,1.120133,-44.011980,0
2020-11-04,sz.002855,11.9681507400,11.9883843000,11.7658151400,11.9175668400,11.9580339600,1888770,22146101.7000,0.776500,1,-0.338400,40.127147,2.169979,1.116342,-43.863039,0
2020-11-05,sz.002855,11.8872165000,12.0490849800,11.8467493800,12.0389682000,11.9175668400,3362232,39816802.4400,1.382200,1,1.018700,40.535913,2.192084,1.127714,-44.309862,0
2020-11-06,sz.002855,12.0996688800,12.0996688800,11.7961654800,11.9074500600,12.0389682000,2209100,26025893.0000,0.908100,1,-1.092400,40.093083,2.168137,1.115395,-43.825804,0
2020-11-09,sz.002855,11.9074500600,12.5448072000,11.9074500600,12.4841065200,11.9074500600,5891700,72274949.0000,2.422000,1,4.842800,42.034719,2.273135,1.169411,-45.948209,0
2020-11-10,sz.002855,12.4841065200,12.6358582200,12.2817709200,12.3323548200,12.4841065200,3545500,43457900.0200,1.457500,1,-1.215600,41.523763,2.245504,1.155196,-45.389682,0
2020-11-11,sz.002855,12.4335226200,12.5346904200,12.2109534600,12.3525883800,12.3323548200,3428196,41899876.1600,1.409300,1,0.164100,41.591890,2.249188,1.157092,-45.464152,0
2020-11-12,sz.002855,12.3525883800,12.4638729600,12.0288514200,12.0693185400,12.3525883800,2900596,34941385.8000,1.192400,1,-2.293200,40.638104,2.197610,1.130557,-44.421567,0
2020-11-13,sz.002855,12.0389682000,12.1907199000,11.9479171800,12.1806031200,12.0693185400,2044500,24424327.0000,0.840500,1,0.922000,41.012806,2.217873,1.140981,-44.831154,0
2020-11-16,sz.002855,12.1401360000,12.4335226200,12.1401360000,12.2109534600,12.1806031200,2543700,30764201.0000,1.045700,1,0.249200,41.114997,2.223399,1.143824,-44.942860,0
2020-11-17,sz.002855,12.1907199000,12.2615373600,11.9276836200,12.1401360000,12.2109534600,2249494,26840098.1400,0.924700,1,-0.580000,40.876551,2.210505,1.137191,-44.682213,0
2020-11-18,sz.002855,12.0794353200,12.3829387200,12.0794353200,12.2311870200,12.1401360000,1941851,23553071.1200,0.798300,1,0.750000,41.183125,2.227083,1.145720,-45.017330,0
2020-11-19,sz.002855,12.1704863400,12.5953911000,12.1401360000,12.5448072000,12.2311870200,4276100,52671609.0000,1.757900,1,2.564100,42.239102,2.284188,1.175097,-46.171620,0
2020-11-20,sz.002855,12.4942233000,12.6358582200,12.3424716000,12.5245736400,12.5448072000,2830800,34926025.0000,1.163700,1,-0.161300,42.170975,2.280504,1.173202,-46.097150,0
2020-11-23,sz.002855,12.5650407600,12.5650407600,12.2918877000,12.5245736400,12.5245736400,2280300,28012888.0000,0.937400,1,0.000000,42.170975,2.280504,1.173202,-46.097150,0
2020-11-24,sz.002855,12.5245736400,12.5245736400,12.2716541400,12.2918877000,12.5245736400,2180669,26636739.8000,0.896500,1,-1.857800,41.387507,2.238136,1.151406,-45.240741,0
2020-11-25,sz.002855,12.2918877000,12.4436394000,12.1300192200,12.2514205800,12.2918877000,2151500,26081952.0000,0.884500,1,-0.329200,41.251252,2.230767,1.147615,-45.091800,0
2020-11-26,sz.002855,12.3424716000,12.3424716000,11.9681507400,11.9681507400,12.2514205800,1799569,21514423.4100,0.739800,1,-2.312100,40.297466,2.179189,1.121081,-44.049215,0
2020-11-27,sz.002855,12.0895521000,12.2008366800,11.7860487000,12.1300192200,11.9681507400,2016070,23927097.0000,0.828800,1,1.352500,40.842487,2.208662,1.136243,-44.644978,0
2020-11-30,sz.002855,12.2210702400,12.2413038000,11.9378004000,11.9580339600,12.1300192200,1870769,22354299.0000,0.769100,1,-1.417800,40.263402,2.177347,1.120133,-44.011980,0
2020-12-01,sz.002855,11.9681507400,12.9393616200,11.8872165000,12.7876099200,11.9580339600,7445100,93009804.0000,3.060600,1,6.937400,43.056633,2.328398,1.197841,-47.065265,0
2020-12-02,sz.002855,12.7471428000,12.7572595800,12.5852743200,12.5852743200,12.7876099200,3415820,42702844.0000,1.404200,1,-1.582300,42.375357,2.291556,1.178888,-46.320561,0
2020-12-03,sz.002855,12.5549239800,12.8179602600,12.4739897400,12.5953911000,12.5852743200,3081100,38552246.0000,1.266600,1,0.080400,42.409421,2.293398,1.179835,-46.357796,0
2020-12-04,sz.002855,12.4942233000,12.9899455200,12.4942233000,12.9090112800,12.5953911000,4077604,51640208.1200,1.676300,1,2.490000,43.465399,2.350503,1.209213,-47.512087,0
2020-12-07,sz.002855,13.0304126400,13.0304126400,12.5650407600,12.5852743200,12.9090112800,2891970,36520894.9000,1.188900,1,-2.507800,42.375357,2.291556,1.178888,-46.320561,0
2020-12-08,sz.002855,12.6965589000,12.9494784000,12.5245736400,12.8887777200,12.5852743200,3658670,46246706.6000,1.504100,1,2.411600,43.397271,2.346819,1.207318,-47.437616,0
2020-12-09,sz.002855,12.8078434800,12.9697119600,12.3930555000,12.4132890600,12.8887777200,3641400,45557510.0000,1.497000,1,-3.689200,41.796273,2.260241,1.162778,-45.687563,0
2020-12-10,sz.002855,12.3627051600,12.8280770400,12.2817709200,12.3121212600,12.4132890600,2674628,33004649.9200,1.099500,1,-0.815000,41.455635,2.241820,1.153301,-45.315211,0
2020-12-11,sz.002855,12.1806031200,12.3930555000,11.5533627600,11.6039466600,12.3121212600,3861300,45231942.0000,1.587400,1,-5.751800,39.071170,2.112874,1.086965,-42.708749,0
2020-12-14,sz.002855,11.5735963200,11.5735963200,11.2498593600,11.3307936000,11.6039466600,2565600,28862306.0000,1.054700,1,-2.354000,38.151447,2.063138,1.061378,-41.703399,0
2020-12-15,sz.002855,11.2296258000,11.3611439400,11.1992754600,11.2195090200,11.3307936000,1828200,20325668.0000,0.751600,1,-0.982100,37.776745,2.042875,1.050954,-41.293812,0
2020-12-16,sz.002855,11.2903264800,11.3813775000,10.9767063000,10.9868230800,11.2195090200,2113434,23382844.3600,0.868800,1,-2.073900,36.993278,2.000507,1.029158,-40.437403,0
2020-12-17,sz.002855,11.0981076600,11.2700929200,10.8957720600,11.2599761400,10.9868230800,1992871,21906863.7300,0.819300,1,2.486200,37.913001,2.050243,1.054744,-41.442753,0
2020-12-18,sz.002855,11.2397425800,11.3409103800,11.1284580000,11.2195090200,11.2599761400,1186300,13160871.0000,0.487700,1,-0.359400,37.776745,2.042875,1.050954,-41.293812,0
2020-12-21,sz.002855,11.1183412200,11.2498593600,11.0272902000,11.1588083400,11.2195090200,1683038,18534587.3400,0.691900,1,-0.541000,37.572363,2.031822,1.045268,-41.070401,0
2020-12-22,sz.002855,11.0981076600,11.1385747800,10.8047210400,10.8553049400,11.1588083400,1849300,20034597.0000,0.760200,1,-2.719900,36.550449,1.976559,1.016838,-39.953346,0
2020-12-23,sz.002855,10.8553049400,10.9767063000,10.7440203600,10.8957720600,10.8553049400,1514794,16259817.5600,0.622700,1,0.372800,36.686704,1.983928,1.020629,-40.102286,0
2020-12-24,sz.002855,10.8553049400,10.8654217200,10.4607505200,10.5416847600,10.8957720600,1762651,18487527.1500,0.724600,1,-3.249800,35.494471,1.919455,0.987461,-38.799055,0
2020-12-25,sz.002855,10.4708673000,10.7541371400,10.4405169600,10.6428525600,10.5416847600,1385800,14599040.0000,0.569700,1,0.959700,35.835109,1.937876,0.996937,-39.171407,0
2020-12-28,sz.002855,10.7541371400,10.7541371400,10.2685317000,10.2786484800,10.6428525600,2143594,21975010.8200,0.881200,1,-3.422100,34.608813,1.871560,0.962821,-37.830941,0
2020-12-29,sz.002855,10.3292323800,10.6732029000,10.2584149200,10.3696995000,10.2786484800,1560100,16097664.0000,0.641300,1,0.885800,34.915387,1.888139,0.971350,-38.166057,0
2020-12-30,sz.002855,10.4506337400,10.5619183200,10.3191156000,10.3595827200,10.3696995000,1389764,14326659.8100,0.571300,1,-0.097600,34.881323,1.886297,0.970403,-38.128822,0
2020-12-31,sz.002855,10.5113344200,10.5720351000,10.3696995000,10.5113344200,10.3595827200,1210007,12558070.9500,0.497400,1,1.464800,35.392280,1.913928,0.984618,-38.687350,0
2021-01-04,sz.002855,10.5113344200,10.7339035800,10.4506337400,10.6934364600,10.5113344200,1932379,20281867.8700,0.794400,1,1.732400,36.005428,1.947086,1.001676,-39.357583,0
2021-01-05,sz.002855,10.7136700200,10.7339035800,10.5214512000,10.5821518800,10.6934364600,2020400,21175183.0000,0.830600,1,-1.040700,35.630727,1.926823,0.991251,-38.947996,0
2021-01-06,sz.002855,10.6023854400,10.6023854400,10.1370135600,10.1977142400,10.5821518800,2538200,25753457.0000,1.043400,1,-3.632900,34.336302,1.856824,0.955240,-37.533059,0
2021-01-07,sz.002855,10.1370135600,10.2584149200,9.6109410000,9.7424591400,10.1977142400,3292494,32097943.7500,1.353500,1,-4.464300,32.803432,1.773930,0.912596,-35.857476,0
2021-01-08,sz.002855,9.6109410000,9.8840940600,9.4288389600,9.7323423600,9.7424591400,2261357,21667374.3400,0.929600,1,-0.103800,32.769368,1.772088,0.911648,-35.820241,0
2021-01-11,sz.002855,9.7930430400,9.9549115200,9.5097732000,9.5704738800,9.7323423600,2120870,20315188.3500,0.871900,1,-1.663200,32.224347,1.742614,0.896485,-35.224478,0
2021-01-12,sz.002855,9.5097732000,9.6817584600,9.1455691200,9.3782550600,9.5704738800,2280400,21222595.0000,0.937500,1,-2.008500,31.577135,1.707615,0.878480,-34.517010,0
2021-01-13,sz.002855,9.3984886200,9.4086054000,9.0848684400,9.1860362400,9.3782550600,2158428,19604080.8400,0.887300,1,-2.049600,30.929923,1.672615,0.860474,-33.809541,0
2021-01-14,sz.002855,9.1860362400,9.4996564200,9.0848684400,9.3681382800,9.1860362400,1516078,13987146.4000,0.623200,1,1.982400,31.543071,1.705773,0.877532,-34.479775,0
2021-01-15,sz.002855,9.3681382800,9.7121088000,9.3681382800,9.5603571000,9.3681382800,1592528,15088131.1600,0.654700,1,2.051800,32.190284,1.740772,0.895538,-35.187243,0
2021-01-18,sz.002855,9.6008242200,9.8335101600,9.5603571000,9.8031598200,9.5603571000,1390398,13384038.9400,0.571600,1,2.539700,33.007815,1.784982,0.918282,-36.080887,0
2021-01-19,sz.002855,9.7829262600,9.8436269400,9.6817584600,9.7424591400,9.8031598200,1567270,15126975.1000,0.644300,1,-0.619200,32.803432,1.773930,0.912596,-35.857476,0
2021-01-20,sz.002855,9.7930430400,9.8537437200,9.6716416800,9.8335101600,9.7424591400,1311468,12671730.0000,0.539100,1,0.934600,33.110006,1.790509,0.921125,-36.192593,0
2021-01-21,sz.002855,9.7323423600,9.9043276200,9.7323423600,9.7424591400,9.8335101600,1257924,12187432.3600,0.517100,1,-0.925900,32.803432,1.773930,0.912596,-35.857476,0
2021-01-22,sz.002855,9.7424591400,9.7424591400,9.4895396400,9.6008242200,9.7424591400,1354570,12840524.0000,0.556800,1,-1.453800,32.326539,1.748141,0.899328,-35.336184,0
2021-01-25,sz.002855,9.6514081200,9.6615249000,9.2568537000,9.3074376000,9.6008242200,1605900,14848948.0000,0.660200,1,-3.055800,31.338689,1.694720,0.871846,-34.256364,0
2021-01-26,sz.002855,9.1860362400,9.5097732000,9.1860362400,9.3377879400,9.3074376000,1117800,10368406.0000,0.459500,1,0.326100,31.440880,1.700246,0.874689,-34.368069,0
2021-01-27,sz.002855,9.6008242200,9.7728094800,9.4187221800,9.4591893000,9.3377879400,2726338,25812987.7200,1.120800,1,1.300100,31.849646,1.722351,0.886061,-34.814891,0
2021-01-28,sz.002855,9.3479047200,9.7930430400,9.3479047200,9.4996564200,9.4591893000,2287179,21733025.5000,0.940200,1,0.427800,31.985901,1.729720,0.889852,-34.963832,0
2021-01-29,sz.002855,9.4996564200,10.0965464400,9.3782550600,9.9043276200,9.4996564200,4274564,41328996.6400,1.757200,1,4.259900,33.348452,1.803403,0.927758,-36.453239,0
2021-02-01,sz.002855,9.7930430400,10.1774806800,9.6615249000,10.1167800000,9.9043276200,3768812,37021095.1800,1.549300,1,2.145000,34.063792,1.842087,0.947659,-37.235178,0
2021-02-02,sz.002855,10.1875974600,10.1875974600,9.8436269400,9.9043276200,10.1167800000,2443200,24061466.0000,1.004400,1,-2.100000,33.348452,1.803403,0.927758,-36.453239,0
2021-02-03,sz.002855,9.9549115200,10.0054954200,9.6311745600,9.7626927000,9.9043276200,2202437,21262646.7200,0.905400,1,-1.430000,32.871559,1.777614,0.914491,-35.931947,0
2021-02-04,sz.002855,9.6109410000,9.7019920200,9.2568537000,9.3479047200,9.7626927000,2361725,21940006.2500,0.970900,1,-4.248700,31.474944,1.702088,0.875637,-34.405304,0
2021-02-05,sz.002855,9.2872040400,9.5603571000,9.1658026800,9.1961530200,9.3479047200,1360825,12562216.0000,0.559400,1,-1.623400,30.963987,1.674457,0.861422,-33.846777,0
2021-02-08,sz.002855,9.2872040400,9.3479047200,9.1051020000,9.2568537000,9.1961530200,973049,8878706.1000,0.400000,1,0.660100,31.168370,1.685510,0.867108,-34.070188,0
2021-02-09,sz.002855,9.2872040400,9.4288389600,9.1658026800,9.3681382800,9.2568537000,1302123,11961387.4600,0.535300,1,1.202200,31.543071,1.705773,0.877532,-34.479775,0
2021-02-10,sz.002855,9.4895396400,9.4895396400,9.2366201400,9.2973208200,9.3681382800,1042400,9586846.0000,0.428500,1,-0.755900,31.304625,1.692878,0.870899,-34.219128,0
2021-02-18,sz.002855,9.3175543800,9.6311745600,9.3175543800,9.5603571000,9.2973208200,1538082,14471742.8300,0.632300,1,2.829200,32.190284,1.740772,0.895538,-35.187243,0
2021-02-19,sz.002855,9.5502403200,9.9549115200,9.4693060800,9.9346779600,9.5603571000,1822357,17639100.6000,0.749200,1,3.915300,33.450644,1.808930,0.930601,-36.564945,0
2021-02-22,sz.002855,10.0358457600,10.2381813600,9.9549115200,9.9953786400,9.9346779600,2617000,26123612.0000,1.075800,1,0.611000,33.655027,1.819982,0.936287,-36.788356,0
2021-02-23,sz.002855,9.9144444000,10.1167800000,9.8233933800,10.0358457600,9.9953786400,1494200,14736296.7500,0.614200,1,0.404900,33.791282,1.827350,0.940078,-36.937296,0
2021-02-24,sz.002855,10.0459625400,10.1774806800,9.9549115200,10.0661961000,10.0358457600,1653665,16486449.7700,0.679800,1,0.302400,33.893473,1.832877,0.942921,-37.049002,0
2021-02-25,sz.002855,10.0763128800,10.1268967800,9.9245611800,9.9751450800,10.0661961000,1329700,13138538.0000,0.546600,1,-0.904500,33.586899,1.816298,0.934392,-36.713885,0
2021-02-26,sz.002855,9.9144444000,10.1673639000,9.7728094800,10.1167800000,9.9751450800,1746308,17401511.7600,0.717900,1,1.419900,34.063792,1.842087,0.947659,-37.235178,0
2021-03-01,sz.002855,10.1167800000,10.3899330600,10.1167800000,10.3393491600,10.1167800000,1527400,15556160.0000,0.627900,1,2.200000,34.813196,1.882613,0.968507,-38.054352,0
2021-03-02,sz.002855,10.3595827200,10.4101666200,10.2179478000,10.3191156000,10.3393491600,1710700,17409408.0000,0.703300,1,-0.195700,34.745068,1.878929,0.966612,-37.979881,0
2021-03-03,sz.002855,10.3191156000,10.4101666200,10.2179478000,10.2988820400,10.3191156000,1152000,11719797.0600,0.473600,1,-0.196100,34.676940,1.875245,0.964717,-37.905411,0
2021-03-04,sz.002855,10.2584149200,10.3899330600,10.2078310200,10.2381813600,10.2988820400,1336437,13622179.4000,0.549400,1,-0.589400,34.472558,1.864192,0.959031,-37.682000,0
2021-03-05,sz.002855,10.2179478000,10.3798162800,10.1774806800,10.3393491600,10.2381813600,1024813,10458189.7300,0.421300,1,0.988100,34.813196,1.882613,0.968507,-38.054352,0
2021-03-08,sz.002855,10.4202834000,10.5619183200,10.1268967800,10.1268967800,10.3393491600,1848537,18928399.5100,0.759900,1,-2.054800,34.097856,1.843929,0.948607,-37.272413,0
2021-03-09,sz.002855,10.3089988200,10.4202834000,9.9144444000,10.0661961000,10.1268967800,2188470,22005576.2500,0.899700,1,-0.599400,33.893473,1.832877,0.942921,-37.049002,0
2021-03-10,sz.002855,10.0560793200,10.1875974600,9.8436269400,9.9852618600,10.0661961000,1506600,14818555.0000,0.619300,1,-0.804000,33.620963,1.818140,0.935339,-36.751120,0
2021-03-11,sz.002855,9.9447947400,10.0965464400,9.7930430400,10.0965464400,9.9852618600,1282100,12629374.0000,0.527100,1,1.114500,33.995664,1.838403,0.945764,-37.160707,0
2021-03-12,sz.002855,9.9953786400,10.0864296600,9.8739772800,9.9650283000,10.0965464400,1187000,11665511.0000,0.488000,1,-1.302600,33.552835,1.814456,0.933444,-36.676650,0
2021-03-15,sz.002855,10.0560793200,10.0560793200,9.8335101600,9.8942108400,9.9650283000,1040370,10185515.6000,0.427700,1,-0.710700,33.314389,1.801561,0.926810,-36.416004,0
2021-03-16,sz.002855,9.9043276200,10.1774806800,9.8335101600,10.1673639000,9.8942108400,1350600,13401211.0000,0.555200,1,2.760700,34.234111,1.851298,0.952397,-37.421354,0
2021-03-17,sz.002855,10.1673639000,10.2381813600,9.9650283000,10.1268967800,10.1673639000,1195325,11954263.5000,0.491400,1,-0.398000,34.097856,1.843929,0.948607,-37.272413,0
2021-03-18,sz.002855,10.1572471200,10.1572471200,9.9650283000,10.0459625400,10.1268967800,1061290,10525148.4000,0.436300,1,-0.799200,33.825346,1.829192,0.941025,-36.974532,0
2021-03-19,sz.002855,9.9751450800,10.2988820400,9.7525759200,10.2280645800,10.0459625400,1579598,15827237.3400,0.649400,1,1.812700,34.438494,1.862350,0.958083,-37.644765,0
2021-03-22,sz.002855,10.2381813600,10.4202834000,10.1370135600,10.3798162800,10.2280645800,1651700,16841280.0000,0.679000,1,1.483700,34.949451,1.889981,0.972298,-38.203292,0
2021-03-23,sz.002855,10.4101666200,10.4202834000,10.1875974600,10.3292323800,10.3798162800,1459227,14868664.2200,0.599900,1,-0.487300,34.779132,1.880771,0.967560,-38.017116,0
2021-03-24,sz.002855,10.3292323800,10.4101666200,10.2280645800,10.3292323800,10.3292323800,1112891,11369766.6800,0.457500,1,0.000000,34.779132,1.880771,0.967560,-38.017116,0
2021-03-25,sz.002855,10.3292323800,10.3798162800,10.1977142400,10.2179478000,10.3292323800,759525,7728196.0000,0.312200,1,-1.077400,34.404430,1.860508,0.957136,-37.607530,0
2021-03-26,sz.002855,10.1977142400,10.2887652600,10.1673639000,10.1977142400,10.2179478000,919415,9279120.4000,0.378000,1,-0.198000,34.336302,1.856824,0.955240,-37.533059,0
2021-03-29,sz.002855,10.1370135600,10.2482981400,10.0763128800,10.1268967800,10.1977142400,728152,7313644.9600,0.299300,1,-0.694400,34.097856,1.843929,0.948607,-37.272413,0
2021-03-30,sz.002855,10.0459625400,10.2078310200,9.9245611800,10.0054954200,10.1268967800,969635,9579198.1400,0.398600,1,-1.198800,33.689090,1.821824,0.937235,-36.825591,0
2021-03-31,sz.002855,10.0257289800,10.1774806800,9.9549115200,10.1268967800,10.0054954200,967934,9625197.9000,0.397900,1,1.213300,34.097856,1.843929,0.948607,-37.272413,0
2021-04-01,sz.002855,10.1066632200,10.1673639000,9.9650283000,9.9751450800,10.1268967800,1001200,9944893.0000,0.411600,1,-1.498500,33.586899,1.816298,0.934392,-36.713885,0
2021-04-02,sz.002855,9.9751450800,10.2179478000,9.9447947400,10.0864296600,9.9751450800,1063000,10625462.0000,0.437000,1,1.115600,33.961601,1.836561,0.944816,-37.123472,0
2021-04-06,sz.002855,10.1370135600,10.2584149200,10.0156122000,10.0965464400,10.0864296600,1097800,10973927.0000,0.451300,1,0.100300,33.995664,1.838403,0.945764,-37.160707,0
2021-04-07,sz.002855,10.0864296600,10.1673639000,10.0560793200,10.1572471200,10.0965464400,769300,7688909.0000,0.316300,1,0.601200,34.200047,1.849455,0.951450,-37.384118,0
2021-04-08,sz.002855,10.1167800000,10.1471303400,9.8840940600,9.9043276200,10.1572471200,1341100,13314459.0000,0.551300,1,-2.490000,33.348452,1.803403,0.927758,-36.453239,0
2021-04-09,sz.002855,9.9043276200,10.1572471200,9.8335101600,10.1167800000,9.9043276200,1466200,14609891.0000,0.602700,1,2.145000,34.063792,1.842087,0.947659,-37.235178,0
2021-04-12,sz.002855,10.1673639000,10.1774806800,10.0257289800,10.0661961000,10.1167800000,888100,8866212.0000,0.365100,1,-0.500000,33.893473,1.832877,0.942921,-37.049002,0
2021-04-13,sz.002855,10.0560793200,10.2078310200,9.9346779600,10.1471303400,10.0661961000,966433,9643091.5900,0.397300,1,0.804000,34.165983,1.847613,0.950502,-37.346883,0
2021-04-14,sz.002855,10.1471303400,10.3595827200,10.0763128800,10.2887652600,10.1471303400,1336600,13555971.0000,0.549500,1,1.395800,34.642877,1.873403,0.963769,-37.868176,0
2021-04-15,sz.002855,10.2887652600,10.3494659400,10.0864296600,10.2078310200,10.2887652600,2029727,20481273.4100,0.835100,1,-0.786600,24.832262,1.856204,0.895762,-37.520535,0
2021-04-16,sz.002855,10.1673639000,10.2280645800,9.9447947400,10.1167800000,10.2078310200,2573100,25718790.2300,1.058600,1,-0.892000,24.610765,1.839647,0.887772,-37.185862,0
2021-04-19,sz.002855,10.1167800000,10.4506337400,10.1167800000,10.3494659400,10.1167800000,2158044,22063800.6800,0.887900,1,2.300000,25.176812,1.881959,0.908190,-38.041137,0
2021-04-20,sz.002855,10.2988820400,10.4304001800,10.2381813600,10.2786484800,10.3494659400,1336298,13653244.9900,0.549800,1,-0.684300,25.004537,1.869082,0.901976,-37.780836,0
2021-04-21,sz.002855,10.1977142400,10.3191156000,10.1471303400,10.2482981400,10.2786484800,1127479,11384307.2700,0.463900,1,-0.295300,24.930705,1.863563,0.899313,-37.669278,0
2021-04-22,sz.002855,10.2482981400,10.2685317000,10.0661961000,10.1066632200,10.2482981400,1485500,14866193.0000,0.611200,1,-1.382000,24.586154,1.837808,0.886884,-37.148676,0
2021-04-23,sz.002855,10.1774806800,10.1774806800,9.9751450800,10.0054954200,10.1066632200,1061582,10521008.9800,0.436800,1,-1.001000,24.340046,1.819411,0.878006,-36.776818,0
2021-04-26,sz.002855,9.9852618600,10.0763128800,9.8537437200,9.8840940600,10.0054954200,1143200,11268658.0000,0.470300,1,-1.213300,24.044717,1.797335,0.867353,-36.330587,0
2021-04-27,sz.002855,9.8942108400,10.0054954200,9.8233933800,9.8840940600,9.8840940600,1201446,11768250.4200,0.494300,1,0.000000,24.044717,1.797335,0.867353,-36.330587,0
2021-04-28,sz.002855,10.0156122000,10.0156122000,9.2265033600,9.2872040400,9.8840940600,3076513,28752741.9400,1.265700,1,-6.038900,19.728364,1.625621,0.750557,-116.390934,0
2021-04-29,sz.002855,9.4086054000,9.4086054000,9.1354523400,9.1556859000,9.2872040400,2264579,20678055.2800,0.931700,1,-1.416100,19.448986,1.602600,0.739928,-114.742696,0
2021-04-30,sz.002855,9.1253355600,9.1860362400,8.9027664000,8.9229999600,9.1556859000,1727208,15367592.9200,0.710600,1,-2.541400,18.954702,1.561871,0.721124,-111.826583,0
2021-05-06,sz.002855,8.9634670800,9.1354523400,8.8825328400,9.0545181000,8.9229999600,1598575,14183129.5000,0.657700,1,1.473900,19.234080,1.584892,0.731752,-113.474821,0
2021-05-07,sz.002855,8.9938174200,9.2163865800,8.8926496200,9.0444013200,9.0545181000,1226025,10970317.2500,0.504400,1,-0.111700,19.212589,1.583121,0.730935,-113.348033,0
2021-05-10,sz.002855,9.0342845400,9.1455691200,8.9533503000,9.1051020000,9.0444013200,1294700,11590880.0000,0.525900,1,0.671100,19.341533,1.593746,0.735840,-114.108758,0
2021-05-11,sz.002855,9.0545181000,9.3276711600,9.0342845400,9.2770872600,9.1051020000,1657370,15072764.9000,0.673200,1,1.888900,19.706873,1.623850,0.749740,-116.264146,0
2021-05-12,sz.002855,9.2770872600,9.4794228600,9.1455691200,9.1860362400,9.2770872600,1152200,10485999.0000,0.468000,1,-0.981500,19.513458,1.607913,0.742381,-115.123058,0
2021-05-13,sz.002855,9.1860362400,9.2265033600,9.0140509800,9.0241677600,9.1860362400,1388100,12514320.0000,0.563800,1,-1.762100,19.169608,1.579580,0.729300,-113.094458,0
2021-05-14,sz.002855,9.0545181000,9.1860362400,9.0444013200,9.1658026800,9.0241677600,931840,8414756.3200,0.378500,1,1.569500,19.470476,1.604371,0.740746,-114.869483,0
2021-05-17,sz.002855,9.1658026800,9.1658026800,9.0646348800,9.0747516600,9.1658026800,795610,7162692.6100,0.323100,1,-0.993400,19.277061,1.588434,0.733388,-113.728396,0
2021-05-18,sz.002855,9.0342845400,9.1051020000,9.0039342000,9.0848684400,9.0747516600,597500,5357217.8000,0.242700,1,0.111500,19.298552,1.590205,0.734205,-113.855183,0
2021-05-19,sz.002855,9.0848684400,9.1253355600,9.0241677600,9.1051020000,9.0848684400,509820,4581245.8000,0.207100,1,0.222700,19.341533,1.593746,0.735840,-114.108758,0
2021-05-20,sz.002855,9.1051020000,9.1556859000,9.0039342000,9.0241677600,9.1051020000,799891,7140204.8100,0.324900,1,-0.888900,19.169608,1.579580,0.729300,-113.094458,0
2021-05-21,sz.002855,9.0241677600,9.1658026800,9.0241677600,9.0949852200,9.0241677600,876500,7879789.0000,0.356000,1,0.784800,19.320042,1.591975,0.735023,-113.981971,0
2021-05-24,sz.002855,9.1354523400,9.2062698000,9.0646348800,9.1860362400,9.0949852200,960598,8680689.0200,0.390200,1,1.001100,19.513458,1.607913,0.742381,-115.123058,0
2021-05-25,sz.002855,9.2062698000,9.2163865800,9.0848684400,9.1759194600,9.1860362400,829970,7527653.2000,0.337100,1,-0.110100,19.491967,1.606142,0.741564,-114.996271,0
2021-05-26,sz.002855,9.1253355600,9.3175543800,9.1051020000,9.2669704800,9.1759194600,1158801,10578792.1300,0.470700,1,0.992300,19.685382,1.622079,0.748922,-116.137359,0
2021-05-27,sz.002855,9.2261426400,9.3690253800,9.2261426400,9.3282017400,9.2669662800,973500,8886020.0000,0.395400,1,0.660800,19.642401,1.618538,0.747287,-115.883784,0
2021-05-28,sz.002855,9.2771721900,9.3282017400,9.1547012700,9.1955249100,9.3282017400,922900,8351495.0000,0.374800,1,-1.422300,19.363023,1.595517,0.736658,-114.235546,0
2021-05-31,sz.002855,9.2261426400,9.2669662800,9.1036717200,9.2669662800,9.1955249100,847100,7645851.0000,0.344100,1,0.776900,19.513458,1.607913,0.742381,-115.123058,0
2021-06-01,sz.002855,9.2669662800,9.3179958300,9.1955249100,9.3077899200,9.2669662800,894000,8125301.0000,0.363100,1,0.440500,19.599420,1.614996,0.745652,-115.630208,0
2021-06-02,sz.002855,9.2669662800,9.2975840100,9.1444953600,9.1751130900,9.3077899200,1089200,9823537.0000,0.442400,1,-1.425400,19.320042,1.591975,0.735023,-113.981971,0
2021-06-03,sz.002855,9.2057308200,9.2567603700,9.1649071800,9.1751130900,9.1751130900,1500769,13527085.3100,0.609600,1,0.000000,19.320042,1.591975,0.735023,-113.981971,0
2021-06-04,sz.002855,9.0934658100,9.1853190000,9.0832599000,9.1444953600,9.1751130900,841000,7532244.0000,0.341600,1,-0.333700,19.255570,1.586663,0.732570,-113.601608,0
2021-06-07,sz.002855,9.1444953600,9.2261426400,9.1342894500,9.1649071800,9.1444953600,992700,8919996.0000,0.403200,1,0.223200,19.298552,1.590205,0.734205,-113.855183,0
2021-06-08,sz.002855,9.2057308200,9.2669662800,9.1342894500,9.2669662800,9.1649071800,1321900,11930162.0000,0.536900,1,1.113600,19.513458,1.607913,0.742381,-115.123058,0
2021-06-09,sz.002855,9.2465544600,9.3894372000,9.2465544600,9.3690253800,9.2669662800,1617843,14804108.2500,0.657100,1,1.101300,19.728364,1.625621,0.750557,-116.390934,0
2021-06-10,sz.002855,9.4098490200,9.5119081200,9.3179958300,9.5119081200,9.3690253800,1746500,16120169.0000,0.709400,1,1.525100,20.029232,1.650413,0.762004,-118.165959,0
2021-06-11,sz.002855,9.5119081200,9.6547908600,9.3384076500,9.4404667500,9.5119081200,1979501,18358825.3900,0.804000,1,-0.751100,19.878798,1.638017,0.756280,-117.278446,0
2021-06-15,sz.002855,9.4302608400,9.5425258500,9.3486135600,9.3996431100,9.4404667500,1265787,11685584.8800,0.514100,1,-0.432400,19.792835,1.630934,0.753010,-116.771296,0
2021-06-16,sz.002855,9.3792312900,9.5323199400,9.3486135600,9.4200549300,9.3996431100,1565532,14489257.8800,0.635900,1,0.217200,19.835816,1.634475,0.754645,-117.024871,0
2021-06-17,sz.002855,9.4200549300,9.6343790400,9.3792312900,9.5527317600,9.4200549300,1779400,16600783.0000,0.722700,1,1.408500,20.115194,1.657496,0.765274,-118.673109,0
2021-06-18,sz.002855,9.5527317600,9.5935554000,9.4200549300,9.5731435800,9.5527317600,1362600,12700177.0000,0.553400,1,0.213700,20.158175,1.661038,0.766909,-118.926684,0
2021-06-21,sz.002855,9.5731435800,9.6139672200,9.5221140300,9.5629376700,9.5731435800,1176900,11033893.0000,0.478000,1,-0.106600,20.136685,1.659267,0.766092,-118.799896,0
2021-06-22,sz.002855,9.5629376700,9.7466440500,9.5323199400,9.7466440500,9.5629376700,1695920,16047653.4000,0.688800,1,1.921000,20.523515,1.691142,0.780808,-121.082071,0
2021-06-23,sz.002855,9.7466440500,9.7670558700,9.6343790400,9.7160263200,9.7466440500,888200,8426928.0000,0.360800,1,-0.314100,20.459044,1.685829,0.778356,-120.701709,0
2021-06-24,sz.002855,9.7670558700,9.7670558700,9.6547908600,9.7058204100,9.7160263200,977100,9288235.0000,0.396900,1,-0.105000,20.437553,1.684058,0.777538,-120.574921,0
2021-06-25,sz.002855,9.7670558700,9.7670558700,9.5017022100,9.5425258500,9.7058204100,1469520,13768267.8000,0.596900,1,-1.682400,20.093704,1.655725,0.764456,-118.546321,0
2021-06-28,sz.002855,9.4914963000,9.6752026800,9.4506726600,9.6547908600,9.5425258500,1003537,9446329.4400,0.407600,1,1.176500,20.330100,1.675204,0.773450,-119.940984,0
2021-06-29,sz.002855,9.6649967700,9.6649967700,9.4608785700,9.5017022100,9.6547908600,1169400,10899181.0000,0.475000,1,-1.585600,20.007741,1.648642,0.761186,-118.039171,0
2021-06-30,sz.002855,9.5425258500,9.6752026800,9.4608785700,9.6241731300,9.5017022100,902598,8494891.1200,0.366600,1,1.288900,20.265628,1.669892,0.770997,-119.560621,0
2021-07-01,sz.002855,9.5833494900,9.6649967700,9.3486135600,9.3588194700,9.6241731300,1233441,11492616.5600,0.501000,1,-2.757200,19.706873,1.623850,0.749740,-116.264146,0
2021-07-02,sz.002855,9.4200549300,9.5017022100,9.3077899200,9.3588194700,9.3588194700,947900,8718720.0000,0.385000,1,0.000000,19.706873,1.623850,0.749740,-116.264146,0
2021-07-05,sz.002855,9.3894372000,9.6241731300,9.3894372000,9.5935554000,9.3588194700,1235500,11541029.0000,0.501800,1,2.508200,20.201157,1.664579,0.768544,-119.180259,0
2021-07-06,sz.002855,9.6241731300,9.7364381400,9.5221140300,9.6854085900,9.5935554000,1416982,13411910.0800,0.575500,1,0.957400,20.394572,1.680517,0.775903,-120.321346,0
2021-07-07,sz.002855,9.6854085900,9.7160263200,9.5935554000,9.6956145000,9.6854085900,1137900,10781377.5400,0.462200,1,0.105400,20.416062,1.682288,0.776720,-120.448134,0
2021-07-08,sz.002855,9.7262322300,9.7262322300,9.5629376700,9.6854085900,9.6956145000,1203500,11364749.0000,0.488800,1,-0.105300,20.394572,1.680517,0.775903,-120.321346,0
2021-07-09,sz.002855,9.6343790400,9.7262322300,9.5323199400,9.6956145000,9.6854085900,1440718,13612728.9200,0.585200,1,0.105400,20.416062,1.682288,0.776720,-120.448134,0
2021-07-12,sz.002855,9.7262322300,9.7874676900,9.6241731300,9.7772617800,9.6956145000,1857532,17708316.5600,0.754500,1,0.842100,20.587987,1.696454,0.783261,-121.462434,0
2021-07-13,sz.002855,9.7466440500,9.8078795100,9.6445849500,9.7160263200,9.7772617800,1517700,14455812.0000,0.616400,1,-0.626300,20.459044,1.685829,0.778356,-120.701709,0
2021-07-14,sz.002855,9.6445849500,9.7160263200,9.5017022100,9.5119081200,9.7160263200,1891900,17721959.0000,0.768400,1,-2.100800,20.029232,1.650413,0.762004,-118.165959,0
2021-07-15,sz.002855,9.5119081200,9.5323199400,9.0322303500,9.0730539900,9.5119081200,3516961,31603185.3500,1.428400,1,-4.613700,19.105136,1.574267,0.726847,-112.714096,0
2021-07-16,sz.002855,9.0730539900,9.1036717200,8.9403771600,9.0118185300,9.0730539900,1900886,16780600.0800,0.772100,1,-0.674900,18.976193,1.563642,0.721941,-111.953371,0
2021-07-19,sz.002855,8.9812008000,9.0628480800,8.8587298800,8.9505830700,9.0118185300,1255200,10974183.0000,0.509800,1,-0.679500,18.847249,1.553017,0.717036,-111.192646,0
2021-07-20,sz.002855,9.0220244400,9.0628480800,8.9403771600,9.0628480800,8.9505830700,1143414,10088193.0400,0.464400,1,1.254300,19.083646,1.572496,0.726029,-112.587308,0
2021-07-21,sz.002855,8.9812008000,9.1342894500,8.9812008000,9.1138776300,9.0628480800,1224100,10898030.0000,0.497200,1,0.563100,19.191099,1.581350,0.730117,-113.221246,0
2021-07-22,sz.002855,9.1342894500,9.3282017400,9.1138776300,9.2465544600,9.1138776300,1737500,15751448.0000,0.705700,1,1.455800,19.470476,1.604371,0.740746,-114.869483,0
2021-07-23,sz.002855,9.3077899200,9.3077899200,9.0832599000,9.0832599000,9.2465544600,1091700,9780694.0000,0.443400,1,-1.766000,19.126627,1.576038,0.727664,-112.840883,0
2021-07-26,sz.002855,9.0832599000,9.1649071800,8.8995535200,8.9812008000,9.0832599000,958624,8460297.8400,0.389400,1,-1.123600,18.911721,1.558330,0.719488,-111.573008,0
2021-07-27,sz.002855,9.0220244400,9.1853190000,8.9403771600,9.0016126200,8.9812008000,1308700,11655847.0000,0.531500,1,0.227300,18.954702,1.561871,0.721124,-111.826583,0
2021-07-28,sz.002855,9.0424362600,9.0424362600,8.6444057700,8.8077003300,9.0016126200,1410400,12216566.0000,0.572800,1,-2.154200,18.546381,1.528226,0.705589,-109.417621,0
2021-07-29,sz.002855,8.8689357900,9.0322303500,8.8689357900,8.9812008000,8.8077003300,1066406,9383692.5600,0.433100,1,1.969900,18.911721,1.558330,0.719488,-111.573008,0
2021-07-30,sz.002855,8.9097594300,9.0628480800,8.9097594300,9.0526421700,8.9812008000,899006,7933514.6200,0.365100,1,0.795500,19.062155,1.570725,0.725212,-112.460521,0
2021-08-02,sz.002855,8.9812008000,9.1649071800,8.9403771600,9.1342894500,9.0526421700,980041,8735807.1800,0.398100,1,0.901900,19.234080,1.584892,0.731752,-113.474821,0
2021-08-03,sz.002855,9.2057308200,9.2261426400,9.0424362600,9.0832599000,9.1342894500,1078000,9636386.0000,0.437800,1,-0.558700,19.126627,1.576038,0.727664,-112.840883,0
2021-08-04,sz.002855,9.0832599000,9.1751130900,9.0424362600,9.1342894500,9.0832599000,744532,6645126.9600,0.302400,1,0.561800,19.234080,1.584892,0.731752,-113.474821,0
2021-08-05,sz.002855,9.1342894500,9.1649071800,8.9914067100,9.1547012700,9.1342894500,1305338,11592987.7600,0.530200,1,0.223500,19.277061,1.588434,0.733388,-113.728396,0
2021-08-06,sz.002855,9.1342894500,9.1955249100,9.0526421700,9.1444953600,9.1547012700,975106,8706461.2000,0.396000,1,-0.111500,19.255570,1.586663,0.732570,-113.601608,0
2021-08-09,sz.002855,9.1036717200,9.2669662800,9.0526421700,9.2567603700,9.1444953600,1836706,16530244.6600,0.746000,1,1.227700,19.491967,1.606142,0.741564,-114.996271,0
2021-08-10,sz.002855,9.2567603700,9.3384076500,9.1751130900,9.2567603700,9.2567603700,1303036,11794130.0200,0.529200,1,0.000000,19.491967,1.606142,0.741564,-114.996271,0
2021-08-11,sz.002855,9.2159367300,9.3077899200,9.2057308200,9.2771721900,9.2567603700,1522802,13830134.0400,0.618500,1,0.220500,19.534948,1.609684,0.743199,-115.249846,0
2021-08-12,sz.002855,9.3179958300,9.3588194700,9.2873781000,9.3179958300,9.2771721900,1382537,12638193.7400,0.561500,1,0.440000,19.620911,1.616767,0.746469,-115.756996,0
2021-08-13,sz.002855,9.2771721900,9.3690253800,9.2465544600,9.3384076500,9.3179958300,1091267,9954065.7100,0.443200,1,0.219100,19.663892,1.620309,0.748104,-116.010571,0
2021-08-16,sz.002855,9.2873781000,9.4710844800,9.2669662800,9.4200549300,9.3384076500,1447267,13322203.0800,0.587800,1,0.874300,19.835816,1.634475,0.754645,-117.024871,0
2021-08-17,sz.002855,9.3690253800,9.4608785700,9.1853190000,9.2261426400,9.4200549300,1283267,11723724.3600,0.521200,1,-2.058500,19.427495,1.600830,0.739111,-114.615908,0
2021-08-18,sz.002855,9.2261426400,9.5935554000,9.2261426400,9.4302608400,9.2261426400,1190867,10889656.1800,0.483700,1,2.212400,19.857307,1.636246,0.755463,-117.151659,0
2021-08-19,sz.002855,9.3486135600,9.4608785700,9.3077899200,9.3894372000,9.4302608400,889067,8169835.0500,0.361100,1,-0.432900,19.771345,1.629163,0.752192,-116.644509,0
2021-08-20,sz.002855,9.4098490200,9.4098490200,9.2159367300,9.3179958300,9.3894372000,893096,8130006.8400,0.362700,1,-0.760900,19.620911,1.616767,0.746469,-115.756996,0
2021-08-23,sz.002855,9.3179958300,9.5731435800,9.3179958300,9.5323199400,9.3179958300,1798596,16746474.6400,0.730500,1,2.300100,20.072213,1.653954,0.763639,-118.419534,0
2021-08-24,sz.002855,9.4710844800,9.5833494900,9.4404667500,9.4812903900,9.5323199400,1497700,13950209.0000,0.608300,1,-0.535300,19.964760,1.645100,0.759551,-117.785596,0
2021-08-25,sz.002855,9.5425258500,9.6547908600,9.5017022100,9.6241731300,9.4812903900,1774367,16715941.4500,0.720700,1,1.507000,20.265628,1.669892,0.770997,-119.560621,0
2021-08-26,sz.002855,9.6343790400,9.6445849500,9.5323199400,9.5425258500,9.6241731300,1057433,9927940.8700,0.429500,1,-0.848400,20.093704,1.655725,0.764456,-118.546321,0
2021-08-27,sz.002855,9.5527317600,9.5935554000,9.3588194700,9.4506726600,9.5425258500,1262600,11680406.0000,0.512800,1,-0.962600,19.900288,1.639788,0.757098,-117.405234,0
2021-08-30,sz.002855,9.1955249100,9.2873781000,8.8791417000,8.9505830700,9.4506726600,2825800,25099329.0000,1.148700,1,-5.291600,22.154610,1.562791,0.681447,118.281304,0
2021-08-31,sz.002855,8.9403771600,8.9403771600,8.7362589600,8.8281121500,8.9505830700,2156200,18598576.0000,0.876500,1,-1.368300,21.851468,1.541407,0.672123,116.662860,0
2021-09-01,sz.002855,8.8485239700,8.9709948900,8.7770826000,8.9301712500,8.8281121500,1851538,16130635.0800,0.752700,1,1.156100,22.104086,1.559227,0.679893,118.011563,0
2021-09-02,sz.002855,9.0016126200,9.0016126200,8.8383180600,8.9097594300,8.9301712500,1155314,10059317.3800,0.469700,1,-0.228600,22.053562,1.555663,0.678339,117.741823,0
2021-09-03,sz.002855,8.9199653400,9.0322303500,8.9097594300,9.0016126200,8.9097594300,1277200,11244985.0000,0.519200,1,1.030900,22.280919,1.571701,0.685333,118.955656,0
2021-09-06,sz.002855,9.0322303500,9.1138776300,8.9607889800,9.1138776300,9.0016126200,1096400,9712791.0000,0.445700,1,1.247200,22.558799,1.591302,0.693880,120.439230,0
2021-09-07,sz.002855,9.0832599000,9.1444953600,9.0424362600,9.1036717200,9.1138776300,981800,8763833.0000,0.399100,1,-0.112000,22.533537,1.589520,0.693103,120.304360,0
2021-09-08,sz.002855,9.1138776300,9.5425258500,9.1036717200,9.4710844800,9.1036717200,2739025,25116569.8400,1.113500,1,4.035900,23.442962,1.653671,0.721076,125.159692,0
2021-09-09,sz.002855,9.4506726600,9.4812903900,9.3894372000,9.4404667500,9.4710844800,993125,9178690.0000,0.403700,1,-0.323300,23.367177,1.648326,0.718744,124.755081,0
2021-09-10,sz.002855,9.4404667500,9.4404667500,9.2771721900,9.3282017400,9.4404667500,1202789,10996579.9700,0.489000,1,-1.189200,23.089297,1.628724,0.710197,123.271507,0
2021-09-13,sz.002855,9.3282017400,9.3996431100,9.2669662800,9.3486135600,9.3282017400,982498,8972831.7200,0.399400,1,0.218800,23.139820,1.632288,0.711751,123.541248,0
2021-09-14,sz.002855,9.2975840100,9.4098490200,9.2363485500,9.2771721900,9.3486135600,799300,7289840.0000,0.324900,1,-0.764200,22.962988,1.619814,0.706312,122.597156,0
2021-09-15,sz.002855,9.3384076500,9.3996431100,9.2159367300,9.3282017400,9.2771721900,926400,8430301.0000,0.376600,1,0.550100,23.089297,1.628724,0.710197,123.271507,0
2021-09-16,sz.002855,9.3486135600,9.4608785700,9.2159367300,9.2669662800,9.3282017400,1069700,9795189.0000,0.434900,1,-0.656500,22.937726,1.618032,0.705535,122.462285,0
2021-09-17,sz.002855,9.2465544600,9.2771721900,9.0016126200,9.0934658100,9.2669662800,1435600,12827605.0000,0.583600,1,-1.872200,22.508275,1.587738,0.692326,120.169489,0
2021-09-22,sz.002855,8.9812008000,9.1240835400,8.9812008000,9.0628480800,9.0934658100,685600,6085698.0000,0.278700,1,-0.336700,22.432490,1.582392,0.689995,119.764878,0
2021-09-23,sz.002855,9.1342894500,9.2363485500,9.0832599000,9.1649071800,9.0628480800,851200,7643727.0000,0.346000,1,1.126100,22.685108,1.600212,0.697765,121.113582,0
2021-09-24,sz.002855,9.2261426400,9.2363485500,9.0322303500,9.0628480800,9.1649071800,841715,7493488.3500,0.342200,1,-1.113600,22.432490,1.582392,0.689995,119.764878,0
2021-09-27,sz.002855,9.0832599000,9.1342894500,8.7770826000,8.8893476100,9.0628480800,1162600,10195557.0000,0.472600,1,-1.914400,22.003039,1.552099,0.676785,117.472082,0
2021-09-28,sz.002855,8.8893476100,8.9607889800,8.7872885100,8.8995535200,8.8893476100,808972,7011676.9000,0.328900,1,0.114800,22.028301,1.553881,0.677562,117.606952,0
2021-09-29,sz.002855,8.8689357900,8.9199653400,8.7362589600,8.7668766900,8.8995535200,815200,7019351.0000,0.331400,1,-1.490800,21.699897,1.530715,0.667461,115.853638,0
2021-09-30,sz.002855,8.7464648700,9.0628480800,8.7362589600,8.9505830700,8.7668766900,883200,7727305.0000,0.359000,1,2.095500,22.154610,1.562791,0.681447,118.281304,0
2021-10-08,sz.002855,8.9812008000,9.3179958300,8.9812008000,9.2363485500,8.9505830700,1251200,11265246.0000,0.508600,1,3.192700,22.861940,1.612686,0.703204,122.057674,0
2021-10-11,sz.002855,9.2771721900,9.2873781000,9.1036717200,9.1444953600,9.2363485500,786600,7065375.0000,0.319800,1,-0.994500,22.634584,1.596648,0.696211,120.843841,0
2021-10-12,sz.002855,9.1547012700,9.1853190000,9.0118185300,9.0730539900,9.1444953600,457002,4069880.8600,0.185800,1,-0.781300,22.457751,1.584174,0.690772,119.899748,0
2021-10-13,sz.002855,9.0730539900,9.1751130900,8.9403771600,9.1138776300,9.0730539900,570000,5046464.0000,0.231700,1,0.449900,22.558799,1.591302,0.693880,120.439230,0
2021-10-14,sz.002855,9.0628480800,9.1036717200,8.9914067100,9.0526421700,9.1138776300,417900,3701669.0000,0.169900,1,-0.671900,22.407228,1.580611,0.689218,119.630008,0
2021-10-15,sz.002855,9.0118185300,9.0220244400,8.1647280000,8.5627584900,9.0526421700,3108398,26130483.5800,1.263600,1,-5.411500,21.194661,1.495076,0.651921,113.156231,0
2021-10-18,sz.002855,8.3688462000,8.5627584900,8.3382284700,8.4504934800,8.5627584900,1323900,10895823.0000,0.538200,1,-1.311100,20.916781,1.475474,0.643373,111.672657,0
2021-10-19,sz.002855,8.4198757500,8.4913171200,8.3688462000,8.4198757500,8.4504934800,747900,6178724.0000,0.304000,1,-0.362300,20.840995,1.470128,0.641042,111.268046,0
2021-10-20,sz.002855,8.4198757500,8.5423466700,8.3688462000,8.5015230300,8.4198757500,908498,7558624.3200,0.369300,1,0.969700,21.043090,1.484384,0.647259,112.347008,0
2021-10-21,sz.002855,8.5423466700,8.6137880400,8.3892580200,8.4300816600,8.5015230300,491915,4074313.3000,0.200000,1,-0.840300,20.866257,1.471910,0.641819,111.402916,0
2021-10-22,sz.002855,8.3994639300,8.4198757500,8.2974048300,8.3280225600,8.4300816600,655554,5369292.2600,0.266500,1,-1.210700,20.613639,1.454090,0.634049,110.054212,0
2021-10-25,sz.002855,8.3280225600,8.3688462000,8.2259634600,8.2565811900,8.3280225600,541670,4385137.6000,0.220200,1,-0.857800,20.436806,1.441617,0.628610,109.110120,0
2021-10-26,sz.002855,8.2361693700,8.6137880400,8.2361693700,8.3586402900,8.2565811900,839100,6859137.1700,0.341100,1,1.236100,20.689425,1.459436,0.636380,110.458823,0
2021-10-27,sz.002855,8.3484343800,8.3484343800,7.9708157100,8.0218452600,8.3586402900,1428824,11317771.3200,0.580800,1,-4.029300,19.855785,1.400631,0.610739,106.008102,0
2021-10-28,sz.002855,8.0728748100,8.1443161800,7.9197861600,8.0626689000,8.0218452600,604379,4751689.8900,0.245700,1,0.508900,19.956832,1.407759,0.613847,106.547583,0
2021-10-29,sz.002855,7.9912275300,8.2157575500,7.9708157100,8.1443161800,8.0626689000,476100,3792825.0000,0.193500,1,1.012700,20.158926,1.422015,0.620063,107.626546,0
2021-11-01,sz.002855,8.2259634600,8.2361693700,8.0626689000,8.1443161800,8.1443161800,413400,3300972.0000,0.168100,1,0.000000,36.081927,1.416436,0.625161,10.317007,0
2021-11-02,sz.002855,8.1443161800,8.1851398200,7.9401979800,8.0014334400,8.1443161800,660167,5208029.9500,0.268400,1,-1.754400,35.448911,1.391587,0.614193,10.136007,0
2021-11-03,sz.002855,8.0014334400,8.1136984500,8.0014334400,8.0728748100,8.0014334400,348900,2755950.0000,0.141800,1,0.892900,35.765419,1.404012,0.619677,10.226507,0
2021-11-04,sz.002855,8.0626689000,8.6239939500,8.0626689000,8.3688462000,8.0728748100,2185268,17989470.9200,0.888400,1,3.666200,37.076667,1.455486,0.642396,10.601436,0
2021-11-05,sz.002855,8.3178166500,8.6035821300,8.2871989200,8.4811112100,8.3688462000,1414261,11717406.4200,0.574900,1,1.341500,37.574037,1.475011,0.651014,10.743650,0
2021-11-08,sz.002855,8.3892580200,8.5015230300,8.2769930100,8.4096698400,8.4811112100,706300,5787157.0000,0.287100,1,-0.842400,37.257529,1.462586,0.645530,10.653150,0
2021-11-09,sz.002855,8.4300816600,8.6444057700,8.4300816600,8.5933762200,8.4096698400,1209593,10145348.0000,0.491700,1,2.184500,38.071407,1.494536,0.659631,10.885865,0
2021-11-10,sz.002855,8.5933762200,8.6546116800,8.5015230300,8.6341998600,8.5933762200,809101,6802842.4500,0.328900,1,0.475100,38.252269,1.501636,0.662765,10.937579,0
2021-11-11,sz.002855,8.6852294100,8.7158471400,8.6035821300,8.6239939500,8.6341998600,629600,5340867.0000,0.255900,1,-0.118200,38.207054,1.499861,0.661981,10.924651,0
2021-11-12,sz.002855,8.6035821300,8.7566707800,8.5831703100,8.7158471400,8.6239939500,714801,6083350.5200,0.290600,1,1.065100,38.613993,1.515835,0.669032,11.041008,0
2021-11-15,sz.002855,8.6546116800,8.8995535200,8.6546116800,8.8179062400,8.7158471400,1242600,10733572.0000,0.505100,1,1.171000,39.066147,1.533585,0.676866,11.170294,0
2021-11-16,sz.002855,8.7566707800,8.8995535200,8.7056412300,8.7260530500,8.8179062400,754100,6501377.0000,0.306600,1,-1.041700,38.659208,1.517610,0.669815,11.053936,0
2021-11-17,sz.002855,8.7362589600,8.8281121500,8.6035821300,8.7770826000,8.7260530500,1190299,10184043.4000,0.483900,1,0.584800,38.885285,1.526485,0.673733,11.118579,0
2021-11-18,sz.002855,8.8281121500,9.0730539900,7.8993743400,8.6750235000,8.7770826000,1947431,16923961.2500,0.791700,1,-1.162800,38.433131,1.508736,0.665898,10.989294,0
2021-11-19,sz.002855,8.6852294100,8.9914067100,8.6648175900,8.9199653400,8.6750235000,1407232,12279714.1600,0.572100,1,2.823500,39.518302,1.551335,0.684700,11.299579,0
2021-11-22,sz.002855,8.9301712500,9.0322303500,8.8077003300,8.8587298800,8.9199653400,1063600,9255128.0000,0.432400,1,-0.686500,39.247009,1.540685,0.680000,11.222008,0
2021-11-23,sz.002855,8.8077003300,8.9301712500,8.7668766900,8.8485239700,8.8587298800,983207,8511502.5500,0.399700,1,-0.115200,39.201793,1.538910,0.679216,11.209079,0
2021-11-24,sz.002855,8.8791417000,9.0322303500,8.7872885100,8.9301712500,8.8485239700,1181200,10310611.0000,0.480200,1,0.922700,39.563517,1.553110,0.685484,11.312508,0
2021-11-25,sz.002855,9.0016126200,9.0220244400,8.8791417000,8.9403771600,8.9301712500,878558,7706917.6800,0.357200,1,0.114300,39.608732,1.554885,0.686267,11.325437,0
2021-11-26,sz.002855,9.0220244400,9.0220244400,8.8383180600,8.9709948900,8.9403771600,774800,6760525.0000,0.315000,1,0.342500,39.744379,1.560210,0.688617,11.364222,0
2021-11-29,sz.002855,8.9403771600,8.9403771600,8.7260530500,8.7974944200,8.9709948900,624700,5392617.0000,0.254000,1,-1.934000,38.975716,1.530035,0.675299,11.144436,0
2021-11-30,sz.002855,8.7974944200,9.0832599000,8.7770826000,8.9709948900,8.7974944200,1145088,10062464.2800,0.465500,1,1.972200,39.744379,1.560210,0.688617,11.364222,0
2021-12-01,sz.002855,8.9709948900,9.1444953600,8.9097594300,9.1138776300,8.9709948900,1530120,13578535.0000,0.622000,1,1.592700,40.377395,1.585060,0.699585,11.545222,0
2021-12-02,sz.002855,9.1138776300,10.0222036200,8.9914067100,10.0222036200,9.1138776300,6731251,64560036.1600,2.736400,1,9.966400,44.401570,1.743033,0.769309,12.695866,0
2021-12-03,sz.002855,10.0119977100,10.0119977100,9.2771721900,9.3077899200,10.0222036200,10344577,96034706.6300,4.205300,1,-7.128300,41.236489,1.618784,0.714470,11.790866,0
2021-12-06,sz.002855,9.1649071800,9.4812903900,9.1138776300,9.3077899200,9.3077899200,4688904,42632402.1600,1.906100,1,0.000000,41.236489,1.618784,0.714470,11.790866,0
2021-12-07,sz.002855,9.2567603700,9.3384076500,8.9403771600,8.9709948900,9.3077899200,3063569,27235186.1700,1.245400,1,-3.618400,39.744379,1.560210,0.688617,11.364222,0
2021-12-08,sz.002855,9.0016126200,9.1138776300,8.9403771600,9.0526421700,8.9709948900,2087409,18481246.0800,0.848600,1,0.910100,40.106102,1.574410,0.694885,11.467651,0
2021-12-09,sz.002855,8.9403771600,9.1240835400,8.9403771600,9.0730539900,9.0526421700,2396619,21240947.1200,0.974300,1,0.225500,40.196533,1.577960,0.696451,11.493508,0
2021-12-10,sz.002855,9.0118185300,9.1342894500,8.9914067100,9.0628480800,9.0730539900,1462718,13009123.5800,0.594600,1,-0.112500,40.151318,1.576185,0.695668,11.480580,0
2021-12-13,sz.002855,9.0730539900,9.1751130900,8.9607889800,8.9914067100,9.0628480800,1663500,14714089.0000,0.676200,1,-0.788300,39.834810,1.563760,0.690184,11.390080,0
2021-12-14,sz.002855,8.9914067100,9.1649071800,8.8995535200,9.1444953600,8.9914067100,1865100,16586591.0000,0.758200,1,1.702600,40.513041,1.590385,0.701935,11.584008,0
2021-12-15,sz.002855,9.1649071800,9.4200549300,9.0832599000,9.3282017400,9.1444953600,3230601,29296512.3400,1.313300,1,2.008900,41.326919,1.622334,0.716037,11.816723,0
2021-12-16,sz.002855,9.2669662800,9.3179958300,9.2159367300,9.3077899200,9.3282017400,1612965,14642559.6000,0.655700,1,-0.218800,41.236489,1.618784,0.714470,11.790866,0
2021-12-17,sz.002855,9.2567603700,9.3077899200,9.1547012700,9.2057308200,9.3077899200,1459800,13167529.0000,0.593400,1,-1.096500,40.784334,1.601035,0.706636,11.661580,0
2021-12-20,sz.002855,9.1751130900,9.2771721900,9.1240835400,9.1649071800,9.2057308200,1320500,11916390.0000,0.536800,1,-0.443500,40.603472,1.593935,0.703502,11.609865,0
2021-12-21,sz.002855,9.1547012700,9.3282017400,9.1240835400,9.2771721900,9.1649071800,1557208,14093638.6000,0.633000,1,1.224900,41.100842,1.613460,0.712120,11.752080,0
2021-12-22,sz.002855,9.2669662800,9.3894372000,9.2465544600,9.3486135600,9.2771721900,1758500,16077997.2200,0.714900,1,0.770100,41.417350,1.625884,0.717603,11.842580,0
2021-12-23,sz.002855,9.3179958300,9.3384076500,9.1955249100,9.2465544600,9.3486135600,992500,8994238.0000,0.403500,1,-1.091700,40.965196,1.608135,0.709769,11.713294,0
2021-12-24,sz.002855,9.1853190000,9.3077899200,9.0832599000,9.1240835400,9.2465544600,1020341,9145516.1400,0.414800,1,-1.324500,40.422611,1.586835,0.700368,11.558151,0
2021-12-27,sz.002855,9.0628480800,9.1853190000,8.9607889800,9.1240835400,9.1240835400,874900,7788934.0000,0.355700,1,0.000000,40.422611,1.586835,0.700368,11.558151,0
2021-12-28,sz.002855,9.0934658100,9.2873781000,9.0934658100,9.2363485500,9.1240835400,976441,8812614.3100,0.396900,1,1.230400,40.919980,1.606360,0.708986,11.700365,0
2021-12-29,sz.002855,9.2669662800,9.3384076500,9.1036717200,9.2159367300,9.2363485500,946700,8562700.0000,0.384900,1,-0.221000,40.829550,1.602810,0.707419,11.674508,0
2021-12-30,sz.002855,9.1955249100,9.3077899200,9.1853190000,9.2873781000,9.2159367300,969199,8794911.7200,0.394000,1,0.775200,41.146058,1.615234,0.712903,11.765008,0
2021-12-31,sz.002855,9.3077899200,9.3384076500,9.2363485500,9.2771721900,9.2873781000,819641,7441058.4600,0.333200,1,-0.109900,41.100842,1.613460,0.712120,11.752080,0
2022-01-04,sz.002855,9.3792312900,9.4608785700,9.2771721900,9.4302608400,9.2771721900,2305156,21194331.2000,0.937100,1,1.650200,41.779074,1.640084,0.723871,11.946008,0
2022-01-05,sz.002855,9.3894372000,9.5221140300,9.3179958300,9.4302608400,9.4302608400,1611156,14828461.1600,0.655000,1,0.000000,41.779074,1.640084,0.723871,11.946008,0
2022-01-06,sz.002855,9.3894372000,9.6343790400,9.3690253800,9.5629376700,9.4302608400,2869100,26781670.0000,1.166400,1,1.406900,42.366875,1.663159,0.734055,12.114080,0
2022-01-07,sz.002855,9.5833494900,9.6445849500,9.3996431100,9.4200549300,9.5629376700,1577100,14646265.0000,0.641100,1,-1.494100,41.733858,1.638309,0.723087,11.933080,0
2022-01-10,sz.002855,9.4404667500,9.5119081200,9.2873781000,9.4812903900,9.4200549300,1215300,11201371.0000,0.494000,1,0.650100,42.005151,1.648959,0.727788,12.010651,0
2022-01-11,sz.002855,9.4710844800,9.5425258500,9.3996431100,9.4404667500,9.4812903900,1013000,9398433.0000,0.411800,1,-0.430600,41.824289,1.641859,0.724654,11.958937,0
2022-01-12,sz.002855,9.4200549300,9.5629376700,9.3996431100,9.5323199400,9.4404667500,1294499,12053144.6700,0.526200,1,0.973000,42.231228,1.657834,0.731705,12.075294,0
2022-01-13,sz.002855,9.5323199400,9.6037613100,9.4914963000,9.5119081200,9.5323199400,881700,8255984.0000,0.358400,1,-0.214100,42.140798,1.654284,0.730138,12.049437,0
2022-01-14,sz.002855,9.5221140300,9.5731435800,9.3384076500,9.3894372000,9.5119081200,1316100,12158350.0000,0.535000,1,-1.287600,41.598212,1.632984,0.720737,11.894294,0
2022-01-17,sz.002855,9.3894372000,9.6445849500,9.2873781000,9.6037613100,9.3894372000,1857797,17381948.0000,0.755200,1,2.282600,42.547737,1.670259,0.737189,12.165794,0
2022-01-18,sz.002855,9.6037613100,9.6547908600,9.3486135600,9.4302608400,9.6037613100,1722790,15949522.7000,0.700400,1,-1.806600,41.779074,1.640084,0.723871,11.946008,0
2022-01-19,sz.002855,9.4302608400,9.5935554000,9.3179958300,9.4914963000,9.4302608400,2304900,21352982.0000,0.937000,1,0.649400,42.050367,1.650734,0.728571,12.023580,0
2022-01-20,sz.002855,9.4914963000,9.5119081200,9.1138776300,9.1853190000,9.4914963000,1894600,17181766.0000,0.770200,1,-3.225800,40.693903,1.597485,0.705069,11.635723,0
2022-01-21,sz.002855,9.2159367300,9.2567603700,9.0526421700,9.0934658100,9.1853190000,1159700,10368288.0000,0.471400,1,-1.000000,40.286964,1.581510,0.698018,11.519365,0
2022-01-24,sz.002855,9.1036717200,9.1342894500,8.9097594300,9.0220244400,9.0934658100,1083956,9606469.3800,0.440700,1,-0.785600,39.970456,1.569085,0.692534,11.428865,0
2022-01-25,sz.002855,9.0730539900,9.0730539900,8.5933762200,8.6852294100,9.0220244400,1893207,16322108.4300,0.769600,1,-3.733000,38.478346,1.510511,0.666682,11.002222,0
2022-01-26,sz.002855,8.8587298800,8.8995535200,8.7056412300,8.8281121500,8.6852294100,666007,5758250.1800,0.270700,1,1.645100,39.111363,1.535360,0.677650,11.183222,0
2022-01-27,sz.002855,8.8281121500,8.8893476100,8.5525525800,8.5627584900,8.8281121500,1085300,9182497.0000,0.441200,1,-3.005800,37.935761,1.489211,0.657281,10.847079,0
2022-01-28,sz.002855,8.6750235000,8.8485239700,8.5219348500,8.7362589600,8.5627584900,990550,8434331.4000,0.402700,1,2.026200,38.704423,1.519385,0.670599,11.066865,0
2022-02-07,sz.002855,8.5219348500,8.5321407600,8.1136984500,8.3688462000,8.7362589600,2340600,19100116.0000,0.951500,1,-4.205600,37.076667,1.455486,0.642396,10.601436,0
2022-02-08,sz.002855,8.3688462000,8.6546116800,8.2871989200,8.6239939500,8.3688462000,1416400,11826858.0000,0.575800,1,3.048800,38.207054,1.499861,0.661981,10.924651,0
2022-02-09,sz.002855,8.6341998600,8.8791417000,8.6035821300,8.8383180600,8.6239939500,1018700,8762074.0000,0.414100,1,2.485200,39.156578,1.537135,0.678433,11.196151,0
2022-02-10,sz.002855,8.8485239700,8.8485239700,8.6648175900,8.7872885100,8.8383180600,825299,7067370.3800,0.335500,1,-0.577400,38.930501,1.528260,0.674516,11.131508,0
2022-02-11,sz.002855,8.7362589600,8.7668766900,8.5321407600,8.5933762200,8.7872885100,752900,6359866.0000,0.306100,1,-2.206700,38.071407,1.494536,0.659631,10.885865,0
2022-02-14,sz.002855,8.5729644000,8.8587298800,8.4606993900,8.6852294100,8.5933762200,763300,6480492.0000,0.310300,1,1.068900,38.478346,1.510511,0.666682,11.002222,0
2022-02-15,sz.002855,9.0628480800,9.0628480800,8.4709053000,8.5627584900,8.6852294100,1334300,11269380.0000,0.542400,1,-1.410100,37.935761,1.489211,0.657281,10.847079,0
2022-02-16,sz.002855,8.2565811900,8.9097594300,8.2565811900,8.7362589600,8.5627584900,1640700,13961704.0000,0.667000,1,2.026200,38.704423,1.519385,0.670599,11.066865,0
2022-02-17,sz.002855,8.6954353200,8.8383180600,8.6341998600,8.6444057700,8.7362589600,1147200,9789052.0000,0.466400,1,-1.051400,38.297484,1.503411,0.663548,10.950508,0
2022-02-18,sz.002855,8.6852294100,9.1342894500,8.6648175900,8.9199653400,8.6444057700,2269100,19818188.0000,0.922400,1,3.187700,39.518302,1.551335,0.684700,11.299579,0
2022-02-21,sz.002855,8.9301712500,9.1036717200,8.8587298800,9.0526421700,8.9199653400,1470270,12995237.6000,0.597700,1,1.487400,40.106102,1.574410,0.694885,11.467651,0
2022-02-22,sz.002855,9.0424362600,9.1138776300,8.9301712500,9.0220244400,9.0526421700,1113406,9804132.7400,0.452600,1,-0.338200,39.970456,1.569085,0.692534,11.428865,0
2022-02-23,sz.002855,8.9301712500,9.1853190000,8.9301712500,9.1649071800,9.0220244400,1186960,10598173.6000,0.482500,1,1.583700,40.603472,1.593935,0.703502,11.609865,0
2022-02-24,sz.002855,9.1955249100,9.2159367300,8.8689357900,9.0118185300,9.1649071800,1312100,11626073.0000,0.533400,1,-1.670400,39.925241,1.567310,0.691751,11.415937,0
2022-02-25,sz.002855,9.0118185300,9.1444953600,8.9505830700,9.0322303500,9.0118185300,989910,8785895.5000,0.402400,1,0.226500,40.015671,1.570860,0.693318,11.441794,0
2022-02-28,sz.002855,9.0322303500,9.1853190000,8.9097594300,9.1138776300,9.0322303500,1061106,9437260.0000,0.431400,1,0.904000,40.377395,1.585060,0.699585,0.000000,0
2022-03-01,sz.002855,9.1547012700,9.3179958300,9.0832599000,9.3179958300,9.1138776300,1513179,13673586.0000,0.615100,1,2.239600,41.281704,1.620559,0.715253,11.803794,0
2022-03-02,sz.002855,9.3179958300,9.4710844800,9.2363485500,9.3690253800,9.3179958300,1978500,18119432.0000,0.804300,1,0.547600,41.507781,1.629434,0.719170,11.868437,0
2022-03-03,sz.002855,9.4200549300,9.4302608400,9.2975840100,9.3792312900,9.3690253800,1381300,12678870.0000,0.561500,1,0.108900,41.552997,1.631209,0.719954,11.881366,0
2022-03-04,sz.002855,9.3792312900,9.5935554000,9.3077899200,9.5527317600,9.3792312900,3051800,28378607.0000,1.240600,1,1.849800,42.321659,1.661384,0.733272,12.101151,0
2022-03-07,sz.002855,9.6241731300,9.7160263200,9.4302608400,9.5425258500,9.5527317600,3211690,30099439.0000,1.305600,1,-0.106800,42.276444,1.659609,0.732488,12.088223,0
2022-03-08,sz.002855,9.4914963000,10.5018813900,8.8893476100,8.9403771600,9.5425258500,7528220,72044538.0000,3.060400,1,-6.310200,39.608732,1.554885,0.686267,11.325437,0
2022-03-09,sz.002855,8.8281121500,9.2159367300,8.5831703100,8.7770826000,8.9403771600,5579600,48636412.0000,2.268200,1,-1.826500,38.885285,1.526485,0.673733,11.118579,0
2022-03-10,sz.002855,9.0322303500,9.4200549300,8.8281121500,9.2873781000,8.7770826000,3817660,34500715.0000,1.552000,1,5.814000,41.146058,1.615234,0.712903,11.765008,0
2022-03-11,sz.002855,9.3384076500,9.8997327000,9.0730539900,9.8793208800,9.2873781000,4983611,46848863.0000,2.025900,1,6.373600,43.768554,1.718184,0.758341,12.514866,0
2022-03-14,sz.002855,9.9915858900,10.0119977100,9.6139672200,9.6752026800,9.8793208800,3009700,28653248.0000,1.223500,1,-2.066100,42.864245,1.682684,0.742673,12.256294,0
2022-03-15,sz.002855,9.6139672200,10.6447641300,9.4914963000,9.9507622500,9.6752026800,19424797,198383082.0000,7.896600,1,2.848100,44.085062,1.730608,0.763825,12.605366,0
2022-03-16,sz.002855,9.9405563400,10.9509414300,9.4914963000,10.4712636600,9.9507622500,20477583,199887824.0000,8.324600,1,5.230800,46.391050,1.821133,0.803779,13.264724,0
2022-03-17,sz.002855,11.2367069100,11.5224723900,10.1038509000,10.8897059700,10.4712636600,25454800,274507504.0000,10.347900,1,3.996100,48.244883,1.893907,0.835898,13.794795,0
2022-03-18,sz.002855,10.1140568100,10.2365277300,9.7976736000,9.8180854200,10.8897059700,19561285,189903932.5500,7.952100,1,-9.840700,43.497261,1.707534,0.753640,12.437295,0
2022-03-21,sz.002855,9.5731435800,9.9915858900,9.3894372000,9.9915858900,9.8180854200,11261767,106528913.5300,4.578200,1,1.767200,44.265924,1.737708,0.766958,12.657080,0
2022-03-22,sz.002855,9.8487031500,9.8589090600,9.6343790400,9.6445849500,9.9915858900,7142470,67954944.9000,2.903600,1,-3.472900,42.728598,1.677359,0.740322,12.217509,0
2022-03-23,sz.002855,9.5425258500,9.6956145000,9.4098490200,9.4404667500,9.6445849500,5847246,54673568.4800,2.377000,1,-2.116400,41.824289,1.641859,0.724654,11.958937,0
2022-03-24,sz.002855,9.3486135600,9.4098490200,9.0832599000,9.0832599000,9.4404667500,5019370,45351899.3000,2.040500,1,-3.783800,40.241749,1.579735,0.697235,11.506437,0
2022-03-25,sz.002855,9.1138776300,9.2057308200,9.0220244400,9.1138776300,9.0832599000,3244681,28978309.1000,1.319000,1,0.337100,40.377395,1.585060,0.699585,11.545222,0
2022-03-28,sz.002855,9.1036717200,9.1138776300,8.7974944200,8.9097594300,9.1138776300,3417018,29867272.9600,1.389100,1,-2.239600,39.473086,1.549560,0.683917,11.286651,0
2022-03-29,sz.002855,8.9607889800,8.9607889800,8.6239939500,8.6852294100,8.9097594300,3167097,27183290.4700,1.287500,1,-2.520000,38.478346,1.510511,0.666682,11.002222,0
2022-03-30,sz.002855,8.7158471400,9.0016126200,8.6954353200,8.8689357900,8.6852294100,4105901,35788804.4800,1.669100,1,2.115200,39.292224,1.542460,0.680783,11.234937,0
2022-03-31,sz.002855,8.8689357900,9.2669662800,8.8689357900,9.1138776300,8.8689357900,4585934,41032494.6400,1.864300,1,2.761800,40.377395,1.585060,0.699585,11.545222,0
2022-04-01,sz.002855,9.1138776300,9.1547012700,8.9812008000,9.0220244400,9.1138776300,2013634,17836536.9000,0.818600,1,-1.007800,39.970456,1.569085,0.692534,11.428865,0
2022-04-06,sz.002855,9.0220244400,9.1853190000,8.9607889800,9.1036717200,9.0220244400,1812200,16198700.0000,0.736700,1,0.905000,40.332180,1.583285,0.698802,11.532294,0
2022-04-07,sz.002855,9.1036717200,9.1649071800,8.8791417000,9.0016126200,9.1036717200,2339397,20638161.6600,0.951000,1,-1.121100,39.880025,1.565535,0.690968,11.403008,0
2022-04-08,sz.002855,9.0118185300,9.0934658100,8.9097594300,9.0934658100,9.0016126200,1655931,14665234.0400,0.673200,1,1.020400,40.286964,1.581510,0.698018,11.519365,0
2022-04-11,sz.002855,9.1036717200,9.3384076500,8.8689357900,8.8893476100,9.0934658100,2646100,23619150.0000,1.075700,1,-2.244700,39.382655,1.546010,0.682350,11.260794,0
2022-04-12,sz.002855,8.9812008000,9.1240835400,8.7362589600,9.0934658100,8.8893476100,1881900,16539772.0000,0.765000,1,2.296200,40.286964,1.581510,0.698018,11.519365,0
2022-04-13,sz.002855,9.1240835400,9.1240835400,8.8383180600,8.8485239700,9.0934658100,1626000,14292417.0000,0.661000,1,-2.693600,39.201793,1.538910,0.679216,11.209079,0
2022-04-14,sz.002855,8.8383180600,8.9097594300,8.5729644000,8.5831703100,8.8485239700,2313800,19768510.0000,0.940600,1,-2.998800,38.026192,1.492761,0.658848,10.872936,0
2022-04-15,sz.002855,8.5831703100,8.6546116800,8.3688462000,8.4811112100,8.5831703100,2103679,17556937.8000,0.855200,1,-1.189100,37.574037,1.475011,0.651014,10.743650,0
2022-04-18,sz.002855,8.5117289400,8.6546116800,8.4096698400,8.5525525800,8.4811112100,1068900,8965576.0000,0.434500,1,0.842400,37.890545,1.487436,0.656497,10.834151,0
2022-04-19,sz.002855,8.5423466700,8.6546116800,8.4811112100,8.5423466700,8.5525525800,804800,6741252.0000,0.327200,1,-0.119300,37.845330,1.485661,0.655714,10.821222,0
2022-04-20,sz.002855,8.4913171200,8.6954353200,8.4913171200,8.6137880400,8.5423466700,1228790,10373389.6000,0.499500,1,0.836300,38.161838,1.498086,0.661198,10.911722,0
2022-04-21,sz.002855,8.5933762200,8.7260530500,8.5321407600,8.5627584900,8.6137880400,1647000,13897962.0000,0.669500,1,-0.592400,37.935761,1.489211,0.657281,10.847079,0
2022-04-22,sz.002855,8.6546116800,8.6750235000,8.4402875700,8.6444057700,8.5627584900,1474600,12382116.0000,0.599500,1,0.953500,38.297484,1.503411,0.663548,10.950508,0
2022-04-25,sz.002855,8.6546116800,8.7974944200,7.8789625200,8.0014334400,8.6444057700,3720920,30712645.9000,1.512600,1,-7.438000,35.448911,1.391587,0.614193,10.136007,0
2022-04-26,sz.002855,7.9810216200,8.2157575500,7.2053724600,7.2053724600,8.0014334400,3862100,28343415.0000,1.570000,1,-9.949000,31.922106,1.253138,0.553087,9.127578,0
2022-04-27,sz.002855,6.9196069800,7.2564020100,6.6746651400,7.1135192700,7.2053724600,3389500,22878781.0000,1.377900,1,-1.274800,31.515167,1.237163,0.546037,9.011221,0
2022-04-28,sz.002855,7.0114601700,7.1033133600,6.5317824000,6.7154887800,7.1135192700,2773300,18402012.0000,1.127900,1,-5.595400,-5.735110,1.493274,0.550170,14.448867,0
2022-04-29,sz.002855,6.7563124200,7.1951665500,6.7563124200,7.0726956300,6.7154887800,2108700,14542224.0000,0.857600,1,5.319100,-6.040169,1.572703,0.579434,15.217424,0
2022-05-05,sz.002855,7.0726956300,7.2257842800,6.8481656100,7.1237251800,7.0726956300,1525798,10613189.0600,0.620500,1,0.721500,-6.083749,1.584050,0.583615,15.327218,0
2022-05-06,sz.002855,7.0420779000,7.1135192700,6.8583715200,7.0012542600,7.1237251800,1256917,8640663.4800,0.511200,1,-1.719200,-5.979157,1.556817,0.573581,15.063713,0
2022-05-09,sz.002855,6.9400188000,7.2666079200,6.9400188000,7.2053724600,7.0012542600,974090,6869720.5000,0.396200,1,2.915500,-6.153477,1.602205,0.590304,15.502888,0
2022-05-10,sz.002855,7.1645488200,7.3380492900,7.0420779000,7.3074315600,7.2053724600,1489400,10554917.0000,0.605700,1,1.416400,-6.240636,1.624899,0.598665,15.722475,0
2022-05-11,sz.002855,7.3686670200,7.5115497600,7.2564020100,7.2666079200,7.3074315600,1230500,8932510.0000,0.500400,1,-0.558700,-6.205772,1.615822,0.595320,15.634640,0
2022-05-12,sz.002855,7.2564020100,7.3992847500,7.2257842800,7.3584611100,7.2666079200,754000,5409487.0000,0.306700,1,1.264000,-6.284216,1.636247,0.602845,15.832269,0
2022-05-13,sz.002855,7.3788729300,7.4503143000,7.1645488200,7.3788729300,7.3584611100,1284400,9214670.0000,0.522400,1,0.277400,-6.301648,1.640785,0.604518,15.876187,0
2022-05-16,sz.002855,7.3890788400,7.4503143000,7.2564020100,7.2768138300,7.3788729300,822600,5919512.0000,0.334600,1,-1.383100,-6.214488,1.618091,0.596156,15.656599,0
2022-05-17,sz.002855,7.2768138300,7.3482552000,7.1441370000,7.2768138300,7.2768138300,1425797,10104207.9700,0.579900,1,0.000000,-6.214488,1.618091,0.596156,15.656599,0
2022-05-18,sz.002855,7.3176374700,7.7258738700,7.3176374700,7.4605202100,7.2768138300,2830198,20780252.8600,1.151000,1,2.524500,-6.371376,1.658941,0.611207,16.051857,0
2022-05-19,sz.002855,7.3482552000,7.6850502300,7.2666079200,7.5829911300,7.4605202100,3161961,23291082.2100,1.286000,1,1.641600,-6.475968,1.686174,0.621240,16.315362,0
2022-05-20,sz.002855,7.6136088600,7.7871093300,7.6034029500,7.7156679600,7.5829911300,2107300,15910352.0000,0.857000,1,1.749700,-6.589275,1.715676,0.632110,16.600826,0
2022-05-23,sz.002855,7.7564916000,7.9095802500,7.5421674900,7.7156679600,7.7156679600,2706700,20384477.0000,1.100800,1,0.000000,-6.589275,1.715676,0.632110,16.600826,0
2022-05-24,sz.002855,7.6748443200,7.7769034200,7.2564020100,7.3380492900,7.7156679600,2356900,17321748.0000,0.958600,1,-4.894200,-6.266784,1.631708,0.601173,15.788352,0
2022-05-25,sz.002855,7.3686670200,7.4605202100,7.0931074500,7.3992847500,7.3380492900,1755213,12667264.4700,0.713800,1,0.834500,-6.319080,1.645324,0.606190,15.920104,0
2022-05-26,sz.002855,7.3992847500,7.5217556700,7.1951665500,7.3890788400,7.3992847500,1240364,8931006.4400,0.504500,1,-0.137900,-6.310364,1.643055,0.605354,15.898146,0
2022-05-27,sz.002855,7.4605202100,7.5013438500,7.2768138300,7.3890788400,7.3890788400,1331770,9662955.6000,0.541600,1,0.000000,-6.310364,1.643055,0.605354,15.898146,0
2022-05-30,sz.002855,7.4401083900,7.5523734000,7.3380492900,7.4911379400,7.3890788400,1123631,8232613.2300,0.457000,1,1.381200,-6.397524,1.665749,0.613715,16.117733,0
2022-05-31,sz.002855,7.5319615800,7.8381388800,7.3584611100,7.7360797800,7.4911379400,3319000,24914028.7600,1.349800,1,3.269800,-6.606707,1.720215,0.633782,16.644744,0
2022-06-01,sz.002855,7.7769034200,7.7769034200,7.5625793100,7.7054620500,7.7360797800,2691100,20312552.0000,1.094500,1,-0.395800,-6.580559,1.713407,0.631274,16.578867,0
2022-06-02,sz.002855,7.7258738700,7.9095802500,7.5625793100,7.8687566100,7.7054620500,2283598,17478444.6400,0.928700,1,2.119200,-6.720015,1.749717,0.644652,16.930208,0
2022-06-06,sz.002855,7.9197861600,8.0422570800,7.7871093300,7.8993743400,7.8687566100,2459700,19051468.0000,1.000400,1,0.389100,-6.746163,1.756525,0.647160,16.996084,0
2022-06-07,sz.002855,7.8279329700,7.9708157100,7.6646384100,7.7973152400,7.8993743400,2082000,15863090.0000,0.846800,1,-1.292000,-6.659003,1.733831,0.638799,16.776496,0
2022-06-08,sz.002855,7.7973152400,7.9095802500,7.6544325000,7.8075211500,7.7973152400,1850000,14112892.0000,0.752400,1,0.130900,-6.667719,1.736101,0.639635,16.798455,0
2022-06-09,sz.002855,7.7156679600,7.8585507000,7.5217556700,7.5727852200,7.8075211500,1386900,10384005.0000,0.564100,1,-3.006500,-6.467252,1.683904,0.620404,16.293403,0
2022-06-10,sz.002855,7.4707261200,7.6952561400,7.4196965700,7.5829911300,7.5727852200,1160200,8636107.0000,0.471900,1,0.134800,-6.475968,1.686174,0.621240,16.315362,0
2022-06-13,sz.002855,7.5829911300,7.6850502300,7.4707261200,7.6340206800,7.5829911300,1124800,8390394.0000,0.457500,1,0.672900,-6.519547,1.697521,0.625421,16.425156,0
2022-06-14,sz.002855,7.5421674900,7.6544325000,7.3278433800,7.6238147700,7.6340206800,1673500,12265272.0000,0.680600,1,-0.133700,-6.510831,1.695251,0.624585,16.403197,0
2022-06-15,sz.002855,7.6238147700,7.7871093300,7.4707261200,7.5625793100,7.6238147700,1421200,10651793.0000,0.578000,1,-0.803200,-6.458536,1.681635,0.619568,16.271445,0
2022-06-16,sz.002855,7.6034029500,7.7054620500,7.5727852200,7.6952561400,7.5625793100,1261100,9455719.0000,0.512900,1,1.754400,-6.571843,1.711137,0.630438,16.556909,0
2022-06-17,sz.002855,7.9095802500,7.9095802500,7.5013438500,7.6034029500,7.6952561400,1547000,11558362.0000,0.629200,1,-1.193600,-6.493399,1.690712,0.622912,16.359280,0
2022-06-20,sz.002855,7.6544325000,7.7156679600,7.5727852200,7.7156679600,7.6034029500,1220100,9165380.0000,0.496200,1,1.476500,-6.589275,1.715676,0.632110,16.600826,0
2022-06-21,sz.002855,7.7258738700,7.8279329700,7.6034029500,7.7769034200,7.7156679600,1313600,9940805.0600,0.534200,1,0.793700,-6.641571,1.729292,0.637127,16.732579,0
2022-06-22,sz.002855,7.7871093300,7.7973152400,7.5931970400,7.6238147700,7.7769034200,1444300,10843750.0000,0.587400,1,-1.968500,-6.510831,1.695251,0.624585,16.403197,0
2022-06-23,sz.002855,7.6238147700,7.7769034200,7.5319615800,7.7564916000,7.6238147700,1190900,8980333.0000,0.484300,1,1.740300,-6.624139,1.724754,0.635454,16.688661,0
2022-06-24,sz.002855,7.8075211500,7.8993743400,7.6952561400,7.8687566100,7.7564916000,1379000,10609480.0000,0.560800,1,1.447400,-6.720015,1.749717,0.644652,16.930208,0
2022-06-27,sz.002855,7.8585507000,8.0116393500,7.7973152400,7.9606098000,7.8687566100,1357200,10526696.0000,0.552000,1,1.167300,-6.798459,1.770142,0.652177,17.127836,0
2022-06-28,sz.002855,7.9912275300,8.2157575500,7.8585507000,8.0728748100,7.9606098000,2050300,16237543.0000,0.833900,1,1.410300,-6.894334,1.795105,0.661374,17.369383,0
2022-06-29,sz.002855,8.1545220900,8.5219348500,7.9401979800,7.9606098000,8.0728748100,2374400,18940916.0000,0.965700,1,-1.390600,-6.798459,1.770142,0.652177,17.127836,0
2022-06-30,sz.002855,8.0422570800,8.2361693700,7.9810216200,8.0116393500,7.9606098000,1818500,14421459.0000,0.739600,1,0.641000,-6.842038,1.781489,0.656357,17.237630,0
2022-07-01,sz.002855,8.0218452600,8.2055516400,7.9810216200,8.0218452600,8.0116393500,1481400,11708367.0000,0.602500,1,0.127400,-6.850754,1.783758,0.657194,17.259589,0
2022-07-04,sz.002855,8.0014334400,8.1341102700,7.8687566100,7.9401979800,8.0218452600,1426800,11122022.0000,0.580300,1,-1.017800,-6.781027,1.765603,0.650505,17.083919,0
2022-07-05,sz.002855,7.9708157100,8.1136984500,7.7564916000,7.8381388800,7.9401979800,1363694,10540467.9300,0.554600,1,-1.285300,-6.693867,1.742909,0.642143,16.864331,0
2022-07-06,sz.002855,7.7871093300,7.9912275300,7.7666975100,7.8891684300,7.8381388800,1604499,12393640.3400,0.652600,1,0.651000,-6.737447,1.754256,0.646324,16.974125,0
2022-07-07,sz.002855,7.9810216200,8.0524629900,7.8177270600,7.8789625200,7.8891684300,1342605,10415594.6300,0.546000,1,-0.129400,-6.728731,1.751987,0.645488,16.952166,0
2022-07-08,sz.002855,7.9095802500,8.0524629900,7.8279329700,7.9810216200,7.8789625200,1184800,9249133.0000,0.481900,1,1.295300,-6.815890,1.774681,0.653849,17.171754,0
2022-07-11,sz.002855,7.9401979800,8.2361693700,7.8993743400,8.0932866300,7.9810216200,2701419,21329381.7400,1.098700,1,1.406600,-6.911766,1.799644,0.663046,17.413300,0
2022-07-12,sz.002855,8.0932866300,8.1136984500,7.6748443200,7.7871093300,8.0932866300,2022000,15673443.0000,0.822400,1,-3.783100,-6.650287,1.731562,0.637963,16.754537,0
2022-07-13,sz.002855,7.9095802500,7.9810216200,7.7156679600,7.8789625200,7.7871093300,1393300,10710682.0000,0.566700,1,1.179600,-6.728731,1.751987,0.645488,16.952166,0
2022-07-14,sz.002855,7.9095802500,8.0524629900,7.8177270600,8.0218452600,7.8789625200,1477000,11554251.0000,0.600700,1,1.813500,-6.850754,1.783758,0.657194,17.259589,0
2022-07-15,sz.002855,8.0116393500,8.0626689000,7.7564916000,7.7564916000,8.0218452600,1926900,14832806.0000,0.783700,1,-3.307900,-6.624139,1.724754,0.635454,16.688661,0
2022-07-18,sz.002855,7.7564916000,8.3892580200,7.7564916000,8.2361693700,7.7564916000,4254900,34135599.0000,1.730500,1,6.184200,-7.033790,1.831416,0.674752,17.720723,0
2022-07-19,sz.002855,8.3076107400,8.4606993900,8.1443161800,8.3586402900,8.2361693700,2521098,20523867.5800,1.025300,1,1.487000,-7.138381,1.858649,0.684786,17.984228,0
2022-07-20,sz.002855,8.3586402900,8.5015230300,8.2055516400,8.2463752800,8.3586402900,1375200,11164803.0900,0.559300,1,-1.343100,-7.042506,1.833685,0.675588,17.742682,0
2022-07-21,sz.002855,8.2361693700,8.4811112100,8.1749339100,8.3790521100,8.2463752800,2092413,17173010.0800,0.851000,1,1.608900,-7.155813,1.863188,0.686458,18.028146,0
2022-07-22,sz.002855,8.3790521100,8.5525525800,8.2974048300,8.4300816600,8.3790521100,1990613,16438660.6000,0.809600,1,0.609000,-7.199393,1.874535,0.690639,18.137940,0
2022-07-25,sz.002855,8.4606993900,8.4606993900,8.2463752800,8.3382284700,8.4300816600,1113713,9096928.3400,0.452900,1,-1.089600,-7.120949,1.854110,0.683113,17.940311,0
2022-07-26,sz.002855,8.3688462000,8.5525525800,8.2259634600,8.5423466700,8.3382284700,1312400,10837650.0000,0.533800,1,2.448000,-7.295269,1.899498,0.699836,18.379486,0
2022-07-27,sz.002855,8.5117289400,8.7566707800,8.4811112100,8.6546116800,8.5423466700,3058040,25936360.7300,1.243700,1,1.314200,-7.391145,1.924462,0.709033,18.621032,0
2022-07-28,sz.002855,8.7158471400,8.8383180600,8.6546116800,8.6852294100,8.6546116800,2468600,21140138.0000,1.004000,1,0.353800,-7.417293,1.931270,0.711542,18.686909,0
2022-07-29,sz.002855,8.7668766900,8.9097594300,8.6035821300,8.8383180600,8.6852294100,3413100,29486036.0600,1.388100,1,1.762600,-7.548032,1.965311,0.724083,19.016290,0
2022-08-01,sz.002855,8.8383180600,8.9607889800,8.7056412300,8.8281121500,8.8383180600,1948000,16846183.0000,0.792300,1,-0.115500,-7.539316,1.963042,0.723247,18.994331,0
2022-08-02,sz.002855,8.7260530500,8.8077003300,8.4300816600,8.5831703100,8.8281121500,4077290,34248697.0000,1.658200,1,-2.774600,-7.330133,1.908576,0.703180,18.467321,0
2022-08-03,sz.002855,8.5627584900,8.7974944200,8.4402875700,8.4811112100,8.5831703100,2566590,21735590.8000,1.043800,1,-1.189100,-7.242973,1.885882,0.694819,18.247733,0
2022-08-04,sz.002855,8.4096698400,8.9301712500,8.4096698400,8.8893476100,8.4811112100,3499418,30027467.0000,1.423200,1,4.813500,-7.591612,1.976658,0.728264,19.126084,0
2022-08-05,sz.002855,8.8893476100,9.3384076500,8.7872885100,9.1444953600,8.8893476100,4781817,42375782.2700,1.944800,1,2.870300,-7.809511,2.033394,0.749167,19.675053,0
2022-08-08,sz.002855,9.1649071800,9.1853190000,8.8893476100,9.1649071800,9.1444953600,2260052,20088125.7600,0.919200,1,0.223200,-7.826943,2.037933,0.750839,19.718971,0
2022-08-09,sz.002855,9.1649071800,9.5629376700,9.0730539900,9.5527317600,9.1649071800,3470470,31886515.0000,1.411400,1,4.231600,-8.158150,2.124170,0.782612,20.553404,0
2022-08-10,sz.002855,9.4812903900,9.5935554000,9.3486135600,9.5833494900,9.5527317600,2203900,20558086.0000,0.896300,1,0.320500,-8.184298,2.130978,0.785121,20.619280,0
2022-08-11,sz.002855,9.5935554000,9.9813799800,9.5017022100,9.9711740700,9.5833494900,3557900,34265147.0000,1.447000,1,4.046900,-8.515505,2.217216,0.816893,21.453713,0
2022-08-12,sz.002855,9.9915858900,10.2365277300,8.9709948900,8.9709948900,9.9711740700,15097818,136528244.3100,6.140300,1,-10.030700,-7.661340,1.994814,0.734953,19.301754,0
2022-08-15,sz.002855,8.7668766900,8.9403771600,8.5219348500,8.8893476100,8.9709948900,8354718,71551045.5200,3.397900,1,-0.910100,-7.591612,1.976658,0.728264,19.126084,0
2022-08-16,sz.002855,8.9403771600,9.1138776300,8.8383180600,9.0322303500,8.8893476100,6181000,54369841.0000,2.513800,1,1.607300,-7.713636,2.008430,0.739970,19.433507,0
2022-08-17,sz.002855,9.0322303500,9.0424362600,8.8893476100,8.8995535200,9.0322303500,3495090,30653071.7000,1.421500,1,-1.468900,-7.600328,1.978928,0.729100,19.148043,0
2022-08-18,sz.002855,8.8791417000,9.2465544600,8.8383180600,9.2057308200,8.8995535200,5093490,45419711.2000,2.071500,1,3.440400,-7.861807,2.047010,0.754184,19.806806,0
2022-08-19,sz.002855,9.2261426400,9.5221140300,9.0322303500,9.3282017400,9.2057308200,5792981,52760245.2100,2.356000,1,1.330400,-7.966399,2.074243,0.764217,20.070311,0
2022-08-22,sz.002855,10.2059100000,10.2569395500,9.3996431100,10.2569395500,9.3282017400,10912849,106648506.4600,4.438300,1,9.956200,-8.759552,2.280760,0.840305,22.068558,0
2022-08-23,sz.002855,11.2877364600,11.2877364600,11.2877364600,11.2877364600,10.2569395500,5152054,56981717.2400,2.095300,1,10.049800,-9.639866,2.509970,0.924753,24.286394,0
2022-08-24,sz.002855,12.4205924700,12.4205924700,12.3083274600,12.4205924700,11.2877364600,19540619,237790299.2300,7.947200,1,10.036200,-10.607338,2.761875,1.017563,26.723817,0
2022-08-25,sz.002855,11.5326783000,13.6657134900,11.2367069100,13.6657134900,12.4205924700,45166360,547776976.0500,18.369200,1,10.024700,-11.670687,3.038744,1.119570,29.402786,0
2022-08-26,sz.002855,12.4920338400,13.3697421000,12.2981215500,12.2981215500,13.6657134900,36778049,454210618.9000,14.957700,1,-10.007500,-10.502747,2.734642,1.007530,26.460311,0
2022-08-29,sz.002855,11.0734123500,11.3183541900,11.0734123500,11.0734123500,12.2981215500,18526295,201349492.1400,7.531600,1,-9.958500,-9.525622,2.456487,0.895026,-57.889390,0
2022-08-30,sz.002855,10.3487927400,11.1754714500,9.9711740700,10.0528213500,11.0734123500,31390221,315825639.1500,12.761200,1,-9.216600,-8.647685,2.230083,0.812535,-52.553962,0
2022-08-31,sz.002855,9.8793208800,9.8793208800,9.0526421700,9.0730539900,10.0528213500,21768816,199328992.2900,8.849800,1,-9.746200,-7.804865,2.012734,0.733344,-47.431952,0
2022-09-01,sz.002855,8.9812008000,9.1649071800,8.8281121500,9.0526421700,9.0730539900,12120494,107278539.7000,4.927400,1,-0.225000,-7.787306,2.008206,0.731694,-47.325243,0
2022-09-02,sz.002855,9.1036717200,9.2363485500,8.9812008000,9.1547012700,9.0526421700,11747365,104950417.5300,4.775700,1,1.127400,-7.875100,2.030847,0.739943,-47.858786,0
2022-09-05,sz.002855,9.1547012700,9.2873781000,8.9812008000,9.1853190000,9.1547012700,10157471,90982878.5800,4.129400,1,0.334400,-7.901438,2.037639,0.742418,-48.018849,0
2022-09-06,sz.002855,9.1342894500,9.3690253800,9.0118185300,9.3384076500,9.1853190000,10803900,97537968.0000,4.392200,1,1.666700,-8.033128,2.071600,0.754792,-48.819163,0
2022-09-07,sz.002855,9.2669662800,9.4404667500,9.2363485500,9.3894372000,9.3384076500,9100158,83305524.8400,3.699500,1,0.546400,-8.077025,2.082920,0.758916,-49.085934,0
2022-09-08,sz.002855,9.4404667500,9.5017022100,9.0832599000,9.0832599000,9.3894372000,9108198,82344473.8500,3.702800,1,-3.260900,-7.813644,2.014998,0.734169,-47.485306,0
2022-09-09,sz.002855,9.1138776300,9.1955249100,8.9199653400,9.0220244400,9.0832599000,6799688,60121018.5700,2.764300,1,-0.674200,-7.760968,2.001414,0.729220,-47.165180,0
2022-09-13,sz.002855,9.0628480800,9.2975840100,9.0322303500,9.0730539900,9.0220244400,6032543,53995303.9800,2.452400,1,0.565600,-7.804865,2.012734,0.733344,-47.431952,0
2022-09-14,sz.002855,8.9097594300,9.0730539900,8.8281121500,8.9914067100,9.0730539900,5698800,49915124.2800,2.316800,1,-0.899900,-7.734630,1.994622,0.726745,-47.005118,0
2022-09-15,sz.002855,9.0730539900,9.1036717200,8.5831703100,8.6648175900,8.9914067100,6868700,58767838.2400,2.792400,1,-3.632200,-7.453690,1.922173,0.700348,-45.297781,0
2022-09-16,sz.002855,8.6750235000,8.6954353200,8.3994639300,8.3994639300,8.6648175900,4376900,36695686.0000,1.779400,1,-3.062400,-7.225426,1.863308,0.678900,-43.910570,0
2022-09-19,sz.002855,8.4096698400,8.4913171200,8.2463752800,8.2769930100,8.3994639300,3770500,30811473.3800,1.532800,1,-1.458100,-7.120073,1.836139,0.669001,-43.270318,0
2022-09-20,sz.002855,8.4504934800,8.6137880400,8.3586402900,8.5729644000,8.2769930100,4747776,39557312.4000,1.930100,1,3.575800,-7.374675,1.901796,0.692924,-44.817592,0
2022-09-21,sz.002855,8.5423466700,8.5933762200,8.3994639300,8.5117289400,8.5729644000,3286500,27378845.0000,1.336100,1,-0.714300,-7.321999,1.888212,0.687974,-44.497467,0
2022-09-22,sz.002855,8.4709053000,8.6035821300,8.4198757500,8.5219348500,8.5117289400,3028756,25362106.7200,1.231300,1,0.119900,-7.330778,1.890476,0.688799,-44.550821,0
2022-09-23,sz.002855,8.5831703100,8.6239939500,8.2055516400,8.2361693700,8.5219348500,3973100,32467434.0000,1.615200,1,-3.353300,-7.084956,1.827083,0.665702,-43.056901,0
2022-09-26,sz.002855,8.2361693700,8.2871989200,8.0422570800,8.0626689000,8.2361693700,3390011,27103709.0000,1.378200,1,-2.106600,-6.935706,1.788594,0.651678,-42.149878,0
2022-09-27,sz.002855,8.1545220900,8.3076107400,8.0830807200,8.2157575500,8.0626689000,3305700,26491589.0000,1.343900,1,1.898700,-7.067397,1.822555,0.664052,-42.950193,0
2022-09-28,sz.002855,8.2157575500,8.2259634600,7.9606098000,7.9606098000,8.2157575500,3711327,29280507.6000,1.508800,1,-3.105600,-6.847913,1.765954,0.643429,-41.616336,0
2022-09-29,sz.002855,8.0422570800,8.1136984500,7.7769034200,7.8381388800,7.9606098000,3045700,23605476.0000,1.238200,1,-1.538500,-6.742560,1.738785,0.633530,-40.976084,0
2022-09-30,sz.002855,7.8483447900,7.9095802500,7.7564916000,7.7564916000,7.8381388800,2469700,18962676.0000,1.004000,1,-1.041700,-6.672325,1.720673,0.626931,-40.549250,0
2022-10-10,sz.002855,7.7564916000,7.8687566100,7.6034029500,7.6544325000,7.7564916000,2578700,19530467.0000,1.048300,1,-1.315800,-6.584531,1.698032,0.618682,-40.015707,0
2022-10-11,sz.002855,7.6544325000,7.8177270600,7.5931970400,7.7871093300,7.6544325000,2429200,18396637.0000,0.987600,1,1.733300,-6.698663,1.727465,0.629406,-40.709313,0
2022-10-12,sz.002855,7.8279329700,8.0422570800,7.7156679600,8.0320511700,7.7871093300,3144300,24356151.0100,1.278300,1,3.145500,-6.909368,1.781802,0.649203,-41.989816,0
2022-10-13,sz.002855,8.0626689000,8.2463752800,7.9401979800,8.1239043600,8.0320511700,2668600,21269065.0000,1.084900,1,1.143600,-6.988383,1.802178,0.656628,-42.470004,0
2022-10-14,sz.002855,8.1851398200,8.3382284700,8.1545220900,8.2565811900,8.1239043600,2538600,20569517.0000,1.032000,1,1.633200,-7.102515,1.831611,0.667351,-43.163610,0
2022-10-17,sz.002855,8.2565811900,8.4709053000,8.1851398200,8.4606993900,8.2565811900,3211200,26500683.0000,1.305500,1,2.472200,-7.278102,1.876892,0.683850,-44.230695,0
2022-10-18,sz.002855,8.4606993900,8.5627584900,8.3892580200,8.4504934800,8.4606993900,2315840,19225195.8000,0.941500,1,-0.120600,-7.269323,1.874628,0.683025,-44.177341,0
2022-10-19,sz.002855,8.4913171200,8.5831703100,8.3994639300,8.5015230300,8.4504934800,2470300,20615696.0000,1.004300,1,0.603900,-7.313220,1.885948,0.687149,-44.444112,0
2022-10-20,sz.002855,8.5729644000,8.6750235000,8.3688462000,8.5321407600,8.5015230300,2597640,21722775.0000,1.056000,1,0.360100,-7.339558,1.892740,0.689624,-44.604175,0
2022-10-21,sz.002855,8.5729644000,8.6546116800,8.4606993900,8.5423466700,8.5321407600,2163900,18171427.0000,0.879700,1,0.119600,-7.348337,1.895004,0.690449,-44.657529,0
2022-10-24,sz.002855,8.6341998600,8.8179062400,8.4913171200,8.5219348500,8.5423466700,3497398,29666745.9800,1.421800,1,-0.238900,-7.330778,1.890476,0.688799,-44.550821,0
2022-10-25,sz.002855,8.3994639300,8.6750235000,8.3892580200,8.4913171200,8.5219348500,2359700,19690930.0000,0.959300,1,-0.359300,-7.304440,1.883684,0.686324,-44.390758,0
2022-10-26,sz.002855,8.5729644000,8.7362589600,8.4811112100,8.6750235000,8.4913171200,1977100,16752380.0000,0.803800,1,2.163500,-7.462469,1.924437,0.701173,-45.351135,0
2022-10-27,sz.002855,8.5933762200,8.8281121500,8.5933762200,8.6546116800,8.6750235000,2595100,22168860.0000,1.055000,1,-0.235300,-7.444910,1.919909,0.699523,-45.244426,0
2022-10-28,sz.002855,8.5525525800,8.6750235000,8.1851398200,8.2361693700,8.6546116800,2723074,22422064.2200,1.107000,1,-4.834900,-7.084956,1.827083,0.665702,-43.056901,0
2022-10-31,sz.002855,8.2974048300,8.6444057700,8.2667871000,8.5525525800,8.2361693700,3330500,27828761.0000,1.354000,1,3.841400,-7.683283,1.874748,0.730647,-21.271091,0
2022-11-01,sz.002855,8.5729644000,8.8383180600,8.5321407600,8.7770826000,8.5525525800,3219100,27522882.0000,1.308700,1,2.625300,-7.884992,1.923966,0.749829,-21.829521,0
2022-11-02,sz.002855,9.1751130900,9.6547908600,8.8077003300,9.6547908600,8.7770826000,8100000,74306943.0000,3.292900,1,10.000000,-8.673491,2.116362,0.824812,-24.012473,0
2022-11-03,sz.002855,9.6956145000,9.7160263200,8.9914067100,9.1036717200,9.6547908600,17224792,156556298.9500,7.002500,1,-5.708200,-8.178387,1.995555,0.777729,-22.641782,0
2022-11-04,sz.002855,9.1649071800,9.4404667500,8.9914067100,9.2975840100,9.1036717200,14787401,134063365.8200,6.011600,1,2.130000,-8.352590,2.038061,0.794295,-23.124062,0
2022-11-07,sz.002855,9.2975840100,9.8997327000,9.2261426400,9.6649967700,9.2975840100,16907900,157791730.6100,6.873600,1,3.951700,-8.682660,2.118599,0.825684,-24.037856,0
2022-11-08,sz.002855,9.5425258500,9.6547908600,9.3077899200,9.4914963000,9.6649967700,10378376,95964100.0200,4.219200,1,-1.795100,-8.526794,2.080568,0.810861,-23.606342,0
2022-11-09,sz.002855,9.4710844800,9.4710844800,9.2567603700,9.3077899200,9.4914963000,6602398,60371525.7200,2.684100,1,-1.935500,-8.361759,2.040299,0.795167,-23.149445,0
2022-11-10,sz.002855,9.3690253800,9.4098490200,9.2159367300,9.2975840100,9.3077899200,5762200,52539259.0000,2.342500,1,-0.109600,-8.352590,2.038061,0.794295,-23.124062,0
2022-11-11,sz.002855,9.3894372000,9.4812903900,9.1853190000,9.1955249100,9.2975840100,5816600,52995832.9800,2.364600,1,-1.097700,-8.260904,2.015690,0.785577,-22.870230,0
2022-11-14,sz.002855,9.1649071800,9.3282017400,9.0832599000,9.1342894500,9.1955249100,4033600,36358723.0000,1.639800,1,-0.665900,-8.205893,2.002267,0.780345,-22.717931,0
2022-11-15,sz.002855,9.0628480800,9.2159367300,9.0628480800,9.2159367300,9.1342894500,4349000,38955487.0000,1.768000,1,0.893900,-8.279242,2.020164,0.787320,-22.920997,0
2022-11-16,sz.002855,9.2669662800,9.2873781000,9.0934658100,9.2669662800,9.2159367300,4013488,36174729.9000,1.631600,1,0.553700,-8.325085,2.031350,0.791680,-23.047912,0
2022-11-17,sz.002855,9.3179958300,9.3486135600,9.1036717200,9.1955249100,9.2669662800,3360800,30306866.0000,1.366300,1,-0.770900,-8.260904,2.015690,0.785577,-22.870230,0
2022-11-18,sz.002855,9.1955249100,9.2873781000,9.0628480800,9.0628480800,9.1955249100,3494800,31510891.0000,1.420800,1,-1.442800,-8.141713,1.986606,0.774242,-22.540249,0
2022-11-21,sz.002855,9.0628480800,9.1649071800,8.9607889800,9.1444953600,9.0628480800,2886500,25683084.0000,1.173500,1,0.900900,-8.215061,2.004504,0.781217,-22.743314,0
2022-11-22,sz.002855,9.1138776300,9.4914963000,9.0934658100,9.3179958300,9.1444953600,6230000,56708876.4200,2.532700,1,1.897300,-8.370927,2.042536,0.796039,-23.174828,0
2022-11-23,sz.002855,9.2261426400,9.3690253800,8.8587298800,9.0628480800,9.3179958300,4928800,43804195.0000,2.003700,1,-2.738200,-8.141713,1.986606,0.774242,-22.540249,0
2022-11-24,sz.002855,9.0832599000,9.3792312900,9.0628480800,9.1036717200,9.0628480800,3542170,31831884.4000,1.440000,1,0.450500,-8.178387,1.995555,0.777729,-22.641782,0
2022-11-25,sz.002855,9.0730539900,9.2261426400,8.9709948900,8.9709948900,9.1036717200,2991470,26496081.4000,1.216100,1,-1.457400,-8.059195,1.966472,0.766395,-22.311801,0
2022-11-28,sz.002855,8.8893476100,9.0424362600,8.8077003300,8.8587298800,8.9709948900,2881500,25062072.0000,1.171400,1,-1.251400,-7.958341,1.941863,0.756804,-22.032586,0
2022-11-29,sz.002855,8.8791417000,8.9301712500,8.8077003300,8.8587298800,8.8587298800,2349900,20412844.0000,0.955300,1,0.000000,-7.958341,1.941863,0.756804,-22.032586,0
2022-11-30,sz.002855,8.8791417000,9.7466440500,8.8689357900,9.7466440500,8.8587298800,15286336,144915942.6100,6.214400,1,10.023000,-8.756009,2.136497,0.832659,-24.240921,0
2022-12-01,sz.002855,9.5731435800,9.7466440500,9.3486135600,9.4914963000,9.7466440500,20254027,188071451.3700,8.233900,1,-2.617800,-8.526794,2.080568,0.810861,-23.606342,0
2022-12-02,sz.002855,9.5017022100,9.5119081200,9.3077899200,9.3486135600,9.4914963000,9283197,85307289.4900,3.773900,1,-1.505400,-8.398433,2.049247,0.798655,-23.250978,0
2022-12-05,sz.002855,9.3996431100,9.4302608400,9.2669662800,9.3996431100,9.3486135600,8891139,81521832.8000,3.614500,1,0.545900,-8.444276,2.060433,0.803014,-23.377893,0
2022-12-06,sz.002855,9.3792312900,9.3792312900,9.2261426400,9.2669662800,9.3996431100,6297087,57167085.2200,2.560000,1,-1.411500,-8.325085,2.031350,0.791680,-23.047912,0
2022-12-07,sz.002855,9.2873781000,9.3690253800,9.1547012700,9.2159367300,9.2669662800,6356687,57608774.4400,2.584200,1,-0.550700,-8.279242,2.020164,0.787320,-22.920997,0
2022-12-08,sz.002855,9.1853190000,9.2771721900,8.9914067100,9.1853190000,9.2159367300,5384287,48266183.1300,2.188900,1,-0.332200,-8.251736,2.013452,0.784705,-22.844847,0
2022-12-09,sz.002855,9.1853190000,9.2465544600,8.9301712500,8.9709948900,9.1853190000,5087300,45029441.0000,2.068200,1,-2.333300,-8.059195,1.966472,0.766395,-22.311801,0
2022-12-12,sz.002855,8.9709948900,9.2159367300,8.9709948900,9.1751130900,8.9709948900,5008400,44810210.0000,2.036100,1,2.275300,-8.242567,2.011215,0.783833,-22.819464,0
2022-12-13,sz.002855,9.1853190000,9.2261426400,9.0016126200,9.1444953600,9.1751130900,3749300,33385599.0000,1.524200,1,-0.333700,-8.215061,2.004504,0.781217,-22.743314,0
2022-12-14,sz.002855,9.0934658100,9.3588194700,8.9709948900,8.9914067100,9.1444953600,4446500,39920579.0000,1.807700,1,-1.674100,-8.077532,1.970946,0.768139,-22.362567,0
2022-12-15,sz.002855,8.9812008000,9.4608785700,8.9403771600,9.2363485500,8.9914067100,7355371,66795719.1000,2.990200,1,2.724200,-8.297579,2.024638,0.789064,-22.971763,0
2022-12-16,sz.002855,9.0934658100,9.2057308200,8.9097594300,8.9301712500,9.2363485500,4802200,42395049.0000,1.952300,1,-3.314900,-8.022521,1.957523,0.762907,-22.210268,0
2022-12-19,sz.002855,8.8893476100,8.9812008000,8.2871989200,8.3484343800,8.9301712500,6753800,56024297.0000,2.745600,1,-6.514300,-7.499911,1.830005,0.713209,-20.763428,0
2022-12-20,sz.002855,8.3688462000,8.6852294100,8.3688462000,8.6444057700,8.3484343800,5948400,50057538.0000,2.418200,1,3.545200,-7.765800,1.894882,0.738494,-21.499539,0
2022-12-21,sz.002855,8.5933762200,8.6648175900,8.3280225600,8.4096698400,8.6444057700,3462596,28658766.3600,1.407700,1,-2.715500,-7.554923,1.843428,0.718441,-20.915727,0
2022-12-22,sz.002855,8.3892580200,8.4709053000,8.1647280000,8.1647280000,8.4096698400,3048100,24750265.0000,1.239200,1,-2.912600,-7.334876,1.789736,0.697515,-20.306531,0
2022-12-23,sz.002855,8.1239043600,8.2667871000,8.0524629900,8.1443161800,8.1647280000,2191297,17480137.9400,0.890800,1,-0.250000,-7.316539,1.785261,0.695771,-20.255764,0
2022-12-26,sz.002855,8.1443161800,8.2974048300,8.1443161800,8.2974048300,8.1443161800,1770700,14295870.0000,0.719800,1,1.879700,-7.454068,1.818819,0.708850,-20.636512,0
2022-12-27,sz.002855,8.3178166500,8.3586402900,8.2157575500,8.3382284700,8.2974048300,1938000,15733846.0000,0.787900,1,0.492000,-7.490742,1.827767,0.712337,-20.738045,0
2022-12-28,sz.002855,8.2871989200,8.3484343800,8.0830807200,8.1341102700,8.3382284700,1959000,15684509.0000,0.796400,1,-2.448000,-7.307370,1.783024,0.694900,-20.230381,0
2022-12-29,sz.002855,8.1647280000,8.1647280000,7.9912275300,8.0014334400,8.1341102700,1698508,13413317.6800,0.690500,1,-1.631100,-7.188179,1.753941,0.683565,-19.900400,0
2022-12-30,sz.002855,8.0422570800,8.1443161800,7.9810216200,8.0422570800,8.0014334400,1463298,11519920.1600,0.594900,1,0.510200,-7.224853,1.762889,0.687052,-20.001933,0
2023-01-03,sz.002855,8.0014334400,8.3688462000,8.0014334400,8.3484343800,8.0422570800,3099696,25085041.4000,1.260100,1,3.807100,-7.499911,1.830005,0.713209,-20.763428,0
2023-01-04,sz.002855,8.4198757500,8.4300816600,8.2974048300,8.4096698400,8.3484343800,2956000,24255421.0000,1.201700,1,0.733500,-7.554923,1.843428,0.718441,-20.915727,0
2023-01-05,sz.002855,8.3994639300,8.6750235000,8.3688462000,8.6035821300,8.4096698400,3751200,31387311.0000,1.525000,1,2.305800,-7.729126,1.885934,0.735007,-21.398007,0
2023-01-06,sz.002855,8.6035821300,8.6750235000,8.5321407600,8.5729644000,8.6035821300,2715100,22889253.0000,1.103800,1,-0.355900,-7.701620,1.879222,0.732391,-21.321857,0
2023-01-09,sz.002855,8.5729644000,8.6954353200,8.5219348500,8.6137880400,8.5729644000,2376400,20121068.0000,0.966100,1,0.476200,-7.738294,1.888171,0.735879,-21.423390,0
2023-01-10,sz.002855,8.7260530500,8.8179062400,8.5831703100,8.7158471400,8.6137880400,3003900,25727350.0000,1.221200,1,1.184800,-7.829980,1.910543,0.744598,-21.677222,0
2023-01-11,sz.002855,8.6852294100,8.8179062400,8.6546116800,8.6750235000,8.7158471400,2146800,18397947.0000,0.872700,1,-0.468400,-7.793306,1.901594,0.741110,-21.575689,0
2023-01-12,sz.002855,8.6852294100,8.9199653400,8.6546116800,8.8485239700,8.6750235000,3621484,31347774.9200,1.472300,1,2.000000,-7.949172,1.939626,0.755932,-22.007203,0
2023-01-13,sz.002855,8.7770826000,8.9301712500,8.7668766900,8.8179062400,8.8485239700,2111500,18265335.0000,0.858400,1,-0.346000,-7.921666,1.932914,0.753316,-21.931053,0
2023-01-16,sz.002855,8.8077003300,9.0322303500,8.7566707800,8.9709948900,8.8179062400,2919900,25540048.0000,1.187000,1,1.736100,-8.059195,1.966472,0.766395,-22.311801,0
2023-01-17,sz.002855,8.9199653400,9.3077899200,8.9199653400,9.1138776300,8.9709948900,4101066,36774307.3900,1.667200,1,1.592700,-8.187556,1.997792,0.778601,-22.667165,0
2023-01-18,sz.002855,9.1138776300,9.2465544600,9.0424362600,9.1955249100,9.1138776300,2215128,19917850.4800,0.900500,1,0.895900,-8.260904,2.015690,0.785577,-22.870230,0
2023-01-19,sz.002855,9.1853190000,9.3894372000,9.1444953600,9.2873781000,9.1955249100,2679100,24417961.0000,1.089100,1,0.998900,-8.343422,2.035824,0.793424,-23.098679,0
2023-01-20,sz.002855,9.2975840100,9.3486135600,9.0832599000,9.1751130900,9.2873781000,2980800,26856301.0000,1.211800,1,-1.208800,-8.242567,2.011215,0.783833,-22.819464,0
2023-01-30,sz.002855,9.3282017400,9.3588194700,9.2261426400,9.3179958300,9.1751130900,3013800,27490013.0000,1.225200,1,1.557300,-8.370927,2.042536,0.796039,-23.174828,0
2023-01-31,sz.002855,9.2465544600,9.4812903900,9.1955249100,9.4404667500,9.3179958300,3376400,30941560.0000,1.371900,1,1.314300,-8.339065,2.034761,0.793009,-23.086618,0
2023-02-01,sz.002855,9.4506726600,9.5731435800,9.3894372000,9.5629376700,9.4404667500,2816996,26174652.8800,1.144600,1,1.297300,-8.447248,2.061158,0.803297,-23.386120,0
2023-02-02,sz.002855,9.6649967700,9.6649967700,9.4914963000,9.5731435800,9.5629376700,2365308,22168386.8800,0.961100,1,0.106700,-8.456263,2.063358,0.804154,-23.411078,0
2023-02-03,sz.002855,9.6956145000,10.5324991200,9.6956145000,10.5324991200,9.5731435800,4660706,47256365.9200,1.893700,1,10.021300,-9.303692,2.270134,0.884741,-25.757178,0
2023-02-06,sz.002855,11.5837078500,11.5837078500,11.5837078500,11.5837078500,10.5324991200,5111225,58012403.7500,2.076800,1,9.980600,-10.232258,2.496707,0.973044,-28.327904,0
2023-02-07,sz.002855,12.7471815900,12.7471815900,10.9203237000,12.7471815900,11.5837078500,41297558,478850006.6800,16.779900,1,10.044100,-11.259992,2.747478,1.070777,-31.173174,0
2023-02-08,sz.002855,13.2880948200,14.0229203400,13.2880948200,14.0229203400,12.7471815900,16294131,220015742.9400,6.620600,1,10.008000,-12.386893,3.022445,1.177940,-34.292987,0
2023-02-09,sz.002855,13.4513893800,15.0945408900,12.6247106700,13.1452120800,14.0229203400,49650337,667039058.1100,20.173700,1,-6.259100,-11.611585,2.833267,1.104212,-32.146555,0
2023-02-10,sz.002855,11.8286496900,12.1144151700,11.8286496900,11.8286496900,13.1452120800,28507523,331203018.9400,11.583100,1,-10.015500,-10.448623,2.549501,0.993619,-28.926908,0
2023-02-13,sz.002855,11.1652655400,11.3693837400,11.0836182600,11.2367069100,11.8286496900,28116035,309011511.3300,11.424000,1,-5.004300,-9.925741,2.421916,0.943895,-27.479315,0
2023-02-14,sz.002855,11.2775305500,11.3693837400,10.9815591600,11.3591778300,11.2367069100,21785446,238741020.4200,8.851800,1,1.089900,-10.033924,2.448313,0.954183,-27.778817,0
2023-02-15,sz.002855,11.2775305500,11.3795896500,11.1550596300,11.3081482800,11.3591778300,16558958,182871513.3800,6.728200,1,-0.449200,-9.988848,2.437314,0.949897,-27.654024,0
2023-02-16,sz.002855,11.2775305500,11.2979423700,10.6855877700,10.8182646000,11.3081482800,17748971,191219301.8000,7.211700,1,-4.332100,-9.556118,2.331726,0.908746,-26.456016,0
2023-02-17,sz.002855,10.8182646000,10.8795000600,10.5529109400,10.6957936800,10.8182646000,10921964,114336963.9900,4.437800,1,-1.132100,-9.447935,2.305329,0.898458,-26.156514,0
2023-02-20,sz.002855,10.6141464000,10.7672350500,10.5529109400,10.7570291400,10.6957936800,7986099,83531631.6200,3.244900,1,0.572500,-9.502027,2.318528,0.903602,-26.306265,0
2023-02-21,sz.002855,10.7162055000,10.8080586900,10.5733227600,10.6855877700,10.7570291400,7403300,77513855.4200,3.008100,1,-0.664100,-9.438920,2.303130,0.897601,-26.131555,0
2023-02-22,sz.002855,10.5733227600,10.6651759500,10.5427050300,10.6039404900,10.6855877700,5435463,56473902.7500,2.208500,1,-0.764100,-9.366799,2.285532,0.890742,-25.931887,0
2023-02-23,sz.002855,10.6141464000,10.7264114100,10.4916754800,10.5222932100,10.6039404900,7272948,75534564.6900,2.955100,1,-0.770000,-9.294677,2.267934,0.883884,-25.732219,0
2023-02-24,sz.002855,10.5018813900,10.5733227600,10.4304400200,10.4610577500,10.5222932100,5289800,54324135.0000,2.149300,1,-0.582000,-9.240586,2.254735,0.878740,-25.582468,0
2023-02-27,sz.002855,10.4712636600,10.5222932100,10.3079691000,10.3487927400,10.4610577500,5000200,50921416.0000,2.031700,1,-1.073200,-9.141419,2.230538,0.869310,-25.307925,0
2023-02-28,sz.002855,10.3896163800,10.4712636600,10.3487927400,10.4610577500,10.3487927400,3649800,37219737.0000,1.483000,1,1.084800,-9.240586,2.254735,0.878740,-25.582468,0
2023-03-01,sz.002855,10.4814695700,10.5733227600,10.4202341100,10.5733227600,10.4610577500,5369400,55325334.0000,2.181700,1,1.073200,-9.339753,2.278932,0.888170,-25.857012,0
2023-03-02,sz.002855,10.5835286700,10.6957936800,10.4304400200,10.6753818600,10.5733227600,9007000,93425625.0000,3.659700,1,0.965300,-9.429905,2.300930,0.896743,-26.106597,0
2023-03-03,sz.002855,10.7059995900,10.7059995900,10.5120873000,10.5427050300,10.6753818600,5106710,52930643.3000,2.074900,1,-1.242800,-9.312707,2.272333,0.885598,-25.782136,0
2023-03-06,sz.002855,10.5733227600,10.6549700400,10.5120873000,10.6345582200,10.5427050300,4623300,48026798.0000,1.878500,1,0.871200,-9.393844,2.292131,0.893314,-26.006763,0
2023-03-07,sz.002855,10.6141464000,10.6141464000,10.3589986500,10.3692045600,10.6345582200,5321700,54586016.0000,2.162300,1,-2.495200,-9.159449,2.234938,0.871024,-25.357842,0
2023-03-08,sz.002855,10.3692045600,10.5937345800,10.3385868300,10.5631168500,10.3692045600,4092882,42101842.6800,1.663000,1,1.870100,-9.330738,2.276733,0.887313,-25.832053,0
2023-03-09,sz.002855,10.5529109400,10.6243523100,10.5222932100,10.5631168500,10.5631168500,2602900,26964738.0000,1.057600,1,0.000000,-9.330738,2.276733,0.887313,-25.832053,0
2023-03-10,sz.002855,10.5529109400,10.6039404900,10.3998222900,10.4100282000,10.5631168500,3135700,32260409.0000,1.274100,1,-1.449300,-9.195510,2.243737,0.874453,-25.457676,0
2023-03-13,sz.002855,10.3385868300,10.4610577500,10.2365277300,10.4100282000,10.4100282000,3971800,40230476.0000,1.613800,1,0.000000,-9.195510,2.243737,0.874453,-25.457676,0
2023-03-14,sz.002855,10.3385868300,10.3794104700,10.0630272600,10.3079691000,10.4100282000,4468200,44767708.0000,1.815500,1,-0.980400,-9.105358,2.221739,0.865880,-25.208091,0
2023-03-15,sz.002855,10.2773513700,10.3896163800,10.2773513700,10.3283809200,10.3079691000,2366900,24005580.0000,0.961700,1,0.198000,-9.123388,2.226139,0.867595,-25.258008,0
2023-03-16,sz.002855,10.2365277300,10.4202341100,10.1548804500,10.1548804500,10.3283809200,2580700,25854882.0000,1.048600,1,-1.679800,-8.970130,2.188743,0.853021,-24.833713,0
2023-03-17,sz.002855,10.1854981800,10.2875572800,10.1344686300,10.1344686300,10.1548804500,2548296,25477783.8000,1.035400,1,-0.201000,-8.952099,2.184344,0.851306,-24.783796,0
2023-03-20,sz.002855,10.1038509000,10.4100282000,10.0936449900,10.2161159100,10.1344686300,4114983,41200446.8100,1.672000,1,0.805600,-9.024221,2.201942,0.858165,-24.983464,0
2023-03-21,sz.002855,10.2161159100,10.3896163800,10.1242627200,10.3896163800,10.2161159100,3233300,32605863.0000,1.313700,1,1.698300,-9.177479,2.239337,0.872739,-25.407759,0
2023-03-22,sz.002855,10.4100282000,10.5631168500,10.4100282000,10.5427050300,10.3896163800,4588600,47263854.0000,1.864400,1,1.473500,-9.312707,2.272333,0.885598,-25.782136,0
2023-03-23,sz.002855,10.5222932100,10.6651759500,10.5222932100,10.6651759500,10.5427050300,6126320,63703049.1400,2.489200,1,1.161700,-9.420890,2.298730,0.895886,-26.081638,0
2023-03-24,sz.002855,10.6651759500,10.7876468700,10.5733227600,10.7264114100,10.6651759500,6811000,71462413.0000,2.767400,1,0.574200,-9.474981,2.311929,0.901030,-26.231389,0
2023-03-27,sz.002855,10.7264114100,10.8386764200,10.5733227600,10.6345582200,10.7264114100,4689600,49125038.0000,1.905500,1,-0.856300,-9.393844,2.292131,0.893314,-26.006763,0
2023-03-28,sz.002855,10.5937345800,10.6141464000,10.4100282000,10.4406459300,10.6345582200,4047900,41695857.0000,1.644700,1,-1.823400,-9.222555,2.250336,0.877025,-25.532551,0
2023-03-29,sz.002855,10.4406459300,10.5018813900,10.2977631900,10.3181750100,10.4406459300,3384200,34473753.0000,1.375100,1,-1.173000,-9.114373,2.223939,0.866738,-25.233049,0
2023-03-30,sz.002855,10.3692045600,10.4814695700,10.2569395500,10.3998222900,10.3181750100,3189200,32412774.0000,1.295800,1,0.791300,-9.186495,2.241537,0.873596,-25.432717,0
2023-03-31,sz.002855,10.3896163800,10.4610577500,10.2569395500,10.4610577500,10.3998222900,2685550,27295342.5000,1.091200,1,0.588800,-9.240586,2.254735,0.878740,-25.582468,0
2023-04-03,sz.002855,10.4508518400,10.5529109400,10.3181750100,10.4100282000,10.4610577500,3861500,39392141.0000,1.569000,1,-0.487800,-9.195510,2.243737,0.874453,-25.457676,0
2023-04-04,sz.002855,10.4202341100,10.4610577500,9.9813799800,10.0222036200,10.4100282000,5587500,55505546.0000,2.270300,1,-3.725500,-8.852932,2.160146,0.841876,-24.509253,0
2023-04-06,sz.002855,10.0222036200,10.1752922700,10.0222036200,10.1548804500,10.0222036200,3330400,32950184.0000,1.353200,1,1.323800,-8.970130,2.188743,0.853021,-24.833713,0
2023-04-07,sz.002855,10.1548804500,10.8182646000,10.1548804500,10.4304400200,10.1548804500,9396776,96013770.9200,3.818100,1,2.713600,-9.213540,2.248136,0.876168,-25.507593,0
2023-04-10,sz.002855,10.8080586900,11.0734123500,10.4202341100,10.5120873000,10.4304400200,15717400,165453487.0000,6.386200,1,0.782800,-9.285662,2.265734,0.883027,-25.707261,0
2023-04-11,sz.002855,10.1242627200,10.5427050300,10.1242627200,10.2875572800,10.5120873000,8727900,87842803.0000,3.546300,1,-2.135900,-9.087327,2.217340,0.864166,-25.158174,0
2023-04-12,sz.002855,10.2569395500,10.4814695700,10.2569395500,10.3589986500,10.2875572800,5041900,51092792.0000,2.048600,1,0.694400,-9.150434,2.232738,0.870167,-25.332883,0
2023-04-13,sz.002855,10.3181750100,10.4202341100,9.9201445200,9.9405563400,10.3589986500,7347250,72723936.0000,2.985300,1,-4.039400,-8.780810,2.142549,0.835017,-24.309585,0
2023-04-14,sz.002855,9.9507622500,10.1344686300,9.7568499600,9.8487031500,9.9405563400,4891237,47422730.7500,1.987400,1,-0.924000,-8.699673,2.122751,0.827302,-24.084958,0
2023-04-17,sz.002855,9.8487031500,9.8793208800,9.6956145000,9.7568499600,9.8487031500,2978994,28546216.7000,1.210400,1,-0.932600,-8.618537,2.102953,0.819586,-23.860331,0
2023-04-18,sz.002855,9.7670558700,9.7772617800,9.5017022100,9.5527317600,9.7568499600,3283600,30840825.0000,1.334200,1,-2.092100,-8.438232,2.058958,0.802440,-23.361161,0
2023-04-19,sz.002855,9.5221140300,9.6139672200,9.4608785700,9.5221140300,9.5527317600,2554949,23899526.3200,1.038100,1,-0.320500,-8.411187,2.052359,0.799868,-23.286286,0
2023-04-20,sz.002855,9.5119081200,9.5119081200,9.2771721900,9.3690253800,9.5221140300,3113800,28578871.0000,1.265200,1,-1.607700,-8.275959,2.019363,0.787008,-22.911908,0
2023-04-21,sz.002855,9.3384076500,9.3384076500,8.8791417000,8.8893476100,9.3690253800,4316994,38423246.7400,1.754100,1,-5.119800,-7.852244,1.915975,0.746715,-21.738858,0
2023-04-24,sz.002855,8.8893476100,9.0628480800,8.8077003300,8.9812008000,8.8893476100,3115600,27326044.0000,1.265900,1,1.033300,-7.933381,1.935773,0.754430,-21.963485,0
2023-04-25,sz.002855,8.9812008000,9.0526421700,8.5729644000,8.6750235000,8.9812008000,3282700,28150693.0000,1.333800,1,-3.409100,-7.662925,1.869781,0.728711,-21.214730,0
2023-04-26,sz.002855,8.6954353200,8.8791417000,8.6750235000,8.7974944200,8.6750235000,2774100,23967868.0000,1.127200,1,1.411800,-7.771107,1.896177,0.738999,-21.514232,0
2023-04-27,sz.002855,8.7974944200,8.8995535200,8.7260530500,8.7362589600,8.7974944200,2245300,19352363.0000,0.912300,1,-0.696100,-17.876836,2.137949,0.822809,-9.737628,0
2023-04-28,sz.002855,8.7362589600,8.9812008000,8.7158471400,8.9403771600,8.7362589600,2649900,23085443.0000,1.076700,1,2.336400,-18.294519,2.187901,0.842034,-9.965143,0
2023-05-04,sz.002855,8.9403771600,9.0526421700,8.8485239700,9.0526421700,8.9403771600,2497100,21896704.0000,1.014600,1,1.255700,-18.524245,2.215375,0.852607,-10.090276,0
2023-05-05,sz.002855,9.0424362600,9.0526421700,8.8587298800,8.9199653400,9.0526421700,2048000,17926710.0000,0.832100,1,-1.465600,-18.252751,2.182906,0.840111,-9.942392,0
2023-05-08,sz.002855,8.9812008000,9.0322303500,8.8893476100,9.0016126200,8.9199653400,2280000,20013125.0000,0.926400,1,0.915300,-18.419824,2.202887,0.847801,-10.033398,0
2023-05-09,sz.002855,9.0628480800,9.1444953600,8.7464648700,8.7974944200,9.0016126200,3333889,29069615.4600,1.354600,1,-2.267600,-18.002141,2.152935,0.828577,-9.805883,0
2023-05-10,sz.002855,8.8485239700,8.9199653400,8.6852294100,8.8893476100,8.7974944200,1720706,14910829.2600,0.699200,1,1.044100,-18.190098,2.175413,0.837228,-9.908264,0
2023-05-11,sz.002855,8.8485239700,9.3282017400,8.8485239700,9.2159367300,8.8893476100,4719910,42311532.2000,1.917800,1,3.673900,-18.858391,2.255337,0.867987,-10.272288,0
2023-05-12,sz.002855,9.1853190000,9.2771721900,9.0730539900,9.0832599000,9.2159367300,2281100,20472261.0000,0.926800,1,-1.439600,-18.586897,2.222868,0.855491,-10.124403,0
2023-05-15,sz.002855,9.0934658100,9.1240835400,8.9199653400,9.0628480800,9.0832599000,1523000,13461250.0000,0.618800,1,-0.224700,-18.545129,2.217873,0.853569,-10.101652,0
2023-05-16,sz.002855,9.0730539900,9.0832599000,8.9607889800,8.9812008000,9.0628480800,1261800,11140681.0000,0.512700,1,-0.900900,-18.378056,2.197892,0.845879,-10.010646,0
2023-05-17,sz.002855,8.9505830700,9.2057308200,8.9505830700,9.1853190000,8.9812008000,1922200,17193236.0000,0.781000,1,2.272700,-18.795739,2.247844,0.865103,-10.238161,0
2023-05-18,sz.002855,9.2669662800,9.5221140300,9.2057308200,9.4404667500,9.1853190000,3825200,35241166.7300,1.554200,1,2.777800,-19.317843,2.310284,0.889134,-10.522554,0
2023-05-19,sz.002855,9.4404667500,9.5935554000,9.3996431100,9.5425258500,9.4404667500,2669427,24924287.4500,1.084600,1,1.081100,-19.526684,2.335260,0.898746,-10.636311,0
2023-05-22,sz.002855,9.5425258500,9.8282913300,9.5323199400,9.8078795100,9.5425258500,3315400,31549520.0000,1.347100,1,2.780700,-20.069672,2.400198,0.923738,-10.932081,0
2023-05-23,sz.002855,9.7772617800,9.8078795100,9.5935554000,9.6139672200,9.8078795100,2156029,20435759.8100,0.876000,1,-1.977100,-19.672873,2.352743,0.905475,-10.715942,0
2023-05-24,sz.002855,9.6037613100,9.8589090600,9.5527317600,9.7772617800,9.6139672200,2220300,21221313.0000,0.902100,1,1.698500,-20.007020,2.392705,0.920854,-10.897953,0
2023-05-25,sz.002855,9.7772617800,9.8793208800,9.6037613100,9.7466440500,9.7772617800,2027300,19322260.0000,0.823700,1,-0.313200,-19.944367,2.385212,0.917971,-10.863826,0
2023-05-26,sz.002855,9.7976736000,9.9813799800,9.6854085900,9.9813799800,9.7466440500,2797800,27027075.0000,1.136800,1,2.408400,-20.424703,2.442657,0.940079,-11.125468,0
2023-05-29,sz.002855,10.0017918000,10.0324095300,9.8078795100,9.8691149700,9.9813799800,1874900,18134963.0000,0.761800,1,-1.124700,-20.194977,2.415183,0.929505,-11.000335,0
2023-05-30,sz.002855,9.8793208800,10.0222036200,9.8180854200,10.0017918000,9.8691149700,1948500,18955463.0000,0.791700,1,1.344400,-20.466471,2.447652,0.942001,-11.148219,0
2023-05-31,sz.002855,9.9915858900,10.2059100000,9.9507622500,10.1140568100,10.0017918000,2705000,26764329.0000,1.099100,1,1.122400,-20.696197,2.475126,0.952575,-11.273353,0
2023-06-01,sz.002855,10.1140568100,10.2059100000,9.9303504300,10.0324095300,10.1140568100,2571499,25400292.0900,1.044800,1,-0.807300,-20.529124,2.455145,0.944885,-11.182347,0
2023-06-02,sz.002855,10.0324095300,10.2773513700,9.9507622500,10.2161159100,10.0324095300,4375500,43595925.0000,1.777800,1,1.831100,-20.905038,2.500102,0.962187,-11.387110,0
2023-06-05,sz.002855,10.1957040900,10.4610577500,10.1140568100,10.4100282000,10.2161159100,3944600,40036899.0000,1.602800,1,1.898100,-21.301837,2.547556,0.980450,-11.603249,0
2023-06-06,sz.002855,10.4304400200,10.4814695700,10.1854981800,10.2263218200,10.4100282000,3271700,33068046.0000,1.329300,1,-1.764700,-20.925922,2.502599,0.963148,-11.398486,0
2023-06-07,sz.002855,10.2365277300,10.2773513700,10.0324095300,10.1854981800,10.2263218200,3040900,30337914.0000,1.235600,1,-0.399200,-20.842386,2.492609,0.959303,-11.352983,0
2023-06-08,sz.002855,10.2059100000,10.3079691000,10.0017918000,10.1344686300,10.1854981800,3417800,33926524.0000,1.388700,1,-0.501000,-20.737965,2.480121,0.954497,-11.296104,0
2023-06-09,sz.002855,10.3283809200,10.5018813900,10.0017918000,10.2263218200,10.1344686300,4093300,40930449.0000,1.663200,1,0.906300,-20.925922,2.502599,0.963148,-11.398486,0
2023-06-12,sz.002855,10.4100282000,10.6957936800,10.2875572800,10.5937345800,10.2263218200,6791000,70034826.0000,2.759300,1,3.592800,-21.677752,2.592513,0.997752,-11.808012,0
2023-06-13,sz.002855,10.5324991200,10.6549700400,10.3896163800,10.6039404900,10.5937345800,3702900,38092824.0000,1.504500,1,0.096300,-21.698636,2.595011,0.998714,-11.819388,0
2023-06-14,sz.002855,10.5733227600,10.6039404900,10.4100282000,10.5120873000,10.6039404900,2955900,30415613.0000,1.201000,1,-0.866200,-21.510679,2.572532,0.990063,-11.717006,0
2023-06-15,sz.002855,10.5120873000,10.5120873000,10.2977631900,10.3079691000,10.5120873000,2764081,28149670.2900,1.123100,1,-1.941700,-21.092996,2.522580,0.970838,-11.489492,0
2023-06-16,sz.002855,10.2569395500,10.6549700400,10.1752922700,10.6141464000,10.3079691000,4888281,50323833.3000,1.986200,1,2.970300,-21.719520,2.597508,0.999675,-11.830764,0
2023-06-19,sz.002855,10.5529109400,10.6651759500,10.4712636600,10.5937345800,10.6141464000,2373800,24641292.0000,0.964500,1,-0.192300,-21.677752,2.592513,0.997752,-11.808012,0
2023-06-20,sz.002855,10.5835286700,10.6345582200,10.4304400200,10.5631168500,10.5937345800,2633900,27257621.0000,1.070200,1,-0.289000,-21.615100,2.585020,0.994869,-11.773885,0
2023-06-21,sz.002855,10.5733227600,10.6039404900,10.3079691000,10.3487927400,10.5631168500,2039900,20816357.0000,0.828800,1,-2.029000,-21.176532,2.532571,0.974683,-11.534994,0
2023-06-26,sz.002855,10.3385868300,10.3692045600,10.0732331700,10.1140568100,10.3487927400,2362350,23605372.5000,0.959900,1,-2.268200,-20.696197,2.475126,0.952575,-11.273353,0
2023-06-27,sz.002855,10.1038509000,10.5324991200,10.0017918000,10.4610577500,10.1140568100,2663800,27110574.0000,1.082300,1,3.430900,-21.406258,2.560044,0.985257,-11.660128,0
2023-06-28,sz.002855,10.5631168500,10.5631168500,10.0119977100,10.3692045600,10.4610577500,2536300,25411807.0000,1.030500,1,-0.878000,-21.218301,2.537566,0.976605,-11.557746,0
2023-06-29,sz.002855,10.3589986500,10.7162055000,10.2263218200,10.6957936800,10.3692045600,3398700,35280823.0000,1.380900,1,3.149600,-21.886594,2.617489,1.007365,-11.921769,0
2023-06-30,sz.002855,10.5733227600,10.8590882400,10.5529109400,10.7059995900,10.6957936800,2768500,29127506.0000,1.124900,1,0.095400,-21.907478,2.619987,1.008326,-11.933145,0
2023-07-03,sz.002855,10.8080586900,10.8488823300,10.5529109400,10.5937345800,10.7059995900,2255100,23540721.0000,0.916300,1,-1.048600,-21.677752,2.592513,0.997752,-11.808012,0
2023-07-04,sz.002855,10.5835286700,10.7366173200,10.5222932100,10.6141464000,10.5937345800,2287200,23845884.0000,0.929300,1,0.192700,-21.719520,2.597508,0.999675,-11.830764,0
2023-07-05,sz.002855,10.6957936800,10.7264114100,10.4916754800,10.5120873000,10.6141464000,1748700,18159623.0000,0.710500,1,-0.961500,-21.510679,2.572532,0.990063,-11.717006,0
2023-07-06,sz.002855,10.4814695700,10.7059995900,10.4712636600,10.6447641300,10.5120873000,1832300,19083013.0000,0.744500,1,1.262100,-21.782173,2.605001,1.002559,-11.864891,0
2023-07-07,sz.002855,10.6141464000,10.7672350500,10.4814695700,10.5222932100,10.6447641300,1498200,15513902.0000,0.608700,1,-1.150500,-21.531563,2.575030,0.991024,-11.728382,0
2023-07-10,sz.002855,10.5835286700,10.6039404900,10.3079691000,10.3692045600,10.5222932100,1628400,16628577.0000,0.661600,1,-1.454900,-21.218301,2.537566,0.976605,-11.557746,0
2023-07-11,sz.002855,10.4508518400,10.6447641300,10.3487927400,10.6345582200,10.3692045600,1677600,17330153.0000,0.681600,1,2.559100,-21.761289,2.602504,1.001597,-11.853515,0
2023-07-12,sz.002855,10.7059995900,10.7059995900,10.4304400200,10.4406459300,10.6345582200,1579900,16295866.0000,0.641900,1,-1.823400,-21.364490,2.555049,0.983334,-11.637376,0
2023-07-13,sz.002855,10.5324991200,10.6753818600,10.4304400200,10.6243523100,10.4406459300,2449300,25456157.0000,0.995200,1,1.759500,-21.740404,2.600006,1.000636,-11.842139,0
2023-07-14,sz.002855,10.7059995900,10.8488823300,10.6243523100,10.7876468700,10.6243523100,1955750,20628252.5000,0.794700,1,1.537000,-22.074551,2.639968,1.016016,-12.024151,0
2023-07-17,sz.002855,10.8386764200,10.9509414300,10.7162055000,10.9203237000,10.7876468700,2908350,30904145.5000,1.181700,1,1.229900,-22.346045,2.672437,1.028512,-12.172036,0
2023-07-18,sz.002855,10.9203237000,11.2162950900,10.7978527800,10.9611473400,10.9203237000,3671300,39624153.0000,1.491700,1,0.373800,-22.429582,2.682427,1.032357,-12.217538,0
2023-07-19,sz.002855,10.9611473400,11.0836182600,10.7162055000,10.7366173200,10.9611473400,2224500,23622491.0000,0.903900,1,-2.048400,-21.970130,2.627480,1.011210,-11.967272,0
2023-07-20,sz.002855,10.9305296100,10.9713532500,10.4712636600,10.5324991200,10.7366173200,2631200,27408489.0000,1.069100,1,-1.901100,-21.552447,2.577528,0.991985,-11.739758,0
2023-07-21,sz.002855,10.6345582200,10.6345582200,10.3692045600,10.4304400200,10.5324991200,2076960,21292615.2000,0.843900,1,-0.969000,-21.343606,2.552552,0.982373,-11.626000,0
2023-07-24,sz.002855,10.4304400200,10.7366173200,10.3079691000,10.5120873000,10.4304400200,2365900,24488332.0000,0.961300,1,0.782800,-21.510679,2.572532,0.990063,-11.717006,0
2023-07-25,sz.002855,10.6141464000,10.7570291400,10.4916754800,10.7264114100,10.5120873000,2078248,21668958.0000,0.844400,1,2.038800,-21.949246,2.624982,1.010248,-11.955897,0
2023-07-26,sz.002855,10.7264114100,10.7468232300,10.3589986500,10.3998222900,10.7264114100,1832100,18759837.0000,0.744400,1,-3.044700,-21.280953,2.545059,0.979489,-11.591873,0
2023-07-27,sz.002855,10.3589986500,10.4712636600,10.1446745400,10.1854981800,10.3998222900,1969025,19828211.5000,0.800000,1,-2.060800,-20.842386,2.492609,0.959303,-11.352983,0
2023-07-28,sz.002855,10.2569395500,10.2875572800,10.0119977100,10.2569395500,10.1854981800,1834100,18319542.0000,0.745200,1,0.701400,-20.988575,2.510092,0.966032,-11.432613,0
2023-07-31,sz.002855,10.3794104700,10.4100282000,10.1854981800,10.2773513700,10.2569395500,1489600,15067426.0000,0.605200,1,0.199000,-21.030343,2.515087,0.967954,-11.455364,0
2023-08-01,sz.002855,10.2977631900,10.2977631900,10.0119977100,10.1548804500,10.2773513700,1850100,18304464.0000,0.751700,1,-1.191700,-20.779733,2.485116,0.956420,-11.318855,0
2023-08-02,sz.002855,10.1446745400,10.4508518400,10.0630272600,10.3487927400,10.1548804500,2411800,24367927.0000,0.980000,1,1.909500,-21.176532,2.532571,0.974683,-11.534994,0
2023-08-03,sz.002855,10.3079691000,10.5120873000,10.2875572800,10.3998222900,10.3487927400,2341256,23864731.4800,0.951300,1,0.493100,-21.280953,2.545059,0.979489,-11.591873,0
2023-08-04,sz.002855,10.4916754800,10.5324991200,10.3385868300,10.4610577500,10.3998222900,1825450,18645676.5000,0.741700,1,0.588800,-21.406258,2.560044,0.985257,-11.660128,0
2023-08-07,sz.002855,10.4712636600,10.7059995900,10.3181750100,10.6549700400,10.4610577500,2768800,28732937.0000,1.125000,1,1.853700,-21.803057,2.607499,1.003520,-11.876266,0
2023-08-08,sz.002855,10.5529109400,10.6345582200,10.2671454600,10.3385868300,10.6549700400,2541100,25890311.0000,1.032500,1,-2.969300,-21.155648,2.530073,0.973722,-11.523619,0
2023-08-09,sz.002855,10.3487927400,10.3998222900,10.1140568100,10.1344686300,10.3385868300,1719800,17197632.0000,0.698800,1,-1.974300,-20.737965,2.480121,0.954497,-11.296104,0
2023-08-10,sz.002855,10.1038509000,10.1650863600,10.0426154400,10.0936449900,10.1344686300,1393919,13774080.7200,0.566400,1,-0.402800,-20.654428,2.470131,0.950652,-11.250601,0
2023-08-11,sz.002855,10.1242627200,10.1854981800,9.8997327000,9.8997327000,10.0936449900,1650000,16193100.0000,0.670400,1,-1.921100,-20.257630,2.422676,0.932389,-11.034462,0
2023-08-14,sz.002855,9.8793208800,10.2875572800,9.8793208800,10.2875572800,9.8997327000,2323800,22986358.0000,0.944200,1,3.917500,-21.051227,2.517585,0.968916,-11.466740,0
2023-08-15,sz.002855,10.2875572800,10.3283809200,9.9915858900,10.0324095300,10.2875572800,1299600,12892531.0000,0.528000,1,-2.480200,-20.529124,2.455145,0.944885,-11.182347,0
2023-08-16,sz.002855,10.0222036200,10.0426154400,9.6956145000,9.6956145000,10.0324095300,2000000,19159673.0000,0.812600,1,-3.357100,-19.839946,2.372724,0.913165,-10.806947,0
2023-08-17,sz.002855,9.6956145000,9.9711740700,9.5323199400,9.9405563400,9.6956145000,2441000,23392704.0000,0.991800,1,2.526300,-20.341166,2.432667,0.936234,-11.079965,0
2023-08-18,sz.002855,9.9915858900,10.0936449900,9.8078795100,9.8282913300,9.9405563400,1733100,16884537.0000,0.704200,1,-1.129400,-20.111440,2.405193,0.925661,-10.954832,0
2023-08-21,sz.002855,9.8180854200,10.0119977100,9.7772617800,9.8589090600,9.8282913300,1470400,14238773.0000,0.597400,1,0.311500,-20.174093,2.412686,0.928544,-10.988959,0
2023-08-22,sz.002855,9.8589090600,9.9303504300,9.5833494900,9.7466440500,9.8589090600,1655100,15793965.0000,0.672500,1,-1.138700,-19.944367,2.385212,0.917971,-10.863826,0
2023-08-23,sz.002855,9.7058204100,9.8282913300,9.6139672200,9.6854085900,9.7466440500,2236300,21245677.0000,0.908600,1,-0.628300,-19.819062,2.370226,0.912203,-10.795572,0
2023-08-24,sz.002855,9.6343790400,9.7160263200,9.3996431100,9.4710844800,9.6854085900,2623444,24526536.1600,1.065900,1,-2.212900,-19.380495,2.317777,0.892018,-10.556681,0
2023-08-25,sz.002855,9.4608785700,9.4812903900,9.2057308200,9.2669662800,9.4710844800,2038600,18620863.0000,0.828300,1,-2.155200,-18.962812,2.267825,0.872793,-10.329167,0
2023-08-28,sz.002855,9.8895267900,9.8895267900,9.4200549300,9.4506726600,9.2669662800,1793089,16807420.2600,0.728600,1,1.982400,-19.338727,2.312782,0.890095,-10.533930,0
2023-08-29,sz.002855,9.5629376700,10.2263218200,9.4200549300,10.2059100000,9.4506726600,3155589,30893333.1600,1.282200,1,7.991400,-20.884154,2.497604,0.961226,-11.375734,0
2023-08-30,sz.002855,11.2265010000,11.2265010000,11.2265010000,11.2265010000,10.2059100000,2465208,27117288.0000,1.001600,1,10.000000,-20.054165,2.764914,1.198363,-20.926646,0
2023-08-31,sz.002855,12.3491511000,12.3491511000,12.3491511000,12.3491511000,11.2265010000,3601600,43579360.0000,1.463400,1,10.000000,-22.059582,3.041405,1.318199,-23.019310,0
2023-09-01,sz.002855,13.2574770900,13.5840662100,13.2064475400,13.5840662100,12.3491511000,16621612,218722913.9000,6.753600,1,10.000000,-24.265540,3.345545,1.450019,-25.321241,0
2023-09-04,sz.002855,14.9414522400,14.9414522400,14.2882740000,14.9414522400,13.5840662100,16694576,243655923.6400,6.783200,1,9.992500,-26.690271,3.679849,1.594912,-27.851463,0
2023-09-05,sz.002855,16.4315151000,16.4315151000,16.4315151000,16.4315151000,14.9414522400,2777267,44713998.7000,1.128400,1,9.972700,-29.352005,4.046828,1.753967,-30.629000,0
2023-09-06,sz.002855,17.5541652000,18.0746666100,17.4214883700,18.0746666100,16.4315151000,13713604,238883918.7200,5.572000,1,10.000000,-32.287206,4.451511,1.929364,-33.691900,0
2023-09-07,sz.002855,19.8811126800,19.8811126800,19.4116408200,19.4932881000,18.0746666100,35661813,692994608.4400,14.489800,1,7.848700,-34.821323,4.800895,2.080793,-36.336267,0
2023-09-08,sz.002855,19.8300831300,21.4426169100,19.0850517000,21.4426169100,19.4932881000,39373185,784724161.4400,15.997800,1,10.000000,-38.303455,5.280985,2.288872,-39.969893,0
2023-09-11,sz.002855,22.9632975000,23.5858580100,19.9015245000,23.5858580100,21.4426169100,54270864,1202440940.8600,22.050900,1,9.995200,-42.131978,5.808832,2.517651,-43.964980,0
2023-09-12,sz.002855,23.4633870900,23.5858580100,21.5854996500,22.5142374600,23.5858580100,47441755,1048287590.2400,19.276100,1,-4.543500,-40.217717,5.544909,2.403262,-41.967437,0
2023-09-13,sz.002855,22.2488838000,24.7697435700,21.8406474000,24.7697435700,22.5142374600,48837726,1137108334.7800,19.843300,1,10.018100,-44.246781,6.100405,2.644024,-46.171790,0
2023-09-14,sz.002855,25.0044795000,27.2497797000,24.8207731200,27.2497797000,24.7697435700,51855519,1348306829.0800,21.069500,1,10.012400,-48.676928,6.711199,2.908753,-50.794677,0
2023-09-15,sz.002855,26.8415433000,27.4334860800,25.5147750000,26.4435128100,27.2497797000,47552849,1230977246.8700,19.321300,1,-2.958800,-47.236674,6.512628,2.822688,-49.291763,0
2023-09-18,sz.002855,26.4435128100,27.3314269800,25.7801286600,26.6680428300,26.4435128100,42233322,1105824626.5200,17.159900,1,0.849100,-47.637758,6.567927,2.846656,-49.710296,0
2023-09-19,sz.002855,25.5964222800,29.2399321500,25.1065386000,27.5559570000,26.6680428300,51412605,1356325896.4400,20.889500,1,3.329500,-49.223860,6.786606,2.941435,-51.365403,0
2023-09-20,sz.002855,27.0456615000,30.3115527000,26.0352764100,30.3115527000,27.5559570000,49108981,1371823683.3600,19.953500,1,10.000000,-54.146246,7.465267,3.235579,-56.501944,0
2023-09-21,sz.002855,30.6177300000,33.3427079700,29.6991981000,33.3427079700,30.3115527000,36326641,1143279830.7900,14.759900,1,10.000000,-59.560870,8.211793,3.559137,-62.152138,0
2023-09-22,sz.002855,34.6796821800,36.6800405400,33.6795030000,36.6800405400,33.3427079700,41874939,1462938071.6600,17.014300,1,10.009200,-65.522427,9.033727,3.915377,-68.373059,0
2023-09-25,sz.002855,38.7212225400,40.3439622300,37.7618670000,40.3439622300,36.6800405400,25753083,1000247060.9500,10.463800,1,9.988900,-72.067377,9.936094,4.306479,-75.202755,0
2023-09-26,sz.002855,42.3545265000,44.3752966800,41.2114645800,44.3752966800,40.3439622300,22720373,970292794.8000,9.231500,1,9.992400,-79.268645,10.928949,4.736800,-82.717324,0
2023-09-27,sz.002855,46.9369800900,48.8148675300,46.4368905000,48.8148675300,44.3752966800,14308970,676878387.6500,5.813900,1,10.004600,-87.199156,12.022347,5.210698,-90.992861,0
2023-09-28,sz.002855,52.0501410000,53.4381447600,43.9364425500,49.2231039300,48.8148675300,52280922,2473594260.1000,21.242300,1,0.836300,-87.928398,12.122889,5.254275,-91.753830,0
2023-10-09,sz.002855,48.2739543000,52.0093173600,47.3043928500,49.4170162200,49.2231039300,45424755,2203443365.5800,18.456600,1,0.393900,-88.274788,12.170647,5.274974,-92.115290,0
2023-10-10,sz.002855,46.9471860000,48.3760134000,44.4773557800,44.4875616900,49.4170162200,42136211,1900315042.8000,17.120400,1,-9.975200,-79.469187,10.956599,4.748784,-82.926590,0
2023-10-11,sz.002855,44.5079735100,45.7735063500,43.7425302600,45.6510354300,44.4875616900,34390119,1516260953.2100,13.973100,1,2.615300,-81.547528,11.243144,4.872978,-85.095351,0
2023-10-12,sz.002855,45.1101222000,48.6821907000,44.5487971500,47.4064519500,45.6510354300,38994294,1770141804.3100,15.843800,1,3.845300,-84.683270,11.675476,5.060358,-88.367518,0
2023-10-13,sz.002855,46.4368905000,48.9679561800,45.9572127300,47.2941869400,47.4064519500,35485879,1659522834.4800,14.418300,1,-0.236800,-84.482728,11.647827,5.048375,-88.158251,0
2023-10-16,sz.002855,45.8551536300,46.4368905000,42.5994683400,42.8648220000,47.2941869400,34404225,1497567216.6100,13.978800,1,-9.365600,-76.570448,10.556943,4.575566,-79.901738,0
2023-10-17,sz.002855,42.7423510800,44.7835330800,42.6811156200,44.5998267000,42.8648220000,26588920,1145061031.9200,10.803400,1,4.047600,-79.669729,10.984248,4.760768,-83.135856,0
2023-10-18,sz.002855,43.8854130000,48.6005434200,43.2628524900,47.5901583300,44.5998267000,38089226,1724698106.5500,15.476100,1,6.704800,-85.011429,11.720720,5.079968,-88.709954,0
2023-10-19,sz.002855,46.3348314000,49.8864880800,44.4977676000,46.9573919100,47.5901583300,42094191,1944969020.2700,17.103400,1,-1.329600,-83.881103,11.564880,5.012424,-87.530452,0
2023-10-20,sz.002855,45.7224768000,47.9677770000,42.2626733100,42.3953501400,46.9573919100,35500458,1531215778.0800,14.424200,1,-9.715300,-75.731820,10.441319,4.525453,-79.026624,0
2023-10-23,sz.002855,40.5174627000,41.7217600800,38.7824580000,38.8845171000,42.3953501400,33692297,1324460870.9200,13.689600,1,-8.281200,-69.460335,9.576655,4.150692,-72.482291,0
2023-10-24,sz.002855,39.4968717000,42.7729688100,38.5783398000,42.7729688100,38.8845171000,39077232,1556709301.1000,15.877500,1,10.000000,-76.406369,10.534321,4.565761,-79.730520,0
2023-10-25,sz.002855,42.8035865400,47.0492451000,39.8030490000,47.0492451000,42.7729688100,38884226,1657186619.4000,15.799100,1,9.997600,-84.045183,11.587502,5.022228,-87.701670,0
2023-10-26,sz.002855,47.8044824400,51.7541696100,42.3443205900,42.4361737800,47.0492451000,63551283,3019754683.3400,25.821600,1,-9.804800,-75.804744,10.451373,4.529810,-79.102721,0
2023-10-27,sz.002855,38.1905152200,38.1905152200,38.1905152200,38.1905152200,42.4361737800,4518700,169089754.0000,1.836000,1,-10.004800,-68.220623,9.405733,4.076611,-71.188644,0
2023-10-30,sz.002855,34.3735048800,39.7928430900,34.3735048800,36.7923055500,38.1905152200,46795248,1649252086.7800,19.013400,1,-3.661100,-56.220447,9.141534,4.477632,-94.221393,0
2023-10-31,sz.002855,34.7409176400,35.4247136100,33.5876498100,33.6795030000,36.7923055500,35860678,1209967353.3600,14.570600,1,-8.460500,-51.463932,8.368117,4.098803,-86.249819,0
2023-11-01,sz.002855,33.1896193200,33.8632093800,31.8628510200,32.6282942700,33.6795030000,26924942,862425846.5800,10.939900,1,-3.121200,-49.857633,8.106931,3.970871,-83.557779,0
2023-11-02,sz.002855,32.8936479300,32.9140597500,30.9851427600,31.4035850700,32.6282942700,22648963,704813414.5500,9.202500,1,-3.753500,-47.986218,7.802636,3.821824,-80.421422,0
2023-11-03,sz.002855,31.2709082400,31.7505860100,31.0361723100,31.5770855400,31.4035850700,16308771,503258471.1200,6.626400,1,0.552500,-48.251335,7.845744,3.842939,-80.865739,0
2023-11-06,sz.002855,31.9138805700,32.9344715700,31.6485269100,32.6997356400,31.5770855400,22795796,721942137.1600,9.262200,1,3.555300,-49.966799,8.124681,3.979566,-83.740733,0
2023-11-07,sz.002855,32.3527347000,34.1387689500,32.2506756000,33.7305325500,32.6997356400,28194702,920621176.3300,11.455800,1,3.152300,-51.541908,8.380796,4.105014,-86.380501,0
2023-11-08,sz.002855,33.1998252300,37.1086887600,32.7711770100,37.1086887600,33.7305325500,39482483,1362644505.2000,16.042200,1,10.015100,-56.703896,9.220144,4.516136,-95.031619,0
2023-11-09,sz.002855,39.8030490000,40.8236400000,39.3437830500,40.8236400000,37.1086887600,15344262,604116219.0000,6.234500,1,10.011000,-62.380524,10.143173,4.968247,-104.545235,0
2023-11-10,sz.002855,42.4565856000,42.4565856000,36.7412760000,36.7412760000,40.8236400000,42957306,1611392242.5400,17.454000,1,-10.000000,-56.142471,9.128855,4.471422,-94.090712,0
2023-11-13,sz.002855,33.4753848000,34.7205058200,33.0671484000,33.1590015900,36.7412760000,37592298,1235214015.3200,15.274200,1,-9.750000,-50.668580,8.238792,4.035458,-84.916867,0
2023-11-14,sz.002855,32.6589120000,33.7203266400,32.5568529000,33.4549729800,33.1590015900,21854464,712732086.9700,8.879700,1,0.892600,-51.120839,8.312330,4.071478,-85.674820,0
2023-11-15,sz.002855,33.2304429600,34.1897985000,32.1588224100,33.5876498100,33.4549729800,24117351,786077641.4000,9.799200,1,0.396600,-51.323576,8.345295,4.087625,-86.014592,0
2023-11-16,sz.002855,33.4243552500,33.6284734500,32.6691179100,33.0671484000,33.5876498100,15209900,493841127.0000,6.180000,1,-1.549700,-50.528224,8.215970,4.024280,-84.681640,0
2023-11-17,sz.002855,33.0161188500,33.6999148200,32.3527347000,33.4753848000,33.0671484000,20824447,675684787.3100,8.461200,1,1.234600,-51.152029,8.317402,4.073962,-85.727093,0
2023-11-20,sz.002855,33.4549729800,36.0166563900,33.0671484000,35.0981244900,33.4753848000,30986005,1056561593.2100,12.590000,1,4.847600,-53.631655,8.720593,4.271450,-89.882766,0
2023-11-21,sz.002855,34.7102999100,38.3027802300,33.9652684800,36.5677755300,35.0981244900,39486440,1402887708.2500,16.043800,1,4.187300,-55.877354,9.085747,4.450307,-93.646394,0
2023-11-22,sz.002855,35.7206850000,40.2214913100,34.6286526300,40.2214913100,36.5677755300,37943786,1438854338.9400,15.417000,1,9.991600,-61.460411,9.993561,4.894965,-103.003193,0
2023-11-23,sz.002855,42.8546160900,44.2426198500,38.5885457100,38.7212225400,40.2214913100,65283835,2746621774.9000,26.525600,1,-3.730000,-59.167927,9.620799,4.712382,-99.161156,0
2023-11-24,sz.002855,34.8531826500,35.5165668000,34.8531826500,34.8531826500,38.7212225400,9933800,339436704.0000,4.036200,1,-9.989500,-53.257372,8.659734,4.241641,-89.255494,0
2023-11-27,sz.002855,31.3729673400,31.3729673400,31.3729673400,31.3729673400,34.8531826500,9236200,283920788.0000,3.752800,1,-9.985400,-47.939432,7.795028,3.818098,-80.343013,0
2023-11-28,sz.002855,29.7298158300,34.5061817100,29.7298158300,34.5061817100,31.3729673400,47373638,1543162482.4200,19.248500,1,9.987000,-52.727137,8.573517,4.199410,-88.366860,0
2023-11-29,sz.002855,32.7609711000,33.1692075000,31.3933791600,32.1384105900,34.5061817100,34035242,1070897492.3900,13.828900,1,-6.861900,-49.109067,7.985213,3.911252,-82.303236,0
2023-11-30,sz.002855,31.7403801000,32.3425287900,31.0157604900,31.9751160300,32.1384105900,19554044,607136758.4000,7.945000,1,-0.508100,-48.859545,7.944640,3.891379,-81.885055,0
2023-12-01,sz.002855,31.7403801000,33.0263247600,31.5362619000,32.4547938000,31.9751160300,22638179,714148472.2500,9.198200,1,1.500200,-49.592516,8.063822,3.949756,-83.113462,0
2023-12-04,sz.002855,31.9240864800,33.9856803000,31.8424392000,33.6795030000,32.4547938000,24496480,797674354.5300,9.953200,1,3.773600,-51.463932,8.368117,4.098803,-86.249819,0
2023-12-05,sz.002855,33.9958862100,35.7206850000,32.9752952100,34.7205058200,33.6795030000,33024931,1115618805.8400,13.418400,1,3.090900,-53.054635,8.626768,4.225494,-88.915722,0
2023-12-06,sz.002855,33.6897089100,34.5776230800,32.0465574000,32.4649997100,34.7205058200,30886231,1010602234.4300,12.549400,1,-6.496200,-49.608111,8.066358,3.950998,-83.139598,0
2023-12-07,sz.002855,31.1688491400,34.0162980300,30.7197891000,32.0159396700,32.4649997100,21928392,694543089.2400,8.909800,1,-1.383200,-48.921926,7.954783,3.896347,-81.989601,0
2023-12-08,sz.002855,31.5464678100,32.0567633100,30.8218482000,30.9341132100,32.0159396700,16944992,517989619.6000,6.884900,1,-3.379000,-47.268842,7.685989,3.764689,-79.219152,0
2023-12-11,sz.002855,31.2300846000,32.4037642500,31.0259664000,32.0465574000,30.9341132100,17010808,529631443.5900,6.911700,1,3.596200,-48.968711,7.962391,3.900074,-82.068010,0
2023-12-12,sz.002855,32.0363514900,32.4547938000,31.4546146200,32.4547938000,32.0465574000,18186478,570914753.9200,7.389400,1,1.273900,-49.592516,8.063822,3.949756,-83.113462,0
2023-12-13,sz.002855,32.1588224100,32.4547938000,31.2300846000,31.3831732500,32.4547938000,15782300,489213198.0000,6.412500,1,-3.301900,-47.955027,7.797564,3.819340,-80.369150,0
2023-12-14,sz.002855,31.1382314100,31.6281150900,29.7400217400,30.2094936000,31.3831732500,16174500,482072844.0000,6.571900,1,-3.739800,-46.161587,7.505948,3.676503,-77.363474,0
2023-12-15,sz.002855,30.1584640500,31.9240864800,29.2399321500,31.2607023300,30.2094936000,17866397,534841853.1100,7.259300,1,3.479700,-47.767886,7.767134,3.804435,-80.055514,0
2023-12-18,sz.002855,31.1178195900,34.3837107900,30.8014363800,34.3837107900,31.2607023300,28074500,930871487.0000,11.407000,1,9.990200,-52.539996,8.543087,4.184506,-88.053224,0
2023-12-19,sz.002855,34.9654476600,35.3838899700,30.9443191200,31.6689387300,34.3837107900,38731978,1244429208.9900,15.737200,1,-7.895500,-48.391691,7.868566,3.854117,-81.100966,0
2023-12-20,sz.002855,30.9034954800,33.9652684800,30.4952590800,32.8222065600,31.6689387300,33458400,1067151515.0100,13.594500,1,3.641600,-50.153941,8.155111,3.994470,-84.054369,0
2023-12-21,sz.002855,32.3629406100,36.1085095800,32.0771751300,36.1085095800,32.8222065600,47358252,1591653587.7200,19.242200,1,10.012400,-55.175573,8.971636,4.394414,-92.470260,0
2023-12-22,sz.002855,37.2311596800,39.7214017200,37.1495124000,39.7214017200,36.1085095800,59169740,2269304250.4800,24.041300,1,10.005700,-60.696249,9.869307,4.834104,-101.722514,0
2023-12-25,sz.002855,40.3847858700,43.6915007100,35.7513027300,43.6915007100,39.7214017200,57059670,2206550267.7500,23.184000,1,9.994900,-66.762755,10.855731,5.317266,-111.889538,0
2023-12-26,sz.002855,44.5998267000,48.0596301900,41.8442310000,48.0596301900,43.6915007100,56626014,2522575113.1700,23.007800,1,9.997700,-73.437471,11.941050,5.848868,-123.075878,0
2023-12-27,sz.002855,45.9265950000,47.5493346900,43.2526465800,43.2526465800,48.0596301900,44609105,1958540916.1400,18.125200,1,-10.002100,-66.092165,10.746691,5.263857,-110.765677,0
2023-12-28,sz.002855,39.3948126000,44.6406503400,39.3437830500,39.8642844600,43.2526465800,45348305,1829621782.4300,18.425500,1,-7.833900,-60.914581,9.904808,4.851493,-102.088422,0
2023-12-29,sz.002855,38.7824580000,40.1398440300,38.1701034000,38.3844275100,39.8642844600,34062155,1298776609.1000,13.839800,1,-3.712200,-58.653287,9.537118,4.671394,-98.298657,0
2024-01-02,sz.002855,38.2925743200,38.6599870800,36.7718937300,37.2515715000,38.3844275100,23785212,872380302.6600,9.664200,1,-2.951300,-56.922228,9.255645,4.533525,-95.397527,0
2024-01-03,sz.002855,37.2515715000,39.3437830500,35.6594495400,38.5273102500,37.2515715000,37291226,1373006640.2400,15.151900,1,3.424700,-58.871619,9.572619,4.688783,-98.664566,0
2024-01-04,sz.002855,37.5577488000,41.4972300600,37.4148660600,40.0377849300,38.5273102500,41323821,1619364521.5800,16.790300,1,3.920500,-61.179698,9.947917,4.872608,-102.532739,0
2024-01-05,sz.002855,39.4560480600,39.5989308000,36.7106582700,36.7616878200,40.0377849300,27621687,1024427189.0000,11.223000,1,-8.182500,-56.173661,9.133927,4.473906,-94.142984,0
2024-01-08,sz.002855,36.1799509500,37.7414551800,34.3020635100,36.7004523600,36.7616878200,19974584,717170207.8600,8.115900,1,-0.166600,-56.080091,9.118712,4.466454,-93.986166,0
2024-01-09,sz.002855,36.6494228100,36.8127173700,33.7917680100,34.3837107900,36.7004523600,26394159,906000524.6000,10.724200,1,-6.312600,-52.539996,8.543087,4.184506,-88.053224,0
2024-01-10,sz.002855,33.7815621000,34.0162980300,32.4956174400,32.5364410800,34.3837107900,19568458,631865640.6800,7.950900,1,-5.372500,-49.717277,8.084109,3.959693,-83.322552,0
2024-01-11,sz.002855,32.3017051500,34.9654476600,32.2710874200,34.5572112600,32.5364410800,23655731,791545231.8400,9.611600,1,6.210800,-52.805113,8.586196,4.205621,-88.497542,0
2024-01-12,sz.002855,34.5470053500,34.8225649200,33.1692075000,33.2202370500,34.5572112600,16835115,556567059.2500,6.840300,1,-3.868900,-50.762151,8.254007,4.042911,-85.073685,0
2024-01-15,sz.002855,33.5468261700,34.4449462500,33.4243552500,33.8938271100,33.2202370500,14986695,498514296.1900,6.089300,1,2.027600,-51.791430,8.421369,4.124887,-86.798681,0
2024-01-16,sz.002855,34.1693866800,34.2816516900,32.5874706300,33.0773543100,33.8938271100,13551987,438994862.4800,5.506300,1,-2.408900,-50.543819,8.218506,4.025522,-84.707777,0
2024-01-17,sz.002855,32.5364410800,33.6795030000,32.0567633100,32.1690283200,33.0773543100,15409419,495055348.0800,6.261000,1,-2.746100,-49.155853,7.992820,3.914978,-82.381645,0
2024-01-18,sz.002855,31.0974077700,32.8630302000,30.7606127400,32.6997356400,32.1690283200,14551700,455039398.0000,5.912500,1,1.649700,-49.966799,8.124681,3.979566,-83.740733,0
2024-01-19,sz.002855,32.6997356400,32.7099415500,31.0463782200,31.1484373200,32.6997356400,12791100,395287658.0000,5.197200,1,-4.744100,-47.596339,7.739241,3.790772,-79.768014,0
2024-01-22,sz.002855,31.1484373200,33.3325020600,30.4952590800,31.9955278500,31.1484373200,19753000,616251310.0000,8.025900,1,2.719500,-48.890735,7.949712,3.893863,-81.937328,0
2024-01-23,sz.002855,30.9239073000,31.4342028000,30.1278463200,31.1076136800,31.9955278500,13202159,398813429.9600,5.364200,1,-2.775100,-47.533959,7.729098,3.785804,-79.663469,0
2024-01-24,sz.002855,30.8728777500,31.3933791600,29.6073449100,30.5054649900,31.1076136800,12176646,364649249.0600,4.947500,1,-1.935700,-46.613846,7.579486,3.712522,-78.121427,0
2024-01-25,sz.002855,30.2707290600,31.5668796300,29.4440503500,31.0974077700,30.5054649900,16099901,481202351.5200,6.541600,1,1.940400,-47.518364,7.726562,3.784562,-79.637333,0
2024-01-26,sz.002855,30.8014363800,32.6078824500,30.6891713700,31.7199682800,31.0974077700,20347302,637193472.0800,8.267300,1,2.002000,-48.469667,7.881245,3.860328,-81.231648,0
2024-01-29,sz.002855,31.2504964200,31.5668796300,28.6581952800,28.6888130100,31.7199682800,17321399,503292751.6300,7.037900,1,-9.556000,-43.837913,7.128115,3.491435,-73.469164,0
2024-01-30,sz.002855,28.0662525000,28.2193411500,26.3108359800,26.4026891700,28.6888130100,14191550,375324823.0000,5.766200,1,-7.968700,-40.344604,6.560097,3.213214,-67.614631,0
2024-01-31,sz.002855,26.4026891700,27.0354555900,25.0861267800,25.1575681500,26.4026891700,13163184,334281891.0800,5.348400,1,-4.715900,-38.441998,6.250730,3.061682,-64.426001,0
2024-02-01,sz.002855,25.1065386000,26.0250705000,24.7289199300,25.4229218100,25.1575681500,10298946,256741123.9900,4.184600,1,1.054800,-38.847471,6.316661,3.093976,-65.105545,0
2024-02-02,sz.002855,25.5453927300,25.9230114000,23.4735930000,24.4941840000,25.4229218100,11770500,284938657.0000,4.782500,1,-3.653200,-37.428314,6.085904,2.980948,-62.727141,0
2024-02-05,sz.002855,24.0961535100,24.4941840000,22.0447656000,22.1876483400,24.4941840000,11607400,258893709.4200,4.716200,1,-9.416700,-33.903815,5.512814,2.700242,-56.820335,0
2024-02-06,sz.002855,21.4426169100,23.2898866200,20.4934672800,22.4019724500,22.1876483400,13227369,282194253.0500,5.374400,1,0.966000,-34.231312,5.566066,2.726325,-57.369198,0
2024-02-07,sz.002855,22.4427960900,23.1470038800,21.3303519000,21.5957055600,22.4019724500,14031400,305769399.0000,5.701100,1,-3.599100,-32.999297,5.365738,2.628202,-55.304429,0
2024-02-08,sz.002855,21.4324110000,22.0243537800,19.4320526400,21.8202355800,21.5957055600,15818249,323001434.1200,6.427100,1,1.039700,-33.342390,5.421526,2.655528,-55.879428,0
2024-02-19,sz.002855,21.8304414900,24.0043003200,21.8304414900,24.0043003200,21.8202355800,18186163,415998082.6100,7.389200,1,10.009400,-36.679748,5.964186,2.921329,-61.472598,0
2024-02-20,sz.002855,24.1063594200,25.3616863500,23.3205043500,25.0044795000,24.0043003200,18012369,435851484.1900,7.318600,1,4.166700,-38.208071,6.212693,3.043051,-64.033957,0
2024-02-21,sz.002855,25.0248913200,27.4538979000,25.0044795000,26.3108359800,25.0044795000,24804675,647215597.2500,10.078400,1,5.224500,-40.204247,6.537275,3.202035,-67.379404,0
2024-02-22,sz.002855,25.2698331600,28.8929312100,25.1575681500,28.8623134800,26.3108359800,28717500,759841675.8300,11.668200,1,9.697400,-44.103030,7.171223,3.512550,-73.913481,0
2024-02-23,sz.002855,28.6786071000,30.3931999800,27.7090456500,29.1276671400,28.8623134800,29354547,830213774.3000,11.927100,1,0.919400,-44.508504,7.237154,3.544844,-74.593025,0
2024-02-26,sz.002855,28.9847844000,31.1688491400,28.0050170400,30.1890817800,29.1276671400,28662613,828343084.8200,11.645900,1,3.644000,-46.130397,7.500876,3.674018,-77.311201,0
2024-02-27,sz.002855,31.2402905100,32.4547938000,30.5871122700,32.1894401400,30.1890817800,28712280,888877620.5800,11.666100,1,6.626100,-49.187043,7.997892,3.917462,-82.433918,0
2024-02-28,sz.002855,31.4239968900,31.9444983000,28.9745784900,28.9745784900,32.1894401400,25939494,778066288.2000,10.539500,1,-9.987300,-44.274577,7.199117,3.526213,-74.200981,0
2024-02-29,sz.002855,27.5661629100,31.4342028000,27.1579265100,30.9034954800,28.9745784900,24612679,717114276.0800,10.000400,1,6.657300,-47.222056,7.678382,3.760963,-79.140743,0
2024-03-01,sz.002855,30.9137013900,31.6893505500,30.3421704300,31.0872018600,30.9034954800,22496718,688696408.0400,9.140700,1,0.594500,-47.502769,7.724026,3.783320,-79.611197,0
2024-03-04,sz.002855,31.5056441700,32.9957070300,30.5156709000,32.5874706300,31.0872018600,25836979,806143928.7100,10.497900,1,4.826000,-49.795253,8.096788,3.965903,-83.453234,0
2024-03-05,sz.002855,33.4753848000,35.7206850000,33.1692075000,34.5980349000,32.5874706300,36473522,1221538621.5600,14.819600,1,6.169700,-52.867494,8.596339,4.210589,-88.602087,0
2024-03-06,sz.002855,33.1692075000,34.2408280500,32.6589120000,33.4855907100,34.5980349000,21268026,695722151.7600,8.641400,1,-3.215300,-51.167624,8.319937,4.075204,-85.753229,0
2024-03-07,sz.002855,32.9650893000,33.4141493400,30.7606127400,30.7912304700,33.4855907100,20558876,644523323.1000,8.353300,1,-8.046300,-47.050510,7.650488,3.747300,-78.853244,0
2024-03-08,sz.002855,30.7299950100,32.4037642500,30.7197891000,32.1486165000,30.7912304700,18770109,582992162.5900,7.626500,1,4.408400,-49.124662,7.987748,3.912494,-82.329373,0
2024-03-11,sz.002855,32.1384105900,32.5568529000,31.5158500800,32.4241760700,32.1486165000,14414948,455326477.5400,5.857000,1,0.857100,-49.545731,8.056215,3.946030,-83.035053,0
2024-03-12,sz.002855,32.8324124700,33.3631197900,32.4241760700,32.7099415500,32.4241760700,16317598,524787740.9200,6.630000,1,0.881300,-49.982394,8.127217,3.980808,-83.766870,0
2024-03-13,sz.002855,32.7099415500,33.1692075000,32.1486165000,32.6589120000,32.7099415500,13946894,446245360.8200,5.666800,1,-0.156000,-49.904419,8.114538,3.974597,-83.636188,0
2024-03-14,sz.002855,32.4037642500,32.4037642500,31.1688491400,31.8526451100,32.6589120000,11833522,369120185.5800,4.808100,1,-2.468800,-48.672403,7.914210,3.876474,-81.571420,0
2024-03-15,sz.002855,31.6383210000,33.2406488700,31.3627614300,32.8222065600,31.8526451100,14918600,473584820.0000,6.061600,1,3.043900,-50.153941,8.155111,3.994470,-84.054369,0
2024-03-18,sz.002855,33.1692075000,34.1897985000,32.4547938000,34.0060921200,32.8222065600,24972600,821537087.5000,10.146700,1,3.607000,-51.962976,8.449263,4.138549,-87.086181,0
2024-03-19,sz.002855,33.7815621000,33.9040330200,33.0875602200,33.3018843300,34.0060921200,15320500,503677775.5000,6.224900,1,-2.070800,-50.886912,8.274293,4.052847,-85.282776,0
2024-03-20,sz.002855,33.0977661300,33.8121798300,32.8426183800,33.5060025300,33.3018843300,15269800,499122566.0000,6.204300,1,0.612900,-51.198815,8.325009,4.077688,-85.805502,0
2024-03-21,sz.002855,33.2814725100,33.3325020600,32.5976765400,32.6078824500,33.5060025300,10791600,347737415.0000,4.384800,1,-2.680500,-49.826443,8.101859,3.968387,-83.505507,0
2024-03-22,sz.002855,32.3425287900,32.5466469900,31.4239968900,31.4546146200,32.6078824500,10922165,340716840.1500,4.437800,1,-3.536800,-48.064193,7.815315,3.828034,-80.552104,0
2024-03-25,sz.002855,31.4546146200,31.9751160300,30.1074345000,30.1992876900,31.4546146200,9641000,294615146.0800,3.917200,1,-3.990900,-46.145992,7.503412,3.675260,-77.337338,0
2024-03-26,sz.002855,30.0564049500,30.7197891000,29.7910512900,30.1992876900,30.1992876900,8273200,245325652.0000,3.361500,1,0.000000,-46.145992,7.503412,3.675260,-77.337338,0
2024-03-27,sz.002855,30.1584640500,30.1584640500,27.9539874900,27.9539874900,30.1992876900,10598460,297607134.3600,4.306300,1,-7.434900,-42.715063,6.945537,3.402007,-71.587350,0
2024-03-28,sz.002855,27.9539874900,29.5256976300,27.8111047500,28.9847844000,27.9539874900,9317450,263398449.0000,3.785800,1,3.687500,-44.290172,7.201653,3.527455,-74.227117,0
2024-03-29,sz.002855,28.9031371200,29.4440503500,28.3724298000,29.3726089800,28.9847844000,6795926,192706991.8600,2.761300,1,1.338000,-44.882787,7.298013,3.574653,-75.220297,0
2024-04-01,sz.002855,29.3726089800,30.7095831900,29.3726089800,30.0870226800,29.3726089800,8881130,261088329.3000,3.608500,1,2.432200,-45.974446,7.475518,3.661598,-77.049838,0
2024-04-02,sz.002855,29.8829044800,29.8931103900,28.8214898400,29.1480789600,30.0870226800,7329749,210520978.5400,2.978200,1,-3.120800,-44.539694,7.242225,3.547328,-74.645298,0
2024-04-03,sz.002855,29.5256976300,29.5869330900,28.0968702300,28.3826357100,29.1480789600,5471733,152850996.6600,2.223200,1,-2.626100,-43.370059,7.052041,3.454173,-72.685075,0
2024-04-08,sz.002855,28.3826357100,28.6275775500,27.5763688200,27.6273983700,28.3826357100,5193519,143028751.0700,2.110200,1,-2.660900,-42.216019,6.864392,3.362261,-70.750988,0
2024-04-09,sz.002855,27.6273983700,27.8519283900,27.1477206000,27.8519283900,27.6273983700,5701000,153415974.0000,2.316400,1,0.812700,-42.559112,6.920180,3.389586,-71.325987,0
2024-04-10,sz.002855,28.5765480000,28.5765480000,26.5761896400,26.8925728500,27.8519283900,6314000,168444184.0000,2.565500,1,-3.444500,-41.093170,6.681815,3.272832,-68.869174,0
2024-04-11,sz.002855,26.9027787600,27.1375146900,26.5353660000,26.5659837300,26.8925728500,4896000,128721007.1600,1.989300,1,-1.214400,-40.594126,6.600670,3.233087,-68.032812,0
2024-04-12,sz.002855,26.5966014600,27.0048378600,26.4639246300,26.5149541800,26.5659837300,5392300,141214040.0000,2.191000,1,-0.192100,-40.516150,6.587991,3.226876,-67.902130,0
2024-04-15,sz.002855,26.5149541800,26.6068073700,24.3002717100,25.5249809100,26.5149541800,8092300,202148832.0000,3.288000,1,-3.733600,-39.003422,6.342019,3.106396,-65.366908,0
2024-04-16,sz.002855,24.7901553900,25.3004508900,22.9735034100,22.9735034100,25.5249809100,9523700,218213412.0000,3.869600,1,-9.996000,-35.104640,5.708070,2.795881,-58.832831,0
2024-04-17,sz.002855,22.4019724500,24.6370667400,22.4019724500,24.5962431000,22.9735034100,8586200,203616659.0000,3.488700,1,7.063500,-37.584265,6.111262,2.993369,-62.988504,0
2024-04-18,sz.002855,24.5860371900,25.4127159000,24.1369771500,24.8411849400,24.5962431000,8294800,202181660.0000,3.370300,1,0.995900,-37.958549,6.172121,3.023178,-63.615776,0
2024-04-19,sz.002855,24.5962431000,24.7493317500,23.9532707700,24.0553298700,24.8411849400,5980200,142082590.0000,2.429800,1,-3.163500,-36.757723,5.976864,2.927539,-61.603280,0
2024-04-22,sz.002855,24.0451239600,24.0451239600,22.8816502200,23.3919457200,24.0553298700,4707800,108258473.0000,1.912800,1,-2.757700,-35.744040,5.812038,2.846805,-59.904420,0
2024-04-23,sz.002855,23.7185348400,23.9328589500,23.3817398100,23.7083289300,23.3919457200,3988900,92652050.0000,1.620700,1,1.352500,-36.227489,5.890648,2.885309,-60.714645,0
2024-04-24,sz.002855,23.6572993800,24.3615071700,23.5756521000,24.2594480700,23.7083289300,4132864,97550240.0000,1.679200,1,2.324600,-37.069626,6.027580,2.952381,-62.126006,0
2024-04-25,sz.002855,24.0655357800,24.6574785600,23.9838885000,24.2288303400,24.2594480700,4279100,102324882.0000,1.738600,1,-0.126200,-37.022841,6.019973,2.948654,-62.047597,0
2024-04-26,sz.002855,24.1880067000,24.9432440400,24.0961535100,24.7289199300,24.2288303400,5507000,133384595.0000,2.237600,1,2.064000,-37.787002,6.144227,3.009515,-63.328276,0
2024-04-29,sz.002855,24.3717130800,25.2392154300,24.3410953500,25.0044795000,24.7289199300,6093000,148997633.7600,2.474500,1,1.114300,-43.485129,7.069163,3.839682,-231.351542,0
2024-04-30,sz.002855,25.1065386000,25.2902449800,24.1778007900,24.6778903800,25.0044795000,6106900,147841329.0000,2.480200,1,-1.306100,-42.917160,6.976831,3.789531,-228.329807,0
2024-05-06,sz.002855,24.9534499500,25.3923040800,24.9534499500,25.2188036100,24.6778903800,4887512,120858728.1200,1.985000,1,2.191900,-43.857859,7.129756,3.872594,-233.334555,0
2024-05-07,sz.002855,25.3106568000,25.4331277200,24.9024204000,25.1371563300,25.2188036100,3893000,95910725.0000,1.581100,1,-0.323800,-43.715867,7.106673,3.860056,-232.579121,0
2024-05-08,sz.002855,25.1983917900,25.1983917900,24.4635662700,24.5248017300,25.1371563300,3546401,85859184.2100,1.440300,1,-2.436100,-42.650925,6.933551,3.766023,-226.913369,0
2024-05-09,sz.002855,24.5248017300,24.8615967600,24.5248017300,24.5758312800,24.5248017300,3235550,78159276.5000,1.314100,1,0.208100,-42.739670,6.947977,3.773859,-227.385515,0
2024-05-10,sz.002855,24.5758312800,24.6574785600,23.7491525700,23.7797703000,24.5758312800,4613750,108066389.5000,1.873800,1,-3.239200,-41.355245,6.722918,3.651616,-220.020038,0
2024-05-13,sz.002855,23.8001821200,23.9124471300,22.8102088500,22.8816502200,23.7797703000,4096000,92713433.0000,1.663500,1,-3.776800,-39.793330,6.469006,3.513701,-211.710268,0
2024-05-14,sz.002855,23.0143270500,23.8205939400,22.9224738600,23.3511220800,22.8816502200,3566200,81431584.0000,1.448300,1,2.051700,-40.609786,6.601733,3.585793,-216.054011,0
2024-05-15,sz.002855,23.3511220800,23.7797703000,23.1265920600,23.2490629800,23.3511220800,3048700,70035593.0000,1.238200,1,-0.437100,-40.432296,6.572879,3.570121,-215.109719,0
2024-05-16,sz.002855,23.2388570700,23.7797703000,23.2388570700,23.5042107300,23.2490629800,3898400,90059110.0000,1.583300,1,1.097500,-40.876021,6.645013,3.609301,-217.470449,0
2024-05-17,sz.002855,23.6777112000,23.7797703000,23.2694748000,23.6777112000,23.5042107300,4106000,94875602.0000,1.667600,1,0.738200,-41.177755,6.694065,3.635944,-219.075746,0
2024-05-20,sz.002855,23.6777112000,23.9328589500,23.5042107300,23.7287407500,23.6777112000,3853800,89250740.0000,1.565100,1,0.215500,-41.266500,6.708491,3.643780,-219.547892,0
2024-05-21,sz.002855,23.7695643900,23.7797703000,23.3715339000,23.5552402800,23.7287407500,2735500,63230061.0000,1.111000,1,-0.731200,-40.964767,6.659440,3.617137,-217.942595,0
2024-05-22,sz.002855,23.5654461900,23.9838885000,23.5246225500,23.6572993800,23.5552402800,4133500,96003720.0000,1.678700,1,0.433300,-41.142257,6.688294,3.632809,-218.886887,0
2024-05-23,sz.002855,23.5654461900,23.6368875600,23.0653566000,23.1061802400,23.6572993800,3489112,79744804.5200,1.417000,1,-2.329600,-40.183809,6.532484,3.548180,-213.787710,0
2024-05-24,sz.002855,23.0857684200,23.0959743300,22.4632079100,22.4632079100,23.1061802400,3435100,76239292.0000,1.395100,1,-2.782700,-39.065620,6.350705,3.449445,-207.838671,0
2024-05-27,sz.002855,22.5040315500,22.7591793000,21.9427065000,22.5754729200,22.4632079100,3501800,76158424.0000,1.422200,1,0.499800,-39.260860,6.382444,3.466684,-208.877392,0
2024-05-28,sz.002855,22.5652670100,22.6367083800,21.9937360500,22.0447656000,22.5754729200,2696300,58776491.0000,1.095000,1,-2.350800,-38.337910,6.232405,3.385189,-203.967074,0
2024-05-29,sz.002855,22.0957951500,22.3509429000,21.9733242300,22.0549715100,22.0447656000,2262500,49081946.0000,0.918900,1,0.046300,-38.355659,6.235290,3.386756,-204.061503,0
2024-05-30,sz.002855,21.8406474000,22.1876483400,21.5038523700,21.7590001200,22.0549715100,2915600,62521163.0000,1.184100,1,-1.342000,-37.840937,6.151615,3.341307,-201.323056,0
2024-05-31,sz.002855,21.8406474000,22.7591793000,21.8406474000,22.5346492800,21.7590001200,5651500,124501802.0000,2.295200,1,3.564700,-39.189863,6.370903,3.460415,-208.499675,0
2024-06-03,sz.002855,22.3509429000,22.3917665400,21.6875587500,21.9120887700,22.5346492800,4474954,96497891.0800,1.817400,1,-2.762700,-38.107172,6.194895,3.364815,-202.739494,0
2024-06-04,sz.002855,22.0345596900,22.0345596900,21.0343805100,21.2997341700,21.9120887700,4249800,88627562.0000,1.726000,1,-2.794600,-37.042230,6.021773,3.270782,-197.073742,0
2024-06-05,sz.002855,21.2282928000,21.2282928000,20.7384091200,20.7384091200,21.2997341700,2834850,58296350.5000,1.151300,1,-2.635400,-36.066034,5.863077,3.184585,-191.880136,0
2024-06-06,sz.002855,20.7179973000,20.9731450500,19.3912290000,19.5341117400,20.7384091200,6888400,133941014.0000,2.797600,1,-5.807100,-33.971648,5.522603,2.999654,-180.737490,0
2024-06-07,sz.002855,19.7892594900,20.1158486100,19.6157590200,19.9015245000,19.5341117400,4071600,79285400.7600,1.653600,1,1.880900,-34.610613,5.626477,3.056073,-184.136941,0
2024-06-11,sz.002855,20.1566722500,20.2893490800,19.4830821900,20.2791431700,19.9015245000,3662362,71538464.9200,1.487400,1,1.897400,-35.267327,5.733235,3.114060,-187.630822,0
2024-06-12,sz.002855,20.3709963600,21.0752041500,20.2893490800,21.0547923300,20.2791431700,4679612,95799861.6400,1.900500,1,3.824900,-36.616254,5.952524,3.233169,-194.807441,0
2024-06-13,sz.002855,21.1262337000,21.4426169100,20.9731450500,21.0445864200,21.0547923300,4024312,83497734.9200,1.634400,1,-0.048500,-36.598505,5.949638,3.231602,-194.713012,0
2024-06-14,sz.002855,20.9731450500,20.9833509600,20.5444968300,20.8506741300,21.0445864200,2767100,56309307.0000,1.123800,1,-0.921400,-36.261273,5.894816,3.201825,-192.918857,0
2024-06-17,sz.002855,20.9017036800,21.0752041500,20.6057322900,20.7894386700,20.8506741300,2551300,52072746.0000,1.036200,1,-0.293700,-36.154779,5.877504,3.192421,-192.352282,0
2024-06-18,sz.002855,20.9833509600,21.3099400800,20.7792327600,21.2793223500,20.7894386700,3647600,75651671.0000,1.481400,1,2.356400,-37.006732,6.016002,3.267648,-196.884884,0
2024-06-19,sz.002855,21.3201459900,21.7692060300,21.1160277900,21.1466455200,21.2793223500,3687654,77300764.7200,1.497700,1,-0.623500,-36.775995,5.978492,3.247274,-195.657304,0
2024-06-20,sz.002855,21.0752041500,21.2793223500,20.2281136200,20.2893490800,21.1466455200,3254100,65774256.0000,1.321600,1,-4.054100,-35.285076,5.736121,3.115628,-187.725251,0
2024-06-21,sz.002855,20.2995549900,20.4118200000,19.7484358500,20.1668781600,20.2893490800,2456622,48482365.6200,0.997700,1,-0.603600,-35.072088,5.701496,3.096821,-186.592101,0
2024-06-24,sz.002855,19.7076122100,20.0852308800,19.0442280600,19.0952576100,20.1668781600,3853800,73202510.0000,1.565100,1,-5.313800,-33.208439,5.398532,2.932263,-176.677035,0
2024-06-25,sz.002855,19.0850517000,19.9933776900,18.9625807800,19.5034940100,19.0952576100,5679300,108646575.0000,2.306500,1,2.137900,-33.918401,5.513947,2.994952,-180.454203,0
2024-06-26,sz.002855,19.0136103300,20.1974958900,18.9013453200,20.0954367900,19.5034940100,5117228,98407540.0000,2.078300,1,3.035100,-34.947845,5.681299,3.085851,-185.931096,0
2024-06-27,sz.002855,20.0954367900,20.3812022700,19.4932881000,19.5034940100,20.0954367900,3701700,72364351.0000,1.503400,1,-2.945700,-33.918401,5.513947,2.994952,-180.454203,0
2024-06-28,sz.002855,19.4116408200,21.4528228200,19.3197876300,21.4528228200,19.5034940100,6205800,127029862.0000,2.520400,1,9.994800,-37.308466,6.065053,3.294290,-198.490180,0
2024-07-01,sz.002855,21.4528228200,21.6365292000,20.4628495500,20.8710859500,21.4528228200,12253200,249284151.0000,4.976400,1,-2.711700,-36.296771,5.900587,3.204959,-193.107716,0
2024-07-02,sz.002855,20.6159382000,20.7588209400,20.1566722500,20.3505845400,20.8710859500,8209412,164036791.0800,3.334100,1,-2.493900,-35.391570,5.753433,3.125031,-188.291826,0
2024-07-03,sz.002855,20.3812022700,20.4424377300,19.6055531100,19.7586417600,20.3505845400,7039569,136744816.7100,2.859000,1,-2.908700,-34.362127,5.586081,3.034132,-182.814933,0
2024-07-04,sz.002855,19.7076122100,20.3505845400,18.9319630500,18.9523748700,19.7586417600,7770912,147162174.0800,3.156000,1,-4.080600,-32.959953,5.358137,2.910322,-175.355026,0
2024-07-05,sz.002855,18.7788744000,19.3912290000,17.7786952200,19.2585521700,18.9523748700,6947500,128580572.0000,2.821600,1,1.615500,-33.492424,5.444698,2.957339,-178.187902,0
2024-07-08,sz.002855,19.1769048900,19.2381403500,18.3910498200,18.4829030100,19.2585521700,5506162,100554045.8800,2.236200,1,-4.027600,-32.143498,5.225410,2.838230,-171.011283,0
2024-07-09,sz.002855,18.3808439100,20.3301727200,17.8603425000,20.3301727200,18.4829030100,11386870,216519489.3000,4.624500,1,9.994500,-35.356072,5.747662,3.121897,-188.102968,0
2024-07-10,sz.002855,20.2281136200,20.6873795700,19.8096713100,19.8913185900,20.3301727200,11811182,232234726.4400,4.796900,1,-2.158600,-34.592864,5.623591,3.054506,-184.042512,0
2024-07-11,sz.002855,19.8504949500,20.7792327600,19.8504949500,20.2995549900,19.8913185900,9937390,196950547.8000,4.035900,1,2.052300,-35.302825,5.739006,3.117195,-187.819680,0
2024-07-12,sz.002855,20.0546131500,20.4730554600,19.7994654000,19.8607008600,20.2995549900,4886600,95419442.0000,1.984600,1,-2.161900,-34.539617,5.614935,3.049805,-183.759225,0
2024-07-15,sz.002855,19.7484358500,20.0035836000,19.3912290000,19.4626703700,19.8607008600,3954620,75794839.8000,1.606100,1,-2.004100,-33.847405,5.502406,2.988683,-180.076486,0
2024-07-16,sz.002855,19.4014349100,20.4118200000,19.0748457900,19.4116408200,19.4626703700,9512100,183666024.0000,3.863100,1,-0.262200,-33.758659,5.487979,2.980847,-179.604340,0
2024-07-17,sz.002855,19.1973167100,19.1973167100,18.4420793700,18.4522852800,19.4116408200,7233200,132820498.0000,2.937600,1,-4.942200,-32.090250,5.216754,2.833529,-170.727995,0
2024-07-18,sz.002855,18.1665198000,18.2685789000,17.6358124800,18.2073434400,18.4522852800,5523876,97322366.0800,2.243400,1,-1.327400,-31.664274,5.147505,2.795915,-168.461694,0
2024-07-19,sz.002855,17.9624016000,18.5747562000,17.8603425000,18.3298143600,18.2073434400,4213296,75762681.6000,1.711100,1,0.672600,-31.877262,5.182129,2.814722,-169.594845,0
2024-07-22,sz.002855,18.2685789000,18.6359916600,18.0746666100,18.4624911900,18.3298143600,3786000,68356557.0000,1.537600,1,0.723800,-32.107999,5.219639,2.835096,-170.822424,0
2024-07-23,sz.002855,18.4522852800,18.5237266500,17.9011661400,17.9419897800,18.4624911900,3417400,60880569.0000,1.387900,1,-2.819200,-31.202799,5.072485,2.755168,-166.006535,0
2024-07-24,sz.002855,17.7480774900,18.1359020700,17.5439592900,17.5745770200,17.9419897800,3602500,62659103.0000,1.463100,1,-2.047800,-30.563834,4.968612,2.698748,-162.607084,0
2024-07-25,sz.002855,17.5541652000,17.6154006600,17.0642815200,17.4112824600,17.5745770200,3701900,62887005.0000,1.503400,1,-0.929200,-30.279849,4.922446,2.673672,-161.096216,0
2024-07-26,sz.002855,17.4112824600,17.8909602300,17.3806647300,17.7480774900,17.4112824600,3514400,60803790.0000,1.427300,1,1.934300,-30.865567,5.017663,2.725391,-164.212380,0
2024-07-29,sz.002855,17.7684893100,18.8094921300,17.5337533800,18.4114616400,17.7480774900,7559300,135592811.0000,3.070100,1,3.737800,-32.019254,5.205212,2.827260,-170.350278,0
2024-07-30,sz.002855,18.3706380000,18.5747562000,18.0440488800,18.3910498200,18.4114616400,5085452,91395175.9600,2.065300,1,-0.110900,-31.983756,5.199442,2.824125,-170.161420,0
2024-07-31,sz.002855,18.3910498200,19.1258753400,18.3298143600,19.0544339700,18.3910498200,6311700,116504754.0000,2.563400,1,3.607100,-33.137443,5.386991,2.925994,-176.299318,0
2024-08-01,sz.002855,19.1666989800,19.3606112700,18.8299039500,19.1666989800,19.0544339700,5498700,103029674.0000,2.233200,1,0.589200,-33.332683,5.418730,2.943234,-177.338039,0
2024-08-02,sz.002855,18.9829926000,19.1258753400,18.4216675500,18.4624911900,19.1666989800,3868800,71142803.0000,1.571200,1,-3.674100,-32.107999,5.219639,2.835096,-170.822424,0
2024-08-05,sz.002855,18.2685789000,18.5339325600,17.5541652000,17.5643711100,18.4624911900,4275475,75328452.5000,1.736400,1,-4.864600,-30.546085,4.965726,2.697181,-162.512654,0
2024-08-06,sz.002855,17.8909602300,18.0542547900,17.5847829300,17.9113720500,17.5643711100,3230200,56463298.0000,1.311900,1,1.975600,-31.149552,5.063829,2.750466,-165.723247,0
2024-08-07,sz.002855,17.7378715800,18.2583729900,17.6664302100,17.9215779600,17.9113720500,2692375,47552468.7500,1.093500,1,0.057000,-31.167301,5.066714,2.752033,-165.817677,0
2024-08-08,sz.002855,17.9011661400,17.9317838700,17.2786056300,17.6256065700,17.9215779600,3610200,62129810.6500,1.466200,1,-1.651500,-30.652579,4.983039,2.706584,-163.079230,0
2024-08-09,sz.002855,17.7378715800,18.2991966300,17.4725179200,17.6256065700,17.6256065700,5470500,95221748.0000,2.221700,1,0.000000,-30.652579,4.983039,2.706584,-163.079230,0
2024-08-12,sz.002855,17.4010765500,17.9419897800,17.1153110700,17.2377819900,17.6256065700,4629500,78952004.3100,1.880200,1,-2.200300,-29.978116,4.873394,2.647030,-159.490920,0
2024-08-13,sz.002855,17.0030460600,17.6868420300,16.9724283300,17.6868420300,17.2377819900,4037500,69029559.0000,1.639700,1,2.605100,-30.759073,5.000351,2.715987,-163.645805,0
2024-08-14,sz.002855,17.6562243000,18.8809335000,17.5949888400,18.3808439100,17.6868420300,9644200,172902330.3100,3.916800,1,3.923800,-31.966007,5.196556,2.822558,-170.066991,0
2024-08-15,sz.002855,17.8705484100,19.3912290000,17.8705484100,18.8809335000,18.3808439100,12506200,231046444.0000,5.079100,1,2.720700,-32.835710,5.337939,2.899352,-174.694021,0
2024-08-16,sz.002855,19.0034044200,19.7178181200,19.0034044200,19.3197876300,18.8809335000,12673800,240656517.2400,5.147200,1,2.324300,-33.598918,5.462010,2.966742,-178.754477,0
2024-08-19,sz.002855,18.8605216800,19.0850517000,18.4931089200,18.5645502900,19.3197876300,8720200,160316635.0000,3.541500,1,-3.909100,-32.285490,5.248493,2.850768,-171.766716,0
2024-08-20,sz.002855,18.4522852800,18.6564034800,17.8705484100,17.9011661400,18.5645502900,5253700,93317515.0000,2.133700,1,-3.573400,-31.131803,5.060944,2.748899,-165.628818,0
2024-08-21,sz.002855,17.7174597600,18.2481670800,17.7174597600,17.8093129500,17.9011661400,3875700,68109084.0000,1.574000,1,-0.513100,-30.972061,5.034975,2.734794,-164.778955,0
2024-08-22,sz.002855,17.7378715800,17.9113720500,17.1459288000,17.2071642600,17.8093129500,4353100,74204199.0000,1.767900,1,-3.381100,-29.924868,4.864738,2.642328,-159.207632,0
2024-08-23,sz.002855,17.0948992500,18.9319630500,16.8703692300,18.9319630500,17.2071642600,8131506,145701920.3000,3.302400,1,10.023700,-32.924455,5.352366,2.907188,-175.166167,0
2024-08-26,sz.002855,19.0442280600,19.6463767500,18.5033148300,19.3401994500,18.9319630500,19274804,360687969.1000,7.828100,1,2.156300,-23.454039,5.976530,3.390679,-76.499185,0
2024-08-27,sz.002855,19.0850517000,19.3401994500,18.5543443800,18.6870212100,19.3401994500,9109473,168306016.5300,3.699600,1,-3.377300,-22.661924,5.774684,3.276165,-73.915571,0
2024-08-28,sz.002855,18.4726971000,18.9115512300,18.1461079800,18.5339325600,18.6870212100,6724575,122017148.7500,2.731000,1,-0.819200,-22.476272,5.727376,3.249326,-73.310036,0
2024-08-29,sz.002855,18.5543443800,19.8300831300,18.5543443800,19.4422585500,18.5339325600,14881875,280228616.0000,6.044000,1,4.900900,-23.577807,6.008068,3.408572,-76.902874,0
2024-08-30,sz.002855,19.3810230900,20.4118200000,19.2993758100,19.8504949500,19.4422585500,19412928,379658240.3200,7.884200,1,2.099700,-24.072880,6.134222,3.480143,-78.517633,0
2024-09-02,sz.002855,19.8300831300,20.7077913900,19.6157590200,19.8096713100,19.8504949500,16485700,325269495.9200,6.695300,1,-0.205700,-24.023372,6.121606,3.472986,-78.356157,0
2024-09-03,sz.002855,19.7994654000,21.4528228200,19.5647294700,20.8608800400,19.8096713100,21244729,425123647.0900,8.628100,1,5.306500,-25.298183,6.446452,3.657281,-82.514160,0
2024-09-04,sz.002855,20.3914081800,20.4832613700,19.3606112700,19.6769944800,20.8608800400,15136931,293651105.6900,6.147500,1,-5.675100,-23.862474,6.080606,3.449725,-77.831360,0
2024-09-05,sz.002855,19.4014349100,19.6361708400,18.9829926000,19.2279344400,19.6769944800,10379531,195445373.6000,4.215400,1,-2.282200,-23.317895,5.941837,3.370997,-76.055126,0
2024-09-06,sz.002855,19.2585521700,19.5749353800,18.7278448500,18.9013453200,19.2279344400,11047181,207394183.3500,4.486600,1,-1.698500,-22.921837,5.840915,3.313740,-74.763319,0
2024-09-09,sz.002855,18.7278448500,19.4116408200,18.4216675500,18.4829030100,18.9013453200,10038106,185132271.1400,4.076800,1,-2.213800,-22.414388,5.711607,3.240380,-73.108192,0
2024-09-10,sz.002855,18.6359916600,19.3810230900,17.8603425000,19.1973167100,18.4829030100,13497230,245025782.8000,5.481600,1,3.865300,-23.280764,5.932376,3.365629,-75.934019,0
2024-09-11,sz.002855,18.7788744000,18.9319630500,18.1869316200,18.2889907200,19.1973167100,10003126,181510143.4000,4.062600,1,-4.731500,-22.179229,5.651684,3.206384,-72.341181,0
2024-09-12,sz.002855,18.2685789000,18.6564034800,18.0032252400,18.0848725200,18.2889907200,8240100,147569124.7800,3.346500,1,-1.116100,-21.931693,5.588607,3.170598,-71.533802,0
2024-09-13,sz.002855,17.8807543200,17.9624016000,17.2479879000,17.3194292700,18.0848725200,8163774,139929534.5800,3.315500,1,-4.232500,-21.003433,5.352069,3.036402,-68.506130,0
2024-09-18,sz.002855,17.3092233600,17.5235474700,17.1255169800,17.5133415600,17.3194292700,4818474,81986647.2600,1.956900,1,1.119600,-21.238592,5.411992,3.070399,-69.273140,0
2024-09-19,sz.002855,17.6766361200,17.7786952200,17.3500470000,17.5439592900,17.5133415600,6414631,110375721.9900,2.605200,1,0.174800,-21.275722,5.421454,3.075767,-69.394247,0
2024-09-20,sz.002855,17.5235474700,17.7582834000,17.4419001900,17.4929297400,17.5439592900,5003452,86040127.2800,2.032000,1,-0.290900,-21.213838,5.405684,3.066820,-69.192402,0
2024-09-23,sz.002855,17.7378715800,19.2381403500,17.5745770200,19.2381403500,17.4929297400,11712874,217284572.1200,4.756900,1,9.976700,-23.330271,5.944991,3.372786,-76.095495,0
2024-09-24,sz.002855,19.1666989800,19.2381403500,18.5543443800,19.1258753400,19.2381403500,20270500,376447532.7400,8.232400,1,-0.583600,-23.194127,5.910299,3.353104,-75.651436,0
2024-09-25,sz.002855,19.1156694300,19.8709067700,18.9931985100,19.1871108000,19.1258753400,17233128,326445940.5200,6.998900,1,0.320200,-23.268387,5.929222,3.363840,-75.893650,0
2024-09-26,sz.002855,19.0748457900,19.5341117400,18.9523748700,19.5136999200,19.1871108000,13109000,248252752.7500,5.323900,1,1.702100,-23.664445,6.030145,3.421097,-77.185457,0
2024-09-27,sz.002855,19.7382299400,20.7179973000,19.5136999200,20.3301727200,19.5136999200,18404798,362003086.4200,7.474700,1,4.184100,-24.654589,6.282452,3.564239,-80.414974,0
2024-09-30,sz.002855,21.3303519000,22.3509429000,20.4118200000,22.3305310800,20.3301727200,23573051,498063001.4600,9.573700,1,9.839400,-27.080442,6.900605,3.914937,-88.327291,0
2024-10-08,sz.002855,24.5656253700,24.5656253700,22.3305310800,24.5145958200,22.3305310800,24249700,565083788.0500,9.848500,1,9.780600,-29.729078,7.575527,4.297842,-96.966249,0
2024-10-09,sz.002855,24.1675948800,24.1675948800,22.0651774200,22.0651774200,24.5145958200,14683917,326499392.3900,5.963600,1,-9.991700,-26.758646,6.818605,3.868416,-87.277698,0
2024-10-10,sz.002855,21.5344701000,22.2284719800,20.4118200000,20.9629391400,22.0651774200,10738482,223209095.1200,4.361200,1,-4.995400,-25.421951,6.477991,3.675174,-82.917850,0
2024-10-11,sz.002855,20.9323214100,20.9323214100,19.6055531100,20.0444072400,20.9629391400,7721000,153042584.0000,3.135700,1,-4.381700,-24.308039,6.194145,3.514139,-79.284643,0
2024-10-14,sz.002855,20.0342013300,21.5344701000,19.7790535800,21.5344701000,20.0444072400,12864180,263498565.1800,5.224500,1,7.433800,-26.115052,6.654606,3.775374,-85.178512,0
2024-10-15,sz.002855,21.4732346400,22.4530020000,21.0854100600,21.5140582800,21.5344701000,14973508,321632522.2400,6.081200,1,-0.094800,-26.090298,6.648298,3.771795,-85.097774,0
2024-10-16,sz.002855,20.8200564000,22.9632975000,20.7179973000,22.7591793000,21.5140582800,18439580,399128408.0000,7.488800,1,5.787500,-27.600268,7.033067,3.990087,-90.022787,0
2024-10-17,sz.002855,22.7693852100,24.4941840000,22.2488838000,23.2592688900,22.7591793000,24675983,560332795.9200,10.021600,1,2.197300,-28.206731,7.187605,4.077761,-92.000866,0
2024-10-18,sz.002855,23.2898866200,24.2696539800,22.8612384000,23.6062698300,23.2592688900,21392346,490197018.4400,8.688100,1,1.491900,-28.627543,7.294835,4.138597,-93.373411,0
2024-10-21,sz.002855,23.3715339000,25.5453927300,22.9632975000,24.9024204000,23.6062698300,25297517,602092509.7400,10.274100,1,5.490700,-30.199396,7.695373,4.365835,-98.500269,0
2024-10-22,sz.002855,24.9942735900,25.0044795000,23.7695643900,23.9532707700,24.9024204000,17918022,428077594.6900,7.277000,1,-3.811500,-29.048354,7.402066,4.199432,-94.745956,0
2024-10-23,sz.002855,23.6777112000,23.6981230200,22.8510324900,22.8816502200,23.9532707700,13113282,298624914.6800,5.325700,1,-4.473800,-27.748790,7.070913,4.011558,-90.507215,0
2024-10-24,sz.002855,22.9632975000,23.3307102600,22.7183556600,23.0755625100,22.8816502200,8035750,181423156.5000,3.263600,1,0.847500,-27.983949,7.130836,4.045554,-91.274225,0
2024-10-25,sz.002855,23.0959743300,23.4837989100,22.9735034100,23.2694748000,23.0755625100,8171700,186116836.0000,3.318800,1,0.840300,-28.219108,7.190759,4.079551,-92.041235,0
2024-10-28,sz.002855,22.9837093200,24.4431544500,22.4632079100,23.8512116700,23.2694748000,15424522,353366373.2800,6.264300,1,2.500000,-23.748942,7.887722,4.200843,-55.489750,0
2024-10-29,sz.002855,23.5246225500,25.2085977000,23.1878275200,24.8003613000,23.8512116700,22704583,540814032.0400,9.221000,1,3.979500,-24.694022,8.201611,4.368014,-57.697943,0
2024-10-30,sz.002855,25.4025099900,26.5353660000,24.8003613000,25.2085977000,24.8003613000,26950979,676890470.1800,10.945600,1,1.646100,-25.100508,8.336617,4.439915,-58.647704,0
2024-10-31,sz.002855,24.5145958200,26.3924832600,23.9838885000,25.4229218100,25.2085977000,24213828,594657486.7800,9.833900,1,0.850200,-25.313913,8.407495,4.477664,-59.146328,0
2024-11-01,sz.002855,24.8003613000,25.0453031400,23.2694748000,23.3409161700,25.4229218100,14110800,332939955.4400,5.730800,1,-8.189500,-23.240835,7.718965,4.110966,-54.302550,0
2024-11-04,sz.002855,23.0857684200,24.4941840000,23.0143270500,24.1267712400,23.3409161700,9242731,216755639.2200,3.753700,1,3.366900,-24.023320,7.978851,4.249376,-56.130839,0
2024-11-05,sz.002855,24.1267712400,25.4739513600,23.8920353100,25.1677740600,24.1267712400,16603835,405947950.2300,6.743300,1,4.314700,-25.059859,8.323117,4.432725,-58.552728,0
2024-11-06,sz.002855,24.9432440400,25.9128054900,24.3002717100,24.8207731200,25.1677740600,16889908,412852493.7600,6.859500,1,-1.378800,-24.714346,8.208361,4.371609,-57.745431,0
2024-11-07,sz.002855,24.3921249000,27.3008092500,23.9838885000,27.3008092500,24.8207731200,37409238,971173069.5300,15.193000,1,9.991800,-27.183749,9.028523,4.808410,-63.515226,0
2024-11-08,sz.002855,27.0456615000,30.0359931300,26.0250705000,30.0359931300,27.3008092500,38325624,1043582479.9200,15.565100,1,10.018700,-29.907204,9.933062,5.290150,-69.878620,0
2024-11-11,sz.002855,30.5462886300,31.4750264400,28.3928416200,29.0358139500,30.0359931300,36771923,1064141006.0000,14.934100,1,-3.329900,-28.911314,9.602298,5.113991,-67.551707,0
2024-11-12,sz.002855,28.5663420900,29.5665212700,27.9539874900,28.9337548500,29.0358139500,22637380,635516519.4500,9.193700,1,-0.351500,-28.809692,9.568546,5.096016,-67.314267,0
2024-11-13,sz.002855,28.3520179800,28.5765480000,27.1477206000,27.6478101900,28.9337548500,13190963,359690594.2000,5.357200,1,-4.444400,-27.529262,9.143278,4.869527,-64.322522,0
2024-11-14,sz.002855,27.4334860800,28.5765480000,27.4028683500,27.5967806400,27.6478101900,14149774,389271052.3400,5.746600,1,-0.184600,-27.478451,9.126402,4.860539,-64.203802,0
2024-11-15,sz.002855,27.3722506200,28.0662525000,26.3312478000,26.3312478000,27.5967806400,11020200,295573175.0000,4.475600,1,-4.585800,-26.218344,8.707883,4.637644,-61.259545,0
2024-11-18,sz.002855,26.5353660000,27.5559570000,24.4941840000,26.7598960200,26.3312478000,12875948,331182839.9400,5.229300,1,1.627900,-26.645155,8.849640,4.713141,-62.256793,0
2024-11-19,sz.002855,26.8925728500,29.3215794300,26.3720714400,28.8316957500,26.7598960200,24648666,679290704.5600,10.010500,1,7.742200,-28.708071,9.534795,5.078041,-67.076827,0
2024-11-20,sz.002855,28.5765480000,28.6173716400,27.6580161000,28.4744889000,28.8316957500,18010096,496480371.1800,7.314400,1,-1.238900,-28.352396,9.416665,5.015127,-66.245787,0
2024-11-21,sz.002855,28.0662525000,28.3520179800,27.5661629100,27.7600752000,28.4744889000,11381670,310667428.1000,4.622400,1,-2.509000,-27.641045,9.180404,4.889299,-64.583706,0
2024-11-22,sz.002855,27.2293678800,28.1683116000,25.4127159000,25.7801286600,27.7600752000,11290633,299823150.4800,4.585500,1,-7.132400,-25.669588,8.525625,4.540577,-59.977368,0
2024-11-25,sz.002855,25.5147750000,26.0454823200,24.5962431000,24.8718026700,25.7801286600,9792451,239879124.0800,3.977000,1,-3.523400,-24.765157,8.225237,4.380597,-57.864151,0
2024-11-26,sz.002855,24.8718026700,25.2800390700,24.0145062300,24.3002717100,24.8718026700,8259608,198434602.4000,3.354500,1,-2.297900,-24.196077,8.036229,4.279935,-56.534487,0
2024-11-27,sz.002855,24.3002717100,24.3717130800,23.3307102600,24.3615071700,24.3002717100,10090760,234653849.6000,4.098100,1,0.252000,-24.257050,8.056480,4.290720,-56.676951,0
2024-11-28,sz.002855,24.4941840000,24.6166549200,23.4735930000,23.5348284600,24.3615071700,8346500,195520040.0000,3.389800,1,-3.393400,-23.433916,7.783093,4.145119,-54.753686,0
2024-11-29,sz.002855,23.5654461900,23.7797703000,22.9735034100,23.5756521000,23.5348284600,8421476,193083898.7400,3.420200,1,0.173500,-23.474564,7.796593,4.152309,-54.848662,0
2024-12-02,sz.002855,23.5858580100,23.9838885000,23.5450343700,23.9430648600,23.5756521000,6834858,159783402.3400,2.775800,1,1.558400,-23.840401,7.918099,4.217021,-55.703446,0
2024-12-03,sz.002855,23.9532707700,24.4533603600,23.9430648600,24.3206835300,23.9430648600,7403467,175719916.8800,3.006800,1,1.577200,-24.216401,8.042979,4.283530,-56.581975,0
2024-12-04,sz.002855,24.3206835300,24.3308894400,23.3409161700,23.3919457200,24.3206835300,7074000,164376162.8100,2.873000,1,-3.818700,-23.291645,7.735841,4.119954,-54.421270,0
2024-12-05,sz.002855,23.3919457200,23.8410057600,23.1878275200,23.7695643900,23.3919457200,4860200,112678260.0000,1.973900,1,1.614300,-23.667645,7.860721,4.186463,-55.299798,0
2024-12-06,sz.002855,23.8818294000,24.5758312800,23.7797703000,24.5758312800,23.7695643900,9754826,231836120.6000,3.961700,1,3.392000,-24.470455,8.127358,4.328468,-57.175575,0
2024-12-09,sz.002855,24.5962431000,25.1881858800,24.2900658000,24.8615967600,24.5758312800,9061234,219956403.4400,3.680000,1,1.162800,-24.754995,8.221862,4.378799,-57.840407,0
2024-12-10,sz.002855,25.7188932000,25.7188932000,24.3410953500,24.4023308100,24.8615967600,9490300,230874530.0000,3.854300,1,-1.847300,-24.297698,8.069980,4.297910,-56.771927,0
2024-12-11,sz.002855,24.4023308100,25.0044795000,23.9940944100,24.5350076400,24.4023308100,6786770,162574294.1000,2.756300,1,0.543700,-24.429806,8.113857,4.321278,-57.080599,0
2024-12-12,sz.002855,24.3410953500,24.5043899100,23.8410057600,24.0655357800,24.5350076400,6466900,152544530.0000,2.626400,1,-1.913500,-23.962347,7.958600,4.238591,-55.988375,0
2024-12-13,sz.002855,23.8920353100,24.1675948800,23.6164757400,23.6266816500,24.0655357800,4873400,113859539.0000,1.979200,1,-1.823600,-23.525375,7.813469,4.161297,-54.967382,0
2024-12-16,sz.002855,23.5858580100,23.6164757400,22.5550611000,22.7081497500,23.6266816500,7049300,158532790.0000,2.862900,1,-3.887700,-22.610781,7.509706,3.999519,-52.830421,0
2024-12-17,sz.002855,22.6571202000,22.6571202000,21.6569410200,21.7079705700,22.7081497500,5104167,110477056.0900,2.072900,1,-4.404500,-21.614891,7.178941,3.823360,-50.503508,0
2024-12-18,sz.002855,21.7896178500,22.1366187900,21.4324110000,21.9937360500,21.7079705700,4006200,85849642.8800,1.627000,1,1.316400,-21.899431,7.273445,3.873691,-51.168341,0
2024-12-19,sz.002855,21.7998237600,22.2795015300,21.6365292000,22.2386778900,21.9937360500,4401800,95138805.0000,1.787700,1,1.113700,-22.143323,7.354449,3.916832,-51.738197,0
2024-12-20,sz.002855,22.2488838000,22.5856788300,22.1468247000,22.5040315500,22.2386778900,3889700,85479729.0000,1.579700,1,1.193200,-22.407538,7.442203,3.963568,-52.355541,0
2024-12-23,sz.002855,22.4632079100,22.6673261100,21.2384987100,21.3201459900,22.5040315500,4813122,103059287.2600,1.954700,1,-5.260800,-21.228729,7.050685,3.755054,-49.601236,0
2024-12-24,sz.002855,21.4324110000,21.6365292000,20.7282032100,21.0752041500,21.3201459900,4549600,93744205.0000,1.847700,1,-1.148900,-20.984838,6.969682,3.711913,-49.031380,0
2024-12-25,sz.002855,21.0956159700,21.1670573400,20.2689372600,20.4220259100,21.0752041500,4079200,82083562.0000,1.656700,1,-3.099300,-20.334460,6.753672,3.596871,-47.511763,0
2024-12-26,sz.002855,20.4118200000,20.8404682200,20.4118200000,20.7588209400,20.4220259100,3383998,68605799.3400,1.374300,1,1.649200,-20.669811,6.865052,3.656189,-48.295315,0
2024-12-27,sz.002855,20.7690268500,21.0649982400,20.5649086500,20.7588209400,20.7588209400,3334900,68145234.1200,1.354400,1,0.000000,-20.669811,6.865052,3.656189,-48.295315,0
2024-12-30,sz.002855,20.7894386700,20.8200564000,20.1056427000,20.3709963600,20.7588209400,3074400,61678905.0000,1.248600,1,-1.868200,-20.283649,6.736797,3.587883,-47.393043,0
2024-12-31,sz.002855,20.3709963600,20.4628495500,19.5953472000,19.6157590200,20.3709963600,4241200,82799522.0000,1.722500,1,-3.707400,-19.531650,6.487036,3.454865,-45.635986,0
2025-01-02,sz.002855,19.6055531100,19.9015245000,18.8911394100,19.1258753400,19.6157590200,4319600,82460503.0000,1.754300,1,-2.497400,-19.043867,6.325029,3.368583,-44.496274,0
2025-01-03,sz.002855,19.1462871600,19.3504053600,17.9828134200,18.0032252400,19.1258753400,4885900,88605344.0000,1.984300,1,-5.869800,-17.926031,5.953762,3.170854,-41.884433,0
2025-01-06,sz.002855,17.7174597600,18.1971375300,17.2990174500,18.0032252400,18.0032252400,4234500,74264103.0000,1.719800,1,0.000000,-17.926031,5.953762,3.170854,-41.884433,0
2025-01-07,sz.002855,18.2175493500,18.5747562000,18.0236370600,18.5645502900,18.0032252400,4983700,89559769.0000,2.024000,1,3.117900,-18.484949,6.139395,3.269719,-43.190353,0
2025-01-08,sz.002855,18.6768153000,18.7278448500,17.8603425000,18.4624911900,18.5645502900,4378700,78711944.0000,1.778300,1,-0.549800,-18.383328,6.105644,3.251744,-42.952913,0
2025-01-09,sz.002855,18.3808439100,18.7278448500,18.2889907200,18.6257857500,18.4624911900,3089500,56372662.0000,1.254700,1,0.884500,-18.545922,6.159646,3.280504,-43.332817,0
2025-01-10,sz.002855,18.6257857500,18.7686684900,17.9011661400,17.9113720500,18.6257857500,3445100,62017872.0000,1.399200,1,-3.835600,-17.834571,5.923386,3.154677,-41.670737,0
2025-01-13,sz.002855,17.8603425000,18.0236370600,17.2479879000,17.9930193300,17.9113720500,3541379,61540684.4000,1.438300,1,0.455800,-17.915869,5.950387,3.169057,-41.860689,0
2025-01-14,sz.002855,18.2481670800,18.9931985100,18.1154902500,18.9217571400,17.9930193300,5435491,99049425.5300,2.207500,1,5.161700,-18.840624,6.257526,3.332633,-44.021394,0
2025-01-15,sz.002855,18.9319630500,19.1462871600,18.5645502900,18.6564034800,18.9217571400,3441700,63189743.0000,1.397800,1,-1.402400,-18.576408,6.169772,3.285897,-43.404050,0
2025-01-16,sz.002855,18.9217571400,19.1258753400,18.5441384700,18.7380507600,18.6564034800,3653400,67461998.0000,1.483800,1,0.437600,-18.657706,6.196773,3.300277,-43.594002,0
2025-01-17,sz.002855,18.7278448500,19.0442280600,18.4726971000,18.8094921300,18.7380507600,3557250,65298573.0000,1.444700,1,0.381300,-18.728841,6.220399,3.312860,-43.760210,0
2025-01-20,sz.002855,18.9217571400,18.9829926000,18.6257857500,18.7890803100,18.8094921300,3177648,58653006.7800,1.290500,1,-0.108500,-18.708516,6.213649,3.309265,-43.712722,0
2025-01-21,sz.002855,18.9829926000,18.9829926000,18.3706380000,18.5441384700,18.7890803100,2999100,54528226.0000,1.218000,1,-1.303600,-18.464625,6.132645,3.266124,-43.142865,0
2025-01-22,sz.002855,18.5339325600,18.5339325600,18.1869316200,18.2175493500,18.5441384700,2083700,37453537.0000,0.846300,1,-1.761100,-18.139436,6.024640,3.208603,-42.383057,0
2025-01-23,sz.002855,18.3808439100,18.7686684900,18.0644607000,18.0746666100,18.2175493500,3881600,70399748.0000,1.576400,1,-0.784300,-17.997166,5.977388,3.183437,-42.050641,0
2025-01-24,sz.002855,18.0236370600,18.2685789000,17.9624016000,18.2175493500,18.0746666100,2699800,47963459.0000,1.096500,1,0.790500,-18.139436,6.024640,3.208603,-42.383057,0
2025-01-27,sz.002855,18.5237266500,18.5237266500,17.6154006600,17.6562243000,18.2175493500,2973188,52247548.3600,1.207500,1,-3.081200,-17.580518,5.839007,3.109738,-41.077137,0
2025-02-05,sz.002855,17.9726075100,18.3706380000,17.6766361200,18.2073434400,17.6562243000,3603200,64239829.0000,1.463400,1,3.121400,-18.129274,6.021265,3.206805,-42.359313,0
2025-02-06,sz.002855,18.2685789000,18.8605216800,18.1154902500,18.8605216800,18.2073434400,4519886,82622252.4600,1.835700,1,3.587400,-18.779651,6.237275,3.321848,-43.878930,0
2025-02-07,sz.002855,18.9421689600,19.7994654000,18.9421689600,19.5239058300,18.8605216800,8699238,165886847.6800,3.533000,1,3.517300,-19.440191,6.456659,3.438687,-45.422290,0
2025-02-10,sz.002855,19.5545235600,20.1566722500,19.5034940100,20.0750249700,19.5239058300,6462260,125531734.5000,2.624500,1,2.822800,-19.988947,6.638917,3.535754,-46.704467,0
2025-02-11,sz.002855,20.3709963600,20.4118200000,19.7892594900,20.0648190600,20.0750249700,6527350,128309285.0000,2.650900,1,-0.050800,-19.978785,6.635542,3.533957,-46.680723,0
2025-02-12,sz.002855,19.8811126800,22.0753833300,19.8504949500,22.0753833300,20.0648190600,10197770,213446440.1000,4.141600,1,10.020300,-21.980728,7.300446,3.888072,-51.358293,0
2025-02-13,sz.002855,22.0243537800,22.0855892400,21.3405578100,21.3609696300,22.0753833300,15365630,326398470.3400,6.240400,1,-3.236200,-21.269378,7.064186,3.762244,-49.696212,0
2025-02-14,sz.002855,21.5446760100,21.5752937400,20.7179973000,20.7486150300,21.3609696300,7417600,151970872.0000,3.012500,1,-2.866700,-20.659649,6.861677,3.654392,-48.271571,0
2025-02-17,sz.002855,20.7588209400,21.3813814500,20.7588209400,21.1976750700,20.7486150300,7059338,145968337.3000,2.867000,1,2.164300,-21.106783,7.010184,3.733483,-49.316308,0
2025-02-18,sz.002855,21.0241746000,21.7283823900,20.5649086500,20.5853204700,21.1976750700,7885900,163736560.7600,3.202700,1,-2.888800,-20.497054,6.807675,3.625631,-47.891667,0
2025-02-19,sz.002855,20.5444968300,20.8710859500,20.4424377300,20.7486150300,20.5853204700,5015304,101612383.3400,2.036900,1,0.793300,-20.659649,6.861677,3.654392,-48.271571,0
2025-02-20,sz.002855,21.0037627800,21.4119991800,20.9119095900,21.1976750700,20.7486150300,6596700,136691047.0000,2.679100,1,2.164300,-21.106783,7.010184,3.733483,-49.316308,0
2025-02-21,sz.002855,21.0241746000,21.2997341700,20.7486150300,21.2793223500,21.1976750700,6109550,126093180.0000,2.481300,1,0.385200,-21.188081,7.037185,3.747864,-49.506260,0
2025-02-24,sz.002855,21.1364396100,22.9632975000,20.7486150300,21.9427065000,21.2793223500,11311510,241970408.9000,4.593900,1,3.117500,-21.848620,7.256570,3.864704,-51.049621,0
2025-02-25,sz.002855,21.5854996500,24.1369771500,21.4222050900,23.0041211400,21.9427065000,21680645,492781246.3400,8.805100,1,4.837200,-22.905484,7.607585,4.051647,-53.518998,0
2025-02-26,sz.002855,22.9939152300,23.5042107300,22.5448551900,23.1061802400,23.0041211400,15438418,348631577.7900,6.270000,1,0.443700,-23.007105,7.641337,4.069623,-53.756438,0
2025-02-27,sz.002855,22.8816502200,22.8816502200,21.7079705700,21.9325005900,23.1061802400,11886000,258737818.0000,4.827200,1,-5.079500,-21.838458,7.253194,3.862906,-51.025877,0
2025-02-28,sz.002855,21.7794119400,21.8406474000,20.5751145600,20.6159382000,21.9325005900,7461021,154334774.7000,3.030100,1,-6.002800,-20.527541,6.817800,3.631024,-47.962899,0
2025-03-03,sz.002855,20.4424377300,20.8404682200,20.2077018000,20.3301727200,20.6159382000,5302600,106499223.0000,2.153500,1,-1.386100,-20.243001,6.723296,3.580693,-47.298067,0
2025-03-04,sz.002855,20.2077018000,20.6159382000,20.0750249700,20.6057322900,20.3301727200,4615254,92086942.6000,1.874400,1,1.355400,-20.517379,6.814425,3.629226,-47.939155,0
2025-03-05,sz.002855,20.5649086500,20.7792327600,20.3097609000,20.6567618400,20.6057322900,4172510,84134593.5000,1.694600,1,0.247600,-20.568190,6.831301,3.638214,-48.057875,0
2025-03-06,sz.002855,20.7282032100,21.2282928000,20.5547027400,21.1058218800,20.6567618400,6450500,132511410.0000,2.619700,1,2.173900,-21.015324,6.979807,3.717306,-49.102612,0
2025-03-07,sz.002855,20.9221155000,21.3303519000,20.6567618400,20.8200564000,21.1058218800,5034100,103549337.0000,2.044500,1,-1.354000,-20.730784,6.885303,3.666975,-48.437780,0
2025-03-10,sz.002855,20.7179973000,20.8200564000,20.4118200000,20.5547027400,20.8200564000,3156087,63557458.8400,1.281800,1,-1.274500,-20.466568,6.797549,3.620239,-47.820435,0
2025-03-11,sz.002855,20.4016140900,20.6159382000,20.2077018000,20.5853204700,20.5547027400,3058400,61212878.0000,1.242100,1,0.149000,-20.497054,6.807675,3.625631,-47.891667,0
2025-03-12,sz.002855,20.5853204700,21.0956159700,20.5853204700,20.8710859500,20.5853204700,4748042,96981982.2800,1.928300,1,1.388200,-20.781595,6.902179,3.675962,-48.556500,0
2025-03-13,sz.002855,20.8710859500,20.8710859500,20.1056427000,20.3097609000,20.8710859500,4298500,85818111.0000,1.745700,1,-2.689500,-20.222676,6.716546,3.577098,-47.250579,0
2025-03-14,sz.002855,20.1464663400,20.4832613700,19.6974063000,20.4424377300,20.3097609000,5072700,100150241.0000,2.060200,1,0.653300,-20.354784,6.760423,3.600466,-47.559251,0
2025-03-17,sz.002855,20.4730554600,21.6773528400,20.4730554600,21.1568514300,20.4424377300,7970443,165465551.3800,3.237000,1,3.494800,-21.066135,6.996683,3.726293,-49.221332,0
2025-03-18,sz.002855,21.0752041500,21.4324110000,21.0037627800,21.3405578100,21.1568514300,6006400,125037386.0000,2.439400,1,0.868300,-21.249054,7.057436,3.758649,-49.648724,0
2025-03-19,sz.002855,21.2691164400,21.2793223500,20.6669677500,20.8302623100,21.3405578100,4058100,83152101.0000,1.648100,1,-2.391200,-20.740946,6.888678,3.668772,-48.461524,0
2025-03-20,sz.002855,20.8302623100,20.9527332300,20.4934672800,20.5138791000,20.8302623100,3518100,71350757.0000,1.428800,1,-1.518900,-20.425919,6.784049,3.613048,-47.725459,0
2025-03-21,sz.002855,20.3097609000,20.3505845400,19.7790535800,19.7994654000,20.5138791000,4529078,88737187.0400,1.839400,1,-3.482600,-19.714569,6.547788,3.487221,-46.063379,0
2025-03-24,sz.002855,19.8607008600,19.9117304100,18.8911394100,19.3504053600,19.7994654000,3441610,65215142.4000,1.397700,1,-2.268000,-19.267434,6.399282,3.408129,-45.018642,0
2025-03-25,sz.002855,19.5953472000,19.5953472000,19.0850517000,19.1462871600,19.3504053600,1725200,32534055.0000,0.700700,1,-1.054900,-19.064191,6.331779,3.372179,-44.543762,0
2025-03-26,sz.002855,19.1462871600,19.3810230900,19.0952576100,19.2687580800,19.1462871600,1381600,26104767.0000,0.561100,1,0.639700,-19.186137,6.372281,3.393749,-44.828690,0
2025-03-27,sz.002855,19.2483462600,19.4626703700,18.8911394100,19.2279344400,19.2687580800,1709300,32153187.0000,0.694200,1,-0.211900,-19.145489,6.358780,3.386559,-44.733714,0
2025-03-28,sz.002855,19.2381403500,19.2993758100,18.8809335000,18.8809335000,19.2279344400,1810000,33799616.0000,0.735100,1,-1.804700,-18.799976,6.244025,3.325443,-43.926418,0
2025-03-31,sz.002855,18.8707275900,18.8707275900,18.3910498200,18.6666093900,18.8809335000,1995200,36314661.0000,0.810300,1,-1.135100,-18.586570,6.173147,3.287694,-43.427794,0
2025-04-01,sz.002855,18.6768153000,18.8605216800,18.6257857500,18.6666093900,18.6666093900,1346300,24708920.0000,0.546800,1,0.000000,-18.586570,6.173147,3.287694,-43.427794,0
2025-04-02,sz.002855,18.6768153000,18.8809335000,18.5747562000,18.6870212100,18.6666093900,1632000,29983252.0000,0.662800,1,0.109300,-18.606895,6.179897,3.291289,-43.475282,0
2025-04-03,sz.002855,18.5747562000,18.7278448500,18.2583729900,18.4216675500,18.6870212100,1835200,33207526.0000,0.745300,1,-1.420000,-18.342679,6.092143,3.244553,-42.857937,0
2025-04-07,sz.002855,17.7582834000,17.7582834000,16.5846037500,16.5846037500,18.4216675500,2100800,34471738.0000,0.853200,1,-9.972300,-16.513492,5.484617,2.920997,-38.584016,0
2025-04-08,sz.002855,14.9414522400,16.2273969000,14.9312463300,15.1659822600,16.5846037500,5348900,80076941.0000,2.172300,1,-8.553800,-15.100953,5.015471,2.671139,-35.283598,0
2025-04-09,sz.002855,15.0230995200,15.6354541200,13.7575666800,15.5640127500,15.1659822600,4946300,71732550.0000,2.008800,1,2.624500,-15.497277,5.147102,2.741243,-36.209615,0
2025-04-10,sz.002855,16.1253378000,16.3702796400,15.8803959600,16.0947200700,15.5640127500,4052400,64271223.0000,1.645800,1,3.409800,-16.025709,5.322609,2.834715,-37.444303,0
2025-04-11,sz.002855,15.7987486800,16.5641919300,15.7987486800,16.3192500900,16.0947200700,3203300,51022504.0000,1.301000,1,1.395100,-16.249276,5.396863,2.874261,-37.966671,0
2025-04-14,sz.002855,17.0948992500,17.2377819900,16.7581042200,16.8397515000,16.3192500900,3281300,54438716.0000,1.332600,1,3.189500,-16.767546,5.568995,2.965935,-39.177616,0
2025-04-15,sz.002855,16.8397515000,17.0234578800,16.6254273900,16.7478983100,16.8397515000,1971800,32367695.0000,0.800800,1,-0.545500,-16.676086,5.538619,2.949757,-38.963920,0
2025-04-16,sz.002855,16.7070746700,16.7274864900,16.0845141600,16.3804855500,16.7478983100,2103200,33803629.0000,0.854200,1,-2.193800,-16.310249,5.417114,2.885046,-38.109135,0
2025-04-17,sz.002855,16.2580146300,16.5539860200,16.1967791700,16.3090441800,16.3804855500,1641800,26409895.0000,0.666800,1,-0.436100,-16.239114,5.393488,2.872463,-37.942927,0
2025-04-18,sz.002855,16.3498678200,16.4723387400,16.1253378000,16.4111032800,16.3090441800,1974100,31577794.0000,0.801700,1,0.625800,-16.340736,5.427239,2.890439,-38.180367,0
2025-04-21,sz.002855,16.3192500900,16.5846037500,16.2273969000,16.5743978400,16.4111032800,1609900,26041485.0000,0.653800,1,0.995000,-16.503330,5.481241,2.919199,-38.560272,0
2025-04-22,sz.002855,16.4927505600,16.8397515000,16.4927505600,16.5948096600,16.5743978400,1735200,28258940.0000,0.704700,1,0.123200,-16.523654,5.487992,2.922794,-38.607760,0
2025-04-23,sz.002855,16.5948096600,16.9622224200,16.5948096600,16.8397515000,16.5948096600,2350000,38834940.0000,0.954400,1,1.476000,-16.767546,5.568995,2.965935,-39.177616,0
2025-04-24,sz.002855,16.7887219500,16.8397515000,16.2580146300,16.3906914600,16.8397515000,2570800,41483995.0000,1.044100,1,-2.666700,-11.822602,7.778359,2.681407,104.814207,0
2025-04-25,sz.002855,16.2988382700,16.7376924000,16.2988382700,16.5131623800,16.3906914600,2209200,35856616.0000,0.897200,1,0.747200,-11.910941,7.836479,2.701443,105.597377,0
2025-04-28,sz.002855,16.3498678200,16.5131623800,16.1559555300,16.2069850800,16.5131623800,2241500,35758856.0000,0.910300,1,-1.854100,-11.690095,7.691180,2.651354,103.639453,0
2025-04-29,sz.002855,16.1253378000,16.5437801100,16.0130727900,16.1967791700,16.2069850800,3553250,56927151.5000,1.443100,1,-0.063000,-11.682733,7.686337,2.649684,103.574189,0
2025-04-30,sz.002855,16.3498678200,16.8193396800,16.2784264500,16.7172805800,16.1967791700,3667400,59573287.0000,1.489400,1,3.213600,-12.058171,7.933345,2.734835,106.902660,0
2025-05-06,sz.002855,17.1765465300,17.5745770200,16.7989278600,17.5643711100,16.7172805800,4582278,77693176.7800,1.861000,1,5.067200,-12.669177,8.335340,2.873413,112.319583,0
2025-05-07,sz.002855,17.6562243000,18.0440488800,17.3806647300,17.5235474700,17.5643711100,3669500,63244114.0000,1.490300,1,-0.232400,-12.639731,8.315967,2.866735,112.058527,0
2025-05-08,sz.002855,17.4521061000,17.9624016000,17.3500470000,17.9215779600,17.5235474700,2912654,50744086.2400,1.182900,1,2.271400,-12.926830,8.504856,2.931850,114.603828,0
2025-05-09,sz.002855,17.9215779600,18.2073434400,17.4419001900,17.5337533800,17.9215779600,3841100,66602033.0800,1.560000,1,-2.164000,-12.647093,8.320810,2.868404,112.123791,0
2025-05-12,sz.002855,17.7684893100,17.9215779600,17.7174597600,17.9011661400,17.5337533800,2527008,44117781.9200,1.026300,1,2.095500,-12.912107,8.495170,2.928511,114.473300,0
2025-05-13,sz.002855,18.2787848100,18.3400202700,17.7174597600,17.7480774900,17.9011661400,2793100,49147826.9200,1.134400,1,-0.855200,-12.801685,8.422520,2.903466,113.494338,0
2025-05-14,sz.002855,17.7276656700,17.8909602300,17.5643711100,17.6358124800,17.7480774900,1924900,33348476.0000,0.781800,1,-0.632500,-12.720708,8.369244,2.885101,112.776432,0
2025-05-15,sz.002855,17.6664302100,17.6766361200,17.4316942800,17.4316942800,17.6358124800,1341900,22995795.0000,0.545000,1,-1.157400,-12.573477,8.272377,2.851708,111.471150,0
2025-05-16,sz.002855,17.4316942800,17.9624016000,17.3806647300,17.7582834000,17.4316942800,2522900,43824586.0000,1.024600,1,1.873500,-12.809046,8.427363,2.905136,113.559602,0
2025-05-19,sz.002855,17.8807543200,17.8807543200,17.4521061000,17.7786952200,17.7582834000,1824800,31567595.0000,0.741100,1,0.114900,-12.823769,8.437050,2.908475,113.690130,0
2025-05-20,sz.002855,17.7991070400,17.9624016000,17.6154006600,17.9419897800,17.7786952200,2191500,38350642.0000,0.890000,1,0.918500,-12.941554,8.514543,2.935189,114.734357,0
2025-05-21,sz.002855,17.8603425000,17.9113720500,17.5337533800,17.5439592900,17.9419897800,2286600,39528843.0000,0.928700,1,-2.218400,-12.654454,8.325654,2.870074,112.189055,0
2025-05-22,sz.002855,17.5439592900,17.8603425000,17.3908706400,17.5949888400,17.5439592900,2654800,45843150.0000,1.078200,1,0.290900,-12.691262,8.349870,2.878422,112.515376,0
2025-05-23,sz.002855,17.6256065700,17.7684893100,17.2275760800,17.2377819900,17.5949888400,2328500,39935900.0000,0.945700,1,-2.030200,-12.433609,8.180354,2.819986,110.231131,0
2025-05-26,sz.002855,17.1969583500,17.6358124800,17.1561347100,17.5847829300,17.2377819900,2085000,35722545.0000,0.846800,1,2.013000,-12.683900,8.345027,2.876753,112.450112,0
2025-05-27,sz.002855,17.5541652000,17.7786952200,17.2479879000,17.4010765500,17.5847829300,1711800,29145327.2400,0.695200,1,-1.044700,-12.551393,8.257847,2.846699,111.275357,0
2025-05-28,sz.002855,17.4010765500,17.5541652000,17.1867524400,17.2683997200,17.4010765500,1487300,25254377.0000,0.604000,1,-0.762500,-12.455693,8.194884,2.824994,110.426923,0
2025-05-29,sz.002855,17.2479879000,17.7174597600,17.2275760800,17.7072538500,17.2683997200,2781300,48028397.0000,1.129600,1,2.541400,-12.772239,8.403147,2.896788,113.233281,0
2025-05-30,sz.002855,17.6868420300,17.6868420300,17.0948992500,17.1867524400,17.7072538500,2810299,47607625.1900,1.141300,1,-2.939500,-12.396801,8.156138,2.811637,109.904810,0
2025-06-03,sz.002855,17.0948992500,17.3704588200,17.0030460600,17.1561347100,17.1867524400,1911400,32265378.0000,0.776300,1,-0.178100,-12.374716,8.141608,2.806629,109.709018,0
2025-06-04,sz.002855,17.1459288000,17.4316942800,17.1459288000,17.3500470000,17.1561347100,1461600,24818855.0000,0.593600,1,1.130300,-12.514585,8.233631,2.838351,110.949037,0
2025-06-05,sz.002855,17.3500470000,17.5235474700,17.1561347100,17.4827238300,17.3500470000,2110172,35912660.4100,0.857000,1,0.764700,-12.610285,8.296594,2.860056,111.797470,0
2025-06-06,sz.002855,17.4827238300,17.6051947500,17.3500470000,17.5643711100,17.4827238300,1750600,29983213.0000,0.711000,1,0.467000,-12.669177,8.335340,2.873413,112.319583,0
2025-06-09,sz.002855,17.5643711100,17.8399306800,17.5643711100,17.8093129500,17.5643711100,2067100,35938577.0000,0.839500,1,1.394500,-12.845854,8.451580,2.913484,113.885923,0
2025-06-10,sz.002855,17.7582834000,17.9215779600,17.2275760800,17.3704588200,17.8093129500,2615600,44803182.0000,1.062300,1,-2.464200,-12.529308,8.243317,2.841691,111.079565,0
2025-06-11,sz.002855,17.3908706400,17.8297247700,17.3908706400,17.5031356500,17.3704588200,2426100,41885762.0000,0.985300,1,0.763800,-12.625008,8.306280,2.863396,111.927999,0
2025-06-12,sz.002855,17.5031356500,17.6766361200,17.3092233600,17.3602529100,17.5031356500,2043900,34966852.0000,0.830100,1,-0.816300,-12.521947,8.238474,2.840021,111.014301,0
2025-06-13,sz.002855,17.2479879000,17.2888115400,16.7478983100,16.7887219500,17.3602529100,3065700,50857631.0000,1.245100,1,-3.292200,-12.109702,7.967249,2.746522,107.359509,0
2025-06-16,sz.002855,16.8193396800,17.2581938100,16.7274864900,17.0948992500,16.7887219500,2398778,40212153.2600,0.974200,1,1.823700,-12.330547,8.112548,2.796611,109.317433,0
2025-06-17,sz.002855,17.0438697000,18.8094921300,17.0030460600,18.8094921300,17.0948992500,6786998,123196133.1400,2.756400,1,10.029900,-13.567283,8.926224,3.077107,120.281808,0
2025-06-18,sz.002855,18.7584625800,20.6159382000,18.2583729900,19.4524644600,18.8094921300,22591526,429182350.9100,9.175100,1,3.418300,-14.031059,9.231353,3.182293,124.393449,0
2025-06-19,sz.002855,19.1666989800,20.0035836000,18.8809335000,19.5851412900,19.4524644600,15494100,293975444.0000,6.292600,1,0.682100,-14.126758,9.294316,3.203998,125.241883,0
2025-06-20,sz.002855,19.3912290000,19.5545235600,18.7482566700,18.9931985100,19.5851412900,9122900,170531796.0000,3.705100,1,-3.022400,-13.699790,9.013404,3.107160,121.456563,0
2025-06-23,sz.002855,18.5033148300,19.2177285300,18.5033148300,19.0952576100,18.9931985100,7510589,139710646.8500,3.050300,1,0.537300,-13.773405,9.061837,3.123856,122.109204,0
2025-06-24,sz.002855,19.0442280600,19.1769048900,18.8809335000,19.1769048900,19.0952576100,7830800,146298386.0000,3.180300,1,0.427600,-13.832298,9.100584,3.137213,122.631317,0
2025-06-25,sz.002855,19.2687580800,19.5545235600,19.1156694300,19.3299935400,19.1769048900,9945900,188202258.0300,4.039300,1,0.798300,-13.942720,9.173233,3.162257,123.610280,0
2025-06-26,sz.002855,19.4014349100,19.4422585500,18.8911394100,18.9217571400,19.3299935400,6942400,129909443.0000,2.819500,1,-2.111900,-13.648260,8.979501,3.095473,120.999714,0
2025-06-27,sz.002855,18.9217571400,19.2687580800,18.8503157700,19.1360812500,18.9217571400,5024197,93794172.2900,2.040500,1,1.132700,-13.802851,9.081210,3.130535,122.370261,0
2025-06-30,sz.002855,19.1360812500,19.3299935400,19.0952576100,19.2993758100,19.1360812500,6094175,114833967.7800,2.475000,1,0.853300,-13.920636,9.158703,3.157248,123.414487,0
2025-07-01,sz.002855,19.2585521700,20.5955263800,19.0646398800,20.1362604300,19.2993758100,16640687,323355909.3000,6.758300,1,4.336300,-14.524281,9.555855,3.294157,128.766147,0
2025-07-02,sz.002855,19.9015245000,20.0546131500,19.2891699000,19.3810230900,20.1362604300,9323090,177881982.8000,3.786400,1,-3.750600,-13.979528,9.197450,3.170605,123.936600,0
2025-07-03,sz.002855,19.3504053600,19.6565826600,19.1360812500,19.4830821900,19.3810230900,6386849,121460713.2200,2.593900,1,0.526600,-14.053143,9.245883,3.187302,124.589242,0
2025-07-04,sz.002855,19.2993758100,19.3606112700,18.7890803100,18.8503157700,19.4830821900,6355390,118087783.8000,2.581100,1,-3.247800,-13.596729,8.945598,3.083785,120.542865,0
2025-07-07,sz.002855,18.8503157700,19.0850517000,18.6155798400,18.9829926000,18.8503157700,4063878,74946208.9000,1.650500,1,0.703800,-13.692429,9.008561,3.105490,121.391299,0
2025-07-08,sz.002855,18.9013453200,19.0850517000,18.7176389400,18.9829926000,18.9829926000,3999578,74391531.2400,1.624300,1,0.000000,-13.692429,9.008561,3.105490,121.391299,0
2025-07-09,sz.002855,18.9727866900,19.0748457900,18.7278448500,18.7584625800,18.9829926000,3974509,73632324.2800,1.614200,1,-1.182800,-13.530475,8.902008,3.068759,119.955488,0
2025-07-10,sz.002855,18.7686684900,18.7686684900,18.4624911900,18.5645502900,18.7584625800,4080300,74191561.0000,1.657100,1,-1.033700,-13.390606,8.809985,3.037036,118.715469,0
2025-07-11,sz.002855,18.5543443800,18.6564034800,18.3808439100,18.6359916600,18.5645502900,2847000,51686278.0000,1.156200,1,0.384800,-13.442137,8.843888,3.048723,119.172318,0
2025-07-14,sz.002855,18.7584625800,18.7686684900,18.5543443800,18.5747562000,18.6359916600,2239478,40843471.1600,0.909500,1,-0.328600,-13.397968,8.814828,3.038706,118.780733,0
2025-07-15,sz.002855,18.4522852800,18.5237266500,17.9521956900,18.0950784300,18.5747562000,4246600,75415548.0000,1.724700,1,-2.582400,-13.051976,8.587193,2.960234,115.713319,0
2025-07-16,sz.002855,18.0950784300,18.4318734600,18.0644607000,18.4114616400,18.0950784300,2962600,53252648.0000,1.203200,1,1.748400,-13.280183,8.737335,3.011992,117.736507,0
2025-07-17,sz.002855,18.4114616400,18.6257857500,18.3298143600,18.5747562000,18.4114616400,2634000,47857809.0000,1.069700,1,0.886900,-13.397968,8.814828,3.038706,118.780733,0
2025-07-18,sz.002855,18.5747562000,18.6666093900,18.3706380000,18.4114616400,18.5747562000,2387000,43156157.0000,0.969400,1,-0.879100,-13.280183,8.737335,3.011992,117.736507,0
2025-07-21,sz.002855,18.4114616400,18.5645502900,18.4114616400,18.5441384700,18.4114616400,1811700,32837660.0000,0.735800,1,0.720600,-13.375883,8.800298,3.033697,118.584941,0
2025-07-22,sz.002855,18.5441384700,18.6257857500,18.3502261800,18.4624911900,18.5441384700,2004700,36221528.0000,0.814200,1,-0.440300,-13.316991,8.761552,3.020340,118.062828,0
2025-07-23,sz.002855,18.5747562000,18.5747562000,18.2073434400,18.2277552600,18.4624911900,2453400,44026753.0000,0.996400,1,-1.271400,-13.147676,8.650156,2.981939,116.561753,0
2025-07-24,sz.002855,18.2277552600,18.4216675500,18.2277552600,18.2889907200,18.2277552600,1707000,30620493.0000,0.693300,1,0.335900,-13.191845,8.679216,2.991956,116.953337,0
2025-07-25,sz.002855,18.2787848100,18.5339325600,18.2481670800,18.5339325600,18.2889907200,3159100,57195350.0000,1.283000,1,1.339300,-13.368522,8.795455,3.032027,118.519677,0
2025-07-28,sz.002855,18.5339325600,18.6257857500,18.2073434400,18.2889907200,18.5339325600,4368100,78764466.0000,1.774000,1,-1.321600,-13.191845,8.679216,2.991956,116.953337,0
2025-07-29,sz.002855,18.2583729900,18.3094025400,17.8603425000,18.1052843400,18.2889907200,4080400,71959593.0000,1.657200,1,-1.004500,-13.059338,8.592036,2.961903,115.778583,0
2025-07-30,sz.002855,18.0644607000,18.7788744000,17.9624016000,18.3604320900,18.1052843400,5811692,104780826.4800,2.360300,1,1.409200,-13.243376,8.713119,3.003644,117.410186,0
2025-07-31,sz.002855,18.1563138900,18.5339325600,18.0134311500,18.0950784300,18.3604320900,3322400,59307439.0000,1.349300,1,-1.445200,-13.051976,8.587193,2.960234,115.713319,0
2025-08-01,sz.002855,18.0950784300,18.3502261800,17.9828134200,18.1154902500,18.0950784300,1591200,28288843.0000,0.646200,1,0.112800,-13.066699,8.596879,2.963573,115.843847,0
2025-08-04,sz.002855,17.9828134200,18.6768153000,17.9215779600,18.5747562000,18.1154902500,4855000,87852567.0000,1.971800,1,2.535200,-13.397968,8.814828,3.038706,118.780733,0
2025-08-05,sz.002855,18.8196980400,19.3810230900,18.7176389400,19.0646398800,18.5747562000,8034700,150089130.0000,3.263100,1,2.637400,-13.751321,9.047307,3.118847,121.913412,0
2025-08-06,sz.002855,18.9829926000,19.1156694300,18.7584625800,19.0544339700,19.0646398800,4587700,85314116.0000,1.863200,1,-0.053500,-13.743959,9.042464,3.117178,121.848148,0
2025-08-07,sz.002855,19.0340221500,19.4728762800,18.9319630500,19.1054635200,19.0544339700,6551000,123110581.0000,2.660600,1,0.267800,-13.780767,9.066681,3.125526,122.174468,0
2025-08-08,sz.002855,18.9931985100,19.1156694300,18.7788744000,18.9013453200,19.1054635200,4226400,78295335.0000,1.716500,1,-1.068400,-13.633536,8.969814,3.092133,120.869186,0
2025-08-11,sz.002855,18.9931985100,19.2177285300,18.8605216800,19.1360812500,18.9013453200,4168100,77777282.0000,1.692800,1,1.241900,-13.802851,9.081210,3.130535,122.370261,0
2025-08-12,sz.002855,18.9931985100,19.2279344400,18.9931985100,19.1462871600,19.1360812500,3459500,64802559.0000,1.405000,1,0.053300,-13.810213,9.086054,3.132204,122.435525,0
2025-08-13,sz.002855,19.1564930700,19.1973167100,19.0034044200,19.0646398800,19.1462871600,3763874,70340255.5800,1.528600,1,-0.426400,-13.751321,9.047307,3.118847,121.913412,0
2025-08-14,sz.002855,19.0646398800,19.0952576100,18.6461975700,18.6666093900,19.0646398800,4082600,75246122.0000,1.658100,1,-2.087800,-13.464222,8.858418,3.053732,119.368110,0
2025-08-15,sz.002855,18.6564034800,18.9727866900,18.6053739300,18.8605216800,18.6666093900,3089100,57100719.0000,1.254600,1,1.038800,-13.604090,8.950441,3.085455,120.608129,0
2025-08-18,sz.002855,19.5136999200,19.7586417600,19.1666989800,19.4932881000,18.8605216800,9863700,188037002.0400,4.005900,1,3.355000,-14.060505,9.250726,3.188971,124.654506,0
2025-08-19,sz.002855,19.2075226200,19.9321422300,19.2075226200,19.7484358500,19.4932881000,9459500,182108007.0000,3.841800,1,1.308900,-14.244543,9.371809,3.230712,126.286109,0
2025-08-20,sz.002855,19.7382299400,21.2793223500,19.5443176500,20.6159382000,19.7484358500,18757000,375707367.9200,7.617800,1,4.392800,-14.870272,9.783491,3.372629,131.833561,0
2025-08-21,sz.002855,20.6057322900,21.3099400800,20.1770840700,20.4526436400,20.6159382000,17415289,352100931.3800,7.072900,1,-0.792100,-14.752488,9.705998,3.345915,130.789335,0
2025-08-22,sz.002855,20.3812022700,20.6465559300,20.2077018000,20.3914081800,20.4526436400,9674280,192763734.3200,3.929000,1,-0.299400,-14.708319,9.676938,3.335898,130.397750,0
2025-08-25,sz.002855,20.4016140900,20.5649086500,20.1872899800,20.2281136200,20.3914081800,8353755,166268044.3200,3.392700,1,-0.800800,-14.590534,9.599445,3.309184,129.353524,0
2025-08-26,sz.002855,20.1974958900,20.7179973000,19.9831717800,20.6057322900,20.2281136200,10888200,218683344.0000,4.422000,1,1.866800,-14.862910,9.778647,3.370960,131.768297,0
2025-08-27,sz.002855,20.5342909200,20.9017036800,20.1056427000,20.1056427000,20.6057322900,10978597,221517893.0600,4.458700,1,-2.426900,-13.170424,12.217813,3.010799,186.718132,0
2025-08-28,sz.002855,20.1056427000,20.3914081800,19.3504053600,20.1974958900,20.1056427000,7992692,155550763.9200,3.246100,1,0.456900,-13.230593,12.273630,3.024554,187.571159,0
2025-08-29,sz.002855,20.1056427000,20.1056427000,19.6157590200,19.8198772200,20.1974958900,4705100,91522169.0000,1.910900,1,-1.869600,-12.983230,12.044159,2.968006,184.064270,0
2025-09-01,sz.002855,19.9117304100,20.0035836000,19.6361708400,19.9117304100,19.8198772200,4572200,88893674.0000,1.856900,1,0.463400,-13.043399,12.099976,2.981761,184.917297,0
2025-09-02,sz.002855,19.7280240300,19.8504949500,19.3912290000,19.4932881000,19.9117304100,4825792,92502691.0000,1.959900,1,-2.101500,-12.769294,11.845697,2.919100,181.031285,0
2025-09-03,sz.002855,19.5749353800,19.5851412900,18.9931985100,19.0646398800,19.4932881000,3691700,69752210.0000,1.499300,1,-2.199000,-12.488503,11.585216,2.854910,177.050492,0
2025-09-04,sz.002855,19.1973167100,19.5545235600,18.7176389400,18.9625807800,19.0646398800,3749800,70373923.0000,1.522900,1,-0.535300,-12.421649,11.523196,2.839627,176.102685,0
2025-09-05,sz.002855,18.9625807800,19.4830821900,18.8503157700,19.4626703700,18.9625807800,4047900,76399712.0000,1.644000,1,2.637200,-12.749238,11.827091,2.914515,180.746943,0
2025-09-08,sz.002855,19.5953472000,19.6974063000,19.4218467300,19.5647294700,19.4626703700,2951400,56522654.0000,1.198600,1,0.524400,-12.816093,11.889110,2.929798,181.694750,0
2025-09-09,sz.002855,19.5443176500,19.5443176500,19.0748457900,19.1360812500,19.5647294700,2577097,48552762.3000,1.046600,1,-2.190900,-12.535302,11.628629,2.865609,177.713958,0
2025-09-10,sz.002855,19.1360812500,19.2891699000,18.9829926000,19.0646398800,19.1360812500,2051700,38374415.0000,0.833300,1,-0.373300,-12.488503,11.585216,2.854910,177.050492,0
2025-09-11,sz.002855,19.0034044200,19.2891699000,18.7380507600,19.2891699000,19.0646398800,3185700,59548867.0000,1.293800,1,1.177700,-12.635584,11.721658,2.888533,179.135670,0
2025-09-12,sz.002855,19.3708171800,19.4422585500,19.1769048900,19.1973167100,19.2891699000,2727400,51566268.0000,1.107700,1,-0.476200,-12.575415,11.665841,2.874779,178.282643,0
2025-09-15,sz.002855,19.2177285300,19.2279344400,18.9829926000,18.9829926000,19.1973167100,2103672,39273514.6400,0.854400,1,-1.116400,-12.435020,11.535600,2.842684,176.292246,0
2025-09-16,sz.002855,18.9829926000,19.1360812500,18.8809335000,19.1156694300,18.9829926000,2179300,40648844.0000,0.885100,1,0.698900,-12.521931,11.616225,2.862552,177.524396,0
2025-09-17,sz.002855,19.1156694300,19.8607008600,19.0340221500,19.3912290000,19.1156694300,6393855,122394763.1000,2.596700,1,1.441500,-12.702439,11.783677,2.903817,180.083477,0
2025-09-18,sz.002855,19.3299935400,19.4524644600,18.8299039500,18.9625807800,19.3912290000,4927100,92674873.0000,2.001000,1,-2.210500,-12.421649,11.523196,2.839627,176.102685,0
2025-09-19,sz.002855,18.8809335000,20.0546131500,18.6870212100,19.3197876300,18.9625807800,9197800,175352582.0000,3.735500,1,1.883700,-12.655641,11.740264,2.893118,179.420012,0
2025-09-22,sz.002855,19.1360812500,19.6055531100,18.9829926000,19.1462871600,19.3197876300,5447200,103013202.0000,2.212300,1,-0.898000,-12.541987,11.634831,2.867137,177.808739,0
2025-09-23,sz.002855,19.1769048900,19.2891699000,17.8807543200,18.4012557300,19.1462871600,6813200,122284404.0000,2.767000,1,-3.891300,-12.053946,11.182090,2.755569,170.889742,0
2025-09-24,sz.002855,18.2481670800,18.6666093900,18.1665198000,18.6257857500,18.4012557300,3592898,65197298.5600,1.459200,1,1.220200,-12.201027,11.318532,2.789192,172.974919,0
2025-09-25,sz.002855,18.5849621100,18.6972271200,18.2787848100,18.2787848100,18.6257857500,3147300,56849138.0000,1.278200,1,-1.863000,-11.973720,11.107667,2.737229,169.752373,0
2025-09-26,sz.002855,18.2073434400,18.2175493500,17.4725179200,17.6766361200,18.2787848100,4681300,81403657.0000,1.901200,1,-3.294200,-11.579276,10.741752,2.647058,164.160307,0
2025-09-29,sz.002855,17.6664302100,17.8297247700,17.4112824600,17.7480774900,17.6766361200,2537700,43949369.0000,1.030600,1,0.404200,-11.626075,10.785166,2.657756,164.823772,0
2025-09-30,sz.002855,17.7480774900,17.9317838700,17.6154006600,17.7072538500,17.7480774900,2243800,39019299.0000,0.911300,1,-0.230000,-11.599333,10.760358,2.651643,164.444649,0
2025-10-09,sz.002855,17.9011661400,18.0236370600,17.7276656700,17.7480774900,17.7072538500,2359200,41276422.0000,0.958100,1,0.230500,-11.626075,10.785166,2.657756,164.823772,0
2025-10-10,sz.002855,17.7174597600,17.7889011300,17.5235474700,17.6051947500,17.7480774900,2443800,42179945.0000,0.992500,1,-0.805100,-11.532478,10.698339,2.636360,163.496841,0
2025-10-13,sz.002855,17.1051051600,17.6051947500,16.5029564700,17.5847829300,17.6051947500,3600700,60980177.0000,1.462300,1,-0.115900,-11.519107,10.685935,2.633303,163.307280,0
2025-10-14,sz.002855,17.7786952200,17.8399306800,17.3296351800,17.3704588200,17.5847829300,2934400,50346451.0000,1.191700,1,-1.218800,-11.378711,10.555694,2.601208,161.316883,0
2025-10-15,sz.002855,17.3500470000,17.4929297400,17.1969583500,17.3806647300,17.3704588200,1755900,29857198.0000,0.713100,1,0.058800,-11.385397,10.561896,2.602737,161.411664,0
2025-10-16,sz.002855,17.3806647300,17.4010765500,16.9724283300,17.0336637900,17.3806647300,2446000,41110485.0000,0.993400,1,-1.996500,-11.158090,10.351030,2.550774,158.189118,0
2025-10-17,sz.002855,16.9826342400,17.0744874300,16.5233682900,16.5233682900,17.0336637900,2545600,41787378.0000,1.033800,1,-2.995800,-10.823815,10.040934,2.474357,153.450079,0
2025-10-20,sz.002855,16.8397515000,17.0336637900,16.6866628500,17.0030460600,16.5233682900,2293500,38025087.0000,0.931500,1,2.903000,-11.138034,10.332425,2.546189,157.904775,0
2025-10-21,sz.002855,17.0030460600,17.3500470000,16.8703692300,17.3398410900,17.0030460600,2227377,37535607.1300,0.904600,1,1.980800,-11.358655,10.537088,2.596623,161.032541,0
2025-10-22,sz.002855,17.3500470000,17.5439592900,17.1867524400,17.4112824600,17.3398410900,1947600,33280303.0000,0.791000,1,0.412000,-11.405453,10.580502,2.607322,161.696006,0
2025-10-23,sz.002855,17.4419001900,17.5439592900,17.2377819900,17.5439592900,17.4112824600,1601500,27306512.0000,0.650400,1,0.762000,-11.492365,10.661127,2.627190,162.928157,0
2025-10-24,sz.002855,17.5439592900,17.7582834000,17.5439592900,17.6970479400,17.5439592900,2296900,39779120.0000,0.932800,1,0.872600,-11.592647,10.754156,2.650115,164.349868,0
2025-10-27,sz.002855,17.8093129500,17.8501365900,17.5439592900,17.7786952200,17.6970479400,2259198,39212185.1800,0.917500,1,0.461400,-11.646131,10.803772,2.662341,165.108114,0
2025-10-28,sz.002855,17.7582834000,17.7786952200,17.5541652000,17.6256065700,17.7786952200,2127900,36876674.0000,0.864200,1,-0.861100,-10.520330,13.012586,2.592010,319.738551,0
2025-10-29,sz.002855,17.5235474700,17.6970479400,17.3602529100,17.4521061000,17.6256065700,1982400,33905816.0000,0.805100,1,-0.984400,-10.416771,12.884495,2.566495,316.591154,0
2025-10-30,sz.002855,17.4521061000,17.5541652000,17.0948992500,17.0948992500,17.4521061000,2698267,45534096.2600,1.095800,1,-2.046800,-10.203563,12.620777,2.513964,310.111218,0
2025-10-31,sz.002855,17.0744874300,17.4929297400,17.0438697000,17.3092233600,17.0948992500,2097069,35556768.8200,0.851700,1,1.253700,-10.331488,12.779008,2.545482,313.999179,0
2025-11-03,sz.002855,17.2990174500,17.8195188600,17.2479879000,17.7786952200,17.3092233600,3163800,54421423.0000,1.284900,1,2.712300,-10.611705,13.125608,2.614523,322.515666,0
2025-11-04,sz.002855,17.7786952200,18.3094025400,17.4521061000,17.6051947500,17.7786952200,4828400,83828195.0000,1.961000,1,-0.975900,-10.508147,12.997517,2.589008,319.368269,0
2025-11-05,sz.002855,17.4623120100,18.2685789000,17.2888115400,17.6766361200,17.6051947500,5291100,92515266.0000,2.148900,1,0.405800,-10.550788,13.050260,2.599514,320.664256,0
2025-11-06,sz.002855,17.6562243000,18.6768153000,17.4623120100,18.0032252400,17.6766361200,9919200,176077090.0000,4.028500,1,1.847600,-10.745722,13.291374,2.647542,326.588769,0
2025-11-07,sz.002855,17.9113720500,18.1767257100,17.6051947500,17.6256065700,18.0032252400,5225200,91322573.0000,2.122100,1,-2.097500,-10.520330,13.012586,2.592010,319.738551,0
2025-11-10,sz.002855,17.6358124800,18.1461079800,17.5745770200,17.9726075100,17.6256065700,4445500,77720143.0000,1.805400,1,1.968700,-10.727447,13.268769,2.643039,326.033346,0
2025-11-11,sz.002855,18.0032252400,18.0644607000,17.8195188600,17.8399306800,17.9726075100,2221200,38975688.0000,0.902100,1,-0.738200,-10.648255,13.170817,2.623528,323.626513,0
2025-11-12,sz.002855,17.7786952200,17.8603425000,17.5031356500,17.5949888400,17.8399306800,2252459,38888038.5700,0.914800,1,-1.373000,-10.502055,12.989982,2.587507,319.183128,0
2025-11-13,sz.002855,17.5949888400,19.0340221500,17.5031356500,18.0644607000,17.5949888400,7195600,128049628.0000,2.922300,1,2.668200,-10.782272,13.336583,2.656547,327.699615,0
2025-11-14,sz.002855,18.1971375300,19.8709067700,17.8705484100,19.8709067700,18.0644607000,20846600,401376963.0000,8.466400,1,10.000000,-11.860499,14.670241,2.922202,360.469577,0
2025-11-17,sz.002855,19.6769944800,19.6769944800,18.8809335000,19.1258753400,19.8709067700,23799100,445944917.0400,9.665500,1,-3.749400,-11.415807,14.120201,2.812638,346.954282,0
2025-11-18,sz.002855,19.1462871600,19.3606112700,18.8809335000,19.1973167100,19.1258753400,15244200,286112965.0000,6.191100,1,0.373500,-11.458448,14.172944,2.823144,348.250269,0
2025-11-19,sz.002855,19.0850517000,19.1258753400,18.3298143600,18.6155798400,19.1973167100,12384900,226466367.0000,5.029900,1,-3.030300,-11.111223,13.743461,2.737594,337.697231,0
2025-11-20,sz.002855,18.7788744000,19.9015245000,18.2685789000,19.3912290000,18.6155798400,22094319,419486946.9200,8.973100,1,4.166700,-11.574190,14.316106,2.851661,351.767949,0
2025-11-21,sz.002855,19.0340221500,19.7994654000,18.7278448500,19.4830821900,19.3912290000,19164671,364122221.2800,7.783300,1,0.473700,-11.629015,14.383919,2.865169,353.434218,0
2025-11-24,sz.002855,19.4218467300,20.0444072400,19.1564930700,19.9015245000,19.4830821900,18706593,361002994.4900,7.597300,1,2.147700,-11.878774,14.692845,2.926704,361.025000,0
2025-11-25,sz.002855,19.7076122100,20.6669677500,19.4320526400,19.4830821900,19.9015245000,19910301,386972018.4000,8.086100,1,-2.102600,-11.629015,14.383919,2.865169,353.434218,0
2025-11-26,sz.002855,18.9829926000,19.9423481400,18.5033148300,19.7076122100,19.4830821900,16298994,307604147.4600,6.619500,1,1.152400,-11.763032,14.549684,2.898188,357.507320,0
2025-11-27,sz.002855,19.3401994500,19.7688476700,18.9523748700,19.0238162400,19.7076122100,11729894,222336484.4000,4.763800,1,-3.469700,-11.354890,14.044853,2.797629,345.102872,0
2025-11-28,sz.002855,19.0340221500,19.1666989800,18.6257857500,18.9421689600,19.0238162400,7336100,135373297.0700,2.979400,1,-0.429200,-11.306156,13.984575,2.785622,343.621743,0
2025-12-01,sz.002855,18.9421689600,20.8404682200,18.7278448500,20.0342013300,18.9421689600,20667293,405227849.7800,8.393600,1,5.765100,-11.957966,14.790797,2.946216,363.431833,0
2025-12-02,sz.002855,20.0546131500,20.3097609000,19.7076122100,19.8811126800,20.0342013300,14479400,282707576.0000,5.880500,1,-0.764100,-11.866591,14.677776,2.923703,360.654718,0
2025-12-03,sz.002855,19.8811126800,20.1464663400,19.4524644600,20.0648190600,19.8811126800,13878500,270103296.0000,5.636500,1,0.924000,-11.976241,14.813402,2.950718,363.987256,0
2025-12-04,sz.002855,19.8913185900,19.9933776900,19.2381403500,19.6872003900,20.0648190600,10376000,198796346.0000,4.214000,1,-1.882000,-11.750849,14.534615,2.895186,357.137038,0
2025-12-05,sz.002855,19.5136999200,19.5749353800,18.9931985100,19.5443176500,19.6872003900,7044600,133625820.0000,2.861000,1,-0.725800,-11.665566,14.429127,2.874174,354.545064,0
2025-12-08,sz.002855,19.4116408200,19.9933776900,19.2483462600,19.7892594900,19.5443176500,10240300,197045113.0000,4.158900,1,1.253300,-11.811766,14.609962,2.910195,358.988449,0
2025-12-09,sz.002855,19.5749353800,19.6667885700,18.6666093900,18.9625807800,19.7892594900,7945019,150741675.4700,3.226700,1,-4.177400,-11.318340,13.999644,2.788624,343.992025,0
2025-12-10,sz.002855,18.7992862200,18.7992862200,17.7582834000,17.7991070400,18.9625807800,11325217,199450170.0400,4.599500,1,-6.135600,-10.623888,13.140678,2.617524,322.885949,0
2025-12-11,sz.002855,17.8603425000,17.9215779600,17.1459288000,17.1663406200,17.7991070400,6698619,114211727.1400,2.720500,1,-3.555000,-10.246204,12.673521,2.524470,311.407205,0
2025-12-12,sz.002855,17.0744874300,17.3194292700,17.0132519700,17.2377819900,17.1663406200,3252200,54875316.0000,1.320800,1,0.416200,-10.288846,12.726264,2.534976,312.703192,0
2025-12-15,sz.002855,17.3398410900,17.4214883700,16.9316046900,16.9418106000,17.2377819900,3166619,53426489.9100,1.286100,1,-1.717000,-10.112187,12.507755,2.491451,307.334102,0
2025-12-16,sz.002855,16.8499574100,17.2786056300,16.6050155700,17.0234578800,16.9418106000,3885200,64383236.0000,1.577900,1,0.481900,-10.160921,12.568034,2.503458,308.815231,0
2025-12-17,sz.002855,17.0234578800,17.0234578800,16.5743978400,16.8193396800,17.0234578800,3888719,63776155.9400,1.579300,1,-1.199000,-10.039087,12.417338,2.473440,305.112410,0
2025-12-18,sz.002855,16.6152214800,16.9213987800,16.5437801100,16.7376924000,16.8193396800,2294600,37761628.0000,0.931900,1,-0.485400,-9.990354,12.357060,2.461433,303.631282,0
2025-12-19,sz.002855,16.7581042200,16.9111928700,16.7172805800,16.8907810500,16.7376924000,2206000,36349177.0000,0.895900,1,0.914600,-10.081729,12.470081,2.483947,306.408397,0
2025-12-22,sz.002855,16.8703692300,17.0540756100,16.8193396800,16.9418106000,16.8907810500,2654800,44077371.0000,1.078200,1,0.302100,-10.112187,12.507755,2.491451,307.334102,0
2025-12-23,sz.002855,16.9009869600,16.9928401500,16.5948096600,16.6050155700,16.9418106000,2658144,43474677.4400,1.079500,1,-1.988000,-9.911162,12.259107,2.441922,301.224449,0
2025-12-24,sz.002855,16.6050155700,16.8907810500,16.5846037500,16.7989278600,16.6050155700,1948400,32028544.0000,0.791300,1,1.167800,-10.026904,12.402268,2.470439,304.742128,0
2025-12-25,sz.002855,16.8193396800,16.9316046900,16.7478983100,16.8805751400,16.7989278600,2124100,35051651.0000,0.862700,1,0.486000,-10.075637,12.462547,2.482446,306.223256,0
2025-12-26,sz.002855,16.8907810500,16.9826342400,16.8091337700,16.8601633200,16.8805751400,2399160,39717149.6000,0.974400,1,-0.120900,-10.063454,12.447477,2.479444,305.852974,0
2025-12-29,sz.002855,16.8601633200,16.8703692300,16.6458392100,16.7172805800,16.8601633200,2415300,39646428.0000,0.980900,1,-0.847500,-9.978170,12.341990,2.458432,303.261000,0
2025-12-30,sz.002855,16.7070746700,16.7581042200,16.5948096600,16.6356333000,16.7172805800,2108400,34412111.0000,0.856300,1,-0.488400,-9.929437,12.281712,2.446425,301.779872,0
2025-12-31,sz.002855,16.7274864900,16.8193396800,16.5539860200,16.7172805800,16.6356333000,2007200,32839360.0000,0.815200,1,0.490800,-9.978170,12.341990,2.458432,303.261000,0
2026-01-05,sz.002855,16.7274864900,16.9520165100,16.6968687600,16.9316046900,16.7172805800,2574200,42505870.0000,1.045500,1,1.282100,-10.106096,12.500221,2.489950,307.148961,0
2026-01-06,sz.002855,16.9520165100,17.2479879000,16.8907810500,17.2275760800,16.9316046900,4931300,82521378.0000,2.002700,1,1.748000,-10.282754,12.718730,2.533475,312.518051,0
2026-01-07,sz.002855,17.2173701700,17.2173701700,16.9520165100,16.9724283300,17.2275760800,3365600,56155763.0000,1.366900,1,-1.481000,-10.130462,12.530360,2.495954,307.889525,0
2026-01-08,sz.002855,16.9622224200,17.1153110700,16.8907810500,17.0744874300,16.9724283300,2620074,43774806.0200,1.064100,1,0.601300,-10.191379,12.605708,2.510962,309.740936,0
2026-01-09,sz.002855,17.0744874300,17.1867524400,17.0438697000,17.1255169800,17.0744874300,3322874,55688393.9800,1.349500,1,0.298900,-10.221838,12.643382,2.518467,310.666641,0
2026-01-12,sz.002855,17.1255169800,17.4214883700,17.0744874300,17.4112824600,17.1255169800,4811800,81547811.0000,1.954200,1,1.668700,-10.392405,12.854356,2.560491,315.850590,0
2026-01-13,sz.002855,17.4112824600,17.5031356500,17.0744874300,17.1867524400,17.4112824600,3894400,65879096.0000,1.581600,1,-1.289600,-10.258388,12.688590,2.527472,311.777487,0
2026-01-14,sz.002855,17.2683997200,17.4214883700,17.0132519700,17.1255169800,17.1867524400,4552200,76951614.0000,1.848800,1,-0.356300,-10.221838,12.643382,2.518467,310.666641,0
2026-01-15,sz.002855,17.0540756100,17.1969583500,16.8499574100,16.9928401500,17.1255169800,2981600,49628159.2600,1.210900,1,-0.774700,-10.142646,12.545429,2.498955,308.259808,0
2026-01-16,sz.002855,17.1255169800,17.1663406200,16.9928401500,17.0846933400,16.9928401500,2395200,40029464.0000,0.972800,1,0.540500,-10.197471,12.613242,2.512463,309.926077,0
2026-01-19,sz.002855,17.0948992500,17.2377819900,17.0234578800,17.1357228900,17.0846933400,2487900,41786528.0000,1.010400,1,0.298700,-10.227929,12.650916,2.519968,310.851782,0
2026-01-20,sz.002855,17.1459288000,17.2173701700,16.9213987800,16.9622224200,17.1357228900,2782700,46556994.0000,1.130100,1,-1.012500,-10.124371,12.522825,2.494453,307.704384,0
2026-01-21,sz.002855,16.8907810500,17.1255169800,16.8091337700,17.0540756100,16.9622224200,2513560,41777910.2000,1.020800,1,0.541500,-10.179196,12.590638,2.507961,309.370654,0
2026-01-22,sz.002855,17.0438697000,17.2275760800,17.0234578800,17.1969583500,17.0540756100,2405900,40417120.0000,0.977100,1,0.837800,-10.264479,12.696125,2.528973,311.962628,0
2026-01-23,sz.002855,17.1765465300,17.2990174500,17.0540756100,17.2990174500,17.1969583500,3499000,58869635.0000,1.421000,1,0.593500,-10.325396,12.771473,2.543982,313.814038,0
2026-01-26,sz.002855,17.2990174500,17.3500470000,16.7070746700,16.7785160400,17.2990174500,4334926,71931161.4000,1.760500,1,-3.008800,-10.014720,12.387199,2.467437,304.371846,0
2026-01-27,sz.002855,16.8091337700,16.9928401500,16.4315151000,16.9928401500,16.7785160400,3636600,59540633.0000,1.476900,1,1.277400,-10.142646,12.545429,2.498955,308.259808,0
2026-01-28,sz.002855,16.9622224200,16.9622224200,16.6152214800,16.6254273900,16.9928401500,2711800,44395972.0000,1.101300,1,-2.162200,-9.923345,12.274177,2.444924,301.594731,0
2026-01-29,sz.002855,16.6152214800,16.6152214800,16.1457496200,16.3396619100,16.6254273900,3250356,52166571.2000,1.320100,1,-1.718800,-9.752778,12.063203,2.402899,296.410782,0
2026-01-30,sz.002855,16.3702796400,16.4519269200,16.1151318900,16.4213091900,16.3396619100,2298448,36781710.8400,0.933500,1,0.499700,-9.801512,12.123481,2.414906,297.891910,0
2026-02-02,sz.002855,16.1253378000,16.4213091900,15.9212196000,16.1457496200,16.4213091900,2557500,40678727.0000,1.038700,1,-1.678100,-9.637036,11.920042,2.374383,292.893102,0
2026-02-03,sz.002855,16.4213091900,16.7274864900,16.1865732600,16.4825446500,16.1457496200,3019000,48658394.0000,1.226100,1,2.086000,-9.838062,12.168690,2.423912,299.002756,0
2026-02-04,sz.002855,16.4519269200,16.6764569400,16.3906914600,16.5846037500,16.4825446500,1858000,30081462.0000,0.754600,1,0.619200,-9.898979,12.244038,2.438920,300.854166,0
2026-02-05,sz.002855,16.5641919300,16.6254273900,16.4519269200,16.5131623800,16.5846037500,1214900,19682452.0000,0.493400,1,-0.430800,-9.856337,12.191294,2.428414,299.558179,0
2026-02-06,sz.002855,16.4825446500,16.6764569400,16.4111032800,16.5539860200,16.5131623800,1701900,27694519.0000,0.691200,1,0.247200,-9.880704,12.221433,2.434418,300.298743,0
2026-02-09,sz.002855,16.6866628500,16.8193396800,16.6152214800,16.8193396800,16.5539860200,2141772,35111851.6400,0.869800,1,1.603000,-10.039087,12.417338,2.473440,305.112410,0
2026-02-10,sz.002855,16.8193396800,17.0438697000,16.7478983100,16.9213987800,16.8193396800,2462324,40886518.3400,1.000000,1,0.606800,-10.100004,12.492686,2.488449,306.963820,0
2026-02-11,sz.002855,16.9213987800,17.0234578800,16.7581042200,16.8397515000,16.9213987800,1384000,22895549.0000,0.562100,1,-0.482500,-10.051271,12.432407,2.476442,305.482692,0
2026-02-12,sz.002855,16.9316046900,16.9316046900,16.5948096600,16.6152214800,16.8397515000,1890400,30961114.0000,0.767700,1,-1.333300,-9.917254,12.266642,2.443423,301.409590,0
2026-02-13,sz.002855,16.5335742000,16.8805751400,16.5335742000,16.7172805800,16.6152214800,1667800,27415502.9700,0.677300,1,0.614300,-9.978170,12.341990,2.458432,303.261000,0
2026-02-24,sz.002855,16.8397515000,17.0642815200,16.8091337700,16.9213987800,16.7172805800,2328300,38645811.0000,0.945600,1,1.221000,-10.100004,12.492686,2.488449,306.963820,0
2026-02-25,sz.002855,16.9316046900,17.0234578800,16.8091337700,16.8397515000,16.9213987800,2324300,38549448.0000,0.944000,1,-0.482500,-10.051271,12.432407,2.476442,305.482692,0
2026-02-26,sz.002855,16.8397515000,16.9418106000,16.7887219500,16.8193396800,16.8397515000,1361868,22480526.1400,0.553100,1,-0.121200,-10.039087,12.417338,2.473440,305.112410,0
2026-02-27,sz.002855,16.7683101300,16.8193396800,16.6764569400,16.7376924000,16.8193396800,1510400,24767304.0000,0.613400,1,-0.485400,-9.990354,12.357060,2.461433,303.631282,0
2026-03-02,sz.002855,15.0639231600,15.0639231600,15.0639231600,15.0639231600,16.7376924000,1374800,20292048.0000,0.558300,1,-10.000000,-8.991318,11.121354,2.215290,273.268154,0
2026-03-03,sz.002855,14.6454808500,14.9720699700,13.5534484800,13.5738603000,15.0639231600,24507830,344017610.1300,9.953300,1,-9.891600,-8.101933,10.021274,1.996163,246.237564,0
2026-03-04,sz.002855,13.1350061700,13.6350957600,12.9206820600,13.0941825300,13.5738603000,14668237,190033409.0200,5.957200,1,-3.533800,-7.815624,9.667139,1.925621,237.535936,0
2026-03-05,sz.002855,13.4718012000,13.7371548600,13.3391243700,13.4615952900,13.0941825300,9245916,122814681.7300,3.755000,1,2.805900,-8.034925,9.938391,1.979653,244.201013,0
2026-03-06,sz.002855,13.5024189300,13.5840662100,13.3187125500,13.5636543900,13.4615952900,4964992,65706138.9200,2.016400,1,0.758200,-8.095842,10.013739,1.994662,246.052423,0
2026-03-09,sz.002855,13.3697421000,13.4718012000,13.0635648000,13.2676830000,13.5636543900,5146192,66752632.5200,2.090000,1,-2.182100,-7.919183,9.795230,1.951136,240.683333,0
2026-03-10,sz.002855,13.4615952900,13.4922130200,13.1656239000,13.3085066400,13.2676830000,4869800,63370127.0000,1.977800,1,0.307700,-7.943550,9.825369,1.957140,241.423897,0
2026-03-11,sz.002855,13.2676830000,13.2880948200,12.8084170500,12.9104761500,13.3085066400,6713700,85292722.0000,2.726600,1,-2.990800,-7.705974,9.531512,1.898606,234.203397,0
2026-03-12,sz.002855,12.8594466000,13.1656239000,12.7369756800,12.7369756800,12.9104761500,5523200,69706932.0000,2.243100,1,-1.343900,-7.602416,9.403421,1.873091,231.056000,0
2026-03-13,sz.002855,12.7369756800,12.8492406900,12.5838870300,12.6145047600,12.7369756800,3919800,48710465.0000,1.591900,1,-0.961500,-7.529315,9.313003,1.855080,228.834308,0
2026-03-16,sz.002855,12.5838870300,12.9002702400,12.4512102000,12.8798584200,12.6145047600,4424100,55112515.0000,1.796800,1,2.103600,-7.687699,9.508908,1.894103,233.647974,0
2026-03-17,sz.002855,13.0125352500,13.0125352500,12.5430633900,12.5532693000,12.8798584200,3457300,43186700.0000,1.404100,1,-2.535700,-7.492765,9.267795,1.846075,227.723461,0
2026-03-18,sz.002855,12.6349165800,12.7369756800,12.4307983800,12.7063579500,12.5532693000,2658244,32755447.0000,1.079600,1,1.219500,-7.584141,9.380817,1.868588,230.500577,0
2026-03-19,sz.002855,12.5838870300,12.6145047600,12.2572979100,12.3185333700,12.7063579500,3189700,38860965.0000,1.295400,1,-3.052200,-7.352657,9.094494,1.811555,223.465218,0
2026-03-20,sz.002855,12.3185333700,12.4512102000,11.9511206100,11.9919442500,12.3185333700,4291900,51010597.0000,1.743100,1,-2.651200,-7.157723,8.853381,1.763527,217.540705,0
2026-03-23,sz.002855,11.8796792400,11.8796792400,11.2265010000,11.2571187300,11.9919442500,6352298,71989545.0400,2.579900,1,-6.127700,-6.719122,8.310876,1.655464,204.210551,0
2026-03-24,sz.002855,11.4714428400,12.2062683600,11.3693837400,12.0429738000,11.2571187300,8723622,100922560.6600,3.542900,1,6.981000,-7.188181,8.891055,1.771031,218.466410,0
2026-03-25,sz.002855,12.0531797100,12.4410042900,12.0531797100,12.3491511000,12.0429738000,4678200,56355890.0000,1.900000,1,2.542400,-7.370932,9.117099,1.816058,224.020641,0
2026-03-26,sz.002855,12.3083274600,12.4614161100,11.9511206100,12.0327678900,12.3491511000,3827600,45394305.0000,1.554500,1,-2.562000,-7.182090,8.883520,1.769531,218.281269,0
2026-03-27,sz.002855,11.8898851500,12.6349165800,11.8490615100,12.4614161100,12.0327678900,5498200,66868642.0000,2.233000,1,3.562300,-7.437940,9.199982,1.832567,226.057192,0
2026-03-30,sz.002855,12.3083274600,12.4205924700,12.0940033500,12.3389451900,12.4614161100,4063700,48846033.0000,1.650400,1,-0.982800,-7.364840,9.109564,1.814557,223.835500,0
2026-03-31,sz.002855,12.3389451900,12.8390347800,12.3389451900,12.4103865600,12.3389451900,5000200,61348029.0000,2.030700,1,0.579000,-7.407482,9.162308,1.825063,225.131487,0
2026-04-01,sz.002855,12.6655343100,12.7267697700,12.0327678900,12.1756506300,12.4103865600,4925800,58819202.0000,2.000500,1,-1.891400,-7.267373,8.989007,1.790543,220.873243,0
2026-04-02,sz.002855,12.1756506300,12.2266801800,11.7470024100,11.8388556000,12.1756506300,3913400,45848290.0000,1.589300,1,-2.766100,-7.066348,8.740359,1.741014,214.763590,0
2026-04-03,sz.002855,11.9613265200,11.9817383400,11.4816487500,11.6041196700,11.8388556000,2722800,30927368.0000,1.105800,1,-1.982800,-6.926239,8.567059,1.706494,210.505346,0
2026-04-07,sz.002855,11.6551492200,11.8490615100,11.5837078500,11.8286496900,11.6041196700,3023300,34815823.0000,1.227800,1,1.934900,-7.060256,8.732824,1.739513,214.578449,0
2026-04-08,sz.002855,12.0735915300,12.2470920000,11.9307087900,12.2470920000,11.8286496900,4402600,52428918.0000,1.788000,1,3.537500,-7.310015,9.041751,1.801049,222.169231,0
2026-04-09,sz.002855,12.1450329000,12.2164742700,11.8082378700,11.8490615100,12.2470920000,3309500,38756222.0000,1.344100,1,-3.250000,-7.072439,8.747894,1.742515,214.948731,0
2026-04-10,sz.002855,11.9409147000,12.2572979100,11.9205028800,12.1246210800,11.8490615100,3598704,42891330.5900,1.461500,1,2.325600,-7.236915,8.951333,1.783038,219.947538,0
2026-04-13,sz.002855,12.1246210800,12.1654447200,11.9511206100,12.1450329000,12.1246210800,2942517,34805785.7700,1.195000,1,0.168400,-7.249098,8.966403,1.786040,220.317820,0
2026-04-14,sz.002855,12.2164742700,12.2470920000,11.8286496900,12.0735915300,12.1450329000,4679589,54949706.5000,1.900500,1,-0.588200,-7.206456,8.913659,1.775534,219.021833,0
2026-04-15,sz.002855,12.0735915300,12.1246210800,11.7878260500,11.7980319600,12.0735915300,2629400,30744134.2300,1.067900,1,-2.282300,-7.041981,8.710220,1.735010,214.023026,0
2026-04-16,sz.002855,11.8184437800,12.0735915300,11.6347374000,12.0633856200,11.7980319600,3315117,38671534.8200,1.346400,1,2.249100,-7.200365,8.906125,1.774033,218.836692,0
2026-04-17,sz.002855,12.1144151700,12.1144151700,11.7367965000,11.9000910600,12.0633856200,4035800,46905665.0000,1.639100,1,-1.353600,-7.102898,8.785568,1.750019,215.874436,0
2026-04-20,sz.002855,11.8694733300,12.0735915300,11.7878260500,12.0429738000,11.9000910600,3239600,38106001.0000,1.315700,1,1.200700,-7.188181,8.891055,1.771031,218.466410,0
2026-04-21,sz.002855,12.0633856200,12.0735915300,11.7163846800,11.8286496900,12.0429738000,3261900,37754963.0000,1.324800,1,-1.779700,-7.060256,8.732824,1.739513,214.578449,0
2026-04-22,sz.002855,11.8082378700,11.9511206100,11.6551492200,11.9205028800,11.8286496900,3067500,35549696.0000,1.245800,1,0.776500,-7.115081,8.800638,1.753021,216.244718,0
2026-04-23,sz.002855,11.9409147000,11.9409147000,11.5939137600,11.6347374000,11.9205028800,3825100,43967947.0000,1.553500,1,-2.397300,-6.944514,8.589663,1.710996,211.060769,0
2026-04-24,sz.002855,11.6143255800,11.8694733300,11.3591778300,11.7878260500,11.6347374000,3601200,41133901.0000,1.462600,1,1.315800,-7.035889,8.702685,1.733510,213.837884,0
2026-04-27,sz.002855,12.0429738000,12.9410938800,11.8796792400,12.6961520400,11.7878260500,12357391,150916130.2200,5.018700,1,7.705600,-7.275229,14.799615,1.906983,-41.012628,0
2026-04-28,sz.002855,12.4307983800,12.5940929400,12.3389451900,12.4716220200,12.6961520400,7163800,87426887.0000,2.909400,1,-1.768500,-7.146567,14.537886,1.873258,-40.287325,0
2026-04-29,sz.002855,12.3797688300,12.7471815900,12.2981215500,12.6042988500,12.4716220200,4074200,50362581.0000,1.654700,1,1.063800,-7.222595,14.692544,1.893186,-40.715913,0
2026-04-30,sz.002855,12.5022397500,12.9104761500,12.5022397500,12.8390347800,12.6042988500,4972200,62311914.0000,2.019400,1,1.862300,-7.357104,14.966170,1.928444,-41.474185,0
2026-05-06,sz.002855,12.8492406900,12.9104761500,12.4920338400,12.7165638600,12.8390347800,5836700,72666336.0000,2.370500,1,-0.953900,-7.286925,14.823409,1.910049,-41.078565,0
2026-05-07,sz.002855,12.6349165800,12.9104761500,12.6349165800,12.7777993200,12.7165638600,4306300,53992993.0000,1.748900,1,0.481500,-7.322015,14.894790,1.919246,-41.276375,0
2026-05-08,sz.002855,12.7777993200,13.1554179900,12.7369756800,13.1248002600,12.7777993200,4891410,62433616.5000,1.986500,1,2.715700,-7.520856,15.299281,1.971366,-42.397299,0
2026-05-11,sz.002855,13.1043884400,13.1656239000,12.9104761500,12.9921234300,13.1248002600,4225310,53729629.9000,1.716000,1,-1.010900,-7.444828,15.144622,1.951438,-41.968710,0
2026-05-12,sz.002855,12.9104761500,13.0125352500,12.7267697700,12.7982111400,12.9921234300,3208300,40367228.0000,1.303000,1,-1.492500,-7.333711,14.918583,1.922312,-41.342312,0
2026-05-13,sz.002855,12.7880052300,12.9104761500,12.7369756800,12.8594466000,12.7982111400,2668500,33576682.0000,1.083800,1,0.478500,-7.368801,14.989964,1.931510,-41.540122,0
2026-05-14,sz.002855,12.9410938800,12.9512997900,12.5940929400,12.6145047600,12.8594466000,2996633,37408237.1800,1.217000,1,-1.904800,-7.228443,14.704441,1.894719,-40.748881,0
2026-05-15,sz.002855,12.6961520400,12.8594466000,12.4818279300,12.6042988500,12.6145047600,3496800,43439827.0000,1.420200,1,-0.080900,-7.222595,14.692544,1.893186,-40.715913,0
2026-05-18,sz.002855,12.5838870300,12.7573875000,12.3491511000,12.6859461300,12.6042988500,3977300,48686667.0000,1.615300,1,0.647800,-7.269381,14.787719,1.905450,-40.979660,0
2026-05-19,sz.002855,12.7063579500,12.9104761500,12.5022397500,12.7165638600,12.6859461300,3370556,41941602.2400,1.368900,1,0.241400,-7.286925,14.823409,1.910049,-41.078565,0
2026-05-20,sz.002855,12.7165638600,12.7369756800,12.3695629200,12.4205924700,12.7165638600,2902956,35464475.6000,1.179000,1,-2.327400,-7.117326,14.478402,1.865593,-40.122483,0
2026-05-21,sz.002855,12.5532693000,12.7982111400,12.0429738000,12.1144151700,12.4205924700,3704682,45415181.3000,1.504600,1,-2.465100,-6.941878,14.121498,1.819605,-39.133432,0
2026-05-22,sz.002855,12.3287392800,12.5226515700,11.8898851500,12.4205924700,12.1144151700,4352000,52244401.0000,1.767500,1,2.527400,-7.117326,14.478402,1.865593,-40.122483,0
2026-05-25,sz.002855,12.4512102000,13.1145943500,12.1960624500,12.5940929400,12.4205924700,6706626,82653843.6000,2.723800,1,1.396900,-7.216746,14.680647,1.891653,-40.682945,0
2026-05-26,sz.002855,12.3797688300,13.4309775600,12.3797688300,12.8900643300,12.5940929400,12167310,153059232.3000,4.941500,1,2.350100,-7.386346,15.025654,1.936109,-41.639027,0
2026-05-27,sz.002855,12.7880052300,13.0941825300,12.3899747400,12.4920338400,12.8900643300,8760600,108898834.0000,3.557900,1,-3.087900,-7.158264,14.561679,1.876324,-40.353261,0
2026-05-28,sz.002855,12.6145047600,13.6759194000,12.2368860900,12.4818279300,12.4920338400,14053333,176755998.4900,5.707500,1,-0.081700,-7.152416,14.549783,1.874791,-40.320293,0
2026-05-29,sz.002855,12.5634752100,12.5838870300,11.7878260500,11.8082378700,12.4818279300,9660324,114351582.1600,3.923300,1,-5.396600,-6.766431,13.764594,1.773617,-38.144382,0
2026-06-01,sz.002855,11.9307087900,12.3083274600,11.7572083200,12.0429738000,11.8082378700,7023800,83313250.0000,2.852600,1,1.987900,-6.900941,14.038220,1.808874,-38.902654,0
2026-06-02,sz.002855,12.0429738000,12.1552388100,11.5939137600,11.9000910600,12.0429738000,5760200,66844649.0000,2.339400,1,-1.186400,-6.819065,13.871665,1.787413,-38.441097,0
2026-06-03,sz.002855,11.8898851500,12.0021501600,11.4408251100,11.5632960300,11.9000910600,5203931,59678813.5900,2.113500,1,-2.830200,-6.626073,13.479071,1.736826,-37.353141,0
2026-06-04,sz.002855,11.5530901200,12.0123560700,11.4408251100,11.6449433100,11.5632960300,4951937,56540346.6900,2.011100,1,0.706100,-6.672859,13.574245,1.749089,-37.616888,0
2026-06-05,sz.002855,11.4918546600,12.1246210800,11.1856773600,11.8286496900,11.6449433100,6666036,76627652.0800,2.707300,1,1.577600,-6.778127,13.788388,1.776682,-38.210318,0
2026-06-08,sz.002855,11.6041196700,11.9000910600,10.9815591600,11.1652655400,11.8286496900,6319300,70508927.0000,2.566500,1,-5.608300,-6.397991,13.015096,1.677041,-36.067376,0
2026-06-09,sz.002855,11.2571187300,11.4816487500,10.8999118800,11.3489719200,11.1652655400,5461300,60391133.0000,2.218000,1,1.645300,-6.503259,13.229238,1.704634,-36.660806,0
2026-06-10,sz.002855,11.2265010000,11.2673246400,10.6753818600,10.9407355200,11.3489719200,4753500,50952826.0000,1.930500,1,-3.597100,-6.269329,12.753366,1.643316,-35.342072,0
2026-06-11,sz.002855,10.8284705100,10.8692941500,10.5120873000,10.7059995900,10.9407355200,4217300,44095817.0000,1.712800,1,-2.145500,-6.134819,12.479740,1.608059,-34.583800,0
2026-06-12,sz.002855,10.9203237000,11.0836182600,10.4916754800,10.6447641300,10.7059995900,3974600,41802145.0000,1.614200,1,-0.572000,-6.099730,12.408359,1.598861,-34.385990,0
2026-06-15,sz.002855,10.8999118800,11.3693837400,10.7672350500,10.9203237000,10.6447641300,4987626,53748079.5800,2.025600,1,2.588700,-6.257633,12.729573,1.640250,-35.276135,0
2026-06-16,sz.002855,10.8692941500,11.6143255800,10.5937345800,11.4204132900,10.9203237000,6464331,70826452.5800,2.625400,1,4.579400,-6.544197,13.312516,1.715365,-36.891584,0
2026-06-17,sz.002855,11.3693837400,11.5428842100,11.0836182600,11.1040300800,11.4204132900,5051469,55681927.4500,2.051500,1,-2.770300,-6.362901,12.943715,1.667843,-35.869566,0
2026-06-18,sz.002855,11.1142359900,11.1142359900,10.7978527800,10.8386764200,11.1040300800,3399200,36350203.0000,1.380500,1,-2.389700,-6.210846,12.634398,1.627987,-35.012388,0
2026-06-22,sz.002855,10.7059995900,10.8182646000,10.1957040900,10.6345582200,10.8386764200,5868031,59938933.2400,2.383200,1,-1.883200,-6.093881,12.396462,1.597328,-34.353021,0
2026-06-23,sz.002855,10.5120873000,10.8692941500,10.4202341100,10.6345582200,10.6345582200,4255426,44733874.6000,1.728300,1,0.000000,-6.093881,12.396462,1.597328,-34.353021,0
2026-06-24,sz.002855,10.5427050300,10.7162055000,9.9609681600,10.2059100000,10.6345582200,4841900,48573829.0000,1.966400,1,-4.030700,-5.848255,11.896797,1.532944,-32.968351,0
2026-06-25,sz.002855,10.2059100000,10.2773513700,9.8997327000,9.9711740700,10.2059100000,3337100,32739772.0000,1.355300,1,-2.300000,-5.713745,11.623171,1.497687,-32.210079,0
2026-06-26,sz.002855,9.8384972400,10.1752922700,9.5935554000,9.8691149700,9.9711740700,4259200,40982692.0400,1.729800,1,-1.023500,-5.655262,11.504203,1.482357,-31.880395,0
2026-06-29,sz.002855,9.9201445200,9.9201445200,9.3077899200,9.5935554000,9.8691149700,4225500,39528031.0000,1.716100,1,-2.792100,-5.497359,11.182989,1.440968,-30.990250,0
2026-06-30,sz.002855,9.5935554000,10.2875572800,9.4914963000,9.6956145000,9.5935554000,5114400,49317318.0000,2.077100,1,1.063800,-5.555842,11.301957,1.456297,-31.319933,0
2026-07-01,sz.002855,9.6956145000,9.9201445200,9.6547908600,9.7262322300,9.6956145000,4286607,41070295.2700,1.740900,1,0.315800,-5.573387,11.337647,1.460896,-31.418838,0
2026-07-02,sz.002855,9.7262322300,9.8997327000,9.4404667500,9.4812903900,9.7262322300,5369500,50747807.0000,2.180700,1,-2.518400,-5.433029,11.052124,1.424105,-30.627598,0
2026-07-03,sz.002855,9.5833494900,9.9915858900,9.5119081200,9.8691149700,9.4812903900,5278700,50682366.1800,2.143800,1,4.090400,-5.655262,11.504203,1.482357,-31.880395,0
2026-07-06,sz.002855,9.8180854200,10.0222036200,9.5527317600,9.5731435800,9.8691149700,3820300,36326114.0000,1.551500,1,-2.999000,-5.485663,11.159195,1.437902,-30.924313,0
2026-07-07,sz.002855,9.6037613100,9.6343790400,9.2669662800,9.2975840100,9.5731435800,3425055,31483914.7500,1.391000,1,-2.878500,-5.327760,10.837982,1.396512,-30.034167,0
2026-07-08,sz.002855,9.7262322300,9.7262322300,9.0832599000,9.2363485500,9.2975840100,3303800,29862680.0000,1.341800,1,-0.658600,-5.292671,10.766601,1.387315,-29.836357,0
2026-07-09,sz.002855,9.1547012700,9.4404667500,9.0832599000,9.3384076500,9.2363485500,3342964,30386066.6000,1.357700,1,1.105000,-5.351153,10.885569,1.402644,-30.166041,0
2026-07-10,sz.002855,9.5221140300,9.9915858900,9.2261426400,9.6649967700,9.3384076500,6389300,60789751.0000,2.594900,1,3.497300,-5.538297,11.266267,1.451698,-31.221028,0
2026-07-13,sz.002855,9.5527317600,9.6854085900,9.0424362600,9.1444953600,9.6649967700,4868600,44277931.0000,1.977300,1,-5.385400,-5.240036,10.659530,1.373518,-29.539642,0
2026-07-14,sz.002855,9.1444953600,9.2567603700,8.9403771600,9.2159367300,9.1444953600,3611843,32280367.1500,1.466900,1,0.781300,-5.280974,10.742808,1.384249,-29.770421,0
2026-07-15,sz.002855,9.3486135600,9.4812903900,9.1649071800,9.3282017400,9.2159367300,3131800,28643107.0000,1.271900,1,1.218200,-5.345305,10.873672,1.401111,-30.133073,0
2026-07-16,sz.002855,9.1751130900,9.8384972400,9.1547012700,9.5935554000,9.3282017400,5457964,51511850.1200,2.216600,1,2.844600,-5.497359,11.182989,1.440968,-30.990250,0
2026-07-17,sz.002855,9.5323199400,9.6956145000,9.0934658100,9.1751130900,9.5935554000,4649000,42840980.0000,1.888100,1,-4.361700,-5.257581,10.695220,1.378117,-29.638547,0
2026-07-20,sz.002855,9.1036717200,9.4200549300,8.6341998600,8.7770826000,9.1751130900,4871600,43007623.0000,1.978500,1,-4.338200,-5.029499,10.231245,1.318332,-28.352782,0
2026-07-21,sz.002855,8.7872885100,8.8791417000,8.2463752800,8.8179062400,8.7770826000,5201100,43873613.0000,2.112300,1,0.465100,-5.052892,10.278833,1.324464,-28.484655,0
2026-07-22,sz.002855,8.6648175900,8.8383180600,8.5321407600,8.6648175900,8.8179062400,3890802,32985990.8000,1.580200,1,-1.736100,-4.965168,10.100381,1.301470,-27.990130,0
2026-07-23,sz.002855,8.5933762200,8.9709948900,8.5933762200,8.9301712500,8.6648175900,4135500,35590598.0000,1.679500,1,3.062400,-5.117223,10.409697,1.341326,-28.847307,0
2026-07-24,sz.002855,8.8281121500,8.9505830700,8.6954353200,8.8179062400,8.9301712500,3130600,27090862.0000,1.271400,1,-1.257100,-5.052892,10.278833,1.324464,-28.484655,0
2026-07-27,sz.002855,8.7770826000,9.1853190000,8.7260530500,9.1444953600,8.8179062400,3294059,29214881.2200,1.337800,1,3.703700,-5.240036,10.659530,1.373518,-29.539642,0
2026-07-28,sz.002855,9.2465544600,9.5425258500,9.1649071800,9.3690253800,9.1444953600,4108300,37827654.0000,1.668500,1,2.455400,-5.368698,10.921260,1.407243,-30.264946,0
2026-07-29,sz.002855,9.4608785700,9.8180854200,9.2975840100,9.7364381400,9.3690253800,5764306,54437342.7800,2.341100,1,3.921600,-5.579235,11.349544,1.462429,-31.451807,0
2026-07-30,sz.002855,9.6752026800,9.8997327000,9.5935554000,9.6343790400,9.7364381400,4009309,38353567.4700,1.628300,1,-1.048200,-5.520752,11.230576,1.447099,-31.122123,0
2026-07-31,sz.002855,9.5935554000,9.8691149700,9.5935554000,9.7160263200,9.6343790400,3287455,31479084.7300,1.335100,1,0.847500,-5.567538,11.325751,1.459363,-31.385870,0
2026-08-03,sz.002855,9.8282913300,9.9915858900,9.7364381400,9.9303504300,9.7160263200,3114691,30076726.6000,1.265000,1,2.205900,-5.690352,11.575583,1.491555,-32.078205,0
2026-08-04,sz.002855,10.0834390800,10.1140568100,9.8180854200,9.9201445200,9.9303504300,2906870,28246043.4000,1.180600,1,-0.102800,-5.684504,11.563687,1.490022,-32.045237,0
2026-08-05,sz.002855,10.0528213500,10.0630272600,9.9099386100,10.0119977100,9.9201445200,2840400,27814746.0000,1.153600,1,0.925900,-5.737138,11.670758,1.503818,-32.341952,0
2026-08-06,sz.002855,9.9813799800,10.1548804500,9.8691149700,10.1140568100,10.0119977100,2348000,23106923.0000,0.953600,1,1.019400,-5.795620,11.789726,1.519148,-32.671636,0
2026-08-07,sz.002855,10.0834390800,10.1446745400,9.6854085900,10.0630272600,10.1140568100,5349017,51705740.5200,2.172400,1,-0.504500,-5.766379,11.730242,1.511483,-32.506794,0
2026-08-10,sz.002855,10.0528213500,10.3283809200,9.9609681600,10.3181750100,10.0630272600,2959991,29508683.7100,1.202100,1,2.535500,-5.912586,12.027662,1.549807,-33.331003,0
2026-08-11,sz.002855,10.3181750100,10.3385868300,10.1038509000,10.2773513700,10.3181750100,2389100,23941223.0000,0.970300,1,-0.395600,-5.889192,11.980074,1.543675,-33.199129,0
2026-08-12,sz.002855,10.2467336400,10.4100282000,10.2059100000,10.4100282000,10.2773513700,1847500,18693774.0000,0.750300,1,1.291000,-5.965220,12.134733,1.563603,-33.627718,0
2026-08-13,sz.002855,10.4202341100,10.5120873000,10.2467336400,10.2773513700,10.4100282000,2742072,27732644.1200,1.113600,1,-1.274500,-5.889192,11.980074,1.543675,-33.199129,0
2026-08-14,sz.002855,10.2977631900,10.3998222900,10.1038509000,10.2263218200,10.2773513700,2156464,21554591.5200,0.875800,1,-0.496500,-5.859951,11.920590,1.536010,-33.034287,0
2026-08-17,sz.002855,10.2059100000,10.3896163800,10.1344686300,10.3487927400,10.2263218200,2567175,25894785.0800,1.042600,1,1.197600,-5.930130,12.063352,1.554405,-33.429908,0
2026-08-18,sz.002855,10.3487927400,10.3998222900,10.1854981800,10.3794104700,10.3487927400,2824339,28520945.8300,1.147000,1,0.295900,-5.947675,12.099042,1.559004,-33.528813,0
2026-08-19,sz.002855,10.3589986500,10.3589986500,9.8691149700,9.9711740700,10.3794104700,2698503,26549124.2800,1.095900,1,-3.933100,-5.713745,11.623171,1.497687,-32.210079,0
2026-08-20,sz.002855,10.0017918000,10.2875572800,9.8691149700,10.2467336400,9.9711740700,2426536,24170137.4800,0.985500,1,2.763600,-5.871648,11.944384,1.539076,-33.100224,0
2026-08-21,sz.002855,10.1140568100,10.3692045600,10.0426154400,10.3589986500,10.2467336400,2366000,23726161.0000,0.960900,1,1.095600,-5.935979,12.075249,1.555938,-33.462876,0
2026-08-24,sz.002855,10.3283809200,10.3896163800,10.0834390800,10.2059100000,10.3589986500,3181000,31816414.0000,1.291900,1,-1.477800,-5.848255,11.896797,1.532944,-32.968351,0
2026-08-25,sz.002855,10.0426154400,11.2265010000,10.0119977100,11.2265010000,10.2059100000,4763889,50633745.1200,1.934800,1,10.000000,-6.433080,13.086477,1.686239,-36.265186,0
2026-08-26,sz.002855,12.3491511000,12.3491511000,12.3491511000,12.3491511000,11.2265010000,2268000,27442800.0000,0.921100,1,10.000000,-8.996146,16.108413,2.036346,-52.637511,0
2026-08-27,sz.002855,13.5840662100,13.5840662100,13.5840662100,13.5840662100,12.3491511000,1417100,18861601.0000,0.575500,1,10.000000,-9.895761,17.719255,2.239981,-57.901262,0
